                                       1                                        2                                        3                                        4                                        5                                        6                                        7                                        8                                        9                                       10                                       11                                       12                                       13                                       14                                       15                                       16                                       17                                       18                                       19                                       20                                       21                                       22                                       23                                       24                                       25                                       26                                       27                                       28                                       29                                       30                                       31                                       32                                       33                                       34                                       35                                       36                                       37                                       38                                       39                                       40                                       41                                       42                                       43                                       44                                       45                                       46                                       47                                       48                                       49 
                            model_number                                num_zones                             initial_mass                                initial_z                                 star_age                                time_step                                     Teff                            photosphere_L                            photosphere_r                               center_eta                                center_h1                               center_he3                               center_he4                               center_c12                               center_n14                               center_o16                              center_ne20                                star_mass                                star_mdot                             star_mass_h1                            star_mass_he3                            star_mass_he4                            star_mass_c12                            star_mass_n14                            star_mass_o16                           star_mass_ne20                             he_core_mass                             co_core_mass                             fe_core_mass                   neutron_rich_core_mass                             dynamic_time                             kh_timescale                            nuc_timescale                           power_nuc_burn                             power_h_burn                            power_he_burn                                power_neu                                burn_min1                                burn_min2                             time_seconds                           version_number                                 compiler                                    build                         MESA_SDK_version                             math_backend                                     date                                     msun                                     rsun                                     lsun 
                                     150                                      727                  8.5000000000000009E-001                  1.2200000000000001E-002                  1.5253923095423600E+007                  1.0633578315284930E+006                  4.4599317872012125E+003                  3.3292874053832128E-001                  9.6643438177796293E-001                 -2.0429130248682927E+000                  7.0279447719975841E-001                  3.5852402537291926E-005                  2.8496967037465287E-001                  2.1025987117838873E-003                  6.1630923330030442E-004                  5.7221218635573595E-003                  1.2718648985637691E-003                  8.5000000000000009E-001                  0.0000000000000000E+000                  5.9737952612721823E-001                  2.6254145559908009E-005                  2.4222421972677138E-001                  1.7872090198608308E-003                  5.2386271433175037E-004                  4.8638035840103027E-003                  1.0810851637792045E-003                  0.0000000000000000E+000                  0.0000000000000000E+000                  0.0000000000000000E+000                  0.0000000000000000E+000                  1.0313501865727163E+004                  5.2880444836378321E+007                  2.5530988962551346E+010                  3.9221473930782695E-003                  3.9221473930782669E-003                  0.0000000000000000E+000                  1.5735217476382844E-004                  5.0000000000000000E+001                  1.0000000000000000E+003                  4.8137720347613981E+014                               "r24.08.1"                               "gfortran"                                 "13.3.0"                    "x86_64-linux-24.7.1"                                 "CRMATH"                               "20251006"                  1.9884098706980504E+033                  6.9570000000000000E+010                  3.8280000000000003E+033 

                                       1                                        2                                        3                                        4                                        5                                        6                                        7                                        8                                        9                                       10                                       11                                       12                                       13                                       14                                       15                                       16                                       17 
                                    zone                                     mass                                     logR                                     logT                                   log_dr          raw_rate_r_he3_he3_to_h1_h1_he4                                       h1                                      he3                                      he4                                      c12                                      n14                                      o16                                     ne20                                     mg24                                       pp                                      cno                                tri_alpha 
                                       1                  8.5000000000000009E-001                 -1.4827628028781835E-002                  3.6495272863898420E+000                  4.9194696500172821E+000                  2.0441361022544365E-050                  7.0279999999999998E-001                  3.0329735880623226E-005                  2.8496967026411935E-001                  2.1025988500795504E-003                  6.1630907196949872E-004                  5.7221218635412083E-003                  1.2718648985637696E-003                  2.4871053158459599E-003                  5.2997141714089834E-026                  0.0000000000000000E+000                  0.0000000000000000E+000 
                                       2                  8.4999999999915010E-001                 -1.4828164640131841E-002                  3.6499763848022369E+000                  5.0132839267632185E+000                  2.5734560637523226E-050                  7.0279999999999998E-001                  3.0329735880623226E-005                  2.8496967026411935E-001                  2.1025988500795504E-003                  6.1630907196949872E-004                  5.7221218635412083E-003                  1.2718648985637696E-003                  2.4871053158459599E-003                  5.3376631570766449E-026                  0.0000000000000000E+000                  0.0000000000000000E+000 
                                       3                  8.4999999999808751E-001                 -1.4828830640903477E-002                  3.6504790500320543E+000                  5.0098822610524865E+000                  2.5937000602092726E-050                  7.0279999999999998E-001                  3.0329735880623226E-005                  2.8496967026411935E-001                  2.1025988500795504E-003                  6.1630907196949872E-004                  5.7221218635412083E-003                  1.2718648985637696E-003                  2.4871053158459599E-003                  5.3796759961199820E-026                  0.0000000000000000E+000                  0.0000000000000000E+000 
                                       4                  8.4999999999702514E-001                 -1.4829491446526741E-002                  3.6512382392963771E+000                  5.3058812198789083E+000                  5.2478661753057604E-050                  7.0279999999999998E-001                  3.0329735880623226E-005                  2.8496967026411935E-001                  2.1025988500795504E-003                  6.1630907196949872E-004                  5.7221218635412083E-003                  1.2718648985637696E-003                  2.4871053158459599E-003                  5.4424198321149911E-026                  0.0000000000000000E+000                  0.0000000000000000E+000 
                                       5                  8.4999999999490017E-001                 -1.4830797839008715E-002                  3.6527775255217381E+000                  5.5971011217388753E+000                  1.0735609396407291E-049                  7.0279999999999998E-001                  3.0329735880623226E-005                  2.8496967026411935E-001                  2.1025988500795504E-003                  6.1630907196949872E-004                  5.7221218635412083E-003                  1.2718648985637696E-003                  2.4871053158459599E-003                  5.5668783448509583E-026                  0.0000000000000000E+000                  0.0000000000000000E+000 
                                       6                  8.4999999999065001E-001                 -1.4833352277823729E-002                  3.6564616582777543E+000                  5.9733631063918029E+000                  2.8213266041458092E-049                  7.0279999999999998E-001                  3.0329735880623226E-005                  2.8496967026411935E-001                  2.1025988500795504E-003                  6.1630907196949883E-004                  5.7221218635412083E-003                  1.2718648985637696E-003                  2.4871053158459599E-003                  5.8520939433631870E-026                  0.0000000000000000E+000                  0.0000000000000000E+000 
                                       7                  8.4999999998002507E-001                 -1.4839427494951761E-002                  3.6606636038480560E+000                  5.6509476411925013E+000                  1.4818962697737638E-049                  7.0279999999999998E-001                  3.0329735880623226E-005                  2.8496967026411935E-001                  2.1025988500795504E-003                  6.1630907196949883E-004                  5.7221218635412083E-003                  1.2718648985637696E-003                  2.4871053158459599E-003                  6.1477864563531754E-026                  0.0000000000000000E+000                  0.0000000000000000E+000 
                                       8                  8.4999999997471265E-001                 -1.4842319178888348E-002                  3.6635334798376706E+000                  5.6375739737979362E+000                  1.5282597231140168E-049                  7.0279999999999998E-001                  3.0329735880623222E-005                  2.8496967026411935E-001                  2.1025988500795504E-003                  6.1630907196949883E-004                  5.7221218635412074E-003                  1.2718648985637696E-003                  2.4871053158459595E-003                  6.3402511297761302E-026                  0.0000000000000000E+000                  0.0000000000000000E+000 
                                       9                  8.4999999996940001E-001                 -1.4845123191760148E-002                  3.6664718328283663E+000                  5.6248651497401720E+000                  1.5736622226892792E-049                  7.0279999999999998E-001                  3.0329735880623226E-005                  2.8496967026411935E-001                  2.1025988500795504E-003                  6.1630907196949883E-004                  5.7221218635412083E-003                  1.2718648985637696E-003                  2.4871053158459599E-003                  6.5287319844034246E-026                  0.0000000000000000E+000                  0.0000000000000000E+000 
                                      10                  8.4999999996408759E-001                 -1.4847846356671544E-002                  3.6694741907222066E+000                  5.6127736326470359E+000                  1.6181113632063724E-049                  7.0279999999999998E-001                  3.0329735880623226E-005                  2.8496967026411935E-001                  2.1025988500795504E-003                  6.1630907196949883E-004                  5.7221218635412083E-003                  1.2718648985637693E-003                  2.4871053158459599E-003                  6.7132601416953025E-026                  0.0000000000000000E+000                  0.0000000000000000E+000 
                                      11                  8.4999999995877518E-001                 -1.4850494766013586E-002                  3.6725364768589825E+000                  5.6012567480201296E+000                  1.6616154445266953E-049                  7.0279999999999998E-001                  3.0329735880623205E-005                  2.8496967026411935E-001                  2.1025988500795504E-003                  6.1630907196949883E-004                  5.7221218635412074E-003                  1.2718648985637696E-003                  2.4871053158459595E-003                  6.8938696733398027E-026                  0.0000000000000000E+000                  0.0000000000000000E+000 
                                      12                  8.4999999995346265E-001                 -1.4853073881803357E-002                  3.6756551828332555E+000                  5.5902763081789457E+000                  1.7041823125954216E-049                  7.0279999999999998E-001                  3.0329735880623205E-005                  2.8496967026411935E-001                  2.1025988500795504E-003                  6.1630907196949883E-004                  5.7221218635412074E-003                  1.2718648985637696E-003                  2.4871053158459595E-003                  7.0705927878952655E-026                  0.0000000000000000E+000                  0.0000000000000000E+000 
                                      13                  8.4999999994815001E-001                 -1.4855588620978476E-002                  3.6804052762066872E+000                  5.8757387996878361E+000                  3.5328152034599696E-049                  7.0279999999999998E-001                  3.0329735880623209E-005                  2.8496967026411935E-001                  2.1025988500795504E-003                  6.1630907196949883E-004                  5.7221218635412074E-003                  1.2718648985637696E-003                  2.4871053158459595E-003                  7.3289388065135149E-026                  0.0000000000000000E+000                  0.0000000000000000E+000 
                                      14                  8.4999999993752517E-001                 -1.4860441049228597E-002                  3.6869467261550586E+000                  5.8566046121528927E+000                  3.6920247517574274E-049                  7.0279999999999998E-001                  3.0329735880623209E-005                  2.8496967026411935E-001                  2.1025988500795504E-003                  6.1630907196949883E-004                  5.7221218635412074E-003                  1.2718648985637696E-003                  2.4871053158459595E-003                  7.6594540558174682E-026                  0.0000000000000000E+000                  0.0000000000000000E+000 
                                      15                  8.4999999992690001E-001                 -1.4865084380649259E-002                  3.6936530296426455E+000                  5.8390777696095766E+000                  3.8441519840596909E-049                  7.0279999999999998E-001                  3.0329735880623222E-005                  2.8496967026411935E-001                  2.1025988500795504E-003                  6.1630907196949904E-004                  5.7221218635412083E-003                  1.2718648985637696E-003                  2.4871053158459599E-003                  7.9752803016049660E-026                  0.0000000000000000E+000                  0.0000000000000000E+000 
                                      16                  8.4999999991627517E-001                 -1.4869544098585822E-002                  3.7004868281055971E+000                  5.8229630302155302E+000                  3.9895512260374119E-049                  7.0279999999999998E-001                  3.0329735880623229E-005                  2.8496967026411935E-001                  2.1025988500795504E-003                  6.1630907196949872E-004                  5.7221218635412083E-003                  1.2718648985637696E-003                  2.4871053158459599E-003                  8.2771510677729241E-026                  0.0000000000000000E+000                  0.0000000000000000E+000 
                                      17                  8.4999999990565001E-001                 -1.4873841412018321E-002                  3.7061171939427617E+000                  5.6066818318460641E+000                  2.5649312162331932E-049                  7.0279999638450308E-001                  3.0333351377469705E-005                  2.8496967026411935E-001                  2.1025988500795504E-003                  6.1630907196949872E-004                  5.7221218635412083E-003                  1.2718648985637696E-003                  2.4871053158459599E-003                  8.5125126102253850E-026                  0.0000000000000000E+000                  0.0000000000000000E+000 
                                      18                  8.4999999989900954E-001                 -1.4876453087951656E-002                  3.7104625042369088E+000                  5.5978193043226669E+000                  2.6179844391134703E-049                  7.0279999555893669E-001                  3.0334176943856388E-005                  2.8496967026411935E-001                  2.1025988500795504E-003                  6.1630907196949872E-004                  5.7221218635412083E-003                  1.2718648985637696E-003                  2.4871053158459599E-003                  8.6882424384272767E-026                  0.0000000000000000E+000                  0.0000000000000000E+000 
                                      19                  8.4999999989236885E-001                 -1.4879012023484271E-002                  3.7169843225261996E+000                  5.8862800329981066E+000                  5.3900156510720343E-049                  7.0279999499415224E-001                  3.0334741728268372E-005                  2.8496967026411929E-001                  2.1025988500795499E-003                  6.1630907196949861E-004                  5.7221218635412074E-003                  1.2718648985637693E-003                  2.4871053158459595E-003                  8.9437162294104323E-026                  0.0000000000000000E+000                  0.0000000000000000E+000 
                                      20                  8.4999999987908759E-001                 -1.4883983940128236E-002                  3.7257300961308268E+000                  5.8708051817997244E+000                  5.5857296529747281E-049                  7.0279999481028244E-001                  3.0334925598171220E-005                  2.8496967026411935E-001                  2.1025988500795504E-003                  6.1630907196949872E-004                  5.7221218635412083E-003                  1.2718648985637696E-003                  2.4871053158459599E-003                  9.2686022640885286E-026                  0.0000000000000000E+000                  0.0000000000000000E+000 
                                      21                  8.4999999986580632E-001                 -1.4888781869743337E-002                  3.7344978168972651E+000                  5.8566254272197957E+000                  5.7712396494047383E-049                  7.0279999481028244E-001                  3.0334925598171220E-005                  2.8496967026411935E-001                  2.1025988500795504E-003                  6.1630907196949872E-004                  5.7221218635412083E-003                  1.2718648985637696E-003                  2.4871053158459599E-003                  9.5766643562231212E-026                  0.0000000000000000E+000                  0.0000000000000000E+000 
                                      22                  8.4999999985252517E-001                 -1.4893425726754844E-002                  3.7433238180304591E+000                  5.8436503253379133E+000                  5.9463896159677287E-049                  7.0279999481028244E-001                  3.0334925598171220E-005                  2.8496967026411935E-001                  2.1025988500795504E-003                  6.1630907196949872E-004                  5.7221218635412083E-003                  1.2718648985637696E-003                  2.4871053158459599E-003                  9.8675328028304550E-026                  0.0000000000000000E+000                  0.0000000000000000E+000 
                                      23                  8.4999999983924401E-001                 -1.4897932942145468E-002                  3.7522614885189718E+000                  5.8318251076546739E+000                  6.1106508900915198E-049                  7.0279999481028244E-001                  3.0334925598171220E-005                  2.8496967026411935E-001                  2.1025988500795504E-003                  6.1630907196949872E-004                  5.7221218635412083E-003                  1.2718648985637696E-003                  2.4871053158459599E-003                  1.0140327679316795E-025                  0.0000000000000000E+000                  0.0000000000000000E+000 
                                      24                  8.4999999982596286E-001                 -1.4902319133167670E-002                  3.7613205979590520E+000                  5.8210654772808033E+000                  6.2640579683769636E-049                  7.0279999481028244E-001                  3.0334925598171220E-005                  2.8496967026411935E-001                  2.1025988500795504E-003                  6.1630907196949872E-004                  5.7221218635412083E-003                  1.2718648985637696E-003                  2.4871053158459599E-003                  1.0395104420134064E-025                  0.0000000000000000E+000                  0.0000000000000000E+000 
                                      25                  8.4999999981268159E-001                 -1.4906598034220713E-002                  3.7704268922697155E+000                  5.8112150703403556E+000                  6.4078839339010185E-049                  7.0279999481028244E-001                  3.0334925598171223E-005                  2.8496967026411935E-001                  2.1025988500795504E-003                  6.1630907196949872E-004                  5.7221218635412083E-003                  1.2718648985637696E-003                  2.4871053158459599E-003                  1.0633975745135090E-025                  0.0000000000000000E+000                  0.0000000000000000E+000 
                                      26                  8.4999999979940033E-001                 -1.4910781016914700E-002                  3.7794630992558633E+000                  5.8020848407991448E+000                  6.5441484955515904E-049                  7.0279999481028244E-001                  3.0334925598171220E-005                  2.8496967026411935E-001                  2.1025988500795504E-003                  6.1630907196949872E-004                  5.7221218635412083E-003                  1.2718648985637696E-003                  2.4871053158459599E-003                  1.0860294809986420E-025                  0.0000000000000000E+000                  0.0000000000000000E+000 
                                      27                  8.4999999978611906E-001                 -1.4914877017195663E-002                  3.7883252102760245E+000                  5.7935083449177149E+000                  6.6747922509384200E-049                  7.0279999481028244E-001                  3.0334925598171220E-005                  2.8496967026411935E-001                  2.1025988500795504E-003                  6.1630907196949872E-004                  5.7221218635412083E-003                  1.2718648985637696E-003                  2.4871053158459599E-003                  1.1077283806184406E-025                  0.0000000000000000E+000                  0.0000000000000000E+000 
                                      28                  8.4999999977283802E-001                 -1.4918892960175291E-002                  3.7969417149262110E+000                  5.7853592105425786E+000                  6.8013456239179222E-049                  7.0279999481028244E-001                  3.0334925598171220E-005                  2.8496967026411935E-001                  2.1025988500795504E-003                  6.1630907196949872E-004                  5.7221218635412083E-003                  1.2718648985637696E-003                  2.4871053158459599E-003                  1.1287484003542547E-025                  0.0000000000000000E+000                  0.0000000000000000E+000 
                                      29                  8.4999999975955676E-001                 -1.4922834286391594E-002                  3.8052692147040030E+000                  5.7775454537264013E+000                  6.9249463651224427E-049                  7.0279999481028244E-001                  3.0334925598171220E-005                  2.8496967026411935E-001                  2.1025988500795504E-003                  6.1630907196949872E-004                  5.7221218635412083E-003                  1.2718648985637696E-003                  2.4871053158459599E-003                  1.1492784703973332E-025                  0.0000000000000000E+000                  0.0000000000000000E+000 
                                      30                  8.4999999974627560E-001                 -1.4926705369822643E-002                  3.8132826678735299E+000                  5.7699986822086000E+000                  7.0464578944455881E-049                  7.0279999481028244E-001                  3.0334925598171220E-005                  2.8496967026411935E-001                  2.1025988500795504E-003                  6.1630907196949872E-004                  5.7221218635412083E-003                  1.2718648985637696E-003                  2.4871053158459599E-003                  1.1694619720485925E-025                  0.0000000000000000E+000                  0.0000000000000000E+000 
                                      31                  8.4999999973299434E-001                 -1.4930509799823242E-002                  3.8209709364894811E+000                  5.7626688086934230E+000                  7.1665193841350910E-049                  7.0279999481028244E-001                  3.0334925598171223E-005                  2.8496967026411935E-001                  2.1025988500795504E-003                  6.1630907196949872E-004                  5.7221218635412083E-003                  1.2718648985637696E-003                  2.4871053158459599E-003                  1.1894050507779443E-025                  0.0000000000000000E+000                  0.0000000000000000E+000 
                                      32                  8.4999999971971307E-001                 -1.4934250591273037E-002                  3.8319687754633698E+000                  6.0531107490083169E+000                  1.4687144682117915E-048                  7.0279999481028244E-001                  3.0334925598171223E-005                  2.8496967026411935E-001                  2.1025988500795504E-003                  6.1630907196949872E-004                  5.7221218635412083E-003                  1.2718648985637696E-003                  2.4871053158459599E-003                  1.2188156021445590E-025                  0.0000000000000000E+000                  0.0000000000000000E+000 
                                      33                  8.4999999969315065E-001                 -1.4941552072253844E-002                  3.8421171221551704E+000                  5.7416779930981336E+000                  7.5217865246964334E-049                  7.0279999481028244E-001                  3.0334925598171220E-005                  2.8496967026411935E-001                  2.1025988500795504E-003                  6.1630907196949872E-004                  5.7221218635412083E-003                  1.2718648985637696E-003                  2.4871053158459599E-003                  1.2484199742965810E-025                  0.0000000000000000E+000                  0.0000000000000000E+000 
                                      34                  8.4999999967986939E-001                 -1.4945116449275883E-002                  3.8485635249100523E+000                  5.7349545074092854E+000                  7.6392647829889158E-049                  7.0279999481028244E-001                  3.0334925598171220E-005                  2.8496967026411935E-001                  2.1025988500795504E-003                  6.1630907196949872E-004                  5.7221218635412083E-003                  1.2718648985637696E-003                  2.4871053158459599E-003                  1.2679355915940304E-025                  0.0000000000000000E+000                  0.0000000000000000E+000 
                                      35                  8.4999999966658812E-001                 -1.4948626098290218E-002                  3.8547300229607129E+000                  5.7283469361278971E+000                  7.7565054300087779E-049                  7.0279999481028244E-001                  3.0334925598171223E-005                  2.8496967026411935E-001                  2.1025988500795504E-003                  6.1630907196949872E-004                  5.7221218635412083E-003                  1.2718648985637696E-003                  2.4871053158459599E-003                  1.2874121318466875E-025                  0.0000000000000000E+000                  0.0000000000000000E+000 
                                      36                  8.4999999965330708E-001                 -1.4952082781646251E-002                  3.8606299518728164E+000                  5.7218464637576787E+000                  7.8736015891199559E-049                  7.0279999481028244E-001                  3.0334925598171223E-005                  2.8496967026411935E-001                  2.1025988500795504E-003                  6.1630907196949872E-004                  5.7221218635412083E-003                  1.2718648985637696E-003                  2.4871053158459599E-003                  1.3068650601747686E-025                  0.0000000000000000E+000                  0.0000000000000000E+000 
                                      37                  8.4999999964002582E-001                 -1.4955488137935362E-002                  3.8690715555320652E+000                  6.0133751824703516E+000                  1.6095881893901212E-048                  7.0279999481028244E-001                  3.0334925598171223E-005                  2.8496967026411935E-001                  2.1025988500795504E-003                  6.1630907196949872E-004                  5.7221218635412083E-003                  1.2718648985637696E-003                  2.4871053158459599E-003                  1.3358283934286932E-025                  0.0000000000000000E+000                  0.0000000000000000E+000 
                                      38                  8.4999999961346340E-001                 -1.4962151544467782E-002                  3.8768582505865630E+000                  5.7029197536784100E+000                  8.2247013625542188E-049                  7.0279999481028244E-001                  3.0334925598171223E-005                  2.8496967026411935E-001                  2.1025988500795504E-003                  6.1630907196949872E-004                  5.7221218635412083E-003                  1.2718648985637696E-003                  2.4871053158459599E-003                  1.3651948097646830E-025                  0.0000000000000000E+000                  0.0000000000000000E+000 
                                      39                  8.4999999960018213E-001                 -1.4965411756480192E-002                  3.8818164536894244E+000                  5.6967837015402818E+000                  8.3418555374592351E-049                  7.0279999481028244E-001                  3.0334925598171223E-005                  2.8496967026411935E-001                  2.1025988500795504E-003                  6.1630907196949872E-004                  5.7221218635412083E-003                  1.2718648985637696E-003                  2.4871053158459599E-003                  1.3846589108075603E-025                  0.0000000000000000E+000                  0.0000000000000000E+000 
                                      40                  8.4999999958690098E-001                 -1.4968626253507651E-002                  3.8889237978666578E+000                  5.9888133404643913E+000                  1.7033446421127465E-048                  7.0279999481028244E-001                  3.0334925598171223E-005                  2.8496967026411935E-001                  2.1025988500795504E-003                  6.1630907196949872E-004                  5.7221218635412083E-003                  1.2718648985637696E-003                  2.4871053158459599E-003                  1.4137122855554281E-025                  0.0000000000000000E+000                  0.0000000000000000E+000 
                                      41                  8.4999999956033845E-001                 -1.4974923452586580E-002                  3.8976611492647613E+000                  5.9769949864812180E+000                  1.7503838920807380E-048                  7.0279999481028244E-001                  3.0334925598171223E-005                  2.8496967026411935E-001                  2.1025988500795504E-003                  6.1630907196949872E-004                  5.7221218635412083E-003                  1.2718648985637696E-003                  2.4871053158459599E-003                  1.4527902561462431E-025                  0.0000000000000000E+000                  0.0000000000000000E+000 
                                      42                  8.4999999953377581E-001                 -1.4981051685767905E-002                  3.9057127701438339E+000                  5.9654577576357859E+000                  1.7975568436530090E-048                  7.0279999481028244E-001                  3.0334925598171223E-005                  2.8496967026411935E-001                  2.1025988500795504E-003                  6.1630907196949872E-004                  5.7221218635412083E-003                  1.2718648985637696E-003                  2.4871053158459599E-003                  1.4919807894700288E-025                  0.0000000000000000E+000                  0.0000000000000000E+000 
                                      43                  8.4999999950721339E-001                 -1.4987019346170643E-002                  3.9131497746920831E+000                  5.9541882191438278E+000                  1.8448622905414169E-048                  7.0279999481028244E-001                  3.0334925598171227E-005                  2.8496967026411935E-001                  2.1025988500795504E-003                  6.1630907196949872E-004                  5.7221218635412083E-003                  1.2718648985637696E-003                  2.4871053158459599E-003                  1.5312828760057104E-025                  0.0000000000000000E+000                  0.0000000000000000E+000 
                                      44                  8.4999999948065097E-001                 -1.4992834222115311E-002                  3.9200362641028250E+000                  5.9431761021830196E+000                  1.8922893941182599E-048                  7.0279999481028244E-001                  3.0334925598171223E-005                  2.8496967026411935E-001                  2.1025988500795504E-003                  6.1630907196949872E-004                  5.7221218635412083E-003                  1.2718648985637696E-003                  2.4871053158459599E-003                  1.5706875034200081E-025                  0.0000000000000000E+000                  0.0000000000000000E+000 
                                      45                  8.4999999945408844E-001                 -1.4998503582686985E-002                  3.9264295687099420E+000                  5.9324129043536411E+000                  1.9398223233122370E-048                  7.0279999481028244E-001                  3.0334925598171223E-005                  2.8496967026411935E-001                  2.1025988500795504E-003                  6.1630907196949872E-004                  5.7221218635412083E-003                  1.2718648985637696E-003                  2.4871053158459599E-003                  1.6101815103265899E-025                  0.0000000000000000E+000                  0.0000000000000000E+000 
                                      46                  8.4999999942752591E-001                 -1.5004034236579101E-002                  3.9323806825422309E+000                  5.9218915196891393E+000                  1.9874410992608654E-048                  7.0279999481028244E-001                  3.0334925598171227E-005                  2.8496967026411935E-001                  2.1025988500795504E-003                  6.1630907196949872E-004                  5.7221218635412083E-003                  1.2718648985637696E-003                  2.4871053158459599E-003                  1.6497482873793816E-025                  0.0000000000000000E+000                  0.0000000000000000E+000 
                                      47                  8.4999999940096338E-001                 -1.5009432580644749E-002                  3.9379348099158049E+000                  5.9116053292939625E+000                  2.0351251787720734E-048                  7.0279999481028244E-001                  3.0334925598171227E-005                  2.8496967026411935E-001                  2.1025988500795504E-003                  6.1630907196949872E-004                  5.7221218635412083E-003                  1.2718648985637696E-003                  2.4871053158459599E-003                  1.6893707543599237E-025                  0.0000000000000000E+000                  0.0000000000000000E+000 
                                      48                  8.4999999937440096E-001                 -1.5014704632895360E-002                  3.9457071369412331E+000                  6.1977401890151738E+000                  4.2124205206051757E-048                  7.0279999481028244E-001                  3.0334925598171227E-005                  2.8496967026411935E-001                  2.1025988500795504E-003                  6.1630907196949872E-004                  5.7221218635412083E-003                  1.2718648985637696E-003                  2.4871053158459599E-003                  1.7484405979803725E-025                  0.0000000000000000E+000                  0.0000000000000000E+000 
                                      49                  8.4999999932127590E-001                 -1.5024893415501386E-002                  3.9526020759518712E+000                  5.8821054114843436E+000                  2.1783197085854731E-048                  7.0279999481028244E-001                  3.0334925598171227E-005                  2.8496967026411935E-001                  2.1025988500795504E-003                  6.1630907196949872E-004                  5.7221218635412083E-003                  1.2718648985637696E-003                  2.4871053158459599E-003                  1.8083648159860072E-025                  0.0000000000000000E+000                  0.0000000000000000E+000 
                                      50                  8.4999999929471337E-001                 -1.5029819423082057E-002                  3.9569234708268763E+000                  5.8726969707902228E+000                  2.2260750805422848E-048                  7.0279999481028244E-001                  3.0334925598171230E-005                  2.8496967026411935E-001                  2.1025988500795504E-003                  6.1630907196949872E-004                  5.7221218635412083E-003                  1.2718648985637696E-003                  2.4871053158459599E-003                  1.8480520902828216E-025                  0.0000000000000000E+000                  0.0000000000000000E+000 
                                      51                  8.4999999926815095E-001                 -1.5034639916657655E-002                  3.9630330863262566E+000                  6.1600706013592781E+000                  4.5945219626038792E-048                  7.0279999481028244E-001                  3.0334925598171227E-005                  2.8496967026411935E-001                  2.1025988500795504E-003                  6.1630907196949872E-004                  5.7221218635412083E-003                  1.2718648985637696E-003                  2.4871053158459599E-003                  1.9072138994938283E-025                  0.0000000000000000E+000                  0.0000000000000000E+000 
                                      52                  8.4999999921502589E-001                 -1.5043982612719976E-002                  3.9685451380735697E+000                  5.8456787192887818E+000                  2.3691147434873260E-048                  7.0279999481028244E-001                  3.0334925598171230E-005                  2.8496967026411935E-001                  2.1025988500795504E-003                  6.1630907196949872E-004                  5.7221218635412083E-003                  1.2718648985637696E-003                  2.4871053158459599E-003                  1.9669337641230236E-025                  0.0000000000000000E+000                  0.0000000000000000E+000 
                                      53                  8.4999999918846336E-001                 -1.5048512498742641E-002                  3.9720307080034281E+000                  5.8370496130876717E+000                  2.4167079579476952E-048                  7.0279999481028244E-001                  3.0334925598171227E-005                  2.8496967026411935E-001                  2.1025988500795504E-003                  6.1630907196949872E-004                  5.7221218635412083E-003                  1.2718648985637696E-003                  2.4871053158459599E-003                  2.0064915821127515E-025                  0.0000000000000000E+000                  0.0000000000000000E+000 
                                      54                  8.4999999916190094E-001                 -1.5052953313463161E-002                  3.9770002661976172E+000                  6.1255264335729906E+000                  4.9753130564115353E-048                  7.0279999481028244E-001                  3.0334925598171230E-005                  2.8496967026411935E-001                  2.1025988500795504E-003                  6.1630907196949872E-004                  5.7221218635412083E-003                  1.2718648985637696E-003                  2.4871053158459599E-003                  2.0654639478612701E-025                  0.0000000000000000E+000                  0.0000000000000000E+000 
                                      55                  8.4999999910877588E-001                 -1.5061582026165879E-002                  3.9830517314955194E+000                  6.1093088058925842E+000                  5.1648175139467690E-048                  7.0279999481028244E-001                  3.0334925598171230E-005                  2.8496967026411935E-001                  2.1025988500795504E-003                  6.1630907196949872E-004                  5.7221218635412083E-003                  1.2718648985637696E-003                  2.4871053158459599E-003                  2.1442262857131619E-025                  0.0000000000000000E+000                  0.0000000000000000E+000 
                                      56                  8.4999999905565093E-001                 -1.5069894625577885E-002                  3.9875668309522263E+000                  5.8924518230478595E+000                  3.3241863144687179E-048                  7.0279999481028244E-001                  3.0334925598171230E-005                  2.8496967026411935E-001                  2.1025988500795504E-003                  6.1630907196949872E-004                  5.7221218635412083E-003                  1.2718648985637696E-003                  2.4871053158459599E-003                  2.2081861811440017E-025                  0.0000000000000000E+000                  0.0000000000000000E+000 
                                      57                  8.4999999902244783E-001                 -1.5074939920387470E-002                  3.9908629085226313E+000                  5.8829547954085779E+000                  3.3977573913511087E-048                  7.0279999481028244E-001                  3.0334925598171230E-005                  2.8496967026411935E-001                  2.1025988500795504E-003                  6.1630907196949872E-004                  5.7221218635412083E-003                  1.2718648985637696E-003                  2.4871053158459599E-003                  2.2571156244405205E-025                  0.0000000000000000E+000                  0.0000000000000000E+000 
                                      58                  8.4999999898924461E-001                 -1.5079876140433613E-002                  3.9955618494515286E+000                  6.1702169883960183E+000                  7.0146283351826786E-048                  7.0279999481028244E-001                  3.0334925598171230E-005                  2.8496967026411935E-001                  2.1025988500795504E-003                  6.1630907196949872E-004                  5.7221218635412083E-003                  1.2718648985637696E-003                  2.4871053158459599E-003                  2.3299812856121437E-025                  0.0000000000000000E+000                  0.0000000000000000E+000 
                                      59                  8.4999999892283840E-001                 -1.5089440677503856E-002                  3.9998599885062496E+000                  5.8557953655964425E+000                  3.6172664333375171E-048                  7.0279999481028244E-001                  3.0334925598171230E-005                  2.8496967026411935E-001                  2.1025988500795504E-003                  6.1630907196949872E-004                  5.7221218635412083E-003                  1.2718648985637696E-003                  2.4871053158459599E-003                  2.4031140646251537E-025                  0.0000000000000000E+000                  0.0000000000000000E+000 
                                      60                  8.4999999888963518E-001                 -1.5094077809227750E-002                  4.0025982467873380E+000                  5.8471528212723571E+000                  3.6900497857410933E-048                  7.0279999481028244E-001                  3.0334925598171233E-005                  2.8496967026411935E-001                  2.1025988500795504E-003                  6.1630907196949872E-004                  5.7221218635412083E-003                  1.2718648985637696E-003                  2.4871053158459599E-003                  2.4515268242799798E-025                  0.0000000000000000E+000                  0.0000000000000000E+000 
                                      61                  8.4999999885643207E-001                 -1.5098623621323783E-002                  4.0065301976444871E+000                  6.1356181859791139E+000                  7.5969668374405519E-048                  7.0279999481028244E-001                  3.0334925598171233E-005                  2.8496967026411935E-001                  2.1025988500795504E-003                  6.1630907196949872E-004                  5.7221218635412083E-003                  1.2718648985637696E-003                  2.4871053158459599E-003                  2.5236560472302980E-025                  0.0000000000000000E+000                  0.0000000000000000E+000 
                                      62                  8.4999999879002586E-001                 -1.5107456119039402E-002                  4.0113770623693323E+000                  6.1194397218154553E+000                  7.8856234841170750E-048                  7.0279999481028244E-001                  3.0334925598171233E-005                  2.8496967026411935E-001                  2.1025988500795504E-003                  6.1630907196949872E-004                  5.7221218635412083E-003                  1.2718648985637696E-003                  2.4871053158459599E-003                  2.6196680571177180E-025                  0.0000000000000000E+000                  0.0000000000000000E+000 
                                      63                  8.4999999872361975E-001                 -1.5115965809064541E-002                  4.0158744921225829E+000                  6.1039311607658497E+000                  8.1726202421462264E-048                  7.0279999481028244E-001                  3.0334925598171230E-005                  2.8496967026411935E-001                  2.1025988500795504E-003                  6.1630907196949872E-004                  5.7221218635412083E-003                  1.2718648985637696E-003                  2.4871053158459599E-003                  2.7151345413001352E-025                  0.0000000000000000E+000                  0.0000000000000000E+000 
                                      64                  8.4999999865721343E-001                 -1.5124177139709396E-002                  4.0190226227929156E+000                  5.7916510418933473E+000                  4.1936642619742059E-048                  7.0279999481028244E-001                  3.0334925598171233E-005                  2.8496967026411935E-001                  2.1025988500795504E-003                  6.1630907196949872E-004                  5.7221218635412083E-003                  1.2718648985637696E-003                  2.4871053158459599E-003                  2.7865592363570465E-025                  0.0000000000000000E+000                  0.0000000000000000E+000 
                                      65                  8.4999999862401032E-001                 -1.5128177872330242E-002                  4.0220597769495265E+000                  6.0818152684784259E+000                  8.6000549848634739E-048                  7.0279999481028244E-001                  3.0334925598171233E-005                  2.8496967026411935E-001                  2.1025988500795504E-003                  6.1630907196949872E-004                  5.7221218635412083E-003                  1.2718648985637696E-003                  2.4871053158459599E-003                  2.8573281709092769E-025                  0.0000000000000000E+000                  0.0000000000000000E+000 
                                      66                  8.4999999855760411E-001                 -1.5135981735683266E-002                  4.0249146350884732E+000                  5.7701804610317877E+000                  4.4064379181177300E-048                  7.0279999481028244E-001                  3.0334925598171237E-005                  2.8496967026411935E-001                  2.1025988500795504E-003                  6.1630907196949872E-004                  5.7221218635412083E-003                  1.2718648985637696E-003                  2.4871053158459599E-003                  2.9281319592883952E-025                  0.0000000000000000E+000                  0.0000000000000000E+000 
                                      67                  8.4999999852440100E-001                 -1.5139789592894474E-002                  4.0276771256477337E+000                  6.0609472051635631E+000                  9.0238558405291812E-048                  7.0279999481028244E-001                  3.0334925598171237E-005                  2.8496967026411935E-001                  2.1025988500795504E-003                  6.1630907196949872E-004                  5.7221218635412083E-003                  1.2718648985637696E-003                  2.4871053158459599E-003                  2.9983266793526120E-025                  0.0000000000000000E+000                  0.0000000000000000E+000 
                                      68                  8.4999999845799468E-001                 -1.5147227538905428E-002                  4.0311530942249405E+000                  6.0476651356577333E+000                  9.3044106604044082E-048                  7.0279999481028244E-001                  3.0334925598171237E-005                  2.8496967026411935E-001                  2.1025988500795504E-003                  6.1630907196949872E-004                  5.7221218635412083E-003                  1.2718648985637696E-003                  2.4871053158459599E-003                  3.0916746160808866E-025                  0.0000000000000000E+000                  0.0000000000000000E+000 
                                      69                  8.4999999839158846E-001                 -1.5154441574455554E-002                  4.0344397647551711E+000                  6.0348471516152653E+000                  9.5834321562117240E-048                  7.0279999481028244E-001                  3.0334925598171237E-005                  2.8496967026411935E-001                  2.1025988500795504E-003                  6.1630907196949872E-004                  5.7221218635412083E-003                  1.2718648985637696E-003                  2.4871053158459599E-003                  3.1845180955363487E-025                  0.0000000000000000E+000                  0.0000000000000000E+000 
                                      70                  8.4999999832518236E-001                 -1.5161445917425435E-002                  4.0375559861764385E+000                  6.0224629954806126E+000                  9.8609564508396030E-048                  7.0279999481028244E-001                  3.0334925598171237E-005                  2.8496967026411935E-001                  2.1025988500795504E-003                  6.1630907196949872E-004                  5.7221218635412083E-003                  1.2718648985637696E-003                  2.4871053158459599E-003                  3.2768689605524687E-025                  0.0000000000000000E+000                  0.0000000000000000E+000 
                                      71                  8.4999999825877603E-001                 -1.5168253456661170E-002                  4.0405180030940242E+000                  6.0104851506533974E+000                  1.0137020282577188E-047                  7.0279999481028244E-001                  3.0334925598171240E-005                  2.8496967026411935E-001                  2.1025988500795504E-003                  6.1630907196949872E-004                  5.7221218635412083E-003                  1.2718648985637696E-003                  2.4871053158459599E-003                  3.3687392683984481E-025                  0.0000000000000000E+000                  0.0000000000000000E+000 
                                      72                  8.4999999819236993E-001                 -1.5174875911773343E-002                  4.0433399048306908E+000                  5.9988885370819611E+000                  1.0411660530158185E-047                  7.0279999481028244E-001                  3.0334925598171237E-005                  2.8496967026411935E-001                  2.1025988500795504E-003                  6.1630907196949872E-004                  5.7221218635412083E-003                  1.2718648985637696E-003                  2.4871053158459599E-003                  3.4601411321612134E-025                  0.0000000000000000E+000                  0.0000000000000000E+000 
                                      73                  8.4999999812596372E-001                 -1.5181323969917148E-002                  4.0473748237872691E+000                  6.2832396091285281E+000                  2.1639527682903620E-047                  7.0279999481028244E-001                  3.0334925598171240E-005                  2.8496967026411935E-001                  2.1025988500795504E-003                  6.1630907196949872E-004                  5.7221218635412083E-003                  1.2718648985637696E-003                  2.4871053158459599E-003                  3.5959698976304883E-025                  0.0000000000000000E+000                  0.0000000000000000E+000 
                                      74                  8.4999999799315118E-001                 -1.5193734474699946E-002                  4.0510842586900102E+000                  5.9661714767458731E+000                  1.1227273682266682E-047                  7.0279999481028244E-001                  3.0334925598171237E-005                  2.8496967026411935E-001                  2.1025988500795504E-003                  6.1630907196949872E-004                  5.7221218635412083E-003                  1.2718648985637696E-003                  2.4871053158459599E-003                  3.7316124196596943E-025                  0.0000000000000000E+000                  0.0000000000000000E+000 
                                      75                  8.4999999792674497E-001                 -1.5199714878508099E-002                  4.0534545316186446E+000                  5.9558890211046096E+000                  1.1496577888617183E-047                  7.0279999481028244E-001                  3.0334925598171240E-005                  2.8496967026411935E-001                  2.1025988500795504E-003                  6.1630907196949872E-004                  5.7221218635412083E-003                  1.2718648985637696E-003                  2.4871053158459599E-003                  3.8212583064544136E-025                  0.0000000000000000E+000                  0.0000000000000000E+000 
                                      76                  8.4999999786033886E-001                 -1.5205555431439732E-002                  4.0568680029444195E+000                  6.2420611746572376E+000                  2.3794333964616795E-047                  7.0279999481028244E-001                  3.0334925598171240E-005                  2.8496967026411935E-001                  2.1025988500795504E-003                  6.1630907196949872E-004                  5.7221218635412083E-003                  1.2718648985637696E-003                  2.4871053158459599E-003                  3.9546150742454395E-025                  0.0000000000000000E+000                  0.0000000000000000E+000 
                                      77                  8.4999999772752621E-001                 -1.5216843891019261E-002                  4.0600438022964216E+000                  5.9266910357573712E+000                  1.2297036146722619E-047                  7.0279999481028244E-001                  3.0334925598171240E-005                  2.8496967026411935E-001                  2.1025988500795504E-003                  6.1630907196949872E-004                  5.7221218635412083E-003                  1.2718648985637696E-003                  2.4871053158459599E-003                  4.0877425301659279E-025                  0.0000000000000000E+000                  0.0000000000000000E+000 
                                      78                  8.4999999766112000E-001                 -1.5222304900343930E-002                  4.0620848099366000E+000                  5.9174596206303702E+000                  1.2561533828323323E-047                  7.0279999481028244E-001                  3.0334925598171240E-005                  2.8496967026411935E-001                  2.1025988500795504E-003                  6.1630907196949872E-004                  5.7221218635412083E-003                  1.2718648985637696E-003                  2.4871053158459599E-003                  4.1758066918499209E-025                  0.0000000000000000E+000                  0.0000000000000000E+000 
                                      79                  8.4999999759471390E-001                 -1.5227651121332784E-002                  4.0640570821071780E+000                  5.9084587192107163E+000                  1.2824904992959355E-047                  7.0279999481028244E-001                  3.0334925598171244E-005                  2.8496967026411935E-001                  2.1025988500795504E-003                  6.1630907196949872E-004                  5.7221218635412083E-003                  1.2718648985637696E-003                  2.4871053158459599E-003                  4.2635001560529163E-025                  0.0000000000000000E+000                  0.0000000000000000E+000 
                                      80                  8.4999999752830757E-001                 -1.5232887744184518E-002                  4.0669158701724148E+000                  6.1964230313945814E+000                  2.6434143009686716E-047                  7.0279999481028244E-001                  3.0334925598171244E-005                  2.8496967026411935E-001                  2.1025988500795504E-003                  6.1630907196949872E-004                  5.7221218635412083E-003                  1.2718648985637696E-003                  2.4871053158459599E-003                  4.3940859960331821E-025                  0.0000000000000000E+000                  0.0000000000000000E+000 
                                      81                  8.4999999739549514E-001                 -1.5243050776548613E-002                  4.0704977394308646E+000                  6.1796741748723587E+000                  2.7474767977283609E-047                  7.0279999481028244E-001                  3.0334925598171244E-005                  2.8496967026411935E-001                  2.1025988500795504E-003                  6.1630907196949872E-004                  5.7221218635412083E-003                  1.2718648985637696E-003                  2.4871053158459599E-003                  4.5673571489412693E-025                  0.0000000000000000E+000                  0.0000000000000000E+000 
                                      82                  8.4999999726268272E-001                 -1.5252829550859938E-002                  4.0730310788342559E+000                  5.8665533201142814E+000                  1.4125682192633161E-047                  7.0279999481028244E-001                  3.0334925598171244E-005                  2.8496967026411935E-001                  2.1025988500795504E-003                  6.1630907196949872E-004                  5.7221218635412083E-003                  1.2718648985637696E-003                  2.4871053158459599E-003                  4.6966763742006683E-025                  0.0000000000000000E+000                  0.0000000000000000E+000 
                                      83                  8.4999999719627639E-001                 -1.5257584773278283E-002                  4.0754883782686866E+000                  6.1559284870757187E+000                  2.9020725768933357E-047                  7.0279999481028244E-001                  3.0334925598171247E-005                  2.8496967026411935E-001                  2.1025988500795504E-003                  6.1630907196949872E-004                  5.7221218635412083E-003                  1.2718648985637696E-003                  2.4871053158459599E-003                  4.8247996369646286E-025                  0.0000000000000000E+000                  0.0000000000000000E+000 
                                      84                  8.4999999706346385E-001                 -1.5266843537167809E-002                  4.0785928740582671E+000                  6.1409285433781102E+000                  3.0041832226542875E-047                  7.0279999481028244E-001                  3.0334925598171244E-005                  2.8496967026411935E-001                  2.1025988500795504E-003                  6.1630907196949872E-004                  5.7221218635412083E-003                  1.2718648985637696E-003                  2.4871053158459599E-003                  4.9948598517015825E-025                  0.0000000000000000E+000                  0.0000000000000000E+000 
                                      85                  8.4999999693065131E-001                 -1.5275788162775561E-002                  4.0815399390146121E+000                  6.1265309408546678E+000                  3.1055721017859401E-047                  7.0279999481028244E-001                  3.0334925598171247E-005                  2.8496967026411935E-001                  2.1025988500795504E-003                  6.1630907196949872E-004                  5.7221218635412083E-003                  1.2718648985637696E-003                  2.4871053158459599E-003                  5.1637328268682415E-025                  0.0000000000000000E+000                  0.0000000000000000E+000 
                                      86                  8.4999999679783889E-001                 -1.5284441295468316E-002                  4.0843446575557376E+000                  6.1126895574458961E+000                  3.2062695841540739E-047                  7.0279999481028244E-001                  3.0334925598171244E-005                  2.8496967026411935E-001                  2.1025988500795504E-003                  6.1630907196949872E-004                  5.7221218635412083E-003                  1.2718648985637696E-003                  2.4871053158459599E-003                  5.3314685933981264E-025                  0.0000000000000000E+000                  0.0000000000000000E+000 
                                      87                  8.4999999666502635E-001                 -1.5292823157300992E-002                  4.0870200667179244E+000                  6.0993633036926163E+000                  3.3063041290824443E-047                  7.0279999481028244E-001                  3.0334925598171247E-005                  2.8496967026411935E-001                  2.1025988500795504E-003                  6.1630907196949872E-004                  5.7221218635412083E-003                  1.2718648985637696E-003                  2.4871053158459599E-003                  5.4981140401934922E-025                  0.0000000000000000E+000                  0.0000000000000000E+000 
                                      88                  8.4999999653221381E-001                 -1.5300951883570170E-002                  4.0895775073578617E+000                  6.0865154686083525E+000                  3.4057020846493560E-047                  7.0279999481028244E-001                  3.0334925598171247E-005                  2.8496967026411935E-001                  2.1025988500795504E-003                  6.1630907196949872E-004                  5.7221218635412083E-003                  1.2718648985637696E-003                  2.4871053158459599E-003                  5.6637125756789589E-025                  0.0000000000000000E+000                  0.0000000000000000E+000 
                                      89                  8.4999999639940127E-001                 -1.5308843803573955E-002                  4.0920269039949853E+000                  6.0741131216823288E+000                  3.5044878923296170E-047                  7.0279999481028244E-001                  3.0334925598171247E-005                  2.8496967026411935E-001                  2.1025988500795504E-003                  6.1630907196949872E-004                  5.7221218635412083E-003                  1.2718648985637696E-003                  2.4871053158459599E-003                  5.8283044649656621E-025                  0.0000000000000000E+000                  0.0000000000000000E+000 
                                      90                  8.4999999626658884E-001                 -1.5316513675435293E-002                  4.0955472741185046E+000                  6.3573557692347853E+000                  7.3023778662219929E-047                  7.0279999481028244E-001                  3.0334925598171247E-005                  2.8496967026411935E-001                  2.1025988500795504E-003                  6.1630907196949872E-004                  5.7221218635412083E-003                  1.2718648985637696E-003                  2.4871053158459599E-003                  6.0727541586303953E-025                  0.0000000000000000E+000                  0.0000000000000000E+000 
                                      91                  8.4999999600096376E-001                 -1.5331238222790986E-002                  4.0988119752969201E+000                  6.0393005234543899E+000                  3.7973564075884417E-047                  7.0279999481028244E-001                  3.0334925598171247E-005                  2.8496967026411935E-001                  2.1025988500795504E-003                  6.1630907196949872E-004                  5.7221218635412083E-003                  1.2718648985637696E-003                  2.4871053158459599E-003                  6.3163426306797237E-025                  0.0000000000000000E+000                  0.0000000000000000E+000 
                                      92                  8.4999999586815134E-001                 -1.5338317641664394E-002                  4.1009071237187547E+000                  6.0284104673484267E+000                  3.8939054348041109E-047                  7.0279999481028244E-001                  3.0334925598171250E-005                  2.8496967026411935E-001                  2.1025988500795504E-003                  6.1630907196949872E-004                  5.7221218635412083E-003                  1.2718648985637696E-003                  2.4871053158459599E-003                  6.4772568189788211E-025                  0.0000000000000000E+000                  0.0000000000000000E+000 
                                      93                  8.4999999573533869E-001                 -1.5345221860448311E-002                  4.1029291629612725E+000                  6.0178429125200212E+000                  3.9899421387652658E-047                  7.0279999481028244E-001                  3.0334925598171247E-005                  2.8496967026411935E-001                  2.1025988500795504E-003                  6.1630907196949872E-004                  5.7221218635412083E-003                  1.2718648985637696E-003                  2.4871053158459599E-003                  6.6373287919880381E-025                  0.0000000000000000E+000                  0.0000000000000000E+000 
                                      94                  8.4999999560252626E-001                 -1.5351960214270726E-002                  4.1058566685180242E+000                  6.3036182907037537E+000                  8.2655348422729568E-047                  7.0279999481028244E-001                  3.0334925598171250E-005                  2.8496967026411935E-001                  2.1025988500795504E-003                  6.1630907196949872E-004                  5.7221218635412083E-003                  1.2718648985637696E-003                  2.4871053158459599E-003                  6.8754081776675001E-025                  0.0000000000000000E+000                  0.0000000000000000E+000 
                                      95                  8.4999999533690118E-001                 -1.5364972064769769E-002                  4.1086052456004021E+000                  5.9879005620548948E+000                  4.2751169502811256E-047                  7.0279999481028244E-001                  3.0334925598171250E-005                  2.8496967026411935E-001                  2.1025988500795504E-003                  6.1630907196949872E-004                  5.7221218635412083E-003                  1.2718648985637696E-003                  2.4871053158459599E-003                  7.1127193321005055E-025                  0.0000000000000000E+000                  0.0000000000000000E+000 
                                      96                  8.4999999520408875E-001                 -1.5371261780056631E-002                  4.1112641914502763E+000                  6.2748781594370397E+000                  8.8317926181860012E-047                  7.0279999481028244E-001                  3.0334925598171250E-005                  2.8496967026411935E-001                  2.1025988500795504E-003                  6.1630907196949872E-004                  5.7221218635412083E-003                  1.2718648985637696E-003                  2.4871053158459599E-003                  7.3474368036000001E-025                  0.0000000000000000E+000                  0.0000000000000000E+000 
                                      97                  8.4999999493846368E-001                 -1.5383440953596398E-002                  4.1146084492956492E+000                  6.2569307361145761E+000                  9.2049228240771040E-047                  7.0279999481028244E-001                  3.0334925598171250E-005                  2.8496967026411935E-001                  2.1025988500795504E-003                  6.1630907196949872E-004                  5.7221218635412083E-003                  1.2718648985637696E-003                  2.4871053158459599E-003                  7.6585275944360835E-025                  0.0000000000000000E+000                  0.0000000000000000E+000 
                                      98                  8.4999999467283860E-001                 -1.5395127396140507E-002                  4.1169821712486314E+000                  5.9429881731668228E+000                  4.7415472417650110E-047                  7.0279999481028244E-001                  3.0334925598171254E-005                  2.8496967026411935E-001                  2.1025988500795504E-003                  6.1630907196949872E-004                  5.7221218635412083E-003                  1.2718648985637696E-003                  2.4871053158459599E-003                  7.8904746167389877E-025                  0.0000000000000000E+000                  0.0000000000000000E+000 
                                      99                  8.4999999454002617E-001                 -1.5400799555770592E-002                  4.1192888421277019E+000                  6.2315990536480532E+000                  9.7585634357861396E-047                  7.0279999481028244E-001                  3.0334925598171254E-005                  2.8496967026411935E-001                  2.1025988500795504E-003                  6.1630907196949872E-004                  5.7221218635412083E-003                  1.2718648985637696E-003                  2.4871053158459599E-003                  8.1201897858759641E-025                  0.0000000000000000E+000                  0.0000000000000000E+000 
                                     100                  8.4999999427440109E-001                 -1.5411824278441066E-002                  4.1229400211649549E+000                  6.3879079425684404E+000                  1.5320972907348018E-046                  7.0279999481028244E-001                  3.0334925598171254E-005                  2.8496967026411935E-001                  2.1025988500795504E-003                  6.1630907196949872E-004                  5.7221218635412083E-003                  1.2718648985637696E-003                  2.4871053158459599E-003                  8.5000125474102282E-025                  0.0000000000000000E+000                  0.0000000000000000E+000 
                                     101                  8.4999999387596359E-001                 -1.5427625474994515E-002                  4.1270176878751785E+000                  6.3655019456711779E+000                  1.6133297779691667E-046                  7.0279999481028244E-001                  3.0334925598171254E-005                  2.8496967026411935E-001                  2.1025988500795504E-003                  6.1630907196949872E-004                  5.7221218635412083E-003                  1.2718648985637696E-003                  2.4871053158459599E-003                  8.9517436148092688E-025                  0.0000000000000000E+000                  0.0000000000000000E+000 
                                     102                  8.4999999347752608E-001                 -1.5442632665051914E-002                  4.1301957684068809E+000                  6.1717371799040714E+000                  1.1202888432139946E-046                  7.0279999481028244E-001                  3.0334925598171254E-005                  2.8496967026411935E-001                  2.1025988500795504E-003                  6.1630907196949872E-004                  5.7221218635412083E-003                  1.2718648985637696E-003                  2.4871053158459599E-003                  9.3249630345343450E-025                  0.0000000000000000E+000                  0.0000000000000000E+000 
                                     103                  8.4999999321190112E-001                 -1.5452238761074847E-002                  4.1326303337302619E+000                  6.1582234491824650E+000                  1.1557466938735138E-046                  7.0279999481028244E-001                  3.0334925598171254E-005                  2.8496967026411935E-001                  2.1025988500795504E-003                  6.1630907196949872E-004                  5.7221218635412083E-003                  1.2718648985637696E-003                  2.4871053158459599E-003                  9.6208171082901985E-025                  0.0000000000000000E+000                  0.0000000000000000E+000 
                                     104                  8.4999999294627604E-001                 -1.5461550754311486E-002                  4.1349674428416003E+000                  6.1452051832942045E+000                  1.1909657574212512E-046                  7.0279999481028244E-001                  3.0334925598171254E-005                  2.8496967026411935E-001                  2.1025988500795504E-003                  6.1630907196949872E-004                  5.7221218635412083E-003                  1.2718648985637696E-003                  2.4871053158459599E-003                  9.9147108702207611E-025                  0.0000000000000000E+000                  0.0000000000000000E+000 
                                     105                  8.4999999268065096E-001                 -1.5470587947380703E-002                  4.1372146868445157E+000                  6.1326475108261782E+000                  1.2259556634813364E-046                  7.0279999481028244E-001                  3.0334925598171257E-005                  2.8496967026411935E-001                  2.1025988500795504E-003                  6.1630907196949872E-004                  5.7221218635412083E-003                  1.2718648985637696E-003                  2.4871053158459599E-003                  1.0206723560074753E-024                  0.0000000000000000E+000                  0.0000000000000000E+000 
                                     106                  8.4999999241502588E-001                 -1.5479367750890840E-002                  4.1393788043055730E+000                  6.1205191215736461E+000                  1.2607253097818196E-046                  7.0279999481028244E-001                  3.0334925598171254E-005                  2.8496967026411935E-001                  2.1025988500795504E-003                  6.1630907196949872E-004                  5.7221218635412083E-003                  1.2718648985637696E-003                  2.4871053158459599E-003                  1.0496928386056291E-024                  0.0000000000000000E+000                  0.0000000000000000E+000 
                                     107                  8.4999999214940103E-001                 -1.5487905926174130E-002                  4.1414658040133698E+000                  6.1087917907757072E+000                  1.2952829571999024E-046                  7.0279999481028244E-001                  3.0334925598171257E-005                  2.8496967026411935E-001                  2.1025988500795504E-003                  6.1630907196949872E-004                  5.7221218635412083E-003                  1.2718648985637696E-003                  2.4871053158459599E-003                  1.0785393310355047E-024                  0.0000000000000000E+000                  0.0000000000000000E+000 
                                     108                  8.4999999188377595E-001                 -1.5496216789878456E-002                  4.1434810666226527E+000                  6.0974399446487171E+000                  1.3296364282030947E-046                  7.0279999481028244E-001                  3.0334925598171257E-005                  2.8496967026411935E-001                  2.1025988500795504E-003                  6.1630907196949872E-004                  5.7221218635412083E-003                  1.2718648985637696E-003                  2.4871053158459599E-003                  1.1072182699011770E-024                  0.0000000000000000E+000                  0.0000000000000000E+000 
                                     109                  8.4999999161815087E-001                 -1.5504313386774644E-002                  4.1464003241501874E+000                  6.3821301570212556E+000                  2.7613812783362868E-046                  7.0279999481028244E-001                  3.0334925598171257E-005                  2.8496967026411935E-001                  2.1025988500795504E-003                  6.1630907196949872E-004                  5.7221218635412083E-003                  1.2718648985637696E-003                  2.4871053158459599E-003                  1.1498445308980835E-024                  0.0000000000000000E+000                  0.0000000000000000E+000 
                                     110                  8.4999999108690094E-001                 -1.5519909076134271E-002                  4.1491440476638060E+000                  6.0654178942266546E+000                  1.4315343212329226E-046                  7.0279999481028244E-001                  3.0334925598171257E-005                  2.8496967026411935E-001                  2.1025988500795504E-003                  6.1630907196949872E-004                  5.7221218635412083E-003                  1.2718648985637696E-003                  2.4871053158459599E-003                  1.1923011179274857E-024                  0.0000000000000000E+000                  0.0000000000000000E+000 
                                     111                  8.4999999082127586E-001                 -1.5527430565953257E-002                  4.1509162852604682E+000                  6.0553554973527159E+000                  1.4651396875144395E-046                  7.0279999481028244E-001                  3.0334925598171257E-005                  2.8496967026411935E-001                  2.1025988500795504E-003                  6.1630907196949872E-004                  5.7221218635412083E-003                  1.2718648985637696E-003                  2.4871053158459599E-003                  1.2203662827295683E-024                  0.0000000000000000E+000                  0.0000000000000000E+000 
                                     112                  8.4999999055565079E-001                 -1.5534779915617178E-002                  4.1529923347710973E+000                  6.1941251380615236E+000                  2.1291370190500052E-046                  7.0279999481028244E-001                  3.0334925598171257E-005                  2.8496967026411935E-001                  2.1025988500795504E-003                  6.1630907196949872E-004                  5.7221218635412083E-003                  1.2718648985637696E-003                  2.4871053158459599E-003                  1.2540312239793743E-024                  0.0000000000000000E+000                  0.0000000000000000E+000 
                                     113                  8.4999999017998007E-001                 -1.5544896345694606E-002                  4.1559115419986856E+000                  6.3536660807764545E+000                  3.3179505599434419E-046                  7.0279999481028244E-001                  3.0334925598171261E-005                  2.8496967026411935E-001                  2.1025988500795504E-003                  6.1630907196949872E-004                  5.7221218635412083E-003                  1.2718648985637696E-003                  2.4871053158459599E-003                  1.3029538824308074E-024                  0.0000000000000000E+000                  0.0000000000000000E+000 
                                     114                  8.4999998961647405E-001                 -1.5559504003574542E-002                  4.1592207543059958E+000                  6.3347530997380916E+000                  3.4658637419844191E-046                  7.0279999481028244E-001                  3.0334925598171261E-005                  2.8496967026411935E-001                  2.1025988500795504E-003                  6.1630907196949872E-004                  5.7221218635412083E-003                  1.2718648985637696E-003                  2.4871053158459599E-003                  1.3612059739482862E-024                  0.0000000000000000E+000                  0.0000000000000000E+000 
                                     115                  8.4999998905296803E-001                 -1.5573489629388074E-002                  4.1628751202931973E+000                  6.4388572587928810E+000                  4.8486022550861172E-046                  7.0279999481028244E-001                  3.0334925598171261E-005                  2.8496967026411935E-001                  2.1025988500795504E-003                  6.1630907196949872E-004                  5.7221218635412083E-003                  1.2718648985637696E-003                  2.4871053158459599E-003                  1.4284010202225973E-024                  0.0000000000000000E+000                  0.0000000000000000E+000 
                                     116                  8.4999998830162660E-001                 -1.5591264315644683E-002                  4.1658066853689704E+000                  6.1208432342755072E+000                  2.5211397158124812E-046                  7.0279999481028244E-001                  3.0334925598171261E-005                  2.8496967026411935E-001                  2.1025988500795504E-003                  6.1630907196949872E-004                  5.7221218635412083E-003                  1.2718648985637696E-003                  2.4871053158459599E-003                  1.4856292527169704E-024                  0.0000000000000000E+000                  0.0000000000000000E+000 
                                     117                  8.4999998792595588E-001                 -1.5599811067204363E-002                  4.1676969161171638E+000                  6.1099804744305954E+000                  2.5850952893455738E-046                  7.0279999481028244E-001                  3.0334925598171261E-005                  2.8496967026411935E-001                  2.1025988500795504E-003                  6.1630907196949872E-004                  5.7221218635412083E-003                  1.2718648985637696E-003                  2.4871053158459599E-003                  1.5234300970180089E-024                  0.0000000000000000E+000                  0.0000000000000000E+000 
                                     118                  8.4999998755028516E-001                 -1.5608146857132047E-002                  4.1704422550237563E+000                  6.3953492578587294E+000                  5.3603380755519678E-046                  7.0279999481028244E-001                  3.0334925598171264E-005                  2.8496967026411935E-001                  2.1025988500795504E-003                  6.1630907196949872E-004                  5.7221218635412083E-003                  1.2718648985637696E-003                  2.4871053158459599E-003                  1.5796309926305774E-024                  0.0000000000000000E+000                  0.0000000000000000E+000 
                                     119                  8.4999998679894384E-001                 -1.5624228401505401E-002                  4.1730343070781935E+000                  6.0792662162358129E+000                  2.7748472461427795E-046                  7.0279999481028244E-001                  3.0334925598171261E-005                  2.8496967026411935E-001                  2.1025988500795504E-003                  6.1630907196949872E-004                  5.7221218635412083E-003                  1.2718648985637696E-003                  2.4871053158459599E-003                  1.6356070758984857E-024                  0.0000000000000000E+000                  0.0000000000000000E+000 
                                     120                  8.4999998642327312E-001                 -1.5631995461076919E-002                  4.1747122729784953E+000                  6.0695940764724892E+000                  2.8374393244688430E-046                  7.0279999481028244E-001                  3.0334925598171264E-005                  2.8496967026411935E-001                  2.1025988500795504E-003                  6.1630907196949872E-004                  5.7221218635412083E-003                  1.2718648985637696E-003                  2.4871053158459599E-003                  1.6726179065902587E-024                  0.0000000000000000E+000                  0.0000000000000000E+000 
                                     121                  8.4999998604760241E-001                 -1.5639591587391644E-002                  4.1771584227413925E+000                  6.3566204832833275E+000                  5.8611451209493755E-046                  7.0279999481028244E-001                  3.0334925598171264E-005                  2.8496967026411935E-001                  2.1025988500795504E-003                  6.1630907196949872E-004                  5.7221218635412083E-003                  1.2718648985637696E-003                  2.4871053158459599E-003                  1.7276948363440797E-024                  0.0000000000000000E+000                  0.0000000000000000E+000 
                                     122                  8.4999998529626097E-001                 -1.5654302165424058E-002                  4.1802548193360423E+000                  6.3387433752546603E+000                  6.1078506756808135E-046                  7.0279999481028244E-001                  3.0334925598171264E-005                  2.8496967026411935E-001                  2.1025988500795504E-003                  6.1630907196949872E-004                  5.7221218635412083E-003                  1.2718648985637696E-003                  2.4871053158459599E-003                  1.8006556971837645E-024                  0.0000000000000000E+000                  0.0000000000000000E+000 
                                     123                  8.4999998454491965E-001                 -1.5668419966044258E-002                  4.1836355813661612E+000                  6.4322379331205548E+000                  8.2855490174600368E-046                  7.0279999481028244E-001                  3.0334925598171264E-005                  2.8496967026411935E-001                  2.1025988500795504E-003                  6.1630907196949872E-004                  5.7221218635412083E-003                  1.2718648985637696E-003                  2.4871053158459599E-003                  1.8835614190020112E-024                  0.0000000000000000E+000                  0.0000000000000000E+000 
                                     124                  8.4999998357041195E-001                 -1.5685929614058906E-002                  4.1872283963023547E+000                  6.4114692487989444E+000                  8.6920892619267613E-046                  7.0279999481028244E-001                  3.0334925598171264E-005                  2.8496967026411935E-001                  2.1025988500795504E-003                  6.1630907196949872E-004                  5.7221218635412083E-003                  1.2718648985637696E-003                  2.4871053158459599E-003                  1.9762992770380308E-024                  0.0000000000000000E+000                  0.0000000000000000E+000 
                                     125                  8.4999998259590448E-001                 -1.5702622285013429E-002                  4.1897748432507669E+000                  6.0956023559767250E+000                  4.4973412072531208E-046                  7.0279999481028244E-001                  3.0334925598171264E-005                  2.8496967026411935E-001                  2.1025988500795504E-003                  6.1630907196949872E-004                  5.7221218635412083E-003                  1.2718648985637696E-003                  2.4871053158459599E-003                  2.0453395531333536E-024                  0.0000000000000000E+000                  0.0000000000000000E+000 
                                     126                  8.4999998210865069E-001                 -1.5710688528349417E-002                  4.1922474357412174E+000                  6.3824472609057512E+000                  9.2938274516603744E-046                  7.0279999481028244E-001                  3.0334925598171267E-005                  2.8496967026411935E-001                  2.1025988500795504E-003                  6.1630907196949872E-004                  5.7221218635412083E-003                  1.2718648985637696E-003                  2.4871053158459599E-003                  2.1136048577624152E-024                  0.0000000000000000E+000                  0.0000000000000000E+000 
                                     127                  8.4999998113414310E-001                 -1.5726303027723217E-002                  4.1953778721918207E+000                  6.3643505130382128E+000                  9.6899591308989616E-046                  7.0279999481028244E-001                  3.0334925598171267E-005                  2.8496967026411935E-001                  2.1025988500795504E-003                  6.1630907196949872E-004                  5.7221218635412083E-003                  1.2718648985637696E-003                  2.4871053158459599E-003                  2.2040203063005913E-024                  0.0000000000000000E+000                  0.0000000000000000E+000 
                                     128                  8.4999998015963552E-001                 -1.5741280778949120E-002                  4.1976132997172844E+000                  6.0503135438595512E+000                  4.9925355852540638E-046                  7.0279999481028244E-001                  3.0334925598171267E-005                  2.8496967026411935E-001                  2.1025988500795504E-003                  6.1630907196949872E-004                  5.7221218635412083E-003                  1.2718648985637696E-003                  2.4871053158459599E-003                  2.2713912821775116E-024                  0.0000000000000000E+000                  0.0000000000000000E+000 
                                     129                  8.4999997967238183E-001                 -1.5748548876816964E-002                  4.1997920207652459E+000                  6.3388410587597503E+000                  1.0277205428619021E-045                  7.0279999481028244E-001                  3.0334925598171267E-005                  2.8496967026411935E-001                  2.1025988500795504E-003                  6.1630907196949872E-004                  5.7221218635412083E-003                  1.2718648985637696E-003                  2.4871053158459599E-003                  2.3380930858883197E-024                  0.0000000000000000E+000                  0.0000000000000000E+000 
                                     130                  8.4999997869787425E-001                 -1.5762672918077026E-002                  4.2025680259248066E+000                  6.3228100171628103E+000                  1.0664335900642113E-045                  7.0279999481028244E-001                  3.0334925598171271E-005                  2.8496967026411935E-001                  2.1025988500795504E-003                  6.1630907196949872E-004                  5.7221218635412083E-003                  1.2718648985637696E-003                  2.4871053158459599E-003                  2.4265010025186793E-024                  0.0000000000000000E+000                  0.0000000000000000E+000 
                                     131                  8.4999997772336666E-001                 -1.5776285540681043E-002                  4.2052243632951303E+000                  6.3074796328098621E+000                  1.1048185406068795E-045                  7.0279999481028244E-001                  3.0334925598171271E-005                  2.8496967026411935E-001                  2.1025988500795504E-003                  6.1630907196949872E-004                  5.7221218635412083E-003                  1.2718648985637696E-003                  2.4871053158459599E-003                  2.5141773763652562E-024                  0.0000000000000000E+000                  0.0000000000000000E+000 
                                     132                  8.4999997674885908E-001                 -1.5789426431189690E-002                  4.2084056023355361E+000                  6.4653301505492591E+000                  1.7284427373981826E-045                  7.0279999481028244E-001                  3.0334925598171271E-005                  2.8496967026411935E-001                  2.1025988500795504E-003                  6.1630907196949872E-004                  5.7221218635412083E-003                  1.2718648985637696E-003                  2.4871053158459599E-003                  2.6226442778302737E-024                  0.0000000000000000E+000                  0.0000000000000000E+000 
                                     133                  8.4999997528709770E-001                 -1.5808327716404422E-002                  4.2120041967507094E+000                  6.4445969891408277E+000                  1.8131138681632620E-045                  7.0279999481028244E-001                  3.0334925598171271E-005                  2.8496967026411935E-001                  2.1025988500795504E-003                  6.1630907196949872E-004                  5.7221218635412083E-003                  1.2718648985637696E-003                  2.4871053158459599E-003                  2.7516399439377717E-024                  0.0000000000000000E+000                  0.0000000000000000E+000 
                                     134                  8.4999997382533643E-001                 -1.5826348622981198E-002                  4.2148410762802833E+000                  6.2520989814228747E+000                  1.2553654136756137E-045                  7.0279999481028244E-001                  3.0334925598171271E-005                  2.8496967026411935E-001                  2.1025988500795504E-003                  6.1630907196949872E-004                  5.7221218635412083E-003                  1.2718648985637696E-003                  2.4871053158459599E-003                  2.8582111477849771E-024                  0.0000000000000000E+000                  0.0000000000000000E+000 
                                     135                  8.4999997285082884E-001                 -1.5837917559085226E-002                  4.2170296699824901E+000                  6.2395212217876113E+000                  1.2923219684137391E-045                  7.0279999481028244E-001                  3.0334925598171271E-005                  2.8496967026411935E-001                  2.1025988500795504E-003                  6.1630907196949872E-004                  5.7221218635412083E-003                  1.2718648985637696E-003                  2.4871053158459599E-003                  2.9427040588254220E-024                  0.0000000000000000E+000                  0.0000000000000000E+000 
                                     136                  8.4999997187632126E-001                 -1.5849156543442957E-002                  4.2191443905836179E+000                  6.2273801378357039E+000                  1.3290275361857730E-045                  7.0279999481028244E-001                  3.0334925598171271E-005                  2.8496967026411935E-001                  2.1025988500795504E-003                  6.1630907196949872E-004                  5.7221218635412083E-003                  1.2718648985637696E-003                  2.4871053158459599E-003                  3.0266378229993699E-024                  0.0000000000000000E+000                  0.0000000000000000E+000 
                                     137                  8.4999997090181367E-001                 -1.5860085962222437E-002                  4.2211902332448448E+000                  6.2156466391085727E+000                  1.3654916406979244E-045                  7.0279999481028244E-001                  3.0334925598171274E-005                  2.8496967026411935E-001                  2.1025988500795504E-003                  6.1630907196949872E-004                  5.7221218635412083E-003                  1.2718648985637696E-003                  2.4871053158459599E-003                  3.1100337177622230E-024                  0.0000000000000000E+000                  0.0000000000000000E+000 
                                     138                  8.4999996992730620E-001                 -1.5870724314126727E-002                  4.2241677789160974E+000                  6.5016928964433109E+000                  2.8521737301691519E-045                  7.0279999481028244E-001                  3.0334925598171271E-005                  2.8496967026411935E-001                  2.1025988500795504E-003                  6.1630907196949872E-004                  5.7221218635412083E-003                  1.2718648985637696E-003                  2.4871053158459599E-003                  3.2342502021373140E-024                  0.0000000000000000E+000                  0.0000000000000000E+000 
                                     139                  8.4999996796965083E-001                 -1.5891280200416295E-002                  4.2269834137466376E+000                  6.1863374104052049E+000                  1.4870550751640990E-045                  7.0279999481028244E-001                  3.0334925598171274E-005                  2.8496967026411935E-001                  2.1025988500795504E-003                  6.1630907196949872E-004                  5.7221218635412083E-003                  1.2718648985637696E-003                  2.4871053158459599E-003                  3.3582511933389536E-024                  0.0000000000000000E+000                  0.0000000000000000E+000 
                                     140                  8.4999996698650315E-001                 -1.5901224998526989E-002                  4.2288098569697494E+000                  6.1759080426875581E+000                  1.5232671454501532E-045                  7.0279999481028244E-001                  3.0334925598171274E-005                  2.8496967026411935E-001                  2.1025988500795504E-003                  6.1630907196949872E-004                  5.7221218635412083E-003                  1.2718648985637696E-003                  2.4871053158459599E-003                  3.4403965908444179E-024                  0.0000000000000000E+000                  0.0000000000000000E+000 
                                     141                  8.4999996600335559E-001                 -1.5910934041652607E-002                  4.2314702932969182E+000                  6.4618856115556413E+000                  3.1541835581773874E-045                  7.0279999481028244E-001                  3.0334925598171274E-005                  2.8496967026411935E-001                  2.1025988500795504E-003                  6.1630907196949872E-004                  5.7221218635412083E-003                  1.2718648985637696E-003                  2.4871053158459599E-003                  3.5625190960942394E-024                  0.0000000000000000E+000                  0.0000000000000000E+000 
                                     142                  8.4999996403706013E-001                 -1.5929691251283053E-002                  4.2348339394605343E+000                  6.4427399251741164E+000                  3.2966235463300902E-045                  7.0279999481028244E-001                  3.0334925598171274E-005                  2.8496967026411935E-001                  2.1025988500795504E-003                  6.1630907196949872E-004                  5.7221218635412083E-003                  1.2718648985637696E-003                  2.4871053158459599E-003                  3.7241528893615916E-024                  0.0000000000000000E+000                  0.0000000000000000E+000 
                                     143                  8.4999996207076467E-001                 -1.5947640277786935E-002                  4.2380298526614695E+000                  6.4245921251472300E+000                  3.4375760937366887E-045                  7.0279999481028244E-001                  3.0334925598171277E-005                  2.8496967026411935E-001                  2.1025988500795504E-003                  6.1630907196949872E-004                  5.7221218635412083E-003                  1.2718648985637696E-003                  2.4871053158459599E-003                  3.8841460663741873E-024                  0.0000000000000000E+000                  0.0000000000000000E+000 
                                     144                  8.4999996010446943E-001                 -1.5964855422623395E-002                  4.2410745934747380E+000                  6.4073440737635670E+000                  3.5771251313832834E-045                  7.0279999481028244E-001                  3.0334925598171274E-005                  2.8496967026411935E-001                  2.1025988500795504E-003                  6.1630907196949872E-004                  5.7221218635412083E-003                  1.2718648985637696E-003                  2.4871053158459599E-003                  4.0425914678724956E-024                  0.0000000000000000E+000                  0.0000000000000000E+000 
                                     145                  8.4999995813817397E-001                 -1.5981400907914108E-002                  4.2447062600409735E+000                  6.5630452685840019E+000                  5.6241342913921403E-045                  7.0279999481028244E-001                  3.0334925598171277E-005                  2.8496967026411935E-001                  2.1025988500795504E-003                  6.1630907196949872E-004                  5.7221218635412083E-003                  1.2718648985637696E-003                  2.4871053158459599E-003                  4.2382809360496257E-024                  0.0000000000000000E+000                  0.0000000000000000E+000 
                                     146                  8.4999995518873095E-001                 -1.6005081950451073E-002                  4.2487994972534615E+000                  6.5412723762670835E+000                  5.9489149474015371E-045                  7.0279999481028244E-001                  3.0334925598171277E-005                  2.8496967026411935E-001                  2.1025988500795504E-003                  6.1630907196949872E-004                  5.7221218635412083E-003                  1.2718648985637696E-003                  2.4871053158459599E-003                  4.4710107378050579E-024                  0.0000000000000000E+000                  0.0000000000000000E+000 
                                     147                  8.4999995223057201E-001                 -1.6027606236198862E-002                  4.2520239043530088E+000                  6.3495329355818120E+000                  4.1603998807135478E-045                  7.0279999481028244E-001                  3.0334925598171277E-005                  2.8496967026411935E-001                  2.1025988500795504E-003                  6.1630907196949872E-004                  5.7221218635412083E-003                  1.2718648985637696E-003                  2.4871053158459599E-003                  4.6637559093106342E-024                  0.0000000000000000E+000                  0.0000000000000000E+000 
                                     148                  8.4999995024684483E-001                 -1.6042091622861208E-002                  4.2545126043716603E+000                  6.3356019943109461E+000                  4.2962993184083750E-045                  7.0279999481028244E-001                  3.0334925598171277E-005                  2.8496967026411935E-001                  2.1025988500795504E-003                  6.1630907196949872E-004                  5.7221218635412083E-003                  1.2718648985637696E-003                  2.4871053158459599E-003                  4.8169031380851003E-024                  0.0000000000000000E+000                  0.0000000000000000E+000 
                                     149                  8.4999994826311764E-001                 -1.6056120193009626E-002                  4.2569107489206779E+000                  6.3222096138032233E+000                  4.4311305212287284E-045                  7.0279999481028244E-001                  3.0334925598171281E-005                  2.8496967026411935E-001                  2.1025988500795504E-003                  6.1630907196949872E-004                  5.7221218635412083E-003                  1.2718648985637696E-003                  2.4871053158459599E-003                  4.9688837741941469E-024                  0.0000000000000000E+000                  0.0000000000000000E+000 
                                     150                  8.4999994627939035E-001                 -1.6069723197562745E-002                  4.2598016182986349E+000                  6.4822777770699203E+000                  6.8970308163330447E-045                  7.0279999481028244E-001                  3.0334925598171281E-005                  2.8496967026411935E-001                  2.1025988500795504E-003                  6.1630907196949872E-004                  5.7221218635412083E-003                  1.2718648985637696E-003                  2.4871053158459599E-003                  5.1570513231563440E-024                  0.0000000000000000E+000                  0.0000000000000000E+000 
                                     151                  8.4999994330379958E-001                 -1.6089389360872033E-002                  4.2631005854507471E+000                  6.4639584731702584E+000                  7.1948209616721112E-045                  7.0279999481028244E-001                  3.0334925598171281E-005                  2.8496967026411935E-001                  2.1025988500795504E-003                  6.1630907196949872E-004                  5.7221218635412083E-003                  1.2718648985637696E-003                  2.4871053158459599E-003                  5.3809604730990410E-024                  0.0000000000000000E+000                  0.0000000000000000E+000 
                                     152                  8.4999994032820869E-001                 -1.6108244059618148E-002                  4.2657218869883726E+000                  6.2732930894386962E+000                  4.9605960956528202E-045                  7.0279999481028244E-001                  3.0334925598171281E-005                  2.8496967026411935E-001                  2.1025988500795504E-003                  6.1630907196949872E-004                  5.7221218635412083E-003                  1.2718648985637696E-003                  2.4871053158459599E-003                  5.5660408997017196E-024                  0.0000000000000000E+000                  0.0000000000000000E+000 
                                     153                  8.4999993834448151E-001                 -1.6120399472613661E-002                  4.2682742240207530E+000                  6.4392030919638428E+000                  7.7539740204438536E-045                  7.0279999481028244E-001                  3.0334925598171281E-005                  2.8496967026411935E-001                  2.1025988500795504E-003                  6.1630907196949872E-004                  5.7221218635412083E-003                  1.2718648985637696E-003                  2.4871053158459599E-003                  5.7501776632494224E-024                  0.0000000000000000E+000                  0.0000000000000000E+000 
                                     154                  8.4999993534243656E-001                 -1.6138210735142919E-002                  4.2717121859142848E+000                  6.5472156505731816E+000                  1.0845473984789345E-044                  7.0279999481028244E-001                  3.0334925598171284E-005                  2.8496967026411935E-001                  2.1025988500795504E-003                  6.1630907196949872E-004                  5.7221218635412083E-003                  1.2718648985637696E-003                  2.4871053158459599E-003                  6.0071207141296413E-024                  0.0000000000000000E+000                  0.0000000000000000E+000 
                                     155                  8.4999993132207374E-001                 -1.6161052391318886E-002                  4.2754343598770443E+000                  6.5268200134168932E+000                  1.1368124225785953E-044                  7.0279999481028244E-001                  3.0334925598171284E-005                  2.8496967026411935E-001                  2.1025988500795504E-003                  6.1630907196949872E-004                  5.7221218635412083E-003                  1.2718648985637696E-003                  2.4871053158459599E-003                  6.2983562615013636E-024                  0.0000000000000000E+000                  0.0000000000000000E+000 
                                     156                  8.4999992730171092E-001                 -1.6182847260727582E-002                  4.2780840266255966E+000                  6.2112212095429982E+000                  5.8784111268669887E-045                  7.0279999481028244E-001                  3.0334925598171288E-005                  2.8496967026411935E-001                  2.1025988500795504E-003                  6.1630907196949872E-004                  5.7221218635412083E-003                  1.2718648985637696E-003                  2.4871053158459599E-003                  6.5150266971081865E-024                  0.0000000000000000E+000                  0.0000000000000000E+000 
                                     157                  8.4999992529152946E-001                 -1.6193385586841212E-002                  4.2798043018621419E+000                  6.2018582783811063E+000                  6.0068078547048907E-045                  7.0279999481028244E-001                  3.0334925598171284E-005                  2.8496967026411935E-001                  2.1025988500795504E-003                  6.1630907196949872E-004                  5.7221218635412083E-003                  1.2718648985637696E-003                  2.4871053158459599E-003                  6.6582054244824077E-024                  0.0000000000000000E+000                  0.0000000000000000E+000 
                                     158                  8.4999992328134799E-001                 -1.6203699396893281E-002                  4.2816918124608749E+000                  6.2885357176171368E+000                  7.6879266822051851E-045                  7.0279999481028244E-001                  3.0334925598171284E-005                  2.8496967026411935E-001                  2.1025988500795504E-003                  6.1630907196949872E-004                  5.7221218635412083E-003                  1.2718648985637696E-003                  2.4871053158459599E-003                  6.8182964209273573E-024                  0.0000000000000000E+000                  0.0000000000000000E+000 
                                     159                  8.4999992076862119E-001                 -1.6216291782698834E-002                  4.2837275012004179E+000                  6.2775075474448139E+000                  7.8860998670964285E-045                  7.0279999481028244E-001                  3.0334925598171288E-005                  2.8496967026411935E-001                  2.1025988500795504E-003                  6.1630907196949872E-004                  5.7221218635412083E-003                  1.2718648985637696E-003                  2.4871053158459599E-003                  6.9951632221947967E-024                  0.0000000000000000E+000                  0.0000000000000000E+000 
                                     160                  8.4999991825589449E-001                 -1.6228568783541661E-002                  4.2860992987971898E+000                  6.4108638684767465E+000                  1.1370799191128228E-044                  7.0279999481028244E-001                  3.0334925598171284E-005                  2.8496967026411935E-001                  2.1025988500795504E-003                  6.1630907196949872E-004                  5.7221218635412083E-003                  1.2718648985637696E-003                  2.4871053158459599E-003                  7.2057540442629782E-024                  0.0000000000000000E+000                  0.0000000000000000E+000 
                                     161                  8.4999991473807701E-001                 -1.6245259043086550E-002                  4.2887613685571520E+000                  6.3965284777666112E+000                  1.1753283718160281E-044                  7.0279999481028244E-001                  3.0334925598171288E-005                  2.8496967026411935E-001                  2.1025988500795504E-003                  6.1630907196949872E-004                  5.7221218635412083E-003                  1.2718648985637696E-003                  2.4871053158459599E-003                  7.4497183139816283E-024                  0.0000000000000000E+000                  0.0000000000000000E+000 
                                     162                  8.4999991122025953E-001                 -1.6261407986739709E-002                  4.2915080170352882E+000                  6.4398042670852274E+000                  1.3896368279794202E-044                  7.0279999481028244E-001                  3.0334925598171288E-005                  2.8496967026411935E-001                  2.1025988500795504E-003                  6.1630907196949872E-004                  5.7221218635412083E-003                  1.2718648985637696E-003                  2.4871053158459599E-003                  7.7087893862640662E-024                  0.0000000000000000E+000                  0.0000000000000000E+000 
                                     163                  8.4999990719989671E-001                 -1.6279249714314620E-002                  4.2943394637684085E+000                  6.4304646705350388E+000                  1.4583619170052508E-044                  7.0279999481028244E-001                  3.0334925598171288E-005                  2.8496967026411935E-001                  2.1025988500795504E-003                  6.1630907196949872E-004                  5.7221218635412083E-003                  1.2718648985637696E-003                  2.4871053158459599E-003                  7.9846558364103588E-024                  0.0000000000000000E+000                  0.0000000000000000E+000 
                                     164                  8.4999990312553286E-001                 -1.6296712557720531E-002                  4.2970969538483992E+000                  6.4215006103401695E+000                  1.5286232121499939E-044                  7.0279999481028244E-001                  3.0334925598171291E-005                  2.8496967026411935E-001                  2.1025988500795504E-003                  6.1630907196949872E-004                  5.7221218635412083E-003                  1.2718648985637696E-003                  2.4871053158459599E-003                  8.2617544934388020E-024                  0.0000000000000000E+000                  0.0000000000000000E+000 
                                     165                  8.4999989899716821E-001                 -1.6313819334332378E-002                  4.3004329247393054E+000                  6.5799958697278171E+000                  2.3879732514987510E-044                  7.0279999481028244E-001                  3.0334925598171291E-005                  2.8496967026411935E-001                  2.1025988500795504E-003                  6.1630907196949872E-004                  5.7221218635412083E-003                  1.2718648985637696E-003                  2.4871053158459599E-003                  8.6065892501273807E-024                  0.0000000000000000E+000                  0.0000000000000000E+000 
                                     166                  8.4999989280462129E-001                 -1.6338461808966566E-002                  4.3035957171287267E+000                  6.3871250165828402E+000                  1.6548485050826146E-044                  7.0279999481028244E-001                  3.0334925598171291E-005                  2.8496967026411935E-001                  2.1025988500795504E-003                  6.1630907196949872E-004                  5.7221218635412083E-003                  1.2718648985637696E-003                  2.4871053158459599E-003                  8.9488818986624786E-024                  0.0000000000000000E+000                  0.0000000000000000E+000 
                                     167                  8.4999988867625664E-001                 -1.6354268235223665E-002                  4.3066461628282591E+000                  6.5472658039408120E+000                  2.5753640835965811E-044                  7.0279999481028244E-001                  3.0334925598171294E-005                  2.8496967026411935E-001                  2.1025988500795504E-003                  6.1630907196949872E-004                  5.7221218635412083E-003                  1.2718648985637696E-003                  2.4871053158459599E-003                  9.2869221714225405E-024                  0.0000000000000000E+000                  0.0000000000000000E+000 
                                     168                  8.4999988248370961E-001                 -1.6377123897382793E-002                  4.3095527763049093E+000                  6.3558991664570632E+000                  1.7785264199058623E-044                  7.0279999481028244E-001                  3.0334925598171294E-005                  2.8496967026411935E-001                  2.1025988500795504E-003                  6.1630907196949872E-004                  5.7221218635412083E-003                  1.2718648985637696E-003                  2.4871053158459599E-003                  9.6226732156095465E-024                  0.0000000000000000E+000                  0.0000000000000000E+000 
                                     169                  8.4999987835534507E-001                 -1.6391835024691433E-002                  4.3123652035300113E+000                  6.5174067837479583E+000                  2.7591243354550289E-044                  7.0279999481028244E-001                  3.0334925598171294E-005                  2.8496967026411935E-001                  2.1025988500795504E-003                  6.1630907196949872E-004                  5.7221218635412083E-003                  1.2718648985637696E-003                  2.4871053158459599E-003                  9.9545850322967860E-024                  0.0000000000000000E+000                  0.0000000000000000E+000 
                                     170                  8.4999987216279804E-001                 -1.6413173903461042E-002                  4.3150562043045957E+000                  6.3272993503034760E+000                  1.8999024411007170E-044                  7.0279999481028244E-001                  3.0334925598171294E-005                  2.8496967026411935E-001                  2.1025988500795504E-003                  6.1630907196949872E-004                  5.7221218635412083E-003                  1.2718648985637696E-003                  2.4871053158459599E-003                  1.0284416284503987E-023                  0.0000000000000000E+000                  0.0000000000000000E+000 
                                     171                  8.4999986803443339E-001                 -1.6426948589834373E-002                  4.3176670594661779E+000                  6.4899602603522126E+000                  2.9395896999367329E-044                  7.0279999481028244E-001                  3.0334925598171294E-005                  2.8496967026411935E-001                  2.1025988500795504E-003                  6.1630907196949872E-004                  5.7221218635412083E-003                  1.2718648985637696E-003                  2.4871053158459599E-003                  1.0610751727699208E-023                  0.0000000000000000E+000                  0.0000000000000000E+000 
                                     172                  8.4999986184188647E-001                 -1.6446982214534465E-002                  4.3206736383159310E+000                  6.4744988242307775E+000                  3.0464041657254339E-044                  7.0279999481028244E-001                  3.0334925598171294E-005                  2.8496967026411935E-001                  2.1025988500795504E-003                  6.1630907196949872E-004                  5.7221218635412083E-003                  1.2718648985637696E-003                  2.4871053158459599E-003                  1.0999341574700287E-023                  0.0000000000000000E+000                  0.0000000000000000E+000 
                                     173                  8.4999985564933944E-001                 -1.6466316039445622E-002                  4.3240422705052861E+000                  6.5822656403277042E+000                  4.2261245448387338E-044                  7.0279999481028244E-001                  3.0334925598171294E-005                  2.8496967026411935E-001                  2.1025988500795504E-003                  6.1630907196949872E-004                  5.7221218635412083E-003                  1.2718648985637696E-003                  2.4871053158459599E-003                  1.1447697130965448E-023                  0.0000000000000000E+000                  0.0000000000000000E+000 
                                     174                  8.4999984739261003E-001                 -1.6491096344842974E-002                  4.3282970575483066E+000                  6.6829950481608185E+000                  5.8858306786168958E-044                  7.0279999481028244E-001                  3.0334925598171298E-005                  2.8496967026411935E-001                  2.1025988500795504E-003                  6.1630907196949872E-004                  5.7221218635412083E-003                  1.2718648985637696E-003                  2.4871053158459599E-003                  1.2036153493467245E-023                  0.0000000000000000E+000                  0.0000000000000000E+000 
                                     175                  8.4999983645109478E-001                 -1.6522347356282829E-002                  4.3322565244664872E+000                  6.5298578171504831E+000                  4.5384245677700725E-044                  7.0279999481028244E-001                  3.0334925598171298E-005                  2.8496967026411935E-001                  2.1025988500795504E-003                  6.1630907196949872E-004                  5.7221218635412083E-003                  1.2718648985637696E-003                  2.4871053158459599E-003                  1.2612386236821906E-023                  0.0000000000000000E+000                  0.0000000000000000E+000 
                                     176                  8.4999982839673671E-001                 -1.6544313481525956E-002                  4.3349354344847963E+000                  6.3402594964984145E+000                  3.1214550597382976E-044                  7.0279999481028244E-001                  3.0334925598171298E-005                  2.8496967026411935E-001                  2.1025988500795504E-003                  6.1630907196949872E-004                  5.7221218635412083E-003                  1.2718648985637696E-003                  2.4871053158459599E-003                  1.3015292670041876E-023                  0.0000000000000000E+000                  0.0000000000000000E+000 
                                     177                  8.4999982302716481E-001                 -1.6558509717706397E-002                  4.3370185226892106E+000                  6.3298423541609994E+000                  3.1974391292214514E-044                  7.0279999481028244E-001                  3.0334925598171301E-005                  2.8496967026411935E-001                  2.1025988500795504E-003                  6.1630907196949872E-004                  5.7221218635412083E-003                  1.2718648985637696E-003                  2.4871053158459599E-003                  1.3334839770918703E-023                  0.0000000000000000E+000                  0.0000000000000000E+000 
                                     178                  8.4999981765759292E-001                 -1.6572369937008394E-002                  4.3400565758497534E+000                  6.6158592744981632E+000                  6.6204269217620526E-044                  7.0279999481028244E-001                  3.0334925598171301E-005                  2.8496967026411935E-001                  2.1025988500795504E-003                  6.1630907196949872E-004                  5.7221218635412083E-003                  1.2718648985637696E-003                  2.4871053158459599E-003                  1.3809282366972042E-023                  0.0000000000000000E+000                  0.0000000000000000E+000 
                                     179                  8.4999980691844901E-001                 -1.6599149737808135E-002                  4.3429487693250097E+000                  6.3003993596322783E+000                  3.4223596962521493E-044                  7.0279999481028244E-001                  3.0334925598171301E-005                  2.8496967026411935E-001                  2.1025988500795504E-003                  6.1630907196949872E-004                  5.7221218635412083E-003                  1.2718648985637696E-003                  2.4871053158459599E-003                  1.4281287761668531E-023                  0.0000000000000000E+000                  0.0000000000000000E+000 
                                     180                  8.4999980154887700E-001                 -1.6612102646191573E-002                  4.3457644145203194E+000                  6.5876485549688120E+000                  7.0660140890964291E-044                  7.0279999481028244E-001                  3.0334925598171301E-005                  2.8496967026411935E-001                  2.1025988500795504E-003                  6.1630907196949872E-004                  5.7221218635412083E-003                  1.2718648985637696E-003                  2.4871053158459599E-003                  1.4747181728989774E-023                  0.0000000000000000E+000                  0.0000000000000000E+000 
                                     181                  8.4999979080973320E-001                 -1.6637200438114477E-002                  4.3484557914817827E+000                  6.2733317421880415E+000                  3.6430790086063268E-044                  7.0279999481028244E-001                  3.0334925598171308E-005                  2.8496967026411935E-001                  2.1025988500795504E-003                  6.1630907196949872E-004                  5.7221218635412083E-003                  1.2718648985637696E-003                  2.4871053158459599E-003                  1.5210844101123488E-023                  0.0000000000000000E+000                  0.0000000000000000E+000 
                                     182                  8.4999978544016119E-001                 -1.6649371748458659E-002                  4.3502079805573546E+000                  6.2647737872287248E+000                  3.7157856258900598E-044                  7.0279999481028244E-001                  3.0334925598171305E-005                  2.8496967026411935E-001                  2.1025988500795504E-003                  6.1630907196949872E-004                  5.7221218635412083E-003                  1.2718648985637696E-003                  2.4871053158459599E-003                  1.5517213390514357E-023                  0.0000000000000000E+000                  0.0000000000000000E+000 
                                     183                  8.4999978007058929E-001                 -1.6661305896859439E-002                  4.3527762707258466E+000                  6.5533858688716258E+000                  7.6477501348353176E-044                  7.0279999481028244E-001                  3.0334925598171305E-005                  2.8496967026411935E-001                  2.1025988500795504E-003                  6.1630907196949872E-004                  5.7221218635412083E-003                  1.2718648985637696E-003                  2.4871053158459599E-003                  1.5972827468328667E-023                  0.0000000000000000E+000                  0.0000000000000000E+000 
                                     184                  8.4999976933144539E-001                 -1.6684502323123799E-002                  4.3560611628912351E+000                  6.5374876490344747E+000                  7.9337309860556954E-044                  7.0279999481028244E-001                  3.0334925598171308E-005                  2.8496967026411935E-001                  2.1025988500795504E-003                  6.1630907196949872E-004                  5.7221218635412083E-003                  1.2718648985637696E-003                  2.4871053158459599E-003                  1.6575825450140516E-023                  0.0000000000000000E+000                  0.0000000000000000E+000 
                                     185                  8.4999975859230137E-001                 -1.6706866125258537E-002                  4.3590779610371868E+000                  6.4831958571664421E+000                  7.4866421268969678E-044                  7.0279999481028244E-001                  3.0334925598171308E-005                  2.8496967026411935E-001                  2.1025988500795504E-003                  6.1630907196949872E-004                  5.7221218635412083E-003                  1.2718648985637696E-003                  2.4871053158459599E-003                  1.7146912655751667E-023                  0.0000000000000000E+000                  0.0000000000000000E+000 
                                     186                  8.4999974879272022E-001                 -1.6726602841605806E-002                  4.3623490501346867E+000                  6.5999226252800192E+000                  1.0525497030243615E-043                  7.0279999481028244E-001                  3.0334925598171308E-005                  2.8496967026411935E-001                  2.1025988500795504E-003                  6.1630907196949872E-004                  5.7221218635412083E-003                  1.2718648985637696E-003                  2.4871053158459599E-003                  1.7781761674228023E-023                  0.0000000000000000E+000                  0.0000000000000000E+000 
                                     187                  8.4999973550269226E-001                 -1.6752426897201987E-002                  4.3653503153550206E+000                  6.4094993286910578E+000                  7.2531368862098338E-044                  7.0279999481028244E-001                  3.0334925598171311E-005                  2.8496967026411935E-001                  2.1025988500795504E-003                  6.1630907196949872E-004                  5.7221218635412083E-003                  1.2718648985637696E-003                  2.4871053158459599E-003                  1.8386160906052881E-023                  0.0000000000000000E+000                  0.0000000000000000E+000 
                                     188                  8.4999972664267365E-001                 -1.6769084879356518E-002                  4.3676805492251978E+000                  6.3984762685331260E+000                  7.4401524290535334E-044                  7.0279999481028244E-001                  3.0334925598171315E-005                  2.8496967026411935E-001                  2.1025988500795504E-003                  6.1630907196949872E-004                  5.7221218635412083E-003                  1.2718648985637696E-003                  2.4871053158459599E-003                  1.8865033179182269E-023                  0.0000000000000000E+000                  0.0000000000000000E+000 
                                     189                  8.4999971778265515E-001                 -1.6785325992126676E-002                  4.3696822379892710E+000                  6.2736702521582153E+000                  5.8303943664549171E-044                  7.0279999481028244E-001                  3.0334925598171315E-005                  2.8496967026411935E-001                  2.1025988500795504E-003                  6.1630907196949872E-004                  5.7221218635412083E-003                  1.2718648985637696E-003                  2.4871053158459599E-003                  1.9285400723028997E-023                  0.0000000000000000E+000                  0.0000000000000000E+000 
                                     190                  8.4999971098943861E-001                 -1.6797510948499138E-002                  4.3722307652113139E+000                  6.5628180557116345E+000                  1.1985220182881909E-043                  7.0279999481028244E-001                  3.0334925598171315E-005                  2.8496967026411935E-001                  2.1025988500795504E-003                  6.1630907196949872E-004                  5.7221218635412083E-003                  1.2718648985637696E-003                  2.4871053158459599E-003                  1.9827534189478855E-023                  0.0000000000000000E+000                  0.0000000000000000E+000 
                                     191                  8.4999969740300552E-001                 -1.6821224124852725E-002                  4.3754967833107354E+000                  6.5475849269546105E+000                  1.2414400613068316E-043                  7.0279999481028244E-001                  3.0334925598171315E-005                  2.8496967026411935E-001                  2.1025988500795504E-003                  6.1630907196949872E-004                  5.7221218635412083E-003                  1.2718648985637696E-003                  2.4871053158459599E-003                  2.0545047159748145E-023                  0.0000000000000000E+000                  0.0000000000000000E+000 
                                     192                  8.4999968381657220E-001                 -1.6844121194623810E-002                  4.3786386444639653E+000                  6.5330230512027558E+000                  1.2839043551258133E-043                  7.0279999481028244E-001                  3.0334925598171315E-005                  2.8496967026411935E-001                  2.1025988500795504E-003                  6.1630907196949872E-004                  5.7221218635412083E-003                  1.2718648985637696E-003                  2.4871053158459599E-003                  2.1255350466823827E-023                  0.0000000000000000E+000                  0.0000000000000000E+000 
                                     193                  8.4999967023013923E-001                 -1.6866264403252475E-002                  4.3809112765283142E+000                  6.2214623652275440E+000                  6.5775826977708049E-044                  7.0279999481028244E-001                  3.0334925598171318E-005                  2.8496967026411935E-001                  2.1025988500795504E-003                  6.1630907196949872E-004                  5.7221218635412083E-003                  1.2718648985637696E-003                  2.4871053158459599E-003                  2.1784368890709379E-023                  0.0000000000000000E+000                  0.0000000000000000E+000 
                                     194                  8.4999966343692257E-001                 -1.6877071184013478E-002                  4.3826764472574649E+000                  6.3517216482172900E+000                  9.2156836141694934E-044                  7.0279999481028244E-001                  3.0334925598171318E-005                  2.8496967026411935E-001                  2.1025988500795504E-003                  6.1630907196949872E-004                  5.7221218635412083E-003                  1.2718648985637696E-003                  2.4871053158459599E-003                  2.2199663796067007E-023                  0.0000000000000000E+000                  0.0000000000000000E+000 
                                     195                  8.4999965409528477E-001                 -1.6891658262538928E-002                  4.3856670208053279E+000                  6.6391782035236924E+000                  1.9018394731036744E-043                  7.0279999481028244E-001                  3.0334925598171318E-005                  2.8496967026411935E-001                  2.1025988500795504E-003                  6.1630907196949872E-004                  5.7221218635412083E-003                  1.2718648985637696E-003                  2.4871053158459599E-003                  2.2914569771524112E-023                  0.0000000000000000E+000                  0.0000000000000000E+000 
                                     196                  8.4999963541200918E-001                 -1.6919936107469481E-002                  4.3894788894242103E+000                  6.6218764060708395E+000                  1.9793887950974190E-043                  7.0279999481028244E-001                  3.0334925598171322E-005                  2.8496967026411935E-001                  2.1025988500795504E-003                  6.1630907196949872E-004                  5.7221218635412083E-003                  1.2718648985637696E-003                  2.4871053158459599E-003                  2.3859544386602237E-023                  0.0000000000000000E+000                  0.0000000000000000E+000 
                                     197                  8.4999961672873359E-001                 -1.6947111275470036E-002                  4.3931274442692301E+000                  6.6054414228094744E+000                  2.0559825942307180E-043                  7.0279999481028244E-001                  3.0334925598171325E-005                  2.8496967026411935E-001                  2.1025988500795504E-003                  6.1630907196949872E-004                  5.7221218635412083E-003                  1.2718648985637696E-003                  2.4871053158459599E-003                  2.4793475781676008E-023                  0.0000000000000000E+000                  0.0000000000000000E+000 
                                     198                  8.4999959804545810E-001                 -1.6973278877473810E-002                  4.3962029606487860E+000                  6.4705616835387971E+000                  1.6061215997209357E-043                  7.0279999481028244E-001                  3.0334925598171325E-005                  2.8496967026411935E-001                  2.1025988500795504E-003                  6.1630907196949872E-004                  5.7221218635412083E-003                  1.2718648985637696E-003                  2.4871053158459599E-003                  2.5605839149232863E-023                  0.0000000000000000E+000                  0.0000000000000000E+000 
                                     199                  8.4999958390804420E-001                 -1.6992461450562608E-002                  4.3987950836071192E+000                  6.4666464994601300E+000                  1.6786190609187010E-043                  7.0279999481028244E-001                  3.0334925598171325E-005                  2.8496967026411935E-001                  2.1025988500795504E-003                  6.1630907196949872E-004                  5.7221218635412083E-003                  1.2718648985637696E-003                  2.4871053158459599E-003                  2.6304964574884487E-023                  0.0000000000000000E+000                  0.0000000000000000E+000 
                                     200                  8.4999956952071609E-001                 -1.7011472705007680E-002                  4.4013335827218434E+000                  6.4554177458663800E+000                  1.7227348600445716E-043                  7.0279999481028244E-001                  3.0334925598171328E-005                  2.8496967026411935E-001                  2.1025988500795504E-003                  6.1630907196949872E-004                  5.7221218635412083E-003                  1.2718648985637696E-003                  2.4871053158459599E-003                  2.7004574838236720E-023                  0.0000000000000000E+000                  0.0000000000000000E+000 
                                     201                  8.4999955513338810E-001                 -1.7029999521074708E-002                  4.4039299552737896E+000                  6.4875056342665252E+000                  1.9551163725540401E-043                  7.0279999481028244E-001                  3.0334925598171328E-005                  2.8496967026411935E-001                  2.1025988500795504E-003                  6.1630907196949872E-004                  5.7221218635412083E-003                  1.2718648985637696E-003                  2.4871053158459599E-003                  2.7734921807621532E-023                  0.0000000000000000E+000                  0.0000000000000000E+000 
                                     202                  8.4999953923028271E-001                 -1.7049947914088235E-002                  4.4080161153580120E+000                  6.7910648633800621E+000                  4.2674790803254287E-043                  7.0279999481028244E-001                  3.0334925598171328E-005                  2.8496967026411935E-001                  2.1025988500795504E-003                  6.1630907196949872E-004                  5.7221218635412083E-003                  1.2718648985637696E-003                  2.4871053158459599E-003                  2.8906323475668936E-023                  0.0000000000000000E+000                  0.0000000000000000E+000 
                                     203                  8.4999950590829454E-001                 -1.7090080503818075E-002                  4.4123664568563541E+000                  6.5960241246270286E+000                  2.9723186706643518E-043                  7.0279999481028244E-001                  3.0334925598171328E-005                  2.8496967026411935E-001                  2.1025988500795504E-003                  6.1630907196949872E-004                  5.7221218635412083E-003                  1.2718648985637696E-003                  2.4871053158459599E-003                  3.0216507586289182E-023                  0.0000000000000000E+000                  0.0000000000000000E+000 
                                     204                  8.4999948369363576E-001                 -1.7115695206565775E-002                  4.4166664476160502E+000                  6.7742813194842881E+000                  4.8764381341452155E-043                  7.0279999481028244E-001                  3.0334925598171332E-005                  2.8496967026411935E-001                  2.1025988500795504E-003                  6.1630907196949872E-004                  5.7221218635412083E-003                  1.2718648985637696E-003                  2.4871053158459599E-003                  3.1541677937080541E-023                  0.0000000000000000E+000                  0.0000000000000000E+000 
                                     205                  8.4999944876032052E-001                 -1.7154312215354472E-002                  4.4209667086075939E+000                  6.6181464857799339E+000                  3.7048104054787103E-043                  7.0279999481028244E-001                  3.0334925598171335E-005                  2.8496967026411935E-001                  2.1025988500795504E-003                  6.1630907196949872E-004                  5.7221218635412083E-003                  1.2718648985637696E-003                  2.4871053158459599E-003                  3.2927215430068618E-023                  0.0000000000000000E+000                  0.0000000000000000E+000 
                                     206                  8.4999942332300749E-001                 -1.7181269527317067E-002                  4.4242915650807397E+000                  6.5627157576711621E+000                  3.4790403097961737E-043                  7.0279999481028244E-001                  3.0334925598171338E-005                  2.8496967026411935E-001                  2.1025988500795504E-003                  6.1630907196949872E-004                  5.7221218635412083E-003                  1.2718648985637696E-003                  2.4871053158459599E-003                  3.4027330889825323E-023                  0.0000000000000000E+000                  0.0000000000000000E+000 
                                     207                  8.4999940019824594E-001                 -1.7204998077269208E-002                  4.4271993523650579E+000                  6.5047637579195019E+000                  3.2206077325158707E-043                  7.0279999481028244E-001                  3.0334925598171335E-005                  2.8496967026411935E-001                  2.1025988500795504E-003                  6.1630907196949872E-004                  5.7221218635412083E-003                  1.2718648985637696E-003                  2.4871053158459599E-003                  3.5012951269809863E-023                  0.0000000000000000E+000                  0.0000000000000000E+000 
                                     208                  8.4999937938603587E-001                 -1.7225763532033922E-002                  4.4302254311741454E+000                  6.5939082881785058E+000                  4.1905016651505280E-043                  7.0279999481028244E-001                  3.0334925598171338E-005                  2.8496967026411935E-001                  2.1025988500795504E-003                  6.1630907196949872E-004                  5.7221218635412083E-003                  1.2718648985637696E-003                  2.4871053158459599E-003                  3.6059060790259869E-023                  0.0000000000000000E+000                  0.0000000000000000E+000 
                                     209                  8.4999935308145236E-001                 -1.7251261707692523E-002                  4.4328437095398465E+000                  6.3643574170798471E+000                  2.5972017165308799E-043                  7.0279999481028244E-001                  3.0334925598171338E-005                  2.8496967026411935E-001                  2.1025988500795504E-003                  6.1630907196949872E-004                  5.7221218635412083E-003                  1.2718648985637696E-003                  2.4871053158459599E-003                  3.6989594628327533E-023                  0.0000000000000000E+000                  0.0000000000000000E+000 
                                     210                  8.4999933718297394E-001                 -1.7266292383303544E-002                  4.4357361704704132E+000                  6.6535619839440781E+000                  5.3383296826979347E-043                  7.0279999481028244E-001                  3.0334925598171342E-005                  2.8496967026411935E-001                  2.1025988500795504E-003                  6.1630907196949872E-004                  5.7221218635412083E-003                  1.2718648985637696E-003                  2.4871053158459599E-003                  3.8028922320248328E-023                  0.0000000000000000E+000                  0.0000000000000000E+000 
                                     211                  8.4999930538601742E-001                 -1.7295547727486513E-002                  4.4407913325574793E+000                  6.8713014115288402E+000                  9.6854519101743700E-043                  7.0279999481028244E-001                  3.0334925598171345E-005                  2.8496967026411935E-001                  2.1025988500795504E-003                  6.1630907196949872E-004                  5.7221218635412083E-003                  1.2718648985637696E-003                  2.4871053158459599E-003                  3.9896082518243643E-023                  0.0000000000000000E+000                  0.0000000000000000E+000 
                                     212                  8.4999925035928303E-001                 -1.7343851763446869E-002                  4.4453073545592146E+000                  6.5518799309429392E+000                  5.0530411651130068E-043                  7.0279999481028244E-001                  3.0334925598171349E-005                  2.8496967026411935E-001                  2.1025988500795504E-003                  6.1630907196949872E-004                  5.7221218635412083E-003                  1.2718648985637696E-003                  2.4871053158459599E-003                  4.1654270867414222E-023                  0.0000000000000000E+000                  0.0000000000000000E+000 
                                     213                  8.4999922284591589E-001                 -1.7367004251396954E-002                  4.4482213107642501E+000                  6.5402169400429573E+000                  5.1911253970296065E-043                  7.0279999481028244E-001                  3.0334925598171345E-005                  2.8496967026411935E-001                  2.1025988500795504E-003                  6.1630907196949872E-004                  5.7221218635412083E-003                  1.2718648985637696E-003                  2.4871053158459599E-003                  4.2809475280547096E-023                  0.0000000000000000E+000                  0.0000000000000000E+000 
                                     214                  8.4999919533254875E-001                 -1.7389544438787409E-002                  4.4516857470983773E+000                  6.6883460083171160E+000                  7.7782702017659672E-043                  7.0279999481028244E-001                  3.0334925598171349E-005                  2.8496967026411935E-001                  2.1025988500795504E-003                  6.1630907196949872E-004                  5.7221218635412083E-003                  1.2718648985637696E-003                  2.4871053158459599E-003                  4.4209744646446974E-023                  0.0000000000000000E+000                  0.0000000000000000E+000 
                                     215                  8.4999915539403414E-001                 -1.7421248413475247E-002                  4.4556245123192166E+000                  6.6728144976562094E+000                  8.0626319031803497E-043                  7.0279999481028244E-001                  3.0334925598171352E-005                  2.8496967026411935E-001                  2.1025988500795504E-003                  6.1630907196949872E-004                  5.7221218635412083E-003                  1.2718648985637696E-003                  2.4871053158459599E-003                  4.5850845422884185E-023                  0.0000000000000000E+000                  0.0000000000000000E+000 
                                     216                  8.4999911545551954E-001                 -1.7451840799458797E-002                  4.4594682556537677E+000                  6.6708857446586247E+000                  8.6031300354948326E-043                  7.0279999481028244E-001                  3.0334925598171352E-005                  2.8496967026411935E-001                  2.1025988500795504E-003                  6.1630907196949872E-004                  5.7221218635412083E-003                  1.2718648985637696E-003                  2.4871053158459599E-003                  4.7496731952570292E-023                  0.0000000000000000E+000                  0.0000000000000000E+000 
                                     217                  8.4999907429443278E-001                 -1.7482299763121472E-002                  4.4639074795906915E+000                  6.7896859237175677E+000                  1.2240415009160857E-042                  7.0279999481028244E-001                  3.0334925598171355E-005                  2.8496967026411935E-001                  2.1025988500795504E-003                  6.1630907196949872E-004                  5.7221218635412083E-003                  1.2718648985637696E-003                  2.4871053158459599E-003                  4.9446729942054860E-023                  0.0000000000000000E+000                  0.0000000000000000E+000 
                                     218                  8.4999901800569644E-001                 -1.7522344971129509E-002                  4.4676637977385898E+000                  6.5055456914462475E+000                  6.8038877431694991E-043                  7.0279999481028244E-001                  3.0334925598171355E-005                  2.8496967026411935E-001                  2.1025988500795504E-003                  6.1630907196949872E-004                  5.7221218635412083E-003                  1.2718648985637696E-003                  2.4871053158459599E-003                  5.1162341752615272E-023                  0.0000000000000000E+000                  0.0000000000000000E+000 
                                     219                  8.4999898775039739E-001                 -1.7543163054976052E-002                  4.4705008491992348E+000                  6.5813806628482334E+000                  8.5160286718786892E-043                  7.0279999481028244E-001                  3.0334925598171359E-005                  2.8496967026411935E-001                  2.1025988500795504E-003                  6.1630907196949872E-004                  5.7221218635412083E-003                  1.2718648985637696E-003                  2.4871053158459599E-003                  5.2477181880216458E-023                  0.0000000000000000E+000                  0.0000000000000000E+000 
                                     220                  8.4999895081556631E-001                 -1.7567954310942848E-002                  4.4737995077925774E+000                  6.6410991422482253E+000                  1.0350437610433224E-042                  7.0279999481028244E-001                  3.0334925598171359E-005                  2.8496967026411935E-001                  2.1025988500795504E-003                  6.1630907196949872E-004                  5.7221218635412083E-003                  1.2718648985637696E-003                  2.4871053158459599E-003                  5.4038482629659860E-023                  0.0000000000000000E+000                  0.0000000000000000E+000 
                                     221                  8.4999890720120297E-001                 -1.7596401779636721E-002                  4.4778985466515699E+000                  6.7647428401036755E+000                  1.4769415426897307E-042                  7.0279999481028244E-001                  3.0334925598171362E-005                  2.8496967026411935E-001                  2.1025988500795504E-003                  6.1630907196949872E-004                  5.7221218635412083E-003                  1.2718648985637696E-003                  2.4871053158459599E-003                  5.6023739540485537E-023                  0.0000000000000000E+000                  0.0000000000000000E+000 
                                     222                  8.4999884713633167E-001                 -1.7634221686904244E-002                  4.4822329294338923E+000                  6.7069518835089399E+000                  1.3930385534587490E-042                  7.0279999481028244E-001                  3.0334925598171366E-005                  2.8496967026411935E-001                  2.1025988500795504E-003                  6.1630907196949872E-004                  5.7221218635412083E-003                  1.2718648985637696E-003                  2.4871053158459599E-003                  5.8193767763387777E-023                  0.0000000000000000E+000                  0.0000000000000000E+000 
                                     223                  8.4999879256186239E-001                 -1.7667332128138220E-002                  4.4867247854393568E+000                  6.7930104239265141E+000                  1.8329024853718153E-042                  7.0279999481028244E-001                  3.0334925598171369E-005                  2.8496967026411935E-001                  2.1025988500795504E-003                  6.1630907196949872E-004                  5.7221218635412083E-003                  1.2718648985637696E-003                  2.4871053158459599E-003                  6.0500185601124967E-023                  0.0000000000000000E+000                  0.0000000000000000E+000 
                                     224                  8.4999872344720451E-001                 -1.7707702267525046E-002                  4.4905217472067855E+000                  6.5450946762373228E+000                  1.1046000466316661E-042                  7.0279999481028244E-001                  3.0334925598171372E-005                  2.8496967026411935E-001                  2.1025988500795504E-003                  6.1630907196949872E-004                  5.7221218635412083E-003                  1.2718648985637696E-003                  2.4871053158459599E-003                  6.2520655038640151E-023                  0.0000000000000000E+000                  0.0000000000000000E+000 
                                     225                  8.4999868311856741E-001                 -1.7730514936188629E-002                  4.4941361720039534E+000                  6.7517679891023130E+000                  1.8881332586846266E-042                  7.0279999481028244E-001                  3.0334925598171372E-005                  2.8496967026411935E-001                  2.1025988500795504E-003                  6.1630907196949872E-004                  5.7221218635412083E-003                  1.2718648985637696E-003                  2.4871053158459599E-003                  6.4470688618161327E-023                  0.0000000000000000E+000                  0.0000000000000000E+000 
                                     226                  8.4999861623272044E-001                 -1.7767232949154371E-002                  4.4978143212332693E+000                  6.5826637792961629E+000                  1.3600787902323195E-042                  7.0279999481028244E-001                  3.0334925598171376E-005                  2.8496967026411935E-001                  2.1025988500795504E-003                  6.1630907196949872E-004                  5.7221218635412083E-003                  1.2718648985637696E-003                  2.4871053158459599E-003                  6.6519727949927514E-023                  0.0000000000000000E+000                  0.0000000000000000E+000 
                                     227                  8.4999856951119224E-001                 -1.7792110393243202E-002                  4.5012796882080508E+000                  6.7038178078596040E+000                  1.9031164785906570E-042                  7.0279999481028244E-001                  3.0334925598171376E-005                  2.8496967026411935E-001                  2.1025988500795504E-003                  6.1630907196949872E-004                  5.7221218635412083E-003                  1.2718648985637696E-003                  2.4871053158459599E-003                  6.8482347074951408E-023                  0.0000000000000000E+000                  0.0000000000000000E+000 
                                     228                  8.4999850597578408E-001                 -1.7824994698291449E-002                  4.5051680996682020E+000                  6.6984305002306774E+000                  2.0031211184242585E-042                  7.0279999481028244E-001                  3.0334925598171379E-005                  2.8496967026411935E-001                  2.1025988500795504E-003                  6.1630907196949872E-004                  5.7221218635412083E-003                  1.2718648985637696E-003                  2.4871053158459599E-003                  7.0742662546456695E-023                  0.0000000000000000E+000                  0.0000000000000000E+000 
                                     229                  8.4999844120033874E-001                 -1.7857476046213579E-002                  4.5090978542706486E+000                  6.7163870638127667E+000                  2.2250682841557254E-042                  7.0279999481028244E-001                  3.0334925598171382E-005                  2.8496967026411935E-001                  2.1025988500795504E-003                  6.1630907196949872E-004                  5.7221218635412083E-003                  1.2718648985637696E-003                  2.4871053158459599E-003                  7.3082629279029674E-023                  0.0000000000000000E+000                  0.0000000000000000E+000 
                                     230                  8.4999837150983748E-001                 -1.7891331120823088E-002                  4.5137052682901215E+000                  6.8305701190525294E+000                  3.1160317531438108E-042                  7.0279999481028244E-001                  3.0334925598171382E-005                  2.8496967026411935E-001                  2.1025988500795504E-003                  6.1630907196949872E-004                  5.7221218635412083E-003                  1.2718648985637696E-003                  2.4871053158459599E-003                  7.5892138553244685E-023                  0.0000000000000000E+000                  0.0000000000000000E+000 
                                     231                  8.4999827746056644E-001                 -1.7935370965424257E-002                  4.5191044644207388E+000                  6.8686153193843937E+000                  3.7061009579954170E-042                  7.0279999481028244E-001                  3.0334925598171389E-005                  2.8496967026411935E-001                  2.1025988500795504E-003                  6.1630907196949872E-004                  5.7221218635412083E-003                  1.2718648985637696E-003                  2.4871053158459599E-003                  7.9293959877125159E-023                  0.0000000000000000E+000                  0.0000000000000000E+000 
                                     232                  8.4999817031118663E-001                 -1.7983447929628481E-002                  4.5231934744739872E+000                  6.5483467977288194E+000                  1.8916936198598458E-042                  7.0279999481028244E-001                  3.0334925598171393E-005                  2.8496967026411935E-001                  2.1025988500795504E-003                  6.1630907196949872E-004                  5.7221218635412083E-003                  1.2718648985637696E-003                  2.4871053158459599E-003                  8.1970123930906029E-023                  0.0000000000000000E+000                  0.0000000000000000E+000 
                                     233                  8.4999811737085729E-001                 -1.8006446670123067E-002                  4.5265429998086697E+000                  6.7257225104497467E+000                  2.9984949094270443E-042                  7.0279999481028244E-001                  3.0334925598171393E-005                  2.8496967026411935E-001                  2.1025988500795504E-003                  6.1630907196949872E-004                  5.7221218635412083E-003                  1.2718648985637696E-003                  2.4871053158459599E-003                  8.4187989087120344E-023                  0.0000000000000000E+000                  0.0000000000000000E+000 
                                     234                  8.4999803562383291E-001                 -1.8041049256883341E-002                  4.5294898101172132E+000                  6.4147197161786433E+000                  1.5342552981705190E-042                  7.0279999481028244E-001                  3.0334925598171396E-005                  2.8496967026411935E-001                  2.1025988500795504E-003                  6.1630907196949872E-004                  5.7221218635412083E-003                  1.2718648985637696E-003                  2.4871053158459599E-003                  8.6194038878824706E-023                  0.0000000000000000E+000                  0.0000000000000000E+000 
                                     235                  8.4999799475032067E-001                 -1.8057958786554536E-002                  4.5320140267240570E+000                  6.6158057275019688E+000                  2.5344282860274370E-042                  7.0279999481028244E-001                  3.0334925598171399E-005                  2.8496967026411935E-001                  2.1025988500795504E-003                  6.1630907196949872E-004                  5.7221218635412083E-003                  1.2718648985637696E-003                  2.4871053158459599E-003                  8.7926612469451833E-023                  0.0000000000000000E+000                  0.0000000000000000E+000 
                                     236                  8.4999792853564404E-001                 -1.8084827039504300E-002                  4.5360663307710203E+000                  6.8252254842046023E+000                  4.3670735921647408E-042                  7.0279999481028244E-001                  3.0334925598171399E-005                  2.8496967026411935E-001                  2.1025988500795504E-003                  6.1630907196949872E-004                  5.7221218635412083E-003                  1.2718648985637696E-003                  2.4871053158459599E-003                  9.0756878492924631E-023                  0.0000000000000000E+000                  0.0000000000000000E+000 
                                     237                  8.4999781792824036E-001                 -1.8128347589912032E-002                  4.5404217452523543E+000                  6.7100185410074760E+000                  3.5798301768449366E-042                  7.0279999481028244E-001                  3.0334925598171406E-005                  2.8496967026411935E-001                  2.1025988500795504E-003                  6.1630907196949872E-004                  5.7221218635412083E-003                  1.2718648985637696E-003                  2.4871053158459599E-003                  9.3899044579883808E-023                  0.0000000000000000E+000                  0.0000000000000000E+000 
                                     238                  8.4999773023255387E-001                 -1.8161730630306197E-002                  4.5441708983889644E+000                  6.7038361551629331E+000                  3.7347954456321646E-042                  7.0279999481028244E-001                  3.0334925598171406E-005                  2.8496967026411935E-001                  2.1025988500795504E-003                  6.1630907196949872E-004                  5.7221218635412083E-003                  1.2718648985637696E-003                  2.4871053158459599E-003                  9.6660721488803789E-023                  0.0000000000000000E+000                  0.0000000000000000E+000 
                                     239                  8.4999764130095756E-001                 -1.8194644326072918E-002                  4.5484456762924905E+000                  6.8175738275285260E+000                  5.1728419896121256E-042                  7.0279999481028244E-001                  3.0334925598171410E-005                  2.8496967026411935E-001                  2.1025988500795504E-003                  6.1630907196949872E-004                  5.7221218635412083E-003                  1.2718648985637696E-003                  2.4871053158459599E-003                  9.9873482956807477E-023                  0.0000000000000000E+000                  0.0000000000000000E+000 
                                     240                  8.4999752200704615E-001                 -1.8237415597981373E-002                  4.5535926527716049E+000                  6.8770624207377535E+000                  6.4019979757328025E-042                  7.0279999481028244E-001                  3.0334925598171413E-005                  2.8496967026411935E-001                  2.1025988500795504E-003                  6.1630907196949872E-004                  5.7221218635412083E-003                  1.2718648985637696E-003                  2.4871053158459599E-003                  1.0385058045961545E-022                  0.0000000000000000E+000                  0.0000000000000000E+000 
                                     241                  8.4999737990189461E-001                 -1.8286470981085490E-002                  4.5591940166893616E+000                  6.9001053354657111E+000                  7.3287099906094405E-042                  7.0279999481028244E-001                  3.0334925598171420E-005                  2.8496967026411935E-001                  2.1025988500795504E-003                  6.1630907196949872E-004                  5.7221218635412083E-003                  1.2718648985637696E-003                  2.4871053158459599E-003                  1.0831618655037905E-022                  0.0000000000000000E+000                  0.0000000000000000E+000 
                                     242                  8.4999722378967946E-001                 -1.8338205448357913E-002                  4.5641510408567392E+000                  6.7731377400416450E+000                  5.8807170196392937E-042                  7.0279999481028244E-001                  3.0334925598171420E-005                  2.8496967026411935E-001                  2.1025988500795504E-003                  6.1630907196949872E-004                  5.7221218635412083E-003                  1.2718648985637696E-003                  2.4871053158459599E-003                  1.1240390352483072E-022                  0.0000000000000000E+000                  0.0000000000000000E+000 
                                     243                  8.4999710297789999E-001                 -1.8376829476540232E-002                  4.5691005802184081E+000                  6.8966743024797355E+000                  8.3901907302465300E-042                  7.0279999481028244E-001                  3.0334925598171423E-005                  2.8496967026411935E-001                  2.1025988500795504E-003                  6.1630907196949872E-004                  5.7221218635412083E-003                  1.2718648985637696E-003                  2.4871053158459599E-003                  1.1656977687013130E-022                  0.0000000000000000E+000                  0.0000000000000000E+000 
                                     244                  8.4999693663534859E-001                 -1.8428167495810516E-002                  4.5732487825281121E+000                  6.5941341670349853E+000                  4.4368561958813938E-042                  7.0279999481028244E-001                  3.0334925598171427E-005                  2.8496967026411935E-001                  2.1025988500795504E-003                  6.1630907196949872E-004                  5.7221218635412083E-003                  1.2718648985637696E-003                  2.4871053158459599E-003                  1.2018503368936642E-022                  0.0000000000000000E+000                  0.0000000000000000E+000 
                                     245                  8.4999685125722824E-001                 -1.8453749668926083E-002                  4.5767259694430349E+000                  6.7698253236111858E+000                  6.9831700275793077E-042                  7.0279999481028244E-001                  3.0334925598171430E-005                  2.8496967026411935E-001                  2.1025988500795504E-003                  6.1630907196949872E-004                  5.7221218635412083E-003                  1.2718648985637696E-003                  2.4871053158459599E-003                  1.2324776748963782E-022                  0.0000000000000000E+000                  0.0000000000000000E+000 
                                     246                  8.4999672014329741E-001                 -1.8492090414283034E-002                  4.5808460399018669E+000                  6.7674586914153663E+000                  7.3586468149670671E-042                  7.0279999481028244E-001                  3.0334925598171433E-005                  2.8496967026411935E-001                  2.1025988500795504E-003                  6.1630907196949872E-004                  5.7221218635412083E-003                  1.2718648985637696E-003                  2.4871053158459599E-003                  1.2696272921284563E-022                  0.0000000000000000E+000                  0.0000000000000000E+000 
                                     247                  8.4999658592863758E-001                 -1.8530226152481632E-002                  4.5849224904101256E+000                  6.7652665337584965E+000                  7.7490075750145489E-042                  7.0279999481028244E-001                  3.0334925598171437E-005                  2.8496967026411935E-001                  2.1025988500795504E-003                  6.1630907196949872E-004                  5.7221218635412083E-003                  1.2718648985637696E-003                  2.4871053158459599E-003                  1.3071807960949437E-022                  0.0000000000000000E+000                  0.0000000000000000E+000 
                                     248                  8.4999644855927015E-001                 -1.8568173204378473E-002                  4.5896667038543901E+000                  6.8913055027639762E+000                  1.1056415805397232E-041                  7.0279999481028244E-001                  3.0334925598171443E-005                  2.8496967026411935E-001                  2.1025988500795504E-003                  6.1630907196949872E-004                  5.7221218635412083E-003                  1.2718648985637696E-003                  2.4871053158459599E-003                  1.3517484436958894E-022                  0.0000000000000000E+000                  0.0000000000000000E+000 
                                     249                  8.4999625886719676E-001                 -1.8618902793925831E-002                  4.5950312520999343E+000                  6.8906690373423141E+000                  1.1879166500477727E-041                  7.0279999481028244E-001                  3.0334925598171447E-005                  2.8496967026411935E-001                  2.1025988500795504E-003                  6.1630907196949872E-004                  5.7221218635412083E-003                  1.2718648985637696E-003                  2.4871053158459599E-003                  1.4036256924028885E-022                  0.0000000000000000E+000                  0.0000000000000000E+000 
                                     250                  8.4999606241085224E-001                 -1.8669564006271164E-002                  4.6003522920170674E+000                  6.8903257680370871E+000                  1.2754307852562828E-041                  7.0279999481028244E-001                  3.0334925598171450E-005                  2.8496967026411935E-001                  2.1025988500795504E-003                  6.1630907196949872E-004                  5.7221218635412083E-003                  1.2718648985637696E-003                  2.4871053158459599E-003                  1.4564946416856991E-022                  0.0000000000000000E+000                  0.0000000000000000E+000 
                                     251                  8.4999585895075735E-001                 -1.8720191094876982E-002                  4.6042965236397118E+000                  6.5930123748640188E+000                  6.7827437702727543E-042                  7.0279999481028244E-001                  3.0334925598171454E-005                  2.8496967026411935E-001                  2.1025988500795504E-003                  6.1630907196949872E-004                  5.7221218635412083E-003                  1.2718648985637696E-003                  2.4871053158459599E-003                  1.4968477085373986E-022                  0.0000000000000000E+000                  0.0000000000000000E+000 
                                     252                  8.4999575359489099E-001                 -1.8745724435594448E-002                  4.6069276355988524E+000                  6.5854393812979506E+000                  6.9028594617729599E-042                  7.0279999481028244E-001                  3.0334925598171457E-005                  2.8496967026411935E-001                  2.1025988500795504E-003                  6.1630907196949872E-004                  5.7221218635412083E-003                  1.2718648985637696E-003                  2.4871053158459599E-003                  1.5240552982450039E-022                  0.0000000000000000E+000                  0.0000000000000000E+000 
                                     253                  8.4999564823902451E-001                 -1.8770817861642735E-002                  4.6108793436481292E+000                  6.8904438538624424E+000                  1.4674786656207641E-041                  7.0279999481028244E-001                  3.0334925598171460E-005                  2.8496967026411935E-001                  2.1025988500795504E-003                  6.1630907196949872E-004                  5.7221218635412083E-003                  1.2718648985637696E-003                  2.4871053158459599E-003                  1.5653323944215182E-022                  0.0000000000000000E+000                  0.0000000000000000E+000 
                                     254                  8.4999543001906575E-001                 -1.8821470527321912E-002                  4.6147731293183956E+000                  6.5935090382533517E+000                  7.7969878769540266E-042                  7.0279999481028244E-001                  3.0334925598171464E-005                  2.8496967026411935E-001                  2.1025988500795504E-003                  6.1630907196949872E-004                  5.7221218635412083E-003                  1.2718648985637696E-003                  2.4871053158459599E-003                  1.6072694390872926E-022                  0.0000000000000000E+000                  0.0000000000000000E+000 
                                     255                  8.4999531702217801E-001                 -1.8847039047953613E-002                  4.6173722800367214E+000                  6.5861847920198295E+000                  7.9305227654371766E-042                  7.0279999481028244E-001                  3.0334925598171467E-005                  2.8496967026411935E-001                  2.1025988500795504E-003                  6.1630907196949872E-004                  5.7221218635412083E-003                  1.2718648985637696E-003                  2.4871053158459599E-003                  1.6355461327830420E-022                  0.0000000000000000E+000                  0.0000000000000000E+000 
                                     256                  8.4999520402529039E-001                 -1.8872181446719618E-002                  4.6212784155009912E+000                  6.8915430551624555E+000                  1.6845192328564551E-041                  7.0279999481028244E-001                  3.0334925598171471E-005                  2.8496967026411935E-001                  2.1025988500795504E-003                  6.1630907196949872E-004                  5.7221218635412083E-003                  1.2718648985637696E-003                  2.4871053158459599E-003                  1.6784451421569515E-022                  0.0000000000000000E+000                  0.0000000000000000E+000 
                                     257                  8.4999496998279211E-001                 -1.8922974338690318E-002                  4.6264385116721973E+000                  6.8924320905360670E+000                  1.8033398289974616E-041                  7.0279999481028244E-001                  3.0334925598171474E-005                  2.8496967026411935E-001                  2.1025988500795504E-003                  6.1630907196949872E-004                  5.7221218635412083E-003                  1.2718648985637696E-003                  2.4871053158459599E-003                  1.7366501763126419E-022                  0.0000000000000000E+000                  0.0000000000000000E+000 
                                     258                  8.4999472760702555E-001                 -1.8973877273701711E-002                  4.6315760113011208E+000                  6.8935314171063213E+000                  1.9295744441079129E-041                  7.0279999481028244E-001                  3.0334925598171477E-005                  2.8496967026411935E-001                  2.1025988500795504E-003                  6.1630907196949872E-004                  5.7221218635412083E-003                  1.2718648985637696E-003                  2.4871053158459599E-003                  1.7959891289800416E-022                  0.0000000000000000E+000                  0.0000000000000000E+000 
                                     259                  8.4999447660347194E-001                 -1.9024915211824457E-002                  4.6366936228873250E+000                  6.8948293102105112E+000                  2.0636669206533892E-041                  7.0279999481028244E-001                  3.0334925598171481E-005                  2.8496967026411935E-001                  2.1025988500795504E-003                  6.1630907196949872E-004                  5.7221218635412083E-003                  1.2718648985637696E-003                  2.4871053158459599E-003                  1.8564922278717571E-022                  0.0000000000000000E+000                  0.0000000000000000E+000 
                                     260                  8.4999421666729236E-001                 -1.9076111931043940E-002                  4.6417938647767558E+000                  6.8963145026454047E+000                  2.2060890774775312E-041                  7.0279999481028244E-001                  3.0334925598171488E-005                  2.8496967026411935E-001                  2.1025988500795504E-003                  6.1630907196949872E-004                  5.7221218635412083E-003                  1.2718648985637696E-003                  2.4871053158459599E-003                  1.9181920717655389E-022                  0.0000000000000000E+000                  0.0000000000000000E+000 
                                     261                  8.4999394748297086E-001                 -1.9127490098671887E-002                  4.6468790770098760E+000                  6.8979767482529724E+000                  2.3573394106725374E-041                  7.0279999481028244E-001                  3.0334925598171494E-005                  2.8496967026411935E-001                  2.1025988500795504E-003                  6.1630907196949872E-004                  5.7221218635412083E-003                  1.2718648985637696E-003                  2.4871053158459599E-003                  1.9811209314394609E-022                  0.0000000000000000E+000                  0.0000000000000000E+000 
                                     262                  8.4999366872394344E-001                 -1.9179071404997375E-002                  4.6519514362503189E+000                  6.8998073874737118E+000                  2.5179406279356699E-041                  7.0279999481028244E-001                  3.0334925598171498E-005                  2.8496967026411935E-001                  2.1025988500795504E-003                  6.1630907196949872E-004                  5.7221218635412083E-003                  1.2718648985637696E-003                  2.4871053158459599E-003                  2.0453075118207705E-022                  0.0000000000000000E+000                  0.0000000000000000E+000 
                                     263                  8.4999338005221603E-001                 -1.9230876761805571E-002                  4.6570129759361558E+000                  6.9017990173601138E+000                  2.6884412926513721E-041                  7.0279999481028244E-001                  3.0334925598171504E-005                  2.8496967026411935E-001                  2.1025988500795504E-003                  6.1630907196949872E-004                  5.7221218635412083E-003                  1.2718648985637696E-003                  2.4871053158459599E-003                  2.1107776259338395E-022                  0.0000000000000000E+000                  0.0000000000000000E+000 
                                     264                  8.4999308111796756E-001                 -1.9282926461320612E-002                  4.6620656067938153E+000                  6.9039452762159472E+000                  2.8694172013871171E-041                  7.0279999481028244E-001                  3.0334925598171508E-005                  2.8496967026411935E-001                  2.1025988500795504E-003                  6.1630907196949872E-004                  5.7221218635412083E-003                  1.2718648985637696E-003                  2.4871053158459599E-003                  2.1775545238454552E-022                  0.0000000000000000E+000                  0.0000000000000000E+000 
                                     265                  8.4999277155914066E-001                 -1.9335240309452238E-002                  4.6671111290046809E+000                  6.9062403870912421E+000                  3.0614747749648900E-041                  7.0279999481028244E-001                  3.0334925598171515E-005                  2.8496967026411935E-001                  2.1025988500795504E-003                  6.1630907196949872E-004                  5.7221218635412083E-003                  1.2718648985637696E-003                  2.4871053158459599E-003                  2.2456606664299201E-022                  0.0000000000000000E+000                  0.0000000000000000E+000 
                                     266                  8.4999245100101795E-001                 -1.9387837704266320E-002                  4.6721512333218165E+000                  6.9086785247897389E+000                  3.2652568383013036E-041                  7.0279999481028244E-001                  3.0334925598171518E-005                  2.8496967026411935E-001                  2.1025988500795504E-003                  6.1630907196949872E-004                  5.7221218635412083E-003                  1.2718648985637696E-003                  2.4871053158459599E-003                  2.3151208779371672E-022                  0.0000000000000000E+000                  0.0000000000000000E+000 
                                     267                  8.4999211905578420E-001                 -1.9440737637041169E-002                  4.6771875013355224E+000                  6.9112537261573843E+000                  3.4814458758918584E-041                  7.0279999481028244E-001                  3.0334925598171521E-005                  2.8496967026411935E-001                  2.1025988500795504E-003                  6.1630907196949872E-004                  5.7221218635412083E-003                  1.2718648985637696E-003                  2.4871053158459599E-003                  2.3859630441116685E-022                  0.0000000000000000E+000                  0.0000000000000000E+000 
                                     268                  8.4999177532207260E-001                 -1.9493958680114366E-002                  4.6822214093030237E+000                  6.9139598787753078E+000                  3.7107671000973653E-041                  7.0279999481028244E-001                  3.0334925598171532E-005                  2.8496967026411935E-001                  2.1025988500795504E-003                  6.1630907196949872E-004                  5.7221218635412083E-003                  1.2718648985637696E-003                  2.4871053158459599E-003                  2.4582184482712442E-022                  0.0000000000000000E+000                  0.0000000000000000E+000 
                                     269                  8.4999141938449707E-001                 -1.9547518970786805E-002                  4.6872543277329255E+000                  6.9167906520498263E+000                  3.9539923541255370E-041                  7.0279999481028244E-001                  3.0334925598171535E-005                  2.8496967026411935E-001                  2.1025988500795504E-003                  6.1630907196949872E-004                  5.7221218635412083E-003                  1.2718648985637696E-003                  2.4871053158459599E-003                  2.5319224835545807E-022                  0.0000000000000000E+000                  0.0000000000000000E+000 
                                     270                  8.4999105081316706E-001                 -1.9601436184037660E-002                  4.6922875165966484E+000                  6.9197398133366512E+000                  4.2119408170522076E-041                  7.0279999481028244E-001                  3.0334925598171538E-005                  2.8496967026411935E-001                  2.1025988500795504E-003                  6.1630907196949872E-004                  5.7221218635412083E-003                  1.2718648985637696E-003                  2.4871053158459599E-003                  2.6071130613081881E-022                  0.0000000000000000E+000                  0.0000000000000000E+000 
                                     271                  8.4999066916318722E-001                 -1.9655727541784893E-002                  4.6973221252485953E+000                  6.9228015993746999E+000                  4.4854783096301556E-041                  7.0279999481028244E-001                  3.0334925598171545E-005                  2.8496967026411935E-001                  2.1025988500795504E-003                  6.1630907196949872E-004                  5.7221218635412083E-003                  1.2718648985637696E-003                  2.4871053158459599E-003                  2.6838283366837370E-022                  0.0000000000000000E+000                  0.0000000000000000E+000 
                                     272                  8.4999027397413929E-001                 -1.9710409867286019E-002                  4.7023591982373709E+000                  6.9259708025052644E+000                  4.7755184674331299E-041                  7.0279999481028244E-001                  3.0334925598171552E-005                  2.8496967026411935E-001                  2.1025988500795504E-003                  6.1630907196949872E-004                  5.7221218635412083E-003                  1.2718648985637696E-003                  2.4871053158459599E-003                  2.7621058905959347E-022                  0.0000000000000000E+000                  0.0000000000000000E+000 
                                     273                  8.4998986476954619E-001                 -1.9765499650696485E-002                  4.7073996870526376E+000                  6.9292433413289229E+000                  5.0830178882945066E-041                  7.0279999481028244E-001                  3.0334925598171555E-005                  2.8496967026411935E-001                  2.1025988500795504E-003                  6.1630907196949872E-004                  5.7221218635412083E-003                  1.2718648985637696E-003                  2.4871053158459599E-003                  2.8419785117472857E-022                  0.0000000000000000E+000                  0.0000000000000000E+000 
                                     274                  8.4998944105631868E-001                 -1.9821013188522446E-002                  4.7124444675637962E+000                  6.9326161359497878E+000                  5.4089773153338877E-041                  7.0279999481028244E-001                  3.0334925598171562E-005                  2.8496967026411935E-001                  2.1025988500795504E-003                  6.1630907196949872E-004                  5.7221218635412083E-003                  1.2718648985637696E-003                  2.4871053158459599E-003                  2.9234741238472778E-022                  0.0000000000000000E+000                  0.0000000000000000E+000 
                                     275                  8.4998900232418217E-001                 -1.9876966711180531E-002                  4.7174943519962032E+000                  6.9360863281976251E+000                  5.7544516304465559E-041                  7.0279999481028244E-001                  3.0334925598171569E-005                  2.8496967026411935E-001                  2.1025988500795504E-003                  6.1630907196949872E-004                  5.7221218635412083E-003                  1.2718648985637696E-003                  2.4871053158459599E-003                  3.0066204955260179E-022                  0.0000000000000000E+000                  0.0000000000000000E+000 
                                     276                  8.4998854804508561E-001                 -1.9933376413433547E-002                  4.7225500932159710E+000                  6.9396511164138284E+000                  6.1205546775025832E-041                  7.0279999481028244E-001                  3.0334925598171576E-005                  2.8496967026411935E-001                  2.1025988500795504E-003                  6.1630907196949872E-004                  5.7221218635412083E-003                  1.2718648985637696E-003                  2.4871053158459599E-003                  3.0914463207899708E-022                  0.0000000000000000E+000                  0.0000000000000000E+000 
                                     277                  8.4998807767258822E-001                 -1.9990258463660145E-002                  4.7276123821449261E+000                  6.9433071047414128E+000                  6.5084722987534480E-041                  7.0279999481028244E-001                  3.0334925598171582E-005                  2.8496967026411935E-001                  2.1025988500795504E-003                  6.1630907196949872E-004                  5.7221218635412083E-003                  1.2718648985637696E-003                  2.4871053158459599E-003                  3.1779861765156780E-022                  0.0000000000000000E+000                  0.0000000000000000E+000 
                                     278                  8.4998759064122642E-001                 -2.0047628926826121E-002                  4.7326818387550285E+000                  6.9470502368931637E+000                  6.9194699306576552E-041                  7.0279999481028244E-001                  3.0334925598171589E-005                  2.8496967026411935E-001                  2.1025988500795504E-003                  6.1630907196949872E-004                  5.7221218635412083E-003                  1.2718648985637696E-003                  2.4871053158459599E-003                  3.2662817553698551E-022                  0.0000000000000000E+000                  0.0000000000000000E+000 
                                     279                  8.4998708636585940E-001                 -2.0105503674533433E-002                  4.7377590060757742E+000                  6.9508763536173745E+000                  7.3548907731683100E-041                  7.0279999481028244E-001                  3.0334925598171593E-005                  2.8496967026411935E-001                  2.1025988500795504E-003                  6.1630907196949872E-004                  5.7221218635412083E-003                  1.2718648985637696E-003                  2.4871053158459599E-003                  3.3563782287959348E-022                  0.0000000000000000E+000                  0.0000000000000000E+000 
                                     280                  8.4998656424099150E-001                 -2.0163898365207489E-002                  4.7428443490373917E+000                  6.9547812708452579E+000                  7.8161599198911866E-041                  7.0279999481028244E-001                  3.0334925598171603E-005                  2.8496967026411935E-001                  2.1025988500795504E-003                  6.1630907196949872E-004                  5.7221218635412083E-003                  1.2718648985637696E-003                  2.4871053158459599E-003                  3.4483238651848965E-022                  0.0000000000000000E+000                  0.0000000000000000E+000 
                                     281                  8.4998602364007281E-001                 -2.0222828433156165E-002                  4.7479382567136303E+000                  6.9587611062706225E+000                  8.3047836626030648E-041                  7.0279999481028244E-001                  3.0334925598171606E-005                  2.8496967026411935E-001                  2.1025988500795504E-003                  6.1630907196949872E-004                  5.7221218635412083E-003                  1.2718648985637696E-003                  2.4871053158459599E-003                  3.5421674492860776E-022                  0.0000000000000000E+000                  0.0000000000000000E+000 
                                     282                  8.4998546391477625E-001                 -2.0282309121071783E-002                  4.7530410485247145E+000                  6.9628124901797390E+000                  8.8223492367452815E-041                  7.0279999481028244E-001                  3.0334925598171613E-005                  2.8496967026411935E-001                  2.1025988500795504E-003                  6.1630907196949872E-004                  5.7221218635412083E-003                  1.2718648985637696E-003                  2.4871053158459599E-003                  3.6379562636103389E-022                  0.0000000000000000E+000                  0.0000000000000000E+000 
                                     283                  8.4998488439424791E-001                 -2.0342355542519303E-002                  4.7581529800809559E+000                  6.9669324231319090E+000                  9.3705306955400866E-041                  7.0279999481028244E-001                  3.0334925598171620E-005                  2.8496967026411935E-001                  2.1025988500795504E-003                  6.1630907196949872E-004                  5.7221218635412083E-003                  1.2718648985637696E-003                  2.4871053158459599E-003                  3.7357369083374093E-022                  0.0000000000000000E+000                  0.0000000000000000E+000 
                                     284                  8.4998428438433549E-001                 -2.0402982726963413E-002                  4.7632742475119008E+000                  6.9711182556173643E+000                  9.9510930000148157E-041                  7.0279999481028244E-001                  3.0334925598171626E-005                  2.8496967026411935E-001                  2.1025988500795504E-003                  6.1630907196949872E-004                  5.7221218635412083E-003                  1.2718648985637696E-003                  2.4871053158459599E-003                  3.8355551790209582E-022                  0.0000000000000000E+000                  0.0000000000000000E+000 
                                     285                  8.4998366316678708E-001                 -2.0464205663620269E-002                  4.7684049968583340E+000                  6.9753679831073470E+000                  1.0565888589106103E-040                  7.0279999481028244E-001                  3.0334925598171633E-005                  2.8496967026411935E-001                  2.1025988500795504E-003                  6.1630907196949872E-004                  5.7221218635412083E-003                  1.2718648985637696E-003                  2.4871053158459599E-003                  3.9374529751681013E-022                  0.0000000000000000E+000                  0.0000000000000000E+000 
                                     286                  8.4998301999842707E-001                 -2.0526039389056679E-002                  4.7735453353726589E+000                  6.9796798851735460E+000                  1.1216868232656954E-040                  7.0279999481028244E-001                  3.0334925598171643E-005                  2.8496967026411935E-001                  2.1025988500795504E-003                  6.1630907196949872E-004                  5.7221218635412083E-003                  1.2718648985637696E-003                  2.4871053158459599E-003                  4.0414710907837740E-022                  0.0000000000000000E+000                  0.0000000000000000E+000 
                                     287                  8.4998235411029954E-001                 -2.0588499026928359E-002                  4.7786953349694112E+000                  6.9840521760652967E+000                  1.1906094568241593E-040                  7.0279999481028244E-001                  3.0334925598171650E-005                  2.8496967026411935E-001                  2.1025988500795504E-003                  6.1630907196949872E-004                  5.7221218635412083E-003                  1.2718648985637696E-003                  2.4871053158459599E-003                  4.1476523999957922E-022                  0.0000000000000000E+000                  0.0000000000000000E+000 
                                     288                  8.4998166470678727E-001                 -2.0651599778648201E-002                  4.7838550305390841E+000                  6.9884829263637886E+000                  1.2635751260841008E-040                  7.0279999481028244E-001                  3.0334925598171657E-005                  2.8496967026411935E-001                  2.1025988500795504E-003                  6.1630907196949872E-004                  5.7221218635412083E-003                  1.2718648985637696E-003                  2.4871053158459599E-003                  4.2560428097672190E-022                  0.0000000000000000E+000                  0.0000000000000000E+000 
                                     289                  8.4998095096469761E-001                 -2.0715356901749693E-002                  4.7890244139136158E+000                  6.9929693393634942E+000                  1.3408173411024133E-040                  7.0279999481028244E-001                  3.0334925598171664E-005                  2.8496967026411935E-001                  2.1025988500795504E-003                  6.1630907196949872E-004                  5.7221218635412083E-003                  1.2718648985637696E-003                  2.4871053158459599E-003                  4.3666991080468637E-022                  0.0000000000000000E+000                  0.0000000000000000E+000 
                                     290                  8.4998021203231933E-001                 -2.0779785579440876E-002                  4.7942034263885827E+000                  6.9975082346363644E+000                  1.4225847217988492E-040                  7.0279999481028244E-001                  3.0334925598171670E-005                  2.8496967026411935E-001                  2.1025988500795504E-003                  6.1630907196949872E-004                  5.7221218635412083E-003                  1.2718648985637696E-003                  2.4871053158459599E-003                  4.4796850446137631E-022                  0.0000000000000000E+000                  0.0000000000000000E+000 
                                     291                  8.4997944702844697E-001                 -2.0844900855392159E-002                  4.7993919563586012E+000                  7.0020965035120817E+000                  1.5091406728855790E-040                  7.0279999481028244E-001                  3.0334925598171677E-005                  2.8496967026411935E-001                  2.1025988500795504E-003                  6.1630907196949872E-004                  5.7221218635412083E-003                  1.2718648985637696E-003                  2.4871053158459599E-003                  4.5950669883647380E-022                  0.0000000000000000E+000                  0.0000000000000000E+000 
                                     292                  8.4997865504137249E-001                 -2.0910717633739705E-002                  4.8045898407337120E+000                  7.0067312127069750E+000                  1.6007639059870998E-040                  7.0279999481028244E-001                  3.0334925598171687E-005                  2.8496967026411935E-001                  2.1025988500795504E-003                  6.1630907196949872E-004                  5.7221218635412083E-003                  1.2718648985637696E-003                  2.4871053158459599E-003                  4.7129128221364791E-022                  0.0000000000000000E+000                  0.0000000000000000E+000 
                                     293                  8.4997783512784231E-001                 -2.0977250694710542E-002                  4.8097968729927389E+000                  7.0114101125924053E+000                  1.6977472967488144E-040                  7.0279999481028244E-001                  3.0334925598171698E-005                  2.8496967026411935E-001                  2.1025988500795504E-003                  6.1630907196949872E-004                  5.7221218635412083E-003                  1.2718648985637696E-003                  2.4871053158459599E-003                  4.8332859566218705E-022                  0.0000000000000000E+000                  0.0000000000000000E+000 
                                     294                  8.4997698631198038E-001                 -2.1044514789626555E-002                  4.8150128126976561E+000                  7.0161312491154737E+000                  1.8003997768765569E-040                  7.0279999481028244E-001                  3.0334925598171704E-005                  2.8496967026411935E-001                  2.1025988500795504E-003                  6.1630907196949872E-004                  5.7221218635412083E-003                  1.2718648985637696E-003                  2.4871053158459599E-003                  4.9562490985477807E-022                  0.0000000000000000E+000                  0.0000000000000000E+000 
                                     295                  8.4997610758417375E-001                 -2.1112524680242890E-002                  4.8202373883386151E+000                  7.0208927294413339E+000                  1.9090480670260113E-040                  7.0279999481028244E-001                  3.0334925598171711E-005                  2.8496967026411935E-001                  2.1025988500795504E-003                  6.1630907196949872E-004                  5.7221218635412083E-003                  1.2718648985637696E-003                  2.4871053158459599E-003                  5.0818667936918383E-022                  0.0000000000000000E+000                  0.0000000000000000E+000 
                                     296                  8.4997519789992282E-001                 -2.1181295143018791E-002                  4.8254702985594982E+000                  7.0256927836102410E+000                  2.0240374084242211E-040                  7.0279999481028244E-001                  3.0334925598171718E-005                  2.8496967026411935E-001                  2.1025988500795504E-003                  6.1630907196949872E-004                  5.7221218635412083E-003                  1.2718648985637696E-003                  2.4871053158459599E-003                  5.2102046766446556E-022                  0.0000000000000000E+000                  0.0000000000000000E+000 
                                     297                  8.4997425617865052E-001                 -2.1250840983354009E-002                  4.8307112169334543E+000                  7.0305299721685603E+000                  2.1457315257197673E-040                  7.0279999481028244E-001                  3.0334925598171728E-005                  2.8496967026411935E-001                  2.1025988500795504E-003                  6.1630907196949872E-004                  5.7221218635412083E-003                  1.2718648985637696E-003                  2.4871053158459599E-003                  5.3413267225118633E-022                  0.0000000000000000E+000                  0.0000000000000000E+000 
                                     298                  8.4997328130247363E-001                 -2.1321177084132482E-002                  4.8359597967334658E+000                  7.0354029788635666E+000                  2.2745144403232436E-040                  7.0279999481028244E-001                  3.0334925598171738E-005                  2.8496967026411935E-001                  2.1025988500795504E-003                  6.1630907196949872E-004                  5.7221218635412083E-003                  1.2718648985637696E-003                  2.4871053158459599E-003                  5.4752975576136053E-022                  0.0000000000000000E+000                  0.0000000000000000E+000 
                                     299                  8.4997227211493220E-001                 -2.1392318422967519E-002                  4.8412156722308897E+000                  7.0403105567303035E+000                  2.4107918111754625E-040                  7.0279999481028244E-001                  3.0334925598171745E-005                  2.8496967026411935E-001                  2.1025988500795504E-003                  6.1630907196949872E-004                  5.7221218635412083E-003                  1.2718648985637696E-003                  2.4871053158459599E-003                  5.6121830740171156E-022                  0.0000000000000000E+000                  0.0000000000000000E+000 
                                     300                  8.4997122741967623E-001                 -2.1464280081377542E-002                  4.8464784586475549E+000                  7.0452511779057119E+000                  2.5549941704960665E-040                  7.0279999481028244E-001                  3.0334925598171752E-005                  2.8496967026411935E-001                  2.1025988500795504E-003                  6.1630907196949872E-004                  5.7221218635412083E-003                  1.2718648985637696E-003                  2.4871053158459599E-003                  5.7520552584231293E-022                  0.0000000000000000E+000                  0.0000000000000000E+000 
                                     301                  8.4997014597910936E-001                 -2.1537077195659331E-002                  4.8517477505444724E+000                  7.0502226526887695E+000                  2.7075811452208692E-040                  7.0279999481028244E-001                  3.0334925598171762E-005                  2.8496967026411935E-001                  2.1025988500795504E-003                  6.1630907196949872E-004                  5.7221218635412083E-003                  1.2718648985637696E-003                  2.4871053158459599E-003                  5.8949981851364172E-022                  0.0000000000000000E+000                  0.0000000000000000E+000 
                                     302                  8.4996902651298623E-001                 -2.1610724840147488E-002                  4.8570231206357439E+000                  7.0552227717947487E+000                  2.8690399385569184E-040                  7.0279999481028244E-001                  3.0334925598171772E-005                  2.8496967026411935E-001                  2.1025988500795504E-003                  6.1630907196949872E-004                  5.7221218635412083E-003                  1.2718648985637696E-003                  2.4871053158459599E-003                  6.0410999603197783E-022                  0.0000000000000000E+000                  0.0000000000000000E+000 
                                     303                  8.4996786769696420E-001                 -2.1685238013704453E-002                  4.8623041202935653E+000                  7.0602494058492251E+000                  3.0398864027334135E-040                  7.0279999481028244E-001                  3.0334925598171782E-005                  2.8496967026411935E-001                  2.1025988500795504E-003                  6.1630907196949872E-004                  5.7221218635412083E-003                  1.2718648985637696E-003                  2.4871053158459599E-003                  6.1904514452778520E-022                  0.0000000000000000E+000                  0.0000000000000000E+000 
                                     304                  8.4996666816110533E-001                 -2.1760631642689099E-002                  4.8675902838187017E+000                  7.0653006615135272E+000                  3.2206655671046107E-040                  7.0279999481028244E-001                  3.0334925598171789E-005                  2.8496967026411935E-001                  2.1025988500795504E-003                  6.1630907196949872E-004                  5.7221218635412083E-003                  1.2718648985637696E-003                  2.4871053158459599E-003                  6.3431439018713975E-022                  0.0000000000000000E+000                  0.0000000000000000E+000 
                                     305                  8.4996542648832818E-001                 -2.1836920611569877E-002                  4.8728811367326506E+000                  7.0703748665850075E+000                  3.4119531918922572E-040                  7.0279999481028244E-001                  3.0334925598171803E-005                  2.8496967026411935E-001                  2.1025988500795504E-003                  6.1630907196949872E-004                  5.7221218635412083E-003                  1.2718648985637696E-003                  2.4871053158459599E-003                  6.4992689580770176E-022                  0.0000000000000000E+000                  0.0000000000000000E+000 
                                     306                  8.4996414121280983E-001                 -2.1914119792782117E-002                  4.8781762004635523E+000                  7.0754703588817431E+000                  3.6143590388302891E-040                  7.0279999481028244E-001                  3.0334925598171813E-005                  2.8496967026411935E-001                  2.1025988500795504E-003                  6.1630907196949872E-004                  5.7221218635412083E-003                  1.2718648985637696E-003                  2.4871053158459599E-003                  6.6589217459678318E-022                  0.0000000000000000E+000                  0.0000000000000000E+000 
                                     307                  8.4996281081833247E-001                 -2.1992244040452660E-002                  4.8834749927769447E+000                  7.0805855078142521E+000                  3.8285287586186790E-040                  7.0279999481028244E-001                  3.0334925598171823E-005                  2.8496967026411935E-001                  2.1025988500795504E-003                  6.1630907196949872E-004                  5.7221218635412083E-003                  1.2718648985637696E-003                  2.4871053158459599E-003                  6.8222006869736380E-022                  0.0000000000000000E+000                  0.0000000000000000E+000 
                                     308                  8.4996143373657629E-001                 -2.2071308187716996E-002                  4.8887770311216876E+000                  7.0857192099719377E+000                  4.0551414173123300E-040                  7.0279999481028244E-001                  3.0334925598171833E-005                  2.8496967026411935E-001                  2.1025988500795504E-003                  6.1630907196949872E-004                  5.7221218635412083E-003                  1.2718648985637696E-003                  2.4871053158459599E-003                  6.9891992162158280E-022                  0.0000000000000000E+000                  0.0000000000000000E+000 
                                     309                  8.4996000834535568E-001                 -2.2151327135256648E-002                  4.8940818384056151E+000                  7.0908707716760198E+000                  4.2949115765207734E-040                  7.0279999481028244E-001                  3.0334925598171843E-005                  2.8496967026411935E-001                  2.1025988500795504E-003                  6.1630907196949872E-004                  5.7221218635412083E-003                  1.2718648985637696E-003                  2.4871053158459599E-003                  7.1600068825702984E-022                  0.0000000000000000E+000                  0.0000000000000000E+000 
                                     310                  8.4995853296679591E-001                 -2.2232315923393947E-002                  4.8993889462659901E+000                  7.0960395824300679E+000                  4.5485938763224342E-040                  7.0279999481028244E-001                  3.0334925598171853E-005                  2.8496967026411935E-001                  2.1025988500795504E-003                  6.1630907196949872E-004                  5.7221218635412083E-003                  1.2718648985637696E-003                  2.4871053158459599E-003                  7.3347143953776286E-022                  0.0000000000000000E+000                  0.0000000000000000E+000 
                                     311                  8.4995700586545053E-001                 -2.2314289746938071E-002                  4.9046978962102088E+000                  7.1012249783128603E+000                  4.8169866564900606E-040                  7.0279999481028244E-001                  3.0334925598171867E-005                  2.8496967026411935E-001                  2.1025988500795504E-003                  6.1630907196949872E-004                  5.7221218635412083E-003                  1.2718648985637696E-003                  2.4871053158459599E-003                  7.5134160167775529E-022                  0.0000000000000000E+000                  0.0000000000000000E+000 
                                     312                  8.4995542524635548E-001                 -2.2397263944762474E-002                  4.9100082397035072E+000                  7.1064256747044245E+000                  5.1009412675565645E-040                  7.0279999481028244E-001                  3.0334925598171877E-005                  2.8496967026411935E-001                  2.1025988500795504E-003                  6.1630907196949872E-004                  5.7221218635412083E-003                  1.2718648985637696E-003                  2.4871053158459599E-003                  7.6962203515453566E-022                  0.0000000000000000E+000                  0.0000000000000000E+000 
                                     313                  8.4995378925301934E-001                 -2.2481253878935417E-002                  4.9153195377935521E+000                  7.1116402488971238E+000                  5.4013608495628962E-040                  7.0279999481028244E-001                  3.0334925598171887E-005                  2.8496967026411935E-001                  2.1025988500795504E-003                  6.1630907196949872E-004                  5.7221218635412083E-003                  1.2718648985637696E-003                  2.4871053158459599E-003                  7.8832426485947678E-022                  0.0000000000000000E+000                  0.0000000000000000E+000 
                                     314                  8.4995209596534693E-001                 -2.2566274900820426E-002                  4.9206313614666684E+000                  7.1168673952679882E+000                  5.7192005155798401E-040                  7.0279999481028244E-001                  3.0334925598171901E-005                  2.8496967026411935E-001                  2.1025988500795504E-003                  6.1630907196949872E-004                  5.7221218635412083E-003                  1.2718648985637696E-003                  2.4871053158459599E-003                  8.0746002948179617E-022                  0.0000000000000000E+000                  0.0000000000000000E+000 
                                     315                  8.4995034339749465E-001                 -2.2652342365727662E-002                  4.9259432943768067E+000                  7.1221058972000044E+000                  6.0554705837481511E-040                  7.0279999481028244E-001                  3.0334925598171911E-005                  2.8496967026411935E-001                  2.1025988500795504E-003                  6.1630907196949872E-004                  5.7221218635412083E-003                  1.2718648985637696E-003                  2.4871053158459599E-003                  8.2704132887811555E-022                  0.0000000000000000E+000                  0.0000000000000000E+000 
                                     316                  8.4994852949565380E-001                 -2.2739471642958749E-002                  4.9312549412903515E+000                  7.1273545276976424E+000                  6.4112411307031986E-040                  7.0279999481028244E-001                  3.0334925598171925E-005                  2.8496967026411935E-001                  2.1025988500795504E-003                  6.1630907196949872E-004                  5.7221218635412083E-003                  1.2718648985637696E-003                  2.4871053158459599E-003                  8.4708062490856335E-022                  0.0000000000000000E+000                  0.0000000000000000E+000 
                                     317                  8.4994665213576226E-001                 -2.2827678106397620E-002                  4.9365659352393516E+000                  7.1326120781019027E+000                  6.7876452154336758E-040                  7.0279999481028244E-001                  3.0334925598171938E-005                  2.8496967026411935E-001                  2.1025988500795504E-003                  6.1630907196949872E-004                  5.7221218635412083E-003                  1.2718648985637696E-003                  2.4871053158459599E-003                  8.6759080175186196E-022                  0.0000000000000000E+000                  0.0000000000000000E+000 
                                     318                  8.4994470912113895E-001                 -2.2916977130528357E-002                  4.9418759385014983E+000                  7.1378773798427755E+000                  7.1858823007123194E-040                  7.0279999481028244E-001                  3.0334925598171948E-005                  2.8496967026411935E-001                  2.1025988500795504E-003                  6.1630907196949872E-004                  5.7221218635412083E-003                  1.2718648985637696E-003                  2.4871053158459599E-003                  8.8858513361369821E-022                  0.0000000000000000E+000                  0.0000000000000000E+000 
                                     319                  8.4994269818004153E-001                 -2.3007384090859825E-002                  4.9471846442768985E+000                  7.1431496211948051E+000                  7.6072166104130968E-040                  7.0279999481028244E-001                  3.0334925598171962E-005                  2.8496967026411935E-001                  2.1025988500795504E-003                  6.1630907196949872E-004                  5.7221218635412083E-003                  1.2718648985637696E-003                  2.4871053158459599E-003                  9.1007659275103229E-022                  0.0000000000000000E+000                  0.0000000000000000E+000 
                                     320                  8.4994061696314271E-001                 -2.3098914431279840E-002                  4.9524917813943707E+000                  7.1484284997049787E+000                  8.0529768149417874E-040                  7.0279999481028244E-001                  3.0334925598171975E-005                  2.8496967026411935E-001                  2.1025988500795504E-003                  6.1630907196949872E-004                  5.7221218635412083E-003                  1.2718648985637696E-003                  2.4871053158459599E-003                  9.3207742697061604E-022                  0.0000000000000000E+000                  0.0000000000000000E+000 
                                     321                  8.4993846304092502E-001                 -2.3191583768288043E-002                  4.9577971181973561E+000                  7.1537137870322791E+000                  8.5245662108785195E-040                  7.0279999481028244E-001                  3.0334925598171986E-005                  2.8496967026411935E-001                  2.1025988500795504E-003                  6.1630907196949872E-004                  5.7221218635412083E-003                  1.2718648985637696E-003                  2.4871053158459599E-003                  9.5460004487053519E-022                  0.0000000000000000E+000                  0.0000000000000000E+000 
                                     322                  8.4993623390098727E-001                 -2.3285407907779311E-002                  4.9631004640236913E+000                  7.1590052682730203E+000                  9.0234679124644220E-040                  7.0279999481028244E-001                  3.0334925598171999E-005                  2.8496967026411935E-001                  2.1025988500795504E-003                  6.1630907196949872E-004                  5.7221218635412083E-003                  1.2718648985637696E-003                  2.4871053158459599E-003                  9.7765714972576254E-022                  0.0000000000000000E+000                  0.0000000000000000E+000 
                                     323                  8.4993392694526559E-001                 -2.3380402849518565E-002                  4.9684016703040896E+000                  7.1643025825802917E+000                  9.5512528245208085E-040                  7.0279999481028244E-001                  3.0334925598172016E-005                  2.8496967026411935E-001                  2.1025988500795504E-003                  6.1630907196949872E-004                  5.7221218635412083E-003                  1.2718648985637696E-003                  2.4871053158459599E-003                  1.0012621335492008E-021                  0.0000000000000000E+000                  0.0000000000000000E+000 
                                     324                  8.4993153948716116E-001                 -2.3476584756485990E-002                  4.9737006311714929E+000                  7.1696053331980867E+000                  1.0109582821473719E-039                  7.0279999481028244E-001                  3.0334925598172030E-005                  2.8496967026411935E-001                  2.1025988500795504E-003                  6.1630907196949872E-004                  5.7221218635412083E-003                  1.2718648985637696E-003                  2.4871053158459599E-003                  1.0254288555274787E-021                  0.0000000000000000E+000                  0.0000000000000000E+000 
                                     325                  8.4992906874857466E-001                 -2.3573969946861006E-002                  4.9789972835980807E+000                  7.1749132597915031E+000                  1.0700211928449277E-039                  7.0279999481028244E-001                  3.0334925598172043E-005                  2.8496967026411935E-001                  2.1025988500795504E-003                  6.1630907196949872E-004                  5.7221218635412083E-003                  1.2718648985637696E-003                  2.4871053158459599E-003                  1.0501712236138338E-021                  0.0000000000000000E+000                  0.0000000000000000E+000 
                                     326                  8.4992651185684454E-001                 -2.3672574924566835E-002                  4.9842916077958286E+000                  7.1802261871614990E+000                  1.1324992186053772E-039                  7.0279999481028244E-001                  3.0334925598172057E-005                  2.8496967026411935E-001                  2.1025988500795504E-003                  6.1630907196949872E-004                  5.7221218635412083E-003                  1.2718648985637696E-003                  2.4871053158459599E-003                  1.0755032989188865E-021                  0.0000000000000000E+000                  0.0000000000000000E+000 
                                     327                  8.4992386584158197E-001                 -2.3772416399890948E-002                  4.9895836300563969E+000                  7.1855436503751502E+000                  1.1985889067925098E-039                  7.0279999481028244E-001                  3.0334925598172074E-005                  2.8496967026411935E-001                  2.1025988500795504E-003                  6.1630907196949872E-004                  5.7221218635412083E-003                  1.2718648985637696E-003                  2.4871053158459599E-003                  1.1014402883187854E-021                  0.0000000000000000E+000                  0.0000000000000000E+000 
                                     328                  8.4992112763140726E-001                 -2.3873511224037726E-002                  4.9948734262121999E+000                  7.1908651054093617E+000                  1.2684983623035183E-039                  7.0279999481028244E-001                  3.0334925598172091E-005                  2.8496967026411935E-001                  2.1025988500795504E-003                  6.1630907196949872E-004                  5.7221218635412083E-003                  1.2718648985637696E-003                  2.4871053158459599E-003                  1.1279980696830102E-021                  0.0000000000000000E+000                  0.0000000000000000E+000 
                                     329                  8.4991829405057528E-001                 -2.3975876369084097E-002                  5.0001611224412192E+000                  7.1961901055387667E+000                  1.3424474270565626E-039                  7.0279999481028244E-001                  3.0334925598172104E-005                  2.8496967026411935E-001                  2.1025988500795504E-003                  6.1630907196949872E-004                  5.7221218635412083E-003                  1.2718648985637696E-003                  2.4871053158459599E-003                  1.1551927360124806E-021                  0.0000000000000000E+000                  0.0000000000000000E+000 
                                     330                  8.4991536181549432E-001                 -2.4079528948747569E-002                  5.0054468922516753E+000                  7.2015183713231581E+000                  1.4206680670717264E-039                  7.0279999481028244E-001                  3.0334925598172121E-005                  2.8496967026411935E-001                  2.1025988500795504E-003                  6.1630907196949872E-004                  5.7221218635412083E-003                  1.2718648985637696E-003                  2.4871053158459599E-003                  1.1830403761081959E-021                  0.0000000000000000E+000                  0.0000000000000000E+000 
                                     331                  8.4991232753112900E-001                 -2.4184486257388029E-002                  5.0107309438677197E+000                  7.2068499350935378E+000                  1.5034044494464759E-039                  7.0279999481028244E-001                  3.0334925598172138E-005                  2.8496967026411935E-001                  2.1025988500795504E-003                  6.1630907196949872E-004                  5.7221218635412083E-003                  1.2718648985637696E-003                  2.4871053158459599E-003                  1.2115566033727382E-021                  0.0000000000000000E+000                  0.0000000000000000E+000 
                                     332                  8.4990918768728829E-001                 -2.4290765846816036E-002                  5.0160135083380961E+000                  7.2121848577387047E+000                  1.5909144261006880E-039                  7.0279999481028244E-001                  3.0334925598172155E-005                  2.8496967026411935E-001                  2.1025988500795504E-003                  6.1630907196949872E-004                  5.7221218635412083E-003                  1.2718648985637696E-003                  2.4871053158459599E-003                  1.2407573163338182E-021                  0.0000000000000000E+000                  0.0000000000000000E+000 
                                     333                  8.4990593865479092E-001                 -2.4398385537693641E-002                  5.0212948379169307E+000                  7.2175231608967829E+000                  1.6834705345723836E-039                  7.0279999481028244E-001                  3.0334925598172172E-005                  2.8496967026411935E-001                  2.1025988500795504E-003                  6.1630907196949872E-004                  5.7221218635412083E-003                  1.2718648985637696E-003                  2.4871053158459599E-003                  1.2706589082375440E-021                  0.0000000000000000E+000                  0.0000000000000000E+000 
                                     334                  8.4990257668150770E-001                 -2.4507363414448907E-002                  5.0265752033483801E+000                  7.2228649640135316E+000                  1.7813602869462821E-039                  7.0279999481028244E-001                  3.0334925598172189E-005                  2.8496967026411935E-001                  2.1025988500795504E-003                  6.1630907196949872E-004                  5.7221218635412083E-003                  1.2718648985637696E-003                  2.4871053158459599E-003                  1.3012778534310345E-021                  0.0000000000000000E+000                  0.0000000000000000E+000 
                                     335                  8.4989909788827378E-001                 -2.4617717854492412E-002                  5.0318548841375828E+000                  7.2282106662312593E+000                  1.8848861199083118E-039                  7.0279999481028244E-001                  3.0334925598172206E-005                  2.8496967026411935E-001                  2.1025988500795504E-003                  6.1630907196949872E-004                  5.7221218635412083E-003                  1.2718648985637696E-003                  2.4871053158459599E-003                  1.3326300837212259E-021                  0.0000000000000000E+000                  0.0000000000000000E+000 
                                     336                  8.4989549826466948E-001                 -2.4729467605902295E-002                  5.0371341609564944E+000                  7.2335607554109522E+000                  1.9943668091893096E-039                  7.0279999481028244E-001                  3.0334925598172226E-005                  2.8496967026411935E-001                  2.1025988500795504E-003                  6.1630907196949872E-004                  5.7221218635412083E-003                  1.2718648985637696E-003                  2.4871053158459599E-003                  1.3647315237125115E-021                  0.0000000000000000E+000                  0.0000000000000000E+000 
                                     337                  8.4989177366466451E-001                 -2.4842631820040064E-002                  5.0424133147461294E+000                  7.2389157569572644E+000                  2.1101384973148379E-039                  7.0279999481028244E-001                  3.0334925598172243E-005                  2.8496967026411935E-001                  2.1025988500795504E-003                  6.1630907196949872E-004                  5.7221218635412083E-003                  1.2718648985637696E-003                  2.4871053158459599E-003                  1.3975982326356463E-021                  0.0000000000000000E+000                  0.0000000000000000E+000 
                                     338                  8.4988791980212020E-001                 -2.4957230072389119E-002                  5.0476926254208827E+000                  7.2442758162736691E+000                  2.2325577153855405E-039                  7.0279999481028244E-001                  3.0334925598172260E-005                  2.8496967026411935E-001                  2.1025988500795504E-003                  6.1630907196949872E-004                  5.7221218635412083E-003                  1.2718648985637696E-003                  2.4871053158459599E-003                  1.4312478573845936E-021                  0.0000000000000000E+000                  0.0000000000000000E+000 
                                     339                  8.4988393224614722E-001                 -2.5073282272739830E-002                  5.0529723692841282E+000                  7.2496406364428312E+000                  2.3620032575411056E-039                  7.0279999481028244E-001                  3.0334925598172280E-005                  2.8496967026411935E-001                  2.1025988500795504E-003                  6.1630907196949872E-004                  5.7221218635412083E-003                  1.2718648985637696E-003                  2.4871053158459599E-003                  1.4657000215854206E-021                  0.0000000000000000E+000                  0.0000000000000000E+000 
                                     340                  8.4987980641631378E-001                 -2.5190808552362887E-002                  5.0582528176999704E+000                  7.2550099221935778E+000                  2.4988754033646983E-039                  7.0279999481028244E-001                  3.0334925598172301E-005                  2.8496967026411935E-001                  2.1025988500795504E-003                  6.1630907196949872E-004                  5.7221218635412083E-003                  1.2718648985637696E-003                  2.4871053158459599E-003                  1.5009748884303232E-021                  0.0000000000000000E+000                  0.0000000000000000E+000 
                                     341                  8.4987553757769918E-001                 -2.5309829265386247E-002                  5.0635342380732355E+000                  7.2603834196179076E+000                  2.6435968912877681E-039                  7.0279999481028244E-001                  3.0334925598172318E-005                  2.8496967026411935E-001                  2.1025988500795504E-003                  6.1630907196949872E-004                  5.7221218635412083E-003                  1.2718648985637696E-003                  2.4871053158459599E-003                  1.5370930264248006E-021                  0.0000000000000000E+000                  0.0000000000000000E+000 
                                     342                  8.4987112083579008E-001                 -2.5430365001174727E-002                  5.0688169046254608E+000                  7.2657610216684096E+000                  2.7966134545430740E-039                  7.0279999481028244E-001                  3.0334925598172341E-005                  2.8496967026411935E-001                  2.1025988500795504E-003                  6.1630907196949872E-004                  5.7221218635412083E-003                  1.2718648985637696E-003                  2.4871053158459599E-003                  1.5740749987481036E-021                  0.0000000000000000E+000                  0.0000000000000000E+000 
                                     343                  8.4986655113121190E-001                 -2.5552436627051263E-002                  5.0741011144744226E+000                  7.2711427095671155E+000                  2.9583952995786079E-039                  7.0279999481028244E-001                  3.0334925598172362E-005                  2.8496967026411935E-001                  2.1025988500795504E-003                  6.1630907196949872E-004                  5.7221218635412083E-003                  1.2718648985637696E-003                  2.4871053158459599E-003                  1.6119415430622169E-021                  0.0000000000000000E+000                  0.0000000000000000E+000 
                                     344                  8.4986182323429249E-001                 -2.5676065316948216E-002                  5.0793871934545045E+000                  7.2765284814670235E+000                  3.1294388454273170E-039                  7.0279999481028244E-001                  3.0334925598172379E-005                  2.8496967026411935E-001                  2.1025988500795504E-003                  6.1630907196949872E-004                  5.7221218635412083E-003                  1.2718648985637696E-003                  2.4871053158459599E-003                  1.6507138337223173E-021                  0.0000000000000000E+000                  0.0000000000000000E+000 
                                     345                  8.4985693173944910E-001                 -2.5801272561140950E-002                  5.0846754923970474E+000                  7.2819184019774319E+000                  3.3102677666441287E-039                  7.0279999481028244E-001                  3.0334925598172402E-005                  2.8496967026411935E-001                  2.1025988500795504E-003                  6.1630907196949872E-004                  5.7221218635412083E-003                  1.2718648985637696E-003                  2.4871053158459599E-003                  1.6904132792451338E-021                  0.0000000000000000E+000                  0.0000000000000000E+000 
                                     346                  8.4985187105939775E-001                 -2.5928080190841477E-002                  5.0899663669458688E+000                  7.2873128207371902E+000                  3.5014326171306205E-039                  7.0279999481028244E-001                  3.0334925598172426E-005                  2.8496967026411935E-001                  2.1025988500795504E-003                  6.1630907196949872E-004                  5.7221218635412083E-003                  1.2718648985637696E-003                  2.4871053158459599E-003                  1.7310605666916209E-021                  0.0000000000000000E+000                  0.0000000000000000E+000 
                                     347                  8.4984663541917471E-001                 -2.6056510468782094E-002                  5.0952601549963781E+000                  7.2927121542608209E+000                  3.7035136261909975E-039                  7.0279999481028244E-001                  3.0334925598172446E-005                  2.8496967026411935E-001                  2.1025988500795504E-003                  6.1630907196949872E-004                  5.7221218635412083E-003                  1.2718648985637696E-003                  2.4871053158459599E-003                  1.7726764789860268E-021                  0.0000000000000000E+000                  0.0000000000000000E+000 
                                     348                  8.4984121884996833E-001                 -2.6186586120007644E-002                  5.1005571718895792E+000                  7.2981167676311154E+000                  3.9171232099717782E-039                  7.0279999481028244E-001                  3.0334925598172470E-005                  2.8496967026411935E-001                  2.1025988500795504E-003                  6.1630907196949872E-004                  5.7221218635412083E-003                  1.2718648985637696E-003                  2.4871053158459599E-003                  1.8152823944994820E-021                  0.0000000000000000E+000                  0.0000000000000000E+000 
                                     349                  8.4983561518275286E-001                 -2.6318330328354542E-002                  5.1058577144763415E+000                  7.3035269023376710E+000                  4.1429084638972018E-039                  7.0279999481028244E-001                  3.0334925598172494E-005                  2.8496967026411935E-001                  2.1025988500795504E-003                  6.1630907196949872E-004                  5.7221218635412083E-003                  1.2718648985637696E-003                  2.4871053158459599E-003                  1.8589006494726816E-021                  0.0000000000000000E+000                  0.0000000000000000E+000 
                                     350                  8.4982981804171964E-001                 -2.6451766710083591E-002                  5.1111620727453975E+000                  7.3089425921898723E+000                  4.3815541207165445E-039                  7.0279999481028244E-001                  3.0334925598172514E-005                  2.8496967026411935E-001                  2.1025988500795504E-003                  6.1630907196949872E-004                  5.7221218635412083E-003                  1.2718648985637696E-003                  2.4871053158459599E-003                  1.9035550082740632E-021                  0.0000000000000000E+000                  0.0000000000000000E+000 
                                     351                  8.4982382083749863E-001                 -2.6586919259203475E-002                  5.1164705393980494E+000                  7.3143638842565544E+000                  4.6337826916132410E-039                  7.0279999481028244E-001                  3.0334925598172541E-005                  2.8496967026411935E-001                  2.1025988500795504E-003                  6.1630907196949872E-004                  5.7221218635412083E-003                  1.2718648985637696E-003                  2.4871053158459599E-003                  1.9492697229354376E-021                  0.0000000000000000E+000                  0.0000000000000000E+000 
                                     352                  8.4981761676016454E-001                 -2.6723812358519890E-002                  5.1217834107088773E+000                  7.3197908841744077E+000                  4.9003559742427135E-039                  7.0279999481028244E-001                  3.0334925598172565E-005                  2.8496967026411935E-001                  2.1025988500795504E-003                  6.1630907196949872E-004                  5.7221218635412083E-003                  1.2718648985637696E-003                  2.4871053158459599E-003                  1.9960693132954746E-021                  0.0000000000000000E+000                  0.0000000000000000E+000 
                                     353                  8.4981119877202416E-001                 -2.6862470805565371E-002                  5.1271009850729072E+000                  7.3252236205986518E+000                  5.1820786436170867E-039                  7.0279999481028244E-001                  3.0334925598172592E-005                  2.8496967026411935E-001                  2.1025988500795504E-003                  6.1630907196949872E-004                  5.7221218635412083E-003                  1.2718648985637696E-003                  2.4871053158459599E-003                  2.0439792302390951E-021                  0.0000000000000000E+000                  0.0000000000000000E+000 
                                     354                  8.4980455960017676E-001                 -2.7002919796053557E-002                  5.1324235606967603E+000                  7.3306619392048322E+000                  5.4798021137270725E-039                  7.0279999481028244E-001                  3.0334925598172619E-005                  2.8496967026411935E-001                  2.1025988500795504E-003                  6.1630907196949872E-004                  5.7221218635412083E-003                  1.2718648985637696E-003                  2.4871053158459599E-003                  2.0930264657396426E-021                  0.0000000000000000E+000                  0.0000000000000000E+000 
                                     355                  8.4979769172884001E-001                 -2.7145184871178545E-002                  5.1377514346687088E+000                  7.3361056779459322E+000                  5.7944252826579428E-039                  7.0279999481028244E-001                  3.0334925598172643E-005                  2.8496967026411935E-001                  2.1025988500795504E-003                  6.1630907196949872E-004                  5.7221218635412083E-003                  1.2718648985637696E-003                  2.4871053158459599E-003                  2.1432387526940586E-021                  0.0000000000000000E+000                  0.0000000000000000E+000 
                                     356                  8.4979058739142455E-001                 -2.7289291919326528E-002                  5.1430849032215198E+000                  7.3415546989948499E+000                  6.1268966817322107E-039                  7.0279999481028244E-001                  3.0334925598172670E-005                  2.8496967026411935E-001                  2.1025988500795504E-003                  6.1630907196949872E-004                  5.7221218635412083E-003                  1.2718648985637696E-003                  2.4871053158459599E-003                  2.1946444069300201E-021                  0.0000000000000000E+000                  0.0000000000000000E+000 
                                     357                  8.4978323856238558E-001                 -2.7435267188398775E-002                  5.1484242566604514E+000                  7.3470090806550186E+000                  6.4782143276348722E-039                  7.0279999481028244E-001                  3.0334925598172697E-005                  2.8496967026411935E-001                  2.1025988500795504E-003                  6.1630907196949872E-004                  5.7221218635412083E-003                  1.2718648985637696E-003                  2.4871053158459599E-003                  2.2472712697691863E-021                  0.0000000000000000E+000                  0.0000000000000000E+000 
                                     358                  8.4977563694878300E-001                 -2.7583137364054836E-002                  5.1537697696604781E+000                  7.3524690178334167E+000                  6.8494292490565914E-039                  7.0279999481028244E-001                  3.0334925598172724E-005                  2.8496967026411935E-001                  2.1025988500795504E-003                  6.1630907196949872E-004                  5.7221218635412083E-003                  1.2718648985637696E-003                  2.4871053158459599E-003                  2.3011471460883338E-021                  0.0000000000000000E+000                  0.0000000000000000E+000 
                                     359                  8.4976777398158920E-001                 -2.7732929618483105E-002                  5.1591216962057587E+000                  7.3579346212605090E+000                  7.2416512581907278E-039                  7.0279999481028244E-001                  3.0334925598172751E-005                  2.8496967026411935E-001                  2.1025988500795504E-003                  6.1630907196949872E-004                  5.7221218635412083E-003                  1.2718648985637696E-003                  2.4871053158459599E-003                  2.3563009140763598E-021                  0.0000000000000000E+000                  0.0000000000000000E+000 
                                     360                  8.4975964080672706E-001                 -2.7884671591829790E-002                  5.1644802684210926E+000                  7.3634059127813725E+000                  7.6560524875619380E-039                  7.0279999481028244E-001                  3.0334925598172782E-005                  2.8496967026411935E-001                  2.1025988500795504E-003                  6.1630907196949872E-004                  5.7221218635412083E-003                  1.2718648985637696E-003                  2.4871053158459599E-003                  2.4127626249519713E-021                  0.0000000000000000E+000                  0.0000000000000000E+000 
                                     361                  8.4975122827582172E-001                 -2.8038391370306774E-002                  5.1698456921891260E+000                  7.3688828802938549E+000                  8.0938700669188819E-039                  7.0279999481028244E-001                  3.0334925598172809E-005                  2.8496967026411935E-001                  2.1025988500795504E-003                  6.1630907196949872E-004                  5.7221218635412083E-003                  1.2718648985637696E-003                  2.4871053158459599E-003                  2.4705632439274654E-021                  0.0000000000000000E+000                  0.0000000000000000E+000 
                                     362                  8.4974252693666308E-001                 -2.8194117482161312E-002                  5.1752181416807348E+000                  7.3743655275489948E+000                  8.5564087912749769E-039                  7.0279999481028244E-001                  3.0334925598172839E-005                  2.8496967026411935E-001                  2.1025988500795504E-003                  6.1630907196949872E-004                  5.7221218635412083E-003                  1.2718648985637696E-003                  2.4871053158459599E-003                  2.5297343775142577E-021                  0.0000000000000000E+000                  0.0000000000000000E+000 
                                     363                  8.4973352702336957E-001                 -2.8351878911108481E-002                  5.1805977571147137E+000                  7.3798538715235038E+000                  9.0450447505130165E-039                  7.0279999481028244E-001                  3.0334925598172873E-005                  2.8496967026411935E-001                  2.1025988500795504E-003                  6.1630907196949872E-004                  5.7221218635412083E-003                  1.2718648985637696E-003                  2.4871053158459599E-003                  2.5903082952015906E-021                  0.0000000000000000E+000                  0.0000000000000000E+000 
                                     364                  8.4972421844624979E-001                 -2.8511705109326223E-002                  5.1859846409474146E+000                  7.3853478926332414E+000                  9.5612301915302065E-039                  7.0279999481028244E-001                  3.0334925598172904E-005                  2.8496967026411935E-001                  2.1025988500795504E-003                  6.1630907196949872E-004                  5.7221218635412083E-003                  1.2718648985637696E-003                  2.4871053158459599E-003                  2.6523182651865866E-021                  0.0000000000000000E+000                  0.0000000000000000E+000 
                                     365                  8.4971459078135581E-001                 -2.8673625992369393E-002                  5.1913788462119159E+000                  7.3908474232995669E+000                  1.0106500389561507E-038                  7.0279999481028244E-001                  3.0334925598172934E-005                  2.8496967026411935E-001                  2.1025988500795504E-003                  6.1630907196949872E-004                  5.7221218635412083E-003                  1.2718648985637696E-003                  2.4871053158459599E-003                  2.7157993593197132E-021                  0.0000000000000000E+000                  0.0000000000000000E+000 
                                     366                  8.4970463325970857E-001                 -2.8837671891262216E-002                  5.1967803666705263E+000                  7.3963522059852043E+000                  1.0682477487102913E-038                  7.0279999481028244E-001                  3.0334925598172968E-005                  2.8496967026411935E-001                  2.1025988500795504E-003                  6.1630907196949872E-004                  5.7221218635412083E-003                  1.2718648985637696E-003                  2.4871053158459599E-003                  2.7807881919002411E-021                  0.0000000000000000E+000                  0.0000000000000000E+000 
                                     367                  8.4969433475619149E-001                 -2.9003873523264386E-002                  5.2021891356061838E+000                  7.4018619097497496E+000                  1.1290875319685020E-038                  7.0279999481028244E-001                  3.0334925598172999E-005                  2.8496967026411935E-001                  2.1025988500795504E-003                  6.1630907196949872E-004                  5.7221218635412083E-003                  1.2718648985637696E-003                  2.4871053158459599E-003                  2.8473229054818391E-021                  0.0000000000000000E+000                  0.0000000000000000E+000 
                                     368                  8.4968368377809644E-001                 -2.9172261966828050E-002                  5.2076050272063270E+000                  7.4073760246110583E+000                  1.1933507806223003E-038                  7.0279999481028244E-001                  3.0334925598173033E-005                  2.8496967026411935E-001                  2.1025988500795504E-003                  6.1630907196949872E-004                  5.7221218635412083E-003                  1.2718648985637696E-003                  2.4871053158459599E-003                  2.9154440380782299E-021                  0.0000000000000000E+000                  0.0000000000000000E+000 
                                     369                  8.4967266845331557E-001                 -2.9342868593144084E-002                  5.2130278592157797E+000                  7.4128938240095010E+000                  1.2612296713382164E-038                  7.0279999481028244E-001                  3.0334925598173070E-005                  2.8496967026411935E-001                  2.1025988500795504E-003                  6.1630907196949872E-004                  5.7221218635412083E-003                  1.2718648985637696E-003                  2.4871053158459599E-003                  2.9851949997990571E-021                  0.0000000000000000E+000                  0.0000000000000000E+000 
                                     370                  8.4966127651816692E-001                 -2.9515724978004594E-002                  5.2184573946390778E+000                  7.4184145011433005E+000                  1.3329274987309236E-038                  7.0279999481028244E-001                  3.0334925598173104E-005                  2.8496967026411935E-001                  2.1025988500795504E-003                  6.1630907196949872E-004                  5.7221218635412083E-003                  1.2718648985637696E-003                  2.4871053158459599E-003                  3.0566212705990968E-021                  0.0000000000000000E+000                  0.0000000000000000E+000 
                                     371                  8.4964949530484213E-001                 -2.9690862862717084E-002                  5.2238933457316268E+000                  7.4239372284904706E+000                  1.4086591778620149E-038                  7.0279999481028244E-001                  3.0334925598173138E-005                  2.8496967026411935E-001                  2.1025988500795504E-003                  6.1630907196949872E-004                  5.7221218635412083E-003                  1.2718648985637696E-003                  2.4871053158459599E-003                  3.1297700636325816E-021                  0.0000000000000000E+000                  0.0000000000000000E+000 
                                     372                  8.4963731172846801E-001                 -2.9868314136810247E-002                  5.2293354121030955E+000                  7.4294615301840672E+000                  1.4886506581520677E-038                  7.0279999481028244E-001                  3.0334925598173175E-005                  2.8496967026411935E-001                  2.1025988500795504E-003                  6.1630907196949872E-004                  5.7221218635412083E-003                  1.2718648985637696E-003                  2.4871053158459599E-003                  3.2046874081113233E-021                  0.0000000000000000E+000                  0.0000000000000000E+000 
                                     373                  8.4962471227376613E-001                 -3.0048110973917384E-002                  5.2347833354229794E+000                  7.4349871563132979E+000                  1.5731397490369911E-038                  7.0279999481028244E-001                  3.0334925598173212E-005                  2.8496967026411935E-001                  2.1025988500795504E-003                  6.1630907196949872E-004                  5.7221218635412083E-003                  1.2718648985637696E-003                  2.4871053158459599E-003                  3.2814189035605067E-021                  0.0000000000000000E+000                  0.0000000000000000E+000 
                                     374                  8.4961168298130907E-001                 -3.0230285924136124E-002                  5.2402369196166214E+000                  7.4405138808117215E+000                  1.6623773753332411E-038                  7.0279999481028244E-001                  3.0334925598173249E-005                  2.8496967026411935E-001                  2.1025988500795504E-003                  6.1630907196949872E-004                  5.7221218635412083E-003                  1.2718648985637696E-003                  2.4871053158459599E-003                  3.3600112476798022E-021                  0.0000000000000000E+000                  0.0000000000000000E+000 
                                     375                  8.4959820943336795E-001                 -3.0414871926564314E-002                  5.2456960518280376E+000                  7.4460414585462313E+000                  1.7566284551036787E-038                  7.0279999481028244E-001                  3.0334925598173287E-005                  2.8496967026411935E-001                  2.1025988500795504E-003                  6.1630907196949872E-004                  5.7221218635412083E-003                  1.2718648985637696E-003                  2.4871053158459599E-003                  3.4405126239762126E-021                  0.0000000000000000E+000                  0.0000000000000000E+000 
                                     376                  8.4958427673933434E-001                 -3.0601902303983561E-002                  5.2511607968777660E+000                  7.4515696466280623E+000                  1.8561725989500496E-038                  7.0279999481028244E-001                  3.0334925598173327E-005                  2.8496967026411935E-001                  2.1025988500795504E-003                  6.1630907196949872E-004                  5.7221218635412083E-003                  1.2718648985637696E-003                  2.4871053158459599E-003                  3.5229725739535616E-021                  0.0000000000000000E+000                  0.0000000000000000E+000 
                                     377                  8.4956986952069802E-001                 -3.0791410766267249E-002                  5.2566314888561605E+000                  7.4570985303498034E+000                  1.9613034500516033E-038                  7.0279999481028244E-001                  3.0334925598173368E-005                  2.8496967026411935E-001                  2.1025988500795504E-003                  6.1630907196949872E-004                  5.7221218635412083E-003                  1.2718648985637696E-003                  2.4871053158459599E-003                  3.6074390727862212E-021                  0.0000000000000000E+000                  0.0000000000000000E+000 
                                     378                  8.4955497189556595E-001                 -3.0983431557951892E-002                  5.2621087463661524E+000                  7.4626285912835160E+000                  2.0723288000871222E-038                  7.0279999481028244E-001                  3.0334925598173409E-005                  2.8496967026411935E-001                  2.1025988500795504E-003                  6.1630907196949872E-004                  5.7221218635412083E-003                  1.2718648985637696E-003                  2.4871053158459599E-003                  3.6939575726507694E-021                  0.0000000000000000E+000                  0.0000000000000000E+000 
                                     379                  8.4953956746271098E-001                 -3.1177999645971181E-002                  5.2675934085023952E+000                  7.4681606121708590E+000                  2.1895713954253707E-038                  7.0279999481028244E-001                  3.0334925598173449E-005                  2.8496967026411935E-001                  2.1025988500795504E-003                  6.1630907196949872E-004                  5.7221218635412083E-003                  1.2718648985637696E-003                  2.4871053158459599E-003                  3.7825714865777888E-021                  0.0000000000000000E+000                  0.0000000000000000E+000 
                                     380                  8.4952363928513497E-001                 -3.1375150876299489E-002                  5.2730863858721966E+000                  7.4736954652370322E+000                  2.3133704824425328E-038                  7.0279999481028244E-001                  3.0334925598173493E-005                  2.8496967026411935E-001                  2.1025988500795504E-003                  6.1630907196949872E-004                  5.7221218635412083E-003                  1.2718648985637696E-003                  2.4871053158459599E-003                  3.8733239158546782E-021                  0.0000000000000000E+000                  0.0000000000000000E+000 
                                     381                  8.4950716987313357E-001                 -3.1574922042922317E-002                  5.2785885682383844E+000                  7.4792340097294208E+000                  2.4440830888711262E-038                  7.0279999481028244E-001                  3.0334925598173534E-005                  2.8496967026411935E-001                  2.1025988500795504E-003                  6.1630907196949872E-004                  5.7221218635412083E-003                  1.2718648985637696E-003                  2.4871053158459599E-003                  3.9662585604432690E-021                  0.0000000000000000E+000                  0.0000000000000000E+000 
                                     382                  8.4949014116684640E-001                 -3.1777350912654094E-002                  5.2841008107644383E+000                  7.4847771057975221E+000                  2.5820848240444513E-038                  7.0279999481028244E-001                  3.0334925598173581E-005                  2.8496967026411935E-001                  2.1025988500795504E-003                  6.1630907196949872E-004                  5.7221218635412083E-003                  1.2718648985637696E-003                  2.4871053158459599E-003                  4.0614195760962981E-021                  0.0000000000000000E+000                  0.0000000000000000E+000 
                                     383                  8.4947253451827942E-001                 -3.1982476257081359E-002                  5.2896238446359272E+000                  7.4903256548428976E+000                  2.7277705232373765E-038                  7.0279999481028244E-001                  3.0334925598173625E-005                  2.8496967026411935E-001                  2.1025988500795504E-003                  6.1630907196949872E-004                  5.7221218635412083E-003                  1.2718648985637696E-003                  2.4871053158459599E-003                  4.1588511287141426E-021                  0.0000000000000000E+000                  0.0000000000000000E+000 
                                     384                  8.4945433067279297E-001                 -3.2190337904850999E-002                  5.2951581497086293E+000                  7.4958803046556692E+000                  2.8815570621467178E-038                  7.0279999481028244E-001                  3.0334925598173673E-005                  2.8496967026411935E-001                  2.1025988500795504E-003                  6.1630907196949872E-004                  5.7221218635412083E-003                  1.2718648985637696E-003                  2.4871053158459599E-003                  4.2586005011584449E-021                  0.0000000000000000E+000                  0.0000000000000000E+000 
                                     385                  8.4943550975005866E-001                 -3.2400976653280691E-002                  5.3007039069225073E+000                  7.5014412833189059E+000                  3.0438859588853080E-038                  7.0279999481028244E-001                  3.0334925598173717E-005                  2.8496967026411935E-001                  2.1025988500795504E-003                  6.1630907196949872E-004                  5.7221218635412083E-003                  1.2718648985637696E-003                  2.4871053158459599E-003                  4.3607202431964160E-021                  0.0000000000000000E+000                  0.0000000000000000E+000 
                                     386                  8.4941605122445907E-001                 -3.2614434091140079E-002                  5.3062610227888269E+000                  7.5070084441512188E+000                  7.3968417812257392E-038                  7.0279999481028244E-001                  3.0334925598173764E-005                  2.8496967026411935E-001                  2.1025988500795504E-003                  6.1630907196949872E-004                  5.7221218635412083E-003                  1.2718648985637696E-003                  2.4871053158459599E-003                  5.5635166864119849E-021                  0.0000000000000000E+000                  0.0000000000000000E+000 
                                     387                  8.4939593390490375E-001                 -3.2830752430797909E-002                  5.3118292340577842E+000                  7.5125814657684060E+000                  1.8895635015329100E-037                  7.0279999481028244E-001                  3.0334925598173815E-005                  2.8496967026411935E-001                  2.1025988500795504E-003                  6.1630907196949872E-004                  5.7221218635412083E-003                  1.2718648985637696E-003                  2.4871053158459599E-003                  7.1919880640202875E-021                  0.0000000000000000E+000                  0.0000000000000000E+000 
                                     388                  8.4937513591404501E-001                 -3.3049974429261178E-002                  5.3174081997718883E+000                  7.5181599917100215E+000                  4.8166321649403291E-037                  7.0279999481028244E-001                  3.0334925598173866E-005                  2.8496967026411935E-001                  2.1025988500795504E-003                  6.1630907196949872E-004                  5.7221218635412083E-003                  1.2718648985637696E-003                  2.4871053158459599E-003                  9.2914526755728353E-021                  0.0000000000000000E+000                  0.0000000000000000E+000 
                                     389                  8.4935363466687475E-001                 -3.3272143374821039E-002                  5.3229975149128697E+000                  7.5237436238127868E+000                  1.2250745569583335E-036                  7.0279999481028244E-001                  3.0334925598173917E-005                  2.8496967026411935E-001                  2.1025988500795504E-003                  6.1630907196949872E-004                  5.7221218635412083E-003                  1.2718648985637696E-003                  2.4871053158459599E-003                  1.1996261062115426E-020                  0.0000000000000000E+000                  0.0000000000000000E+000 
                                     390                  8.4933140684868635E-001                 -3.3497303069000776E-002                  5.3285967379330481E+000                  7.5293317492010710E+000                  3.1087590172515671E-036                  7.0279999481028244E-001                  3.0334925598173968E-005                  2.8496967026411935E-001                  2.1025988500795504E-003                  6.1630907196949872E-004                  5.7221218635412083E-003                  1.2718648985637696E-003                  2.4871053158459599E-003                  1.5478471518918683E-020                  0.0000000000000000E+000                  0.0000000000000000E+000 
                                     391                  8.4930842839238352E-001                 -3.3725497716020618E-002                  5.3342054438434827E+000                  7.5349236000858921E+000                  7.8702298582369252E-036                  7.0279999481028244E-001                  3.0334925598174022E-005                  2.8496967026411935E-001                  2.1025988500795504E-003                  6.1630907196949872E-004                  5.7221218635412083E-003                  1.2718648985637696E-003                  2.4871053158459599E-003                  1.9958273513223515E-020                  0.0000000000000000E+000                  0.0000000000000000E+000 
                                     392                  8.4928467445511624E-001                 -3.3956771836306153E-002                  5.3398232526238996E+000                  7.5405184622261219E+000                  1.9876386526732584E-035                  7.0279999481028244E-001                  3.0334925598174076E-005                  2.8496967026411935E-001                  2.1025988500795504E-003                  6.1630907196949872E-004                  5.7221218635412083E-003                  1.2718648985637696E-003                  2.4871053158459599E-003                  2.5717238822715210E-020                  0.0000000000000000E+000                  0.0000000000000000E+000 
                                     393                  8.4926011939422885E-001                 -3.4191170286549270E-002                  5.3454498323840722E+000                  7.5461157040651488E+000                  5.0074258026068115E-035                  7.0279999481028244E-001                  3.0334925598174130E-005                  2.8496967026411935E-001                  2.1025988500795504E-003                  6.1630907196949872E-004                  5.7221218635412083E-003                  1.2718648985637696E-003                  2.4871053158459599E-003                  3.3115155299163476E-020                  0.0000000000000000E+000                  0.0000000000000000E+000 
                                     394                  8.4923473674253291E-001                 -3.4428738297136531E-002                  5.3510849007413981E+000                  7.5517148055078236E+000                  1.2583447454312226E-034                  7.0279999481028244E-001                  3.0334925598174184E-005                  2.8496967026411935E-001                  2.1025988500795504E-003                  6.1630907196949872E-004                  5.7221218635412083E-003                  1.2718648985637696E-003                  2.4871053158459599E-003                  4.2611401651095862E-020                  0.0000000000000000E+000                  0.0000000000000000E+000 
                                     395                  8.4920849918289065E-001                 -3.4669521528121763E-002                  5.3567282247180499E+000                  7.5573153391206427E+000                  3.1541136299247998E-034                  7.0279999481028244E-001                  3.0334925598174242E-005                  2.8496967026411935E-001                  2.1025988500795504E-003                  6.1630907196949872E-004                  5.7221218635412083E-003                  1.2718648985637696E-003                  2.4871053158459599E-003                  5.4792074147713507E-020                  0.0000000000000000E+000                  0.0000000000000000E+000 
                                     396                  8.4918137852206843E-001                 -3.4913566118429891E-002                  5.3623796180113530E+000                  7.5629169584006180E+000                  7.8856140408603113E-034                  7.0279999481028244E-001                  3.0334925598174300E-005                  2.8496967026411935E-001                  2.1025988500795504E-003                  6.1630907196949872E-004                  5.7221218635412083E-003                  1.2718648985637696E-003                  2.4871053158459599E-003                  7.0404382131581081E-020                  0.0000000000000000E+000                  0.0000000000000000E+000 
                                     397                  8.4915334566382994E-001                 -3.5160918731626481E-002                  5.3680389282501570E+000                  7.5685194109328364E+000                  1.9663660501977937E-033                  7.0279999481028244E-001                  3.0334925598174361E-005                  2.8496967026411935E-001                  2.1025988500795504E-003                  6.1630907196949872E-004                  5.7221218635412083E-003                  1.2718648985637696E-003                  2.4871053158459599E-003                  9.0400191722363331E-020                  0.0000000000000000E+000                  0.0000000000000000E+000 
                                     398                  8.4912437058125279E-001                 -3.5411626612223183E-002                  5.3737060152934104E+000                  7.5741224581027300E+000                  4.8905198023891154E-033                  7.0279999481028244E-001                  3.0334925598174418E-005                  2.8496967026411935E-001                  2.1025988500795504E-003                  6.1630907196949872E-004                  5.7221218635412083E-003                  1.2718648985637696E-003                  2.4871053158459599E-003                  1.1599109494500644E-019                  0.0000000000000000E+000                  0.0000000000000000E+000 
                                     399                  8.4909442228824383E-001                 -3.5665737598581604E-002                  5.3793807397928282E+000                  7.5797257807509837E+000                  1.2131069235917027E-032                  7.0279999481028244E-001                  3.0334925598174483E-005                  2.8496967026411935E-001                  2.1025988500795504E-003                  6.1630907196949872E-004                  5.7221218635412083E-003                  1.2718648985637696E-003                  2.4871053158459599E-003                  1.4871804169409520E-019                  0.0000000000000000E+000                  0.0000000000000000E+000 
                                     400                  8.4906346881023254E-001                 -3.5923300080374705E-002                  5.3850629640630387E+000                  7.5853290046076998E+000                  3.0011545315621399E-032                  7.0279999481028244E-001                  3.0334925598174544E-005                  2.8496967026411935E-001                  2.1025988500795504E-003                  6.1630907196949872E-004                  5.7221218635412083E-003                  1.2718648985637696E-003                  2.4871053158459599E-003                  1.9053931196528422E-019                  0.0000000000000000E+000                  0.0000000000000000E+000 
                                     401                  8.4903147715401950E-001                 -3.6184362968052546E-002                  5.3907525522124740E+000                  7.5909318338444312E+000                  7.4048259689866733E-032                  7.0279999481028244E-001                  3.0334925598174608E-005                  2.8496967026411935E-001                  2.1025988500795504E-003                  6.1630907196949872E-004                  5.7221218635412083E-003                  1.2718648985637696E-003                  2.4871053158459599E-003                  2.4394147957326362E-019                  0.0000000000000000E+000                  0.0000000000000000E+000 
                                     402                  8.4899841327676406E-001                 -3.6448975741320631E-002                  5.3964493695410347E+000                  7.5965340687307110E+000                  1.8220944549902529E-031                  7.0279999481028244E-001                  3.0334925598174676E-005                  2.8496967026411935E-001                  2.1025988500795504E-003                  6.1630907196949872E-004                  5.7221218635412083E-003                  1.2718648985637696E-003                  2.4871053158459599E-003                  3.1207932871447146E-019                  0.0000000000000000E+000                  0.0000000000000000E+000 
                                     403                  8.4896424205413223E-001                 -3.6717188511628536E-002                  5.4021532844077225E+000                  7.6021355704518925E+000                  4.4714549570224158E-031                  7.0279999481028244E-001                  3.0334925598174744E-005                  2.8496967026411935E-001                  2.1025988500795504E-003                  6.1630907196949872E-004                  5.7221218635412083E-003                  1.2718648985637696E-003                  2.4871053158459599E-003                  3.9895216968514093E-019                  0.0000000000000000E+000                  0.0000000000000000E+000 
                                     404                  8.4892892724759306E-001                 -3.6989052066615485E-002                  5.4078641716816396E+000                  7.6077361842569449E+000                  1.0943139419739200E-030                  7.0279999481028244E-001                  3.0334925598174811E-005                  2.8496967026411935E-001                  2.1025988500795504E-003                  6.1630907196949872E-004                  5.7221218635412083E-003                  1.2718648985637696E-003                  2.4871053158459599E-003                  5.0962590797183923E-019                  0.0000000000000000E+000                  0.0000000000000000E+000 
                                     405                  8.4889243147079851E-001                 -3.7264617868422022E-002                  5.4135819157484963E+000                  7.6133356942214521E+000                  2.6708163541892694E-030                  7.0279999481028244E-001                  3.0334925598174879E-005                  2.8496967026411935E-001                  2.1025988500795504E-003                  6.1630907196949872E-004                  5.7221218635412083E-003                  1.2718648985637696E-003                  2.4871053158459599E-003                  6.5051247595392396E-019                  0.0000000000000000E+000                  0.0000000000000000E+000 
                                     406                  8.4885471615502073E-001                 -3.7543938022301118E-002                  5.4193064108513349E+000                  7.6189338902046204E+000                  6.5005449575301664E-030                  7.0279999481028244E-001                  3.0334925598174950E-005                  2.8496967026411935E-001                  2.1025988500795504E-003                  6.1630907196949872E-004                  5.7221218635412083E-003                  1.2718648985637696E-003                  2.4871053158459599E-003                  8.2972093509851182E-019                  0.0000000000000000E+000                  0.0000000000000000E+000 
                                     407                  8.4881574151361705E-001                 -3.7827065286265962E-002                  5.4250375591099305E+000                  7.6245305578434266E+000                  1.5778094296531525E-029                  7.0279999481028244E-001                  3.0334925598175025E-005                  2.8496967026411935E-001                  2.1025988500795504E-003                  6.1630907196949872E-004                  5.7221218635412083E-003                  1.2718648985637696E-003                  2.4871053158459599E-003                  1.0574984590440612E-018                  0.0000000000000000E+000                  0.0000000000000000E+000 
                                     408                  8.4877546650550262E-001                 -3.8114053074385680E-002                  5.4307752670414962E+000                  7.6301253940781395E+000                  3.8190386448223979E-029                  7.0279999481028244E-001                  3.0334925598175099E-005                  2.8496967026411935E-001                  2.1025988500795504E-003                  6.1630907196949872E-004                  5.7221218635412083E-003                  1.2718648985637696E-003                  2.4871053158459599E-003                  1.3467838693079666E-018                  0.0000000000000000E+000                  0.0000000000000000E+000 
                                     409                  8.4873384879759839E-001                 -3.8404955403295006E-002                  5.4365194429802521E+000                  7.6357180707332430E+000                  9.2181642916109607E-029                  7.0279999481028244E-001                  3.0334925598175174E-005                  2.8496967026411935E-001                  2.1025988500795504E-003                  6.1630907196949872E-004                  5.7221218635412083E-003                  1.2718648985637696E-003                  2.4871053158459599E-003                  1.7139013293751996E-018                  0.0000000000000000E+000                  0.0000000000000000E+000 
                                     410                  8.4869084472623335E-001                 -3.8699826877794552E-002                  5.4422699972483644E+000                  7.6413082919797102E+000                  2.2188188591918368E-028                  7.0279999481028244E-001                  3.0334925598175252E-005                  2.8496967026411935E-001                  2.1025988500795504E-003                  6.1630907196949872E-004                  5.7221218635412083E-003                  1.2718648985637696E-003                  2.4871053158459599E-003                  2.1794292515057611E-018                  0.0000000000000000E+000                  0.0000000000000000E+000 
                                     411                  8.4864640925751145E-001                 -3.8998722714718083E-002                  5.4480268438935111E+000                  7.6468958998475820E+000                  5.3257751581456314E-028                  7.0279999481028244E-001                  3.0334925598175330E-005                  2.8496967026411935E-001                  2.1025988500795504E-003                  6.1630907196949872E-004                  5.7221218635412083E-003                  1.2718648985637696E-003                  2.4871053158459599E-003                  2.7692873962572574E-018                  0.0000000000000000E+000                  0.0000000000000000E+000 
                                     412                  8.4860049594667031E-001                 -3.9301698841815440E-002                  5.4537899029048624E+000                  7.6524808530671056E+000                  1.2747471877896545E-027                  7.0279999481028244E-001                  3.0334925598175411E-005                  2.8496967026411935E-001                  2.1025988500795504E-003                  6.1630907196949872E-004                  5.7221218635412083E-003                  1.2718648985637696E-003                  2.4871053158459599E-003                  3.5160967341400175E-018                  0.0000000000000000E+000                  0.0000000000000000E+000 
                                     413                  8.4855305689635452E-001                 -3.9608811988189489E-002                  5.4595591008689741E+000                  7.6580630588136680E+000                  3.0425870075734109E-027                  7.0279999481028244E-001                  3.0334925598175492E-005                  2.8496967026411935E-001                  2.1025988500795504E-003                  6.1630907196949872E-004                  5.7221218635412083E-003                  1.2718648985637696E-003                  2.4871053158459599E-003                  4.4608801946884035E-018                  0.0000000000000000E+000                  0.0000000000000000E+000 
                                     414                  8.4850404271375424E-001                 -3.9920119659851490E-002                  5.4653343711424718E+000                  7.6636423470606667E+000                  7.2416492324122912E-027                  7.0279999481028244E-001                  3.0334925598175574E-005                  2.8496967026411935E-001                  2.1025988500795504E-003                  6.1630907196949872E-004                  5.7221218635412083E-003                  1.2718648985637696E-003                  2.4871053158459599E-003                  5.6551861495255621E-018                  0.0000000000000000E+000                  0.0000000000000000E+000 
                                     415                  8.4845340246657719E-001                 -4.0235680094316252E-002                  5.4711156588248935E+000                  7.6692184758150823E+000                  1.7187248681893876E-026                  7.0279999481028232E-001                  3.0334925598175658E-005                  2.8496967026411935E-001                  2.1025988500795504E-003                  6.1630907196949872E-004                  5.7221218635412083E-003                  1.2718648985637696E-003                  2.4871053158459599E-003                  7.1637394149071902E-018                  0.0000000000000000E+000                  0.0000000000000000E+000 
                                     416                  8.4840108363782674E-001                 -4.0555552215344785E-002                  5.4769029258046169E+000                  7.6747912487913048E+000                  4.0677046305209125E-026                  7.0279999481028232E-001                  3.0334925598175743E-005                  2.8496967026411935E-001                  2.1025988500795504E-003                  6.1630907196949872E-004                  5.7221218635412083E-003                  1.2718648985637696E-003                  2.4871053158459599E-003                  9.0677460112620685E-018                  0.0000000000000000E+000                  0.0000000000000000E+000 
                                     417                  8.4834703207935247E-001                 -4.0879795671969421E-002                  5.4826961501325870E+000                  7.6803605337292407E+000                  9.5999156210948301E-026                  7.0279999481028232E-001                  3.0334925598175834E-005                  2.8496967026411935E-001                  2.1025988500795504E-003                  6.1630907196949872E-004                  5.7221218635412083E-003                  1.2718648985637696E-003                  2.4871053158459599E-003                  1.1469011008063663E-017                  0.0000000000000000E+000                  0.0000000000000000E+000 
                                     418                  8.4829119196414871E-001                 -4.1208470893701457E-002                  5.4884953253748687E+000                  7.6859261944594239E+000                  2.2592388976890165E-025                  7.0279999481028232E-001                  3.0334925598175923E-005                  2.8496967026411935E-001                  2.1025988500795504E-003                  6.1630907196949872E-004                  5.7221218635412083E-003                  1.2718648985637696E-003                  2.4871053158459599E-003                  1.4495068335853986E-017                  0.0000000000000000E+000                  0.0000000000000000E+000 
                                     419                  8.4823350573742295E-001                 -4.1541639096972754E-002                  5.4943004623095364E+000                  7.6914880759620363E+000                  5.3019588805206619E-025                  7.0279999481028232E-001                  3.0334925598176014E-005                  2.8496967026411935E-001                  2.1025988500795504E-003                  6.1630907196949872E-004                  5.7221218635412083E-003                  1.2718648985637696E-003                  2.4871053158459599E-003                  1.8305565595878912E-017                  0.0000000000000000E+000                  0.0000000000000000E+000 
                                     420                  8.4817391406645926E-001                 -4.1879362279861818E-002                  5.5001115899427573E+000                  7.6970460603547419E+000                  1.2407775507756837E-024                  7.0279999481028232E-001                  3.0334925598176109E-005                  2.8496967026411935E-001                  2.1025988500795504E-003                  6.1630907196949872E-004                  5.7221218635412083E-003                  1.2718648985637696E-003                  2.4871053158459599E-003                  2.3100202111001754E-017                  0.0000000000000000E+000                  0.0000000000000000E+000 
                                     421                  8.4811235578917687E-001                 -4.2221703260067016E-002                  5.5059287514929309E+000                  7.7026001065001148E+000                  2.8956055108152126E-024                  7.0279999481028232E-001                  3.0334925598176207E-005                  2.8496967026411935E-001                  2.1025988500795504E-003                  6.1630907196949872E-004                  5.7221218635412083E-003                  1.2718648985637696E-003                  2.4871053158459599E-003                  2.9128588215640389E-017                  0.0000000000000000E+000                  0.0000000000000000E+000 
                                     422                  8.4804876786132688E-001                 -4.2568725746650798E-002                  5.5117519878746561E+000                  7.7081503249732357E+000                  6.7387135648323295E-024                  7.0279999481028232E-001                  3.0334925598176305E-005                  2.8496967026411935E-001                  2.1025988500795504E-003                  6.1630907196949872E-004                  5.7221218635412083E-003                  1.2718648985637696E-003                  2.4871053158459599E-003                  3.6702461980111905E-017                  0.0000000000000000E+000                  0.0000000000000000E+000 
                                     423                  8.4798308530229427E-001                 -4.2920494476920173E-002                  5.5175813238014948E+000                  7.7136968191254098E+000                  1.5639038482339487E-023                  7.0279999481028232E-001                  3.0334925598176404E-005                  2.8496967026411935E-001                  2.1025988500795504E-003                  6.1630907196949872E-004                  5.7221218635412083E-003                  1.2718648985637696E-003                  2.4871053158459599E-003                  4.6210842803600884E-017                  0.0000000000000000E+000                  0.0000000000000000E+000 
                                     424                  8.4791524113946826E-001                 -4.3277075231538398E-002                  5.5234167689091382E+000                  7.7192396643483088E+000                  3.6194358696627321E-023                  7.0279999481028232E-001                  3.0334925598176502E-005                  2.8496967026411935E-001                  2.1025988500795504E-003                  6.1630907196949872E-004                  5.7221218635412083E-003                  1.2718648985637696E-003                  2.4871053158459599E-003                  5.8138809070893787E-017                  0.0000000000000000E+000                  0.0000000000000000E+000 
                                     425                  8.4784516635114293E-001                 -4.3638534832480189E-002                  5.5292583164589360E+000                  7.7247789671917468E+000                  8.3535472302512562E-023                  7.0279999481028232E-001                  3.0334925598176607E-005                  2.8496967026411935E-001                  2.1025988500795504E-003                  6.1630907196949872E-004                  5.7221218635412083E-003                  1.2718648985637696E-003                  2.4871053158459599E-003                  7.3090723362674251E-017                  0.0000000000000000E+000                  0.0000000000000000E+000 
                                     426                  8.4777278980793669E-001                 -4.4004941189794908E-002                  5.5351059363930704E+000                  7.7303148260934238E+000                  1.9226503224222039E-022                  7.0279999481028232E-001                  3.0334925598176715E-005                  2.8496967026411935E-001                  2.1025988500795504E-003                  6.1630907196949872E-004                  5.7221218635412083E-003                  1.2718648985637696E-003                  2.4871053158459599E-003                  9.1818939182883995E-017                  0.0000000000000000E+000                  0.0000000000000000E+000 
                                     427                  8.4769803821277734E-001                 -4.4376363317085145E-002                  5.5409595723434757E+000                  7.7358472677154575E+000                  4.4129361505469036E-022                  7.0279999481028232E-001                  3.0334925598176820E-005                  2.8496967026411935E-001                  2.1025988500795504E-003                  6.1630907196949872E-004                  5.7221218635412083E-003                  1.2718648985637696E-003                  2.4871053158459599E-003                  1.1525926588063036E-016                  0.0000000000000000E+000                  0.0000000000000000E+000 
                                     428                  8.4762083603939542E-001                 -4.4752871291845783E-002                  5.5468191459338172E+000                  7.7413761875536844E+000                  1.0100678601741225E-021                  7.0279999481028232E-001                  3.0334925598176932E-005                  2.8496967026411935E-001                  2.1025988500795504E-003                  6.1630907196949872E-004                  5.7221218635412083E-003                  1.2718648985637696E-003                  2.4871053158459599E-003                  1.4457476919989640E-016                  0.0000000000000000E+000                  0.0000000000000000E+000 
                                     429                  8.4754110546923001E-001                 -4.5134536159827612E-002                  5.5526845681451968E+000                  7.7469013199357439E+000                  2.3055063531336541E-021                  7.0279999481028232E-001                  3.0334925598177044E-005                  2.8496967026411935E-001                  2.1025988500795504E-003                  6.1630907196949872E-004                  5.7221218635412083E-003                  1.2718648985637696E-003                  2.4871053158459599E-003                  1.8120984853342915E-016                  0.0000000000000000E+000                  0.0000000000000000E+000 
                                     430                  8.4745876632670114E-001                 -4.5521429805105748E-002                  5.5585557472420088E+000                  7.7524224310746650E+000                  5.2477376889945704E-021                  7.0279999481028232E-001                  3.0334925598177159E-005                  2.8496967026411935E-001                  2.1025988500795504E-003                  6.1630907196949872E-004                  5.7221218635412083E-003                  1.2718648985637696E-003                  2.4871053158459599E-003                  2.2695681107451885E-016                  0.0000000000000000E+000                  0.0000000000000000E+000 
                                     431                  8.4737373601280219E-001                 -4.5913624984819053E-002                  5.5644325885556674E+000                  7.7579393358183983E+000                  1.1911459019317509E-020                  7.0279999481028232E-001                  3.0334925598177274E-005                  2.8496967026411935E-001                  2.1025988500795504E-003                  6.1630907196949872E-004                  5.7221218635412083E-003                  1.2718648985637696E-003                  2.4871053158459599E-003                  2.8403784687675874E-016                  0.0000000000000000E+000                  0.0000000000000000E+000 
                                     432                  8.4728592943696479E-001                 -4.6311195381194180E-002                  5.5703149985203497E+000                  7.7634518928265308E+000                  2.6961375159664305E-020                  7.0279999481028232E-001                  3.0334925598177393E-005                  2.8496967026411935E-001                  2.1025988500795504E-003                  6.1630907196949872E-004                  5.7221218635412083E-003                  1.2718648985637696E-003                  2.4871053158459599E-003                  3.5520592691484433E-016                  0.0000000000000000E+000                  0.0000000000000000E+000 
                                     433                  8.4719525894715686E-001                 -4.6714215652185732E-002                  5.5762028915196939E+000                  7.7689599772067401E+000                  6.0855674748204760E-020                  7.0279999481028232E-001                  3.0334925598177515E-005                  2.8496967026411935E-001                  2.1025988500795504E-003                  6.1630907196949872E-004                  5.7221218635412083E-003                  1.2718648985637696E-003                  2.4871053158459599E-003                  4.4386894091785736E-016                  0.0000000000000000E+000                  0.0000000000000000E+000 
                                     434                  8.4710163425822382E-001                 -4.7122761459278649E-002                  5.5820961917899998E+000                  7.7744634811655722E+000                  1.3697471908531405E-019                  7.0279999481028232E-001                  3.0334925598177640E-005                  2.8496967026411935E-001                  2.1025988500795504E-003                  6.1630907196949872E-004                  5.7221218635412083E-003                  1.2718648985637696E-003                  2.4871053158459599E-003                  5.5424219282543540E-016                  0.0000000000000000E+000                  0.0000000000000000E+000 
                                     435                  8.4700496237847100E-001                 -4.7536909497158192E-002                  5.5879948321706348E+000                  7.7799622971974065E+000                  3.0743897537171461E-019                  7.0279999481028232E-001                  3.0334925598177766E-005                  2.8496967026411935E-001                  2.1025988500795504E-003                  6.1630907196949872E-004                  5.7221218635412083E-003                  1.2718648985637696E-003                  2.4871053158459599E-003                  6.9153560725352533E-016                  0.0000000000000000E+000                  0.0000000000000000E+000 
                                     436                  8.4690514753439816E-001                 -4.7956737508462084E-002                  5.5938987524515085E+000                  7.7854562861357657E+000                  6.8810699507392184E-019                  7.0279999481028232E-001                  3.0334925598177894E-005                  2.8496967026411935E-001                  2.1025988500795504E-003                  6.1630907196949872E-004                  5.7221218635412083E-003                  1.2718648985637696E-003                  2.4871053158459599E-003                  8.6218341015760289E-016                  0.0000000000000000E+000                  0.0000000000000000E+000 
                                     437                  8.4680209109352544E-001                 -4.8382324267471750E-002                  5.5998078984839479E+000                  7.7909452969587472E+000                  1.5357883605532854E-018                  7.0279999481028232E-001                  3.0334925598178027E-005                  2.8496967026411935E-001                  2.1025988500795504E-003                  6.1630907196949872E-004                  5.7221218635412083E-003                  1.2718648985637696E-003                  2.4871053158459599E-003                  1.0741255977797506E-015                  0.0000000000000000E+000                  0.0000000000000000E+000 
                                     438                  8.4669569148525414E-001                 -4.8813749581576527E-002                  5.6057222219658707E+000                  7.7964291714010585E+000                  3.4181042709307638E-018                  7.0279999481028232E-001                  3.0334925598178159E-005                  2.8496967026411935E-001                  2.1025988500795504E-003                  6.1630907196949872E-004                  5.7221218635412083E-003                  1.2718648985637696E-003                  2.4871053158459599E-003                  1.3371527028520936E-015                  0.0000000000000000E+000                  0.0000000000000000E+000 
                                     439                  8.4658584411969506E-001                 -4.9251094296757253E-002                  5.6116416795659543E+000                  7.8019077515004041E+000                  7.5860950770935129E-018                  7.0279999481028232E-001                  3.0334925598178298E-005                  2.8496967026411935E-001                  2.1025988500795504E-003                  6.1630907196949872E-004                  5.7221218635412083E-003                  1.2718648985637696E-003                  2.4871053158459599E-003                  1.6633276841392464E-015                  0.0000000000000000E+000                  0.0000000000000000E+000 
                                     440                  8.4647244130433685E-001                 -4.9694440310441831E-002                  5.6175662319689526E+000                  7.8073808894363879E+000                  1.6789240576939483E-017                  7.0279999481028232E-001                  3.0334925598178437E-005                  2.8496967026411935E-001                  2.1025988500795504E-003                  6.1630907196949872E-004                  5.7221218635412083E-003                  1.2718648985637696E-003                  2.4871053158459599E-003                  2.0675017711649727E-015                  0.0000000000000000E+000                  0.0000000000000000E+000 
                                     441                  8.4635537215857581E-001                 -5.0143870594732527E-002                  5.6234958436400557E+000                  7.8128484501704225E+000                  3.7053105362387700E-017                  7.0279999481028232E-001                  3.0334925598178579E-005                  2.8496967026411935E-001                  2.1025988500795504E-003                  6.1630907196949872E-004                  5.7221218635412083E-003                  1.2718648985637696E-003                  2.4871053158459599E-003                  2.5679447724601495E-015                  0.0000000000000000E+000                  0.0000000000000000E+000 
                                     442                  8.4623452252620335E-001                 -5.0599469223302176E-002                  5.6294304826309656E+000                  7.8183103610308384E+000                  8.1545524002264103E-017                  7.0279999481028232E-001                  3.0334925598178725E-005                  2.8496967026411935E-001                  2.1025988500795504E-003                  6.1630907196949872E-004                  5.7221218635412083E-003                  1.2718648985637696E-003                  2.4871053158459599E-003                  3.1871142334782647E-015                  0.0000000000000000E+000                  0.0000000000000000E+000 
                                     443                  8.4610977488578265E-001                 -5.1061321452177053E-002                  5.6353701203792026E+000                  7.8237665962932326E+000                  1.7896122655956813E-016                  7.0279999481028232E-001                  3.0334925598178874E-005                  2.8496967026411935E-001                  2.1025988500795504E-003                  6.1630907196949872E-004                  5.7221218635412083E-003                  1.2718648985637696E-003                  2.4871053158459599E-003                  3.9525939197190108E-015                  0.0000000000000000E+000                  0.0000000000000000E+000 
                                     444                  8.4598100825885869E-001                 -5.1529513788739344E-002                  5.6413147318022467E+000                  7.8292171314458496E+000                  3.9165405844565877E-016                  7.0279999481028232E-001                  3.0334925598179026E-005                  2.8496967026411935E-001                  2.1025988500795504E-003                  6.1630907196949872E-004                  5.7221218635412083E-003                  1.2718648985637696E-003                  2.4871053158459599E-003                  4.8982381834915173E-015                  0.0000000000000000E+000                  0.0000000000000000E+000 
                                     445                  8.4584809811593853E-001                 -5.2004134014618293E-002                  5.6472642950758152E+000                  7.8346619123638233E+000                  8.5473791466919359E-016                  7.0279999481028232E-001                  3.0334925598179179E-005                  2.8496967026411935E-001                  2.1025988500795504E-003                  6.1630907196949872E-004                  5.7221218635412083E-003                  1.2718648985637696E-003                  2.4871053158459599E-003                  6.0655660484114215E-015                  0.0000000000000000E+000                  0.0000000000000000E+000 
                                     446                  8.4571091628006811E-001                 -5.2485271174980516E-002                  5.6532187904841473E+000                  7.8401008318273595E+000                  1.8601670313996224E-015                  7.0279999481028232E-001                  3.0334925598179338E-005                  2.8496967026411935E-001                  2.1025988500795504E-003                  6.1630907196949872E-004                  5.7221218635412083E-003                  1.2718648985637696E-003                  2.4871053158459599E-003                  7.5054581421728588E-015                  0.0000000000000000E+000                  0.0000000000000000E+000 
                                     447                  8.4556933082777708E-001                 -5.2973015539634460E-002                  5.6591781996522217E+000                  7.8455337901600304E+000                  4.0370267132482814E-015                  7.0279999481028232E-001                  3.0334925598179497E-005                  2.8496967026411935E-001                  2.1025988500795504E-003                  6.1630907196949872E-004                  5.7221218635412083E-003                  1.2718648985637696E-003                  2.4871053158459599E-003                  9.2802191408413353E-015                  0.0000000000000000E+000                  0.0000000000000000E+000 
                                     448                  8.4542320598768250E-001                 -5.3467458629482469E-002                  5.6651425057905431E+000                  7.8509607081360100E+000                  8.7370367973797885E-015                  7.0279999481028232E-001                  3.0334925598179660E-005                  2.8496967026411935E-001                  2.1025988500795504E-003                  6.1630907196949872E-004                  5.7221218635412083E-003                  1.2718648985637696E-003                  2.4871053158459599E-003                  1.1466084468398256E-014                  0.0000000000000000E+000                  0.0000000000000000E+000 
                                     449                  8.4527240203685605E-001                 -5.3968693258807515E-002                  5.6711116940741206E+000                  7.8563815471306597E+000                  1.8856531219536053E-014                  7.0279999481028232E-001                  3.0334925598179826E-005                  2.8496967026411935E-001                  2.1025988500795504E-003                  6.1630907196949872E-004                  5.7221218635412083E-003                  1.2718648985637696E-003                  2.4871053158459599E-003                  1.4156263611105933E-014                  0.0000000000000000E+000                  0.0000000000000000E+000 
                                     450                  8.4511677519493189E-001                 -5.4476813603155677E-002                  5.6770857518718723E+000                  7.8617962789635625E+000                  4.0584191522939446E-014                  7.0279999481028232E-001                  3.0334925598179999E-005                  2.8496967026411935E-001                  2.1025988500795504E-003                  6.1630907196949872E-004                  5.7221218635412083E-003                  1.2718648985637696E-003                  2.4871053158459599E-003                  1.7464634002927883E-014                  0.0000000000000000E+000                  0.0000000000000000E+000 
                                     451                  8.4495617751592467E-001                 -5.4991915235165979E-002                  5.6830646688086679E+000                  7.8672048727972816E+000                  8.7106775535055159E-014                  7.0279999481028232E-001                  3.0334925598180171E-005                  2.8496967026411935E-001                  2.1025988500795504E-003                  6.1630907196949872E-004                  5.7221218635412083E-003                  1.2718648985637696E-003                  2.4871053158459599E-003                  2.1530219737056573E-014                  0.0000000000000000E+000                  0.0000000000000000E+000 
                                     452                  8.4479045677761022E-001                 -5.5514095146027995E-002                  5.6890484369517527E+000                  7.8726072903275259E+000                  1.8644449163520553E-013                  7.0279999481028232E-001                  3.0334925598180347E-005                  2.8496967026411935E-001                  2.1025988500795504E-003                  6.1630907196949872E-004                  5.7221218635412083E-003                  1.2718648985637696E-003                  2.4871053158459599E-003                  2.6522618069211127E-014                  0.0000000000000000E+000                  0.0000000000000000E+000 
                                     453                  8.4461945636800217E-001                 -5.6043451761412212E-002                  5.6950370510355013E+000                  7.8780034865797210E+000                  3.9797202705378180E-013                  7.0279999481028232E-001                  3.0334925598180530E-005                  2.8496967026411935E-001                  2.1025988500795504E-003                  6.1630907196949872E-004                  5.7221218635412083E-003                  1.2718648985637696E-003                  2.4871053158459599E-003                  3.2648569270605674E-014                  0.0000000000000000E+000                  0.0000000000000000E+000 
                                     454                  8.4444301516916986E-001                 -5.6580084958320551E-002                  5.7010305083872570E+000                  7.8833934167122788E+000                  8.4715686866638913E-013                  7.0279999481028232E-001                  3.0334925598180717E-005                  2.8496967026411935E-001                  2.1025988500795504E-003                  6.1630907196949872E-004                  5.7221218635412083E-003                  1.2718648985637696E-003                  2.4871053158459599E-003                  4.0159904116062897E-014                  0.0000000000000000E+000                  0.0000000000000000E+000 
                                     455                  8.4426096743876988E-001                 -5.7124096090456537E-002                  5.7070288094697545E+000                  7.8887770432719506E+000                  1.7984008786811157E-012                  7.0279999481028232E-001                  3.0334925598180900E-005                  2.8496967026411935E-001                  2.1025988500795504E-003                  6.1630907196949872E-004                  5.7221218635412083E-003                  1.2718648985637696E-003                  2.4871053158459599E-003                  4.9363151896080946E-014                  0.0000000000000000E+000                  0.0000000000000000E+000 
                                     456                  8.4407314268935985E-001                 -5.7675588023396278E-002                  5.7130319602653676E+000                  7.8941543484681578E+000                  3.8073595564130725E-012                  7.0279999481028232E-001                  3.0334925598181096E-005                  2.8496967026411935E-001                  2.1025988500795504E-003                  6.1630907196949872E-004                  5.7221218635412083E-003                  1.2718648985637696E-003                  2.4871053158459599E-003                  6.0631149655874549E-014                  0.0000000000000000E+000                  0.0000000000000000E+000 
                                     457                  8.4387936556554843E-001                 -5.8234665186814957E-002                  5.7190399739743993E+000                  7.8995253227768796E+000                  8.0385862271642787E-012                  7.0279999481028232E-001                  3.0334925598181289E-005                  2.8496967026411935E-001                  2.1025988500795504E-003                  6.1630907196949872E-004                  5.7221218635412083E-003                  1.2718648985637696E-003                  2.4871053158459599E-003                  7.4417061777769955E-014                  0.0000000000000000E+000                  0.0000000000000000E+000 
                                     458                  8.4367945571886849E-001                 -5.8801433614231069E-002                  5.7250528704869224E+000                  7.9048899622492472E+000                  1.6926136749534453E-011                  7.0279999481028232E-001                  3.0334925598181489E-005                  2.8496967026411935E-001                  2.1025988500795504E-003                  6.1630907196949872E-004                  5.7221218635412083E-003                  1.2718648985637696E-003                  2.4871053158459599E-003                  9.1271291440381272E-014                  0.0000000000000000E+000                  0.0000000000000000E+000 
                                     459                  8.4347322767978261E-001                 -5.9376000980639582E-002                  5.7310706749980236E+000                  7.9102482790115207E+000                  3.5543699009366111E-011                  7.0279999481028232E-001                  3.0334925598181693E-005                  2.8496967026411935E-001                  2.1025988500795504E-003                  6.1630907196949872E-004                  5.7221218635412083E-003                  1.2718648985637696E-003                  2.4871053158459599E-003                  1.1186186311950044E-013                  0.0000000000000000E+000                  0.0000000000000000E+000 
                                     460                  8.4326049072694809E-001                 -5.9958476655493240E-002                  5.7370934173191692E+000                  7.9156002911026260E+000                  7.4438638150774378E-011                  7.0279999481028232E-001                  3.0334925598181903E-005                  2.8496967026411935E-001                  2.1025988500795504E-003                  6.1630907196949872E-004                  5.7221218635412083E-003                  1.2718648985637696E-003                  2.4871053158459599E-003                  1.3699898158607087E-013                  0.0000000000000000E+000                  0.0000000000000000E+000 
                                     461                  8.4304104875428909E-001                 -6.0548971744148208E-002                  5.7431211324996161E+000                  7.9209460176913407E+000                  1.5547833102803027E-010                  7.0279999481028232E-001                  3.0334925598182116E-005                  2.8496967026411935E-001                  2.1025988500795504E-003                  6.1630907196949872E-004                  5.7221218635412083E-003                  1.2718648985637696E-003                  2.4871053158459599E-003                  1.6766460316481755E-013                  0.0000000000000000E+000                  0.0000000000000000E+000 
                                     462                  8.4281470013605220E-001                 -6.1147599124123160E-002                  5.7491538575906729E+000                  7.9262854886492740E+000                  3.2387815491596943E-010                  7.0279999481028232E-001                  3.0334925598182330E-005                  2.8496967026411935E-001                  2.1025988500795504E-003                  6.1630907196949872E-004                  5.7221218635412083E-003                  1.2718648985637696E-003                  2.4871053158459599E-003                  2.0504798708209491E-013                  0.0000000000000000E+000                  0.0000000000000000E+000 
                                     463                  8.4258123758998194E-001                 -6.1754473495742437E-002                  5.7551916245022561E+000                  7.9316187342905993E+000                  6.7288084303069823E-010                  7.0279999481028232E-001                  3.0334925598182553E-005                  2.8496967026411935E-001                  2.1025988500795504E-003                  6.1630907196949872E-004                  5.7221218635412083E-003                  1.2718648985637696E-003                  2.4871053158459599E-003                  2.5058839613938595E-013                  0.0000000000000000E+000                  0.0000000000000000E+000 
                                     464                  8.4234044803856967E-001                 -6.2369711420206142E-002                  5.7612344570088556E+000                  7.9369457681813858E+000                  1.3942586956801769E-009                  7.0279999481028232E-001                  3.0334925598182773E-005                  2.8496967026411935E-001                  2.1025988500795504E-003                  6.1630907196949872E-004                  5.7221218635412083E-003                  1.2718648985637696E-003                  2.4871053158459599E-003                  3.0602638381298968E-013                  0.0000000000000000E+000                  0.0000000000000000E+000 
                                     465                  8.4209211246775661E-001                 -6.2993431333978014E-002                  5.7672823717471733E+000                  7.9422665739572409E+000                  2.8813822232090859E-009                  7.0279999481028232E-001                  3.0334925598183007E-005                  2.8496967026411935E-001                  2.1025988500795504E-003                  6.1630907196949872E-004                  5.7221218635412083E-003                  1.2718648985637696E-003                  2.4871053158459599E-003                  3.7346536417432864E-013                  0.0000000000000000E+000                  0.0000000000000000E+000 
                                     466                  8.4183600578326667E-001                 -6.3625753543281871E-002                  5.7733353783541013E+000                  7.9475810933211264E+000                  5.9390091974321972E-009                  7.0279999481028232E-001                  3.0334925598183241E-005                  2.8496967026411935E-001                  2.1025988500795504E-003                  6.1630907196949872E-004                  5.7221218635412083E-003                  1.2718648985637696E-003                  2.4871053158459599E-003                  4.5544544624340109E-013                  0.0000000000000000E+000                  0.0000000000000000E+000 
                                     467                  8.4157189666509857E-001                 -6.4266800198786569E-002                  5.7793934786513645E+000                  7.9528892571711101E+000                  1.2209156312835129E-008                  7.0279999481028232E-001                  3.0334925598183478E-005                  2.8496967026411935E-001                  2.1025988500795504E-003                  6.1630907196949872E-004                  5.7221218635412083E-003                  1.2718648985637696E-003                  2.4871053158459599E-003                  5.5503184681447916E-013                  0.0000000000000000E+000                  0.0000000000000000E+000 
                                     468                  8.4129954742040158E-001                 -6.4916695313465764E-002                  5.7854566663364437E+000                  7.9581909783688562E+000                  2.5033315325061974E-008                  7.0279999481028232E-001                  3.0334925598183722E-005                  2.8496967026411935E-001                  2.1025988500795504E-003                  6.1630907196949872E-004                  5.7221218635412083E-003                  1.2718648985637696E-003                  2.4871053158459599E-003                  6.7592076765878565E-013                  0.0000000000000000E+000                  0.0000000000000000E+000 
                                     469                  8.4101871383498328E-001                 -6.5575564769160960E-002                  5.7915249296174167E+000                  7.9634861090384588E+000                  5.1193457412095522E-008                  7.0279999481028232E-001                  3.0334925598183969E-005                  2.8496967026411935E-001                  2.1025988500795504E-003                  6.1630907196949872E-004                  5.7221218635412083E-003                  1.2718648985637696E-003                  2.4871053158459599E-003                  8.2256619858252780E-013                  0.0000000000000000E+000                  0.0000000000000000E+000 
                                     470                  8.4072914502351792E-001                 -6.6243536256298627E-002                  5.7975982540420645E+000                  7.9687744844070822E+000                  1.0441818191463507E-007                  7.0279999481028232E-001                  3.0334925598184224E-005                  2.8496967026411935E-001                  2.1025988500795504E-003                  6.1630907196949872E-004                  5.7221218635412083E-003                  1.2718648985637696E-003                  2.4871053158459599E-003                  1.0003314484785423E-012                  0.0000000000000000E+000                  0.0000000000000000E+000 
                                     471                  8.4043058327795672E-001                 -6.6920739276191660E-002                  5.8036766226514702E+000                  7.9740559397228568E+000                  2.1242491316314506E-007                  7.0279999481028232E-001                  3.0334925598184481E-005                  2.8496967026411935E-001                  2.1025988500795504E-003                  6.1630907196949872E-004                  5.7221218635412083E-003                  1.2718648985637696E-003                  2.4871053158459599E-003                  1.2156701614872289E-012                  0.0000000000000000E+000                  0.0000000000000000E+000 
                                     472                  8.4012276391440277E-001                 -6.7607305168844681E-002                  5.8097600225763903E+000                  7.9793302898183720E+000                  4.3102723853976651E-007                  7.0279999481028232E-001                  3.0334925598184745E-005                  2.8496967026411935E-001                  2.1025988500795504E-003                  6.1630907196949872E-004                  5.7221218635412083E-003                  1.2718648985637696E-003                  2.4871053158459599E-003                  1.4763427899739723E-012                  0.0000000000000000E+000                  0.0000000000000000E+000 
                                     473                  8.3980541511879858E-001                 -6.8303367108544136E-002                  5.8158484558566004E+000                  7.9845973371232031E+000                  8.7232216673490594E-007                  7.0279999481028232E-001                  3.0334925598185016E-005                  2.8496967026411935E-001                  2.1025988500795504E-003                  6.1630907196949872E-004                  5.7221218635412083E-003                  1.2718648985637696E-003                  2.4871053158459599E-003                  1.7916752945991663E-012                  0.0000000000000000E+000                  0.0000000000000000E+000 
                                     474                  8.3947825779171004E-001                 -6.9009060110738679E-002                  5.8219419412606959E+000                  7.9898568925609306E+000                  1.7608637159842905E-006                  7.0279999481028232E-001                  3.0334925598185291E-005                  2.8496967026411935E-001                  2.1025988500795504E-003                  6.1630907196949872E-004                  5.7221218635412083E-003                  1.2718648985637696E-003                  2.4871053158459599E-003                  2.1728676030922451E-012                  0.0000000000000000E+000                  0.0000000000000000E+000 
                                     475                  8.3914100539280567E-001                 -6.9724521072469361E-002                  5.8280405105096307E+000                  7.9951088437585076E+000                  3.5453197856670213E-006                  7.0279999481028232E-001                  3.0334925598185572E-005                  2.8496967026411935E-001                  2.1025988500795504E-003                  6.1630907196949872E-004                  5.7221218635412083E-003                  1.2718648985637696E-003                  2.4871053158459599E-003                  2.6333607584422021E-012                  0.0000000000000000E+000                  0.0000000000000000E+000 
                                     476                  8.3879336378509717E-001                 -7.0449888928311818E-002                  5.8341442085679756E+000                  8.0003531779237047E+000                  7.1198454023604711E-006                  7.0279999481028232E-001                  3.0334925598185853E-005                  2.8496967026411935E-001                  2.1025988500795504E-003                  6.1630907196949872E-004                  5.7221218635412083E-003                  1.2718648985637696E-003                  2.4871053158459599E-003                  3.1892744891800644E-012                  0.0000000000000000E+000                  0.0000000000000000E+000 
                                     477                  8.3843503107851336E-001                 -7.1185304854739381E-002                  5.8402530985800114E+000                  8.0055898649274724E+000                  1.4261875190934289E-005                  7.0279999481028232E-001                  3.0334925598186145E-005                  2.8496967026411935E-001                  2.1025988500795504E-003                  6.1630907196949872E-004                  5.7221218635412083E-003                  1.2718648985637696E-003                  2.4871053158459599E-003                  3.8599297999033434E-012                  0.0000000000000000E+000                  0.0000000000000000E+000 
                                     478                  8.3806569747300874E-001                 -7.1930912286421164E-002                  5.8463672616980089E+000                  8.0108188725019200E+000                  2.8495730395887287E-005                  7.0279999481028232E-001                  3.0334925598186443E-005                  2.8496967026411935E-001                  2.1025988500795504E-003                  6.1630907196949872E-004                  5.7221218635412083E-003                  1.2718648985637696E-003                  2.4871053158459599E-003                  4.6684702452571313E-012                  0.0000000000000000E+000                  0.0000000000000000E+000 
                                     479                  8.3768504510147990E-001                 -7.2686856958117149E-002                  5.8524867755460566E+000                  8.0160402231405730E+000                  5.6791835506967281E-005                  7.0279999481028232E-001                  3.0334925598186748E-005                  2.8496967026411935E-001                  2.1025988500795504E-003                  6.1630907196949872E-004                  5.7221218635412083E-003                  1.2718648985637696E-003                  2.4871053158459599E-003                  5.6425972131579388E-012                  0.0000000000000000E+000                  0.0000000000000000E+000 
                                     480                  8.3729274787329488E-001                 -7.3453287048026158E-002                  5.8586116928554315E+000                  8.0212539293123459E+000                  1.1290147413175096E-004                  7.0279999481028232E-001                  3.0334925598187056E-005                  2.8496967026411935E-001                  2.1025988500795504E-003                  6.1630907196949872E-004                  5.7221218635412083E-003                  1.2718648985637696E-003                  2.4871053158459599E-003                  6.8154422626786322E-012                  0.0000000000000000E+000                  0.0000000000000000E+000 
                                     481                  8.3688847131920552E-001                 -7.4230353213247585E-002                  5.8647420417072142E+000                  8.0264599562565291E+000                  2.2388471587828481E-004                  7.0279999481028232E-001                  3.0334925598187371E-005                  2.8496967026411935E-001                  2.1025988500795504E-003                  6.1630907196949872E-004                  5.7221218635412083E-003                  1.2718648985637696E-003                  2.4871053158459599E-003                  8.2266038221242649E-012                  0.0000000000000000E+000                  0.0000000000000000E+000 
                                     482                  8.3647187243694299E-001                 -7.5018208557910041E-002                  5.8708778343564569E+000                  8.0316581214973954E+000                  4.4285681629572664E-004                  7.0279999481028232E-001                  3.0334925598187693E-005                  2.8496967026411935E-001                  2.1025988500795504E-003                  6.1630907196949872E-004                  5.7221218635412083E-003                  1.2718648985637696E-003                  2.4871053158459599E-003                  9.9233801968863478E-012                  0.0000000000000000E+000                  0.0000000000000000E+000 
                                     483                  8.3604259953734117E-001                 -7.5817008411700457E-002                  5.8770190731081255E+000                  8.0368481837041408E+000                  8.7381353489336211E-004                  7.0279999481028232E-001                  3.0334925598188022E-005                  2.8496967026411935E-001                  2.1025988500795504E-003                  6.1630907196949872E-004                  5.7221218635412083E-003                  1.2718648985637696E-003                  2.4871053158459599E-003                  1.1962228084742594E-011                  0.0000000000000000E+000                  0.0000000000000000E+000 
                                     484                  8.3560029209121245E-001                 -7.6626910256208117E-002                  5.8831657475507413E+000                  8.0420299038279950E+000                  1.7198581956097280E-003                  7.0279999481028232E-001                  3.0334925598188357E-005                  2.8496967026411935E-001                  2.1025988500795504E-003                  6.1630907196949872E-004                  5.7221218635412083E-003                  1.2718648985637696E-003                  2.4871053158459599E-003                  1.4410486964478317E-011                  0.0000000000000000E+000                  0.0000000000000000E+000 
                                     485                  8.3514458057793928E-001                 -7.7448073759928515E-002                  5.8893178363763941E+000                  8.0472029968559831E+000                  3.3766528777447193E-003                  7.0279999481028232E-001                  3.0334925598188699E-005                  2.8496967026411935E-001                  2.1025988500795504E-003                  6.1630907196949872E-004                  5.7221218635412083E-003                  1.2718648985637696E-003                  2.4871053158459599E-003                  1.7348423165607353E-011                  0.0000000000000000E+000                  0.0000000000000000E+000 
                                     486                  8.3467508633666587E-001                 -7.8280660721579812E-002                  5.8954753180755901E+000                  8.0523671305388014E+000                  6.6130465679804023E-003                  7.0279999481028232E-001                  3.0334925598189045E-005                  2.8496967026411935E-001                  2.1025988500795504E-003                  6.1630907196949872E-004                  5.7221218635412083E-003                  1.2718648985637696E-003                  2.4871053158459599E-003                  2.0871651263715953E-011                  0.0000000000000000E+000                  0.0000000000000000E+000 
                                     487                  8.3419142141928748E-001                 -7.9124835005241076E-002                  5.9016381769482091E+000                  8.0575219732936265E+000                  1.2919325392333042E-002                  7.0279999481028232E-001                  3.0334925598189404E-005                  2.8496967026411935E-001                  2.1025988500795504E-003                  6.1630907196949872E-004                  5.7221218635412083E-003                  1.2718648985637696E-003                  2.4871053158459599E-003                  2.5093994763340631E-011                  0.0000000000000000E+000                  0.0000000000000000E+000 
                                     488                  8.3369318844494245E-001                 -7.9980762563840666E-002                  5.9078064035541074E+000                  8.0626672056715201E+000                  2.5176952476037868E-002                  7.0279999481028232E-001                  3.0334925598189763E-005                  2.8496967026411935E-001                  2.1025988500795504E-003                  6.1630907196949872E-004                  5.7221218635412083E-003                  1.2718648985637696E-003                  2.4871053158459599E-003                  3.0150864926454282E-011                  0.0000000000000000E+000                  0.0000000000000000E+000 
                                     489                  8.3317998045615815E-001                 -8.0848611485917113E-002                  5.9139799969909319E+000                  8.0678025259316115E+000                  4.8943368830434604E-002                  7.0279999481028232E-001                  3.0334925598190132E-005                  2.8496967026411935E-001                  2.1025988500795504E-003                  6.1630907196949872E-004                  5.7221218635412083E-003                  1.2718648985637696E-003                  2.4871053158459599E-003                  3.6203251933453745E-011                  0.0000000000000000E+000                  0.0000000000000000E+000 
                                     490                  8.3265138077760203E-001                 -8.1728552055677750E-002                  5.9201589664662100E+000                  8.0729276377044403E+000                  9.4910578039149762E-002                  7.0279999481028232E-001                  3.0334925598190508E-005                  2.8496967026411935E-001                  2.1025988500795504E-003                  6.1630907196949872E-004                  5.7221218635412083E-003                  1.2718648985637696E-003                  2.4871053158459599E-003                  4.3442436866225688E-011                  0.0000000000000000E+000                  0.0000000000000000E+000 
                                     491                  8.3210696287785968E-001                 -8.2620756790579647E-002                  5.9263433306977369E+000                  8.0780422608578242E+000                  1.8359823924232480E-001                  7.0279999481028232E-001                  3.0334925598190895E-005                  2.8496967026411935E-001                  2.1025988500795504E-003                  6.1630907196949872E-004                  5.7221218635412083E-003                  1.2718648985637696E-003                  2.4871053158459599E-003                  5.2095546024076210E-011                  0.0000000000000000E+000                  0.0000000000000000E+000 
                                     492                  8.3154629023353266E-001                 -8.3525400502765607E-002                  5.9325331171135884E+000                  8.0831461615637128E+000                  3.5428999902080177E-001                  7.0279999481028232E-001                  3.0334925598191288E-005                  2.8496967026411935E-001                  2.1025988500795504E-003                  6.1630907196949872E-004                  5.7221218635412083E-003                  1.2718648985637696E-003                  2.4871053158459599E-003                  6.2432093267259973E-011                  0.0000000000000000E+000                  0.0000000000000000E+000 
                                     493                  8.3096891619535462E-001                 -8.4442660426948216E-002                  5.9387283620328439E+000                  8.0882391179283992E+000                  6.8200792252996689E-001                  7.0279999481028232E-001                  3.0334925598191688E-005                  2.8496967026411935E-001                  2.1025988500795504E-003                  6.1630907196949872E-004                  5.7221218635412083E-003                  1.2718648985637696E-003                  2.4871053158459599E-003                  7.4771694977009284E-011                  0.0000000000000000E+000                  0.0000000000000000E+000 
                                     494                  8.3037438385618667E-001                 -8.5372716282189814E-002                  5.9449291107368456E+000                  8.0933209163165980E+000                  1.3096767284549162E+000                  7.0279999481028232E-001                  3.0334925598192098E-005                  2.8496967026411935E-001                  2.1025988500795504E-003                  6.1630907196949872E-004                  5.7221218635412083E-003                  1.2718648985637696E-003                  2.4871053158459599E-003                  8.9493150940112520E-011                  0.0000000000000000E+000                  0.0000000000000000E+000 
                                     495                  8.2976222592181004E-001                 -8.6315750328307031E-002                  5.9511354097030100E+000                  8.0983913817505275E+000                  2.5089205813178337E+000                  7.0279999481028232E-001                  3.0334925598192514E-005                  2.8496967026411935E-001                  2.1025988500795504E-003                  6.1630907196949872E-004                  5.7221218635412083E-003                  1.2718648985637696E-003                  2.4871053158459599E-003                  1.0704510053654001E-010                  0.0000000000000000E+000                  0.0000000000000000E+000 
                                     496                  8.2913196458454064E-001                 -8.7271947491431218E-002                  5.9573472966666650E+000                  8.1034503474766648E+000                  4.7946993217279523E+000                  7.0279999481028232E-001                  3.0334925598192934E-005                  2.8496967026411935E-001                  2.1025988500795504E-003                  6.1630907196949872E-004                  5.7221218635412083E-003                  1.2718648985637696E-003                  2.4871053158459599E-003                  1.2795853899459099E-010                  0.0000000000000000E+000                  0.0000000000000000E+000 
                                     497                  8.2848311139912079E-001                 -8.8241495428622682E-002                  5.9635647993261580E+000                  8.1084976358135084E+000                  9.1409348186000763E+000                  7.0279999481028232E-001                  3.0334925598193371E-005                  2.8496967026411935E-001                  2.1025988500795504E-003                  6.1630907196949872E-004                  5.7221218635412083E-003                  1.2718648985637696E-003                  2.4871053158459599E-003                  1.5286152641366012E-010                  0.0000000000000000E+000                  0.0000000000000000E+000 
                                     498                  8.2781516715990877E-001                 -8.9224584551562666E-002                  5.9697879362386104E+000                  8.1135330496808162E+000                  1.7385105406617217E+001                  7.0279999481028232E-001                  3.0334925598193809E-005                  2.8496967026411935E-001                  2.1025988500795504E-003                  6.1630907196949872E-004                  5.7221218635412083E-003                  1.2718648985637696E-003                  2.4871053158459599E-003                  1.8249645309870222E-010                  0.0000000000000000E+000                  0.0000000000000000E+000 
                                     499                  8.2712762177992172E-001                 -9.0221408030224853E-002                  5.9760167151860317E+000                  8.1185563810792125E+000                  3.2985557292301898E+001                  7.0279999481028232E-001                  3.0334925598194263E-005                  2.8496967026411935E-001                  2.1025988500795504E-003                  6.1630907196949872E-004                  5.7221218635412083E-003                  1.2718648985637696E-003                  2.4871053158459599E-003                  2.1774026828973530E-010                  0.0000000000000000E+000                  0.0000000000000000E+000 
                                     500                  8.2641995417261327E-001                 -9.1232161814304269E-002                  5.9822511315124176E+000                  8.1235674228695895E+000                  6.2435537637073104E+001                  7.0279999481028232E-001                  3.0334925598194720E-005                  2.8496967026411935E-001                  2.1025988500795504E-003                  6.1630907196949872E-004                  5.7221218635412083E-003                  1.2718648985637696E-003                  2.4871053158459599E-003                  2.5962816944870907E-010                  0.0000000000000000E+000                  0.0000000000000000E+000 
                                     501                  8.2569163213591135E-001                 -9.2257044681795769E-002                  5.9884911699275376E+000                  8.1285659625547666E+000                  1.1789701156302937E+002                  7.0279999481028232E-001                  3.0334925598195188E-005                  2.8496967026411935E-001                  2.1025988500795504E-003                  6.1630907196949872E-004                  5.7221218635412083E-003                  1.2718648985637696E-003                  2.4871053158459599E-003                  3.0938136103103693E-010                  0.0000000000000000E+000                  0.0000000000000000E+000 
                                     502                  8.2494211223702740E-001                 -9.3296258273964511E-002                  5.9947368098108562E+000                  8.1335517852250323E+000                  2.2209449794181805E+002                  7.0279999481028232E-001                  3.0334925598195665E-005                  2.8496967026411935E-001                  2.1025988500795504E-003                  6.1630907196949872E-004                  5.7221218635412083E-003                  1.2718648985637696E-003                  2.4871053158459599E-003                  3.6843956506744303E-010                  0.0000000000000000E+000                  0.0000000000000000E+000 
                                     503                  8.2417083969835436E-001                 -9.4350007137728426E-002                  6.0009880279698624E+000                  8.1385246908110975E+000                  4.1738608608622059E+002                  7.0279999481028232E-001                  3.0334925598196153E-005                  2.8496967026411935E-001                  2.1025988500795504E-003                  6.1630907196949872E-004                  5.7221218635412083E-003                  1.2718648985637696E-003                  2.4871053158459599E-003                  4.3849902749528812E-010                  5.1270953627518716E-036                  0.0000000000000000E+000 
                                     504                  8.2337724828564840E-001                 -9.5418498811314048E-002                  6.0072447984249395E+000                  8.1434844887379718E+000                  7.8253591907270504E+002                  7.0279999481028232E-001                  3.0334925598196651E-005                  2.8496967026411935E-001                  2.1025988500795504E-003                  6.1630907196949872E-004                  5.7221218635412083E-003                  1.2718648985637696E-003                  2.4871053158459599E-003                  5.2155693225977087E-010                  9.9520135507637601E-036                  0.0000000000000000E+000 
                                     505                  8.2256076019802027E-001                 -9.6501943900437884E-002                  6.0135070944869122E+000                  8.1484309890690145E+000                  1.4636518048303342E+003                  7.0279999481028244E-001                  3.0334925598197156E-005                  2.8496967026411935E-001                  2.1025988500795504E-003                  6.1630907196949872E-004                  5.7221218635412083E-003                  1.2718648985637696E-003                  2.4871053158459599E-003                  6.1996331569269209E-010                  1.9268601114105766E-035                  0.0000000000000000E+000 
                                     506                  8.2172078595800047E-001                 -9.7600556135135560E-002                  6.0197748911948503E+000                  8.1533640199489348E+000                  2.7311121463257755E+003                  7.0279999481028244E-001                  3.0334925598197674E-005                  2.8496967026411935E-001                  2.1025988500795504E-003                  6.1630907196949872E-004                  5.7221218635412083E-003                  1.2718648985637696E-003                  2.4871053158459599E-003                  7.3648165677548648E-010                  3.7212975826706478E-035                  0.0000000000000000E+000 
                                     507                  8.2085672430200141E-001                 -9.8714552472968162E-002                  6.0260481656337328E+000                  8.1582834344190758E+000                  5.0840615166679436E+003                  7.0279999481028244E-001                  3.0334925598198200E-005                  2.8496967026411935E-001                  2.1025988500795504E-003                  6.1630907196949872E-004                  5.7221218635412083E-003                  1.2718648985637696E-003                  2.4871053158459599E-003                  8.7435954876040226E-010                  7.1687855423875522E-035                  0.0000000000000000E+000 
                                     508                  8.1996796207209499E-001                 -9.9844153224872265E-002                  6.0323268953983584E+000                  8.1631891191955113E+000                  9.4417564470242887E+003                  7.0279999481028244E-001                  3.0334925598198738E-005                  2.8496967026411935E-001                  2.1025988500795504E-003                  6.1630907196949872E-004                  5.7221218635412083E-003                  1.2718648985637696E-003                  2.4871053158459599E-003                  1.0374110358317547E-009                  1.3775447079224304E-034                  0.0000000000000000E+000 
                                     509                  8.1905387410828889E-001                 -1.0098958221059240E-001                  6.0386110571247835E+000                  8.1680809846681477E+000                  1.7493099999325183E+004                  7.0279999481028244E-001                  3.0334925598199287E-005                  2.8496967026411935E-001                  2.1025988500795504E-003                  6.1630907196949872E-004                  5.7221218635412083E-003                  1.2718648985637696E-003                  2.4871053158459599E-003                  1.2301125505539155E-009                  2.6404425439695517E-034                  0.0000000000000000E+000 
                                     510                  8.1811382313946801E-001                 -1.0215106689570541E-001                  6.0449006266894454E+000                  8.1729589628577681E+000                  3.2333594625490725E+004                  7.0279999481028244E-001                  3.0334925598199846E-005                  2.8496967026411935E-001                  2.1025988500795504E-003                  6.1630907196949872E-004                  5.7221218635412083E-003                  1.2718648985637696E-003                  2.4871053158459599E-003                  1.4577146203530463E-009                  5.0484792392111154E-034                  0.0000000000000000E+000 
                                     511                  8.1714715967325369E-001                 -1.0332883852989518E-001                  6.0511955792968752E+000                  8.1778230098048468E+000                  5.9623255224007531E+004                  7.0279999481028244E-001                  3.0334925598200419E-005                  2.8496967026411935E-001                  2.1025988500795504E-003                  6.1630907196949872E-004                  5.7221218635412083E-003                  1.2718648985637696E-003                  2.4871053158459599E-003                  1.7263718182403862E-009                  9.6285125695868102E-034                  0.0000000000000000E+000 
                                     512                  8.1615322188499728E-001                 -1.0452313229850083E-001                  6.0574958892800028E+000                  8.1826731061294904E+000                  1.0968648723524732E+005                  7.0279999481028244E-001                  3.0334925598200998E-005                  2.8496967026411935E-001                  2.1025988500795504E-003                  6.1630907196949872E-004                  5.7221218635412083E-003                  1.2718648985637696E-003                  2.4871053158459599E-003                  2.0432938457930867E-009                  1.8317851452306909E-033                  0.0000000000000000E+000 
                                     513                  8.1513133550443695E-001                 -1.0573418748309914E-001                  6.0638015304706476E+000                  8.1875092583698397E+000                  2.0131104259081153E+005                  7.0279999481028244E-001                  3.0334925598201594E-005                  2.8496967026411935E-001                  2.1025988500795504E-003                  6.1630907196949872E-004                  5.7221218635412083E-003                  1.2718648985637696E-003                  2.4871053158459599E-003                  2.4169211016031611E-009                  3.4762297721518340E-033                  0.0000000000000000E+000 
                                     514                  8.1408081369821450E-001                 -1.0696224763379525E-001                  6.0701124777695394E+000                  8.1923315013278000E+000                  3.6860436866741412E+005                  7.0279999481028244E-001                  3.0334925598202198E-005                  2.8496967026411935E-001                  2.1025988500795504E-003                  6.1630907196949872E-004                  5.7221218635412083E-003                  1.2718648985637696E-003                  2.4871053158459599E-003                  2.8571286318475972E-009                  6.5805628816194179E-033                  0.0000000000000000E+000 
                                     515                  8.1300095694814767E-001                 -1.0820756075679777E-001                  6.0764287091680629E+000                  8.1971399018098232E+000                  6.7333826086636353E+005                  7.0279999481028244E-001                  3.0334925598202818E-005                  2.8496967026411935E-001                  2.1025988500795504E-003                  6.1630907196949872E-004                  5.7221218635412083E-003                  1.2718648985637696E-003                  2.4871053158459599E-003                  3.3754629071006097E-009                  1.2426258122531243E-032                  0.0000000000000000E+000 
                                     516                  8.1189105292450181E-001                 -1.0947037952231335E-001                  6.0827502066078987E+000                  8.2019345616863166E+000                  1.2271220739458974E+006                  7.0279999481028244E-001                  3.0334925598203444E-005                  2.8496967026411935E-001                  2.1025988500795504E-003                  6.1630907196949872E-004                  5.7221218635412083E-003                  1.2718648985637696E-003                  2.4871053158459599E-003                  3.9854164662934474E-009                  2.3406839881126554E-032                  0.0000000000000000E+000 
                                     517                  8.1075037635227920E-001                 -1.1075096149212840E-001                  6.0890769574048758E+000                  8.2067156235674226E+000                  2.2311351585961543E+006                  7.0279999481028232E-001                  3.0334925598204085E-005                  2.8496967026411935E-001                  2.1025988500795504E-003                  6.1630907196949872E-004                  5.7221218635412083E-003                  1.2718648985637696E-003                  2.4871053158459599E-003                  4.7027463844290539E-009                  4.3981785720730166E-032                  0.0000000000000000E+000 
                                     518                  8.0957818886899502E-001                 -1.1204956937599048E-001                  6.0954089573272991E+000                  8.2114832749201128E+000                  4.0471559274127297E+006                  7.0279999481028232E-001                  3.0334925598204739E-005                  2.8496967026411935E-001                  2.1025988500795504E-003                  6.1630907196949872E-004                  5.7221218635412083E-003                  1.2718648985637696E-003                  2.4871053158459599E-003                  5.5458435704704821E-009                  8.2439147461157033E-032                  0.0000000000000000E+000 
                                     519                  8.0837373887291863E-001                 -1.1336647131409129E-001                  6.1017462125346213E+000                  8.2162377480196209E+000                  7.3242419822168322E+006                  7.0279999481028232E-001                  3.0334925598205406E-005                  2.8496967026411935E-001                  2.1025988500795504E-003                  6.1630907196949872E-004                  5.7221218635412083E-003                  1.2718648985637696E-003                  2.4871053158459599E-003                  6.5361606309621062E-009                  1.5414449969943832E-031                  0.0000000000000000E+000 
                                     520                  8.0713626136049388E-001                 -1.1470194117455500E-001                  6.1080887386889371E+000                  8.2209793264871003E+000                  1.3224134094981767E+007                  7.0279999481028232E-001                  3.0334925598206091E-005                  2.8496967026411935E-001                  2.1025988500795504E-003                  6.1630907196949872E-004                  5.7221218635412083E-003                  1.2718648985637696E-003                  2.4871053158459599E-003                  7.6987068353884286E-009                  2.8751480047936418E-031                  0.0000000000000000E+000 
                                     521                  8.0586497775164578E-001                 -1.1605625888720343E-001                  6.1128263152884861E+000                  7.9234867297719207E+000                  1.0263185313226666E+007                  7.0279999481028232E-001                  3.0334925598206606E-005                  2.8496967026411935E-001                  2.1025988500795504E-003                  6.1630907196949872E-004                  5.7221218635412083E-003                  1.2718648985637696E-003                  2.4871053158459599E-003                  8.6966175948063188E-009                  4.5718126463666371E-031                  0.0000000000000000E+000 
                                     522                  8.0521641159636959E-001                 -1.1674056024598840E-001                  6.1168049798525761E+000                  8.1025334470694812E+000                  2.2239409753783789E+007                  7.0279999481028232E-001                  3.0334925598207043E-005                  2.8496967026411935E-001                  2.1025988500795504E-003                  6.1630907196949872E-004                  5.7221218635412083E-003                  1.2718648985637696E-003                  2.4871053158459599E-003                  9.6299269690595598E-009                  6.7398124798081003E-031                  0.0000000000000000E+000 
                                     523                  8.0422712500207250E-001                 -1.1777606945849506E-001                  6.1223786098475337E+000                  8.2316022445640336E+000                  4.9550928431131490E+007                  7.0279999481028232E-001                  3.0334925598207666E-005                  2.8496967026411935E-001                  2.1025988500795504E-003                  6.1630907196949872E-004                  5.7221218635412083E-003                  1.2718648985637696E-003                  2.4871053158459599E-003                  1.1102846687556255E-008                  1.1586067338817039E-030                  0.0000000000000000E+000 
                                     524                  8.0287685936184450E-001                 -1.1917385107806362E-001                  6.1287384471153947E+000                  8.2363044762214628E+000                  8.8798218974987701E+007                  7.0279999481028232E-001                  3.0334925598208394E-005                  2.8496967026411935E-001                  2.1025988500795504E-003                  6.1630907196949872E-004                  5.7221218635412083E-003                  1.2718648985637696E-003                  2.4871053158459599E-003                  1.3052428321429544E-008                  2.1440946942579962E-030                  0.0000000000000000E+000 
                                     525                  8.0149016109201321E-001                 -1.2059143648939337E-001                  6.1351036856172092E+000                  8.2409955478588497E+000                  1.5876852608795837E+008                  7.0279999481028232E-001                  3.0334925598209133E-005                  2.8496967026411935E-001                  2.1025988500795504E-003                  6.1630907196949872E-004                  5.7221218635412083E-003                  1.2718648985637696E-003                  2.4871053158459599E-003                  1.5335317834205794E-008                  3.9582911507662794E-030                  0.0000000000000000E+000 
                                     526                  8.0006619162154036E-001                 -1.2202913539926789E-001                  6.1414743636363243E+000                  8.2456759788044192E+000                  2.8322811621051520E+008                  7.0279999481028232E-001                  3.0334925598209889E-005                  2.8496967026411935E-001                  2.1025988500795504E-003                  6.1630907196949872E-004                  5.7221218635412083E-003                  1.2718648985637696E-003                  2.4871053158459599E-003                  1.8006939114879450E-008                  7.2900738673355811E-030                  0.0000000000000000E+000 
                                     527                  7.9860409763741114E-001                 -1.2348726552640875E-001                  6.1478505218583361E+000                  8.2503463248446138E+000                  5.0410885998845482E+008                  7.0279999481028232E-001                  3.0334925598210661E-005                  2.8496967026411935E-001                  2.1025988500795504E-003                  6.1630907196949872E-004                  5.7221218635412083E-003                  1.2718648985637696E-003                  2.4871053158459599E-003                  2.1131671951699579E-008                  1.3394336352459242E-029                  0.0000000000000000E+000 
                                     528                  7.9710301081094470E-001                 -1.2496615300614751E-001                  6.1542322066700335E+000                  8.2550071737189707E+000                  8.9522620339295733E+008                  7.0279999481028232E-001                  3.0334925598211444E-005                  2.8496967026411935E-001                  2.1025988500795504E-003                  6.1630907196949872E-004                  5.7221218635412083E-003                  1.2718648985637696E-003                  2.4871053158459599E-003                  2.4784259399148423E-008                  2.4551636287479557E-029                  0.0000000000000000E+000 
                                     529                  7.9556204751199455E-001                 -1.2646613279988253E-001                  6.1606194722966086E+000                  8.2596591583902548E+000                  1.5862312386878147E+009                  7.0279999481028232E-001                  3.0334925598212247E-005                  2.8496967026411935E-001                  2.1025988500795504E-003                  6.1630907196949872E-004                  5.7221218635412083E-003                  1.2718648985637696E-003                  2.4871053158459599E-003                  2.9051429328984967E-008                  4.4896741711879766E-029                  0.0000000000000000E+000 
                                     530                  7.9398030850843648E-001                 -1.2798754917134048E-001                  6.1670123814340210E+000                  8.2643029549507094E+000                  2.8043392741391521E+009                  7.0279999481028232E-001                  3.0334925598213060E-005                  2.8496967026411935E-001                  2.1025988500795504E-003                  6.1630907196949872E-004                  5.7221218635412083E-003                  1.2718648985637696E-003                  2.4871053158459599E-003                  3.4033763122165536E-008                  8.1908660107681679E-029                  0.0000000000000000E+000 
                                     531                  7.9235687864948390E-001                 -1.2953075618016419E-001                  6.1734110075041437E+000                  8.2689392744033192E+000                  4.9468692518428173E+009                  7.0279999481028232E-001                  3.0334925598213897E-005                  2.8496967026411935E-001                  2.1025988500795504E-003                  6.1630907196949872E-004                  5.7221218635412083E-003                  1.2718648985637696E-003                  2.4871053158459599E-003                  3.9847849931250689E-008                  1.4908409138624532E-028                  0.0000000000000000E+000 
                                     532                  7.9069082654247747E-001                 -1.3109611817133751E-001                  6.1798154368853480E+000                  8.2735688682601385E+000                  8.7070705863477268E+009                  7.0279999481028232E-001                  3.0334925598214740E-005                  2.8496967026411935E-001                  2.1025988500795504E-003                  6.1630907196949872E-004                  5.7221218635412083E-003                  1.2718648985637696E-003                  2.4871053158459599E-003                  4.6628767109242384E-008                  2.7072327985860067E-028                  0.0000000000000000E+000 
                                     533                  7.8898120422611384E-001                 -1.3268401030973259E-001                  6.1862257694848495E+000                  8.2781925269468086E+000                  1.5291913840989910E+010                  7.0279999481028232E-001                  3.0334925598215608E-005                  2.8496967026411935E-001                  2.1025988500795504E-003                  6.1630907196949872E-004                  5.7221218635412083E-003                  1.2718648985637696E-003                  2.4871053158459599E-003                  5.4532935309585392E-008                  4.9047799159537050E-028                  0.0000000000000000E+000 
                                     534                  7.8722704683745992E-001                 -1.3429481913621685E-001                  6.1926421191312890E+000                  8.2828110737978093E+000                  2.6798260791028969E+010                  7.0279999481028232E-001                  3.0334925598216495E-005                  2.8496967026411935E-001                  2.1025988500795504E-003                  6.1630907196949872E-004                  5.7221218635412083E-003                  1.2718648985637696E-003                  2.4871053158459599E-003                  6.3741404612334462E-008                  8.8658493045425080E-028                  0.0000000000000000E+000 
                                     535                  7.8542737227466153E-001                 -1.3592894312964909E-001                  6.1990646140645111E+000                  8.2874253624716552E+000                  4.6861228218405991E+010                  7.0279999481028232E-001                  3.0334925598217397E-005                  2.8496967026411935E-001                  2.1025988500795504E-003                  6.1630907196949872E-004                  5.7221218635412083E-003                  1.2718648985637696E-003                  2.4871053158459599E-003                  7.4463634570127004E-008                  1.5989534493468538E-027                  0.0000000000000000E+000 
                                     536                  7.8358118086701245E-001                 -1.3758679328734741E-001                  6.2054933973241244E+000                  8.2920362726007646E+000                  8.1769392256359619E+010                  7.0279999481028232E-001                  3.0334925598218315E-005                  2.8496967026411935E-001                  2.1025988500795504E-003                  6.1630907196949872E-004                  5.7221218635412083E-003                  1.2718648985637696E-003                  2.4871053158459599E-003                  8.6941841715005926E-008                  2.8772274008014772E-027                  0.0000000000000000E+000 
                                     537                  7.8168745505522563E-001                 -1.3926879371784559E-001                  6.2119286271137710E+000                  8.2966447041581137E+000                  1.4237906054095401E+011                  7.0279999481028232E-001                  3.0334925598219253E-005                  2.8496967026411935E-001                  2.1025988500795504E-003                  6.1630907196949872E-004                  5.7221218635412083E-003                  1.2718648985637696E-003                  2.4871053158459599E-003                  1.0145599876045243E-007                  5.1658783166054421E-027                  0.0000000000000000E+000 
                                     538                  7.7974515907926956E-001                 -1.4097538224096479E-001                  6.2183704771129653E+000                  8.3012515758071128E+000                  2.4739355221427832E+011                  7.0279999481028232E-001                  3.0334925598220216E-005                  2.8496967026411935E-001                  2.1025988500795504E-003                  6.1630907196949872E-004                  5.7221218635412083E-003                  1.2718648985637696E-003                  2.4871053158459599E-003                  1.1832958037532880E-007                  9.2545430918369811E-027                  0.0000000000000000E+000 
                                     539                  7.7775323867433044E-001                 -1.4270701101073724E-001                  6.2248191366847987E+000                  8.3058578206887326E+000                  4.2896969471379535E+011                  7.0279999481028232E-001                  3.0334925598221191E-005                  2.8496967026411935E-001                  2.1025988500795504E-003                  6.1630907196949872E-004                  5.7221218635412083E-003                  1.2718648985637696E-003                  2.4871053158459599E-003                  1.3793616582466025E-007                  1.6543077359485174E-026                  0.0000000000000000E+000 
                                     540                  7.7571062078627129E-001                 -1.4446414715185307E-001                  6.2312748113720167E+000                  8.3104643802148335E+000                  7.4228441330976306E+011                  7.0279999481028232E-001                  3.0334925598222191E-005                  2.8496967026411935E-001                  2.1025988500795504E-003                  6.1630907196949872E-004                  5.7221218635412083E-003                  1.2718648985637696E-003                  2.4871053158459599E-003                  1.6070702601196693E-007                  2.9507899312487337E-026                  0.0000000000000000E+000 
                                     541                  7.7361621331229424E-001                 -1.4624727340159668E-001                  6.2377377234683999E+000                  8.3150722019909313E+000                  1.2818272763837043E+012                  7.0279999481028232E-001                  3.0334925598223207E-005                  2.8496967026411935E-001                  2.1025988500795504E-003                  6.1630907196949872E-004                  5.7221218635412083E-003                  1.2718648985637696E-003                  2.4871053158459599E-003                  1.8713983848878324E-007                  5.2520833719890059E-026                  0.0000000000000000E+000 
                                     542                  7.7146890486204145E-001                 -1.4805688877392115E-001                  6.2442081121264108E+000                  8.3196822394088183E+000                  2.2090954336804458E+012                  7.0279999481028232E-001                  3.0334925598224248E-005                  2.8496967026411935E-001                  2.1025988500795504E-003                  6.1630907196949872E-004                  5.7221218635412083E-003                  1.2718648985637696E-003                  2.4871053158459599E-003                  2.1780869477676655E-007                  9.3284048503658043E-026                  0.0000000000000000E+000 
                                     543                  7.6926756453300671E-001                 -1.4989350925371206E-001                  6.2506862331905131E+000                  8.3242954482898952E+000                  3.7995836279328823E+012                  7.0279999481028232E-001                  3.0334925598225308E-005                  2.8496967026411935E-001                  2.1025988500795504E-003                  6.1630907196949872E-004                  5.7221218635412083E-003                  1.2718648985637696E-003                  2.4871053158459599E-003                  2.5337558945058875E-007                  1.6533972193903367E-025                  0.0000000000000000E+000 
                                     544                  7.6701104171447421E-001                 -1.5175766851025643E-001                  6.2571723590100792E+000                  8.3289127821581985E+000                  6.5223669516148945E+012                  7.0279999481028232E-001                  3.0334925598226389E-005                  2.8496967026411935E-001                  2.1025988500795504E-003                  6.1630907196949872E-004                  5.7221218635412083E-003                  1.2718648985637696E-003                  2.4871053158459599E-003                  2.9460360862721214E-007                  2.9245098252750808E-025                  0.0000000000000000E+000 
                                     545                  7.6469816592874362E-001                 -1.5364991862454996E-001                  6.2636667782867583E+000                  8.3335351899617933E+000                  1.1174642114727824E+013                  7.0279999481028232E-001                  3.0334925598227497E-005                  2.8496967026411935E-001                  2.1025988500795504E-003                  6.1630907196949872E-004                  5.7221218635412083E-003                  1.2718648985637696E-003                  2.4871053158459599E-003                  3.4237206648761849E-007                  5.1623503150424664E-025                  0.0000000000000000E+000 
                                     546                  7.6232774670278725E-001                 -1.5557083084137011E-001                  6.2701697954254607E+000                  8.3381636178023015E+000                  1.9108781247472465E+013                  7.0279999481028232E-001                  3.0334925598228622E-005                  2.8496967026411935E-001                  2.1025988500795504E-003                  6.1630907196949872E-004                  5.7221218635412083E-003                  1.2718648985637696E-003                  2.4871053158459599E-003                  3.9769387001588993E-007                  9.0943818745506494E-025                  0.0000000000000000E+000 
                                     547                  7.5989857345748002E-001                 -1.5752099636525993E-001                  6.2766817294573674E+000                  8.3427990060553849E+000                  3.2614850498395656E+013                  7.0279999481028232E-001                  3.0334925598229777E-005                  2.8496967026411935E-001                  2.1025988500795504E-003                  6.1630907196949872E-004                  5.7221218635412083E-003                  1.2718648985637696E-003                  2.4871053158459599E-003                  4.6173543707913233E-007                  1.5989812781030848E-024                  0.0000000000000000E+000 
                                     548                  7.5740941543135032E-001                 -1.5950102718227568E-001                  6.2832029134727048E+000                  8.3474422851299721E+000                  5.5563953052323359E+013                  7.0279999481028232E-001                  3.0334925598230953E-005                  2.8496967026411935E-001                  2.1025988500795504E-003                  6.1630907196949872E-004                  5.7221218635412083E-003                  1.2718648985637696E-003                  2.4871053158459599E-003                  5.3583954528458719E-007                  2.8058955619813127E-024                  0.0000000000000000E+000 
                                     549                  7.5485902164992236E-001                 -1.6151155690225949E-001                  6.2897336942034245E+000                  8.3520943755869936E+000                  9.4488451338659391E+013                  7.0279999481028221E-001                  3.0334925598232155E-005                  2.8496967026411935E-001                  2.1025988500795504E-003                  6.1630907196949872E-004                  5.7221218635412083E-003                  1.2718648985637696E-003                  2.4871053158459599E-003                  6.2155153375285194E-007                  4.9144088337346810E-024                  0.0000000000000000E+000 
                                     550                  7.5224612093596011E-001                 -1.6355324164269874E-001                  6.2962744313026811E+000                  8.3567561898767622E+000                  1.6039279935437409E+014                  7.0279999481028221E-001                  3.0334925598233382E-005                  2.8496967026411935E-001                  2.1025988500795504E-003                  6.1630907196949872E-004                  5.7221218635412083E-003                  1.2718648985637696E-003                  2.4871053158459599E-003                  7.2064934533170773E-007                  8.5912565234260006E-024                  0.0000000000000000E+000 
                                     551                  7.4956942194373066E-001                 -1.6562676096447562E-001                  6.3028254969016926E+000                  8.3614286308119290E+000                  2.7178431464434109E+014                  7.0279999481028232E-001                  3.0334925598234636E-005                  2.8496967026411935E-001                  2.1025988500795504E-003                  6.1630907196949872E-004                  5.7221218635412083E-003                  1.2718648985637696E-003                  2.4871053158459599E-003                  8.3517797427457388E-007                  1.4991389733770908E-023                  0.0000000000000000E+000 
                                     552                  7.4682761323220181E-001                 -1.6773281884714303E-001                  6.3093872751844122E+000                  8.3661125926178546E+000                  4.5973785861358612E+014                  7.0279999481028232E-001                  3.0334925598235916E-005                  2.8496967026411935E-001                  2.1025988500795504E-003                  6.1630907196949872E-004                  5.7221218635412083E-003                  1.2718648985637696E-003                  2.4871053158459599E-003                  9.6748894883553658E-007                  2.6112068607019582E-023                  0.0000000000000000E+000 
                                     553                  7.4401936338943442E-001                 -1.6987214471863368E-001                  6.3159601616582668E+000                  8.3708089599546085E+000                  7.7634645519841062E+014                  7.0279999481028232E-001                  3.0334925598237221E-005                  2.8496967026411935E-001                  2.1025988500795504E-003                  6.1630907196949872E-004                  5.7221218635412083E-003                  1.2718648985637696E-003                  2.4871053158459599E-003                  1.1202855834782490E-006                  4.5401412423842078E-023                  0.0000000000000000E+000 
                                     554                  7.4114332121002768E-001                 -1.7204549453283319E-001                  6.3225445627908821E+000                  8.3755186071041106E+000                  1.3088005053239732E+015                  7.0279999481028232E-001                  3.0334925598238556E-005                  2.8496967026411935E-001                  2.1025988500795504E-003                  6.1630907196949872E-004                  5.7221218635412083E-003                  1.2718648985637696E-003                  2.4871053158459599E-003                  1.2966748546601646E-006                  7.8802649123106912E-023                  0.0000000000000000E+000 
                                     555                  7.3819811591049678E-001                 -1.7425365189870318E-001                  6.3274719166768687E+000                  8.0780118417570304E+000                  9.6583888604227100E+014                  7.0279999481028232E-001                  3.0334925598239572E-005                  2.8496967026411935E-001                  2.1025988500795504E-003                  6.1630907196949872E-004                  5.7221218635412083E-003                  1.2718648985637696E-003                  2.4871053158459599E-003                  1.4461031806600393E-006                  1.1885589494781539E-022                  0.0000000000000000E+000 
                                     556                  7.3669914343031651E-001                 -1.7537099448853102E-001                  6.3324435880767611E+000                  8.3826097637228330E+000                  2.8560299099311485E+015                  7.0279999481028232E-001                  3.0334925598240612E-005                  2.8496967026411935E-001                  2.1025988500795504E-003                  6.1630907196949872E-004                  5.7221218635412083E-003                  1.2718648985637696E-003                  2.4871053158459599E-003                  1.6134453629820586E-006                  1.7962174747064795E-022                  0.0000000000000000E+000 
                                     557                  7.3364758105755212E-001                 -1.7763289513977240E-001                  6.3390586207246020E+000                  8.3873563989092013E+000                  4.7953452841464910E+015                  7.0279999481028232E-001                  3.0334925598242022E-005                  2.8496967026411935E-001                  2.1025988500795504E-003                  6.1630907196949872E-004                  5.7221218635412083E-003                  1.2718648985637696E-003                  2.4871053158459599E-003                  1.8656179196702282E-006                  3.1045854720821044E-022                  0.0000000000000000E+000 
                                     558                  7.3052334479649472E-001                 -1.7993169145938881E-001                  6.3456866709951942E+000                  8.3921193249838932E+000                  8.0388872601294130E+015                  7.0279999481028232E-001                  3.0334925598243462E-005                  2.8496967026411935E-001                  2.1025988500795504E-003                  6.1630907196949872E-004                  5.7221218635412083E-003                  1.2718648985637696E-003                  2.4871053158459599E-003                  2.1563760998580037E-006                  5.3572733051997354E-022                  0.0000000000000000E+000 
                                     559                  7.2732499776950943E-001                 -1.8226827380911709E-001                  6.3523281902623498E+000                  8.3968993911737098E+000                  1.3455634916506522E+016                  7.0279999481028232E-001                  3.0334925598244929E-005                  2.8496967026411935E-001                  2.1025988500795504E-003                  6.1630907196949872E-004                  5.7221218635412083E-003                  1.2718648985637696E-003                  2.4871053158459599E-003                  2.4915159586585197E-006                  9.2298473784072847E-022                  0.0000000000000000E+000 
                                     560                  7.2405108515409300E-001                 -1.8464356620169889E-001                  6.3589836397171622E+000                  8.4016974444755110E+000                  2.2488368158660784E+016                  7.0279999481028232E-001                  3.0334925598246430E-005                  2.8496967026411935E-001                  2.1025988500795504E-003                  6.1630907196949872E-004                  5.7221218635412083E-003                  1.2718648985637696E-003                  2.4871053158459599E-003                  2.8776913979220657E-006                  1.5877089437163726E-021                  0.0000000000000000E+000 
                                     561                  7.2070013470531502E-001                 -1.8705852785973345E-001                  6.3656534906845685E+000                  8.4065143306942414E+000                  3.7529301163284448E+016                  7.0279999481028232E-001                  3.0334925598247961E-005                  2.8496967026411935E-001                  2.1025988500795504E-003                  6.1630907196949872E-004                  5.7221218635412083E-003                  1.2718648985637696E-003                  2.4871053158459599E-003                  3.3225398624081110E-006                  2.7270186133060317E-021                  0.0000000000000000E+000 
                                     562                  7.1727065734291928E-001                 -1.8951415486876505E-001                  6.3723382250592300E+000                  8.4113508988006966E+000                  6.2539602939519080E+016                  7.0279999481028232E-001                  3.0334925598249523E-005                  2.8496967026411935E-001                  2.1025988500795504E-003                  6.1630907196949872E-004                  5.7221218635412083E-003                  1.2718648985637696E-003                  2.4871053158459599E-003                  3.8348263441881793E-006                  4.6769359700682919E-021                  0.0000000000000000E+000 
                                     563                  7.1376114781907196E-001                 -1.9201148195046960E-001                  6.3790383357845029E+000                  8.4162080007794486E+000                  1.0406991833720045E+017                  7.0279999481028232E-001                  3.0334925598251119E-005                  2.8496967026411935E-001                  2.1025988500795504E-003                  6.1630907196949872E-004                  5.7221218635412083E-003                  1.2718648985637696E-003                  2.4871053158459599E-003                  4.4246084460187223E-006                  8.0095149317464237E-021                  0.0000000000000000E+000 
                                     564                  7.1017008546197302E-001                 -1.9455158433884248E-001                  6.3857543273832826E+000                  8.4210864945512292E+000                  1.7293947541440317E+017                  7.0279999481028232E-001                  3.0334925598252748E-005                  2.8496967026411935E-001                  2.1025988500795504E-003                  6.1630907196949872E-004                  5.7221218635412083E-003                  1.2718648985637696E-003                  2.4871053158459599E-003                  5.1034255529580668E-006                  1.3697393303738162E-020                  0.0000000000000000E+000 
                                     565                  7.0649593498536001E-001                 -1.9713557978499713E-001                  6.3924867164038526E+000                  8.4259872498365969E+000                  2.8699565484458237E+017                  7.0279999481028232E-001                  3.0334925598254405E-005                  2.8496967026411935E-001                  2.1025988500795504E-003                  6.1630907196949872E-004                  5.7221218635412083E-003                  1.2718648985637696E-003                  2.4871053158459599E-003                  5.8845156112683673E-006                  2.3392257159044152E-020                  0.0000000000000000E+000 
                                     566                  7.0273714736736537E-001                 -1.9976463071833167E-001                  6.3992360318884751E+000                  8.4309111487300665E+000                  4.7564423622903987E+017                  7.0279999481028232E-001                  3.0334925598256099E-005                  2.8496967026411935E-001                  2.1025988500795504E-003                  6.1630907196949872E-004                  5.7221218635412083E-003                  1.2718648985637696E-003                  2.4871053158459599E-003                  6.7830636403264445E-006                  3.9895553838527942E-020                  0.0000000000000000E+000 
                                     567                  6.9889216082174288E-001                 -2.0243994654415054E-001                  6.4060028161270735E+000                  8.4358590870697849E+000                  7.8727858216804403E+017                  7.0279999481028232E-001                  3.0334925598257817E-005                  2.8496967026411935E-001                  2.1025988500795504E-003                  6.1630907196949872E-004                  5.7221218635412083E-003                  1.2718648985637696E-003                  2.4871053158459599E-003                  7.8164866616977343E-006                  6.7953347628571692E-020                  0.0000000000000000E+000 
                                     568                  6.9495940186547556E-001                 -2.0516278609297320E-001                  6.4127876258549898E+000                  8.4408319796334617E+000                  1.3014501870541028E+018                  7.0279999481028232E-001                  3.0334925598259565E-005                  2.8496967026411935E-001                  2.1025988500795504E-003                  6.1630907196949872E-004                  5.7221218635412083E-003                  1.2718648985637696E-003                  2.4871053158459599E-003                  9.0047604621317955E-006                  1.1559716348107505E-019                  0.0000000000000000E+000 
                                     569                  6.9093728646251140E-001                 -2.0793446025773168E-001                  6.4195910335447905E+000                  8.4458307671404658E+000                  2.1487869040426829E+018                  7.0279999481028221E-001                  3.0334925598261341E-005                  2.8496967026411935E-001                  2.1025988500795504E-003                  6.1630907196949872E-004                  5.7221218635412083E-003                  1.2718648985637696E-003                  2.4871053158459599E-003                  1.0370794369737348E-005                  1.9640369235421186E-019                  0.0000000000000000E+000 
                                     570                  6.8682422124213971E-001                 -2.1075633484621051E-001                  6.4264136285913347E+000                  8.4508564196071791E+000                  3.5435596125508147E+018                  7.0279999481028221E-001                  3.0334925598263143E-005                  2.8496967026411935E-001                  2.1025988500795504E-003                  6.1630907196949872E-004                  5.7221218635412083E-003                  1.2718648985637696E-003                  2.4871053158459599E-003                  1.1940861209118306E-005                  3.3329950421771276E-019                  0.0000000000000000E+000 
                                     571                  6.8261860481782377E-001                 -2.1362983364294102E-001                  6.4332560192517532E+000                  8.4559099384390244E+000                  5.8368811089387366E+018                  7.0279999481028221E-001                  3.0334925598264963E-005                  2.8496967026411935E-001                  2.1025988500795504E-003                  6.1630907196949872E-004                  5.7221218635412083E-003                  1.2718648985637696E-003                  2.4871053158459599E-003                  1.3745090884059452E-005                  5.6496158798616074E-019                  0.0000000000000000E+000 
                                     572                  6.7831882921646425E-001                 -2.1655644168934460E-001                  6.4401188347702902E+000                  8.4609923659594291E+000                  9.6035327097854792E+018                  7.0279999481028221E-001                  3.0334925598266799E-005                  2.8496967026411935E-001                  2.1025988500795504E-003                  6.1630907196949872E-004                  5.7221218635412083E-003                  1.2718648985637696E-003                  2.4871053158459599E-003                  1.5818036961454195E-005                  9.5657587797256541E-019                  0.0000000000000000E+000 
                                     573                  6.7392328139279689E-001                 -2.1953770885132354E-001                  6.4470027270134942E+000                  8.4661047930738249E+000                  1.5783557578943818E+019                  7.0279999481028221E-001                  3.0334925598268646E-005                  2.8496967026411935E-001                  2.1025988500795504E-003                  6.1630907196949872E-004                  5.7221218635412083E-003                  1.2718648985637696E-003                  2.4871053158459599E-003                  1.8199327297736785E-005                  1.6179070236936063E-018                  0.0000000000000000E+000 
                                     574                  6.6943034482434305E-001                 -2.2257525368708600E-001                  6.4539083726294431E+000                  8.4712483631163789E+000                  2.5912985653562630E+019                  7.0279999481028221E-001                  3.0334925598270496E-005                  2.8496967026411935E-001                  2.1025988500795504E-003                  6.1630907196949872E-004                  5.7221218635412083E-003                  1.2718648985637696E-003                  2.4871053158459599E-003                  2.0934411727533469E-005                  2.7336262299174573E-018                  0.0000000000000000E+000 
                                     575                  6.6483840121340232E-001                 -2.2567076761479746E-001                  6.4608364753940197E+000                  8.4764242798319671E+000                  4.2499521321406562E+019                  7.0279999481028232E-001                  3.0334925598272339E-005                  2.8496967026411935E-001                  2.1025988500795504E-003                  6.1630907196949872E-004                  5.7221218635412083E-003                  1.2718648985637696E-003                  2.4871053158459599E-003                  2.4075421338016674E-005                  4.6141789114502131E-018                  0.0000000000000000E+000 
                                     576                  6.6014583230641299E-001                 -2.2882601943648359E-001                  6.4677877683016769E+000                  8.4816338155066759E+000                  6.9633852876395258E+019                  7.0279999481028232E-001                  3.0334925598274168E-005                  2.8496967026411935E-001                  2.1025988500795504E-003                  6.1630907196949872E-004                  5.7221218635412083E-003                  1.2718648985637696E-003                  2.4871053158459599E-003                  2.7682156587631652E-005                  7.7810510155552048E-018                  0.0000000000000000E+000 
                                     577                  6.5535102180572413E-001                 -2.3204286025199616E-001                  6.4747630160996907E+000                  8.4868783189127708E+000                  1.1398373172985114E+020                  7.0279999481028232E-001                  3.0334925598275957E-005                  2.8496967026411935E-001                  2.1025988500795504E-003                  6.1630907196949872E-004                  5.7221218635412083E-003                  1.2718648985637696E-003                  2.4871053158459599E-003                  3.1823224411999437E-005                  1.3109617753526392E-017                  0.0000000000000000E+000 
                                     578                  6.5045235736942142E-001                 -2.3532322879792147E-001                  6.4817630180439361E+000                  8.4921592249296403E+000                  1.8640955425140084E+020                  7.0279999481028232E-001                  3.0334925598277699E-005                  2.8496967026411935E-001                  2.1025988500795504E-003                  6.1630907196949872E-004                  5.7221218635412083E-003                  1.2718648985637696E-003                  2.4871053158459599E-003                  3.6577347151515534E-005                  2.2068345482153815E-017                  0.0000000000000000E+000 
                                     579                  6.4544823272650187E-001                 -2.3866915726437335E-001                  6.4887886106829429E+000                  8.4974780616592351E+000                  3.0458863948485578E+020                  7.0279999481028232E-001                  3.0334925598279359E-005                  2.8496967026411935E-001                  2.1025988500795504E-003                  6.1630907196949872E-004                  5.7221218635412083E-003                  1.2718648985637696E-003                  2.4871053158459599E-003                  4.2034870518822979E-005                  3.7119170014607246E-017                  0.0000000000000000E+000 
                                     580                  6.4033704991358598E-001                 -2.4208277761589025E-001                  6.4957754183844285E+000                  8.5027694123719346E+000                  4.9531605028326546E+020                  7.0279999481028232E-001                  3.0334925598280904E-005                  2.8496967026411935E-001                  2.1025988500795504E-003                  6.1630907196949872E-004                  5.7221218635412083E-003                  1.2718648985637696E-003                  2.4871053158459599E-003                  4.8256296098275856E-005                  6.2115614548591048E-017                  0.0000000000000000E+000 
                                     581                  6.3511722161346340E-001                 -2.4556578856348557E-001                  6.5024378732793142E+000                  8.5077396856814360E+000                  7.8801349685932222E+020                  7.0279999481028232E-001                  3.0334925598282293E-005                  2.8496967026411935E-001                  2.1025988500795504E-003                  6.1630907196949872E-004                  5.7221218635412083E-003                  1.2718648985637696E-003                  2.4871053158459599E-003                  5.5126909155110517E-005                  1.0147314408198744E-016                  0.0000000000000000E+000 
                                     582                  6.2978717359449621E-001                 -2.4911753903784439E-001                  6.5088271201155514E+000                  8.5124368581204397E+000                  1.2306697625143830E+021                  7.0279999481028232E-001                  3.0334925598283462E-005                  2.8496967026411935E-001                  2.1025988500795504E-003                  6.1630907196949872E-004                  5.7221218635412083E-003                  1.2718648985637696E-003                  2.4871053158459599E-003                  6.2716229162682781E-005                  1.6243436028993650E-016                  0.0000000000000000E+000 
                                     583                  6.2434534728001434E-001                 -2.5273768030704319E-001                  6.5149831582370563E+000                  8.5168983088191350E+000                  1.8917200037697988E+021                  7.0279999481028232E-001                  3.0334925598284336E-005                  2.8496967026411935E-001                  2.1025988500795504E-003                  6.1630907196949872E-004                  5.7221218635412083E-003                  1.2718648985637696E-003                  2.4871053158459599E-003                  7.1099973785692847E-005                  2.5553674845074241E-016                  0.0000000000000000E+000 
                                     584                  6.1879020244844196E-001                 -2.5642610741671706E-001                  6.5209375705861206E+000                  8.5211534768817554E+000                  2.8682594384609663E+021                  7.0279999373684998E-001                  3.0335999030560620E-005                  2.8496967026411929E-001                  2.1025988500795499E-003                  6.1630907196949861E-004                  5.7221218635412074E-003                  1.2718648985637693E-003                  2.4871053158459595E-003                  8.0360502664652655E-005                  3.9598792907421057E-016                  0.0000000000000000E+000 
                                     585                  6.1312022005249567E-001                 -2.6018291491385875E-001                  6.5267159524068932E+000                  8.5252262437383930E+000                  4.2963948085540112E+021                  7.0279999357683454E-001                  3.0336159045956200E-005                  2.8496967026411929E-001                  2.1025988500795499E-003                  6.1630907196949861E-004                  5.7221218635412074E-003                  1.2718648985637693E-003                  2.4871053158459595E-003                  9.0587854207062674E-005                  6.0558765007075271E-016                  0.0000000000000000E+000 
                                     586                  6.0733390516450281E-001                 -2.6400836719324605E-001                  6.5323398784458462E+000                  8.5291368690159004E+000                  6.3673323876057822E+021                  7.0279999340013932E-001                  3.0336335741242248E-005                  2.8496967026411929E-001                  2.1025988500795499E-003                  6.1630907196949861E-004                  5.7221218635412074E-003                  1.2718648985637693E-003                  2.4871053158459595E-003                  1.0188128998545931E-004                  9.1542283495815002E-016                  0.0000000000000000E+000 
                                     587                  6.0142979007552144E-001                 -2.6790288188334949E-001                  6.5378276859207203E+000                  8.5329027429331781E+000                  9.3476079966361957E+021                  7.0279999320505215E-001                  3.0336530828360958E-005                  2.8496967026411929E-001                  2.1025988500795499E-003                  6.1630907196949872E-004                  5.7221218635412074E-003                  1.2718648985637693E-003                  2.4871053158459595E-003                  1.1435022657468435E-004                  1.3696033119141812E-015                  0.0000000000000000E+000 
                                     588                  5.9540643754803102E-001                 -2.7186701740136082E-001                  6.5431950790011673E+000                  8.5365389639407532E+000                  1.3608689528455771E+022                  7.0279999166070573E-001                  3.0338075174833003E-005                  2.8496967026411929E-001                  2.1025988500795499E-003                  6.1630907196949872E-004                  5.7221218635412074E-003                  1.2718648985637693E-003                  2.4871053158459595E-003                  1.2811526640865972E-004                  2.0304393736299833E-015                  0.0000000000000000E+000 
                                     589                  5.8926244421754326E-001                 -2.7590146380970837E-001                  6.5484556020413081E+000                  8.5400587911538857E+000                  1.9661502445714189E+022                  7.0279999122733727E-001                  3.0338508543323737E-005                  2.8496967026411935E-001                  2.1025988500795504E-003                  6.1630907196949883E-004                  5.7221218635412083E-003                  1.2718648985637696E-003                  2.4871053158459599E-003                  1.4330934166467815E-004                  2.9856016503551897E-015                  0.0000000000000000E+000 
                                     590                  5.8299644416252405E-001                 -2.8000703636949248E-001                  6.5536210142180948E+000                  8.5434739972369318E+000                  2.8214023469685994E+022                  7.0279999074904020E-001                  3.0338986840426917E-005                  2.8496967026411935E-001                  2.1025988500795504E-003                  6.1630907196949904E-004                  5.7221218635412083E-003                  1.2718648985637696E-003                  2.4871053158459599E-003                  1.6007897762577945E-004                  4.3580023704909505E-015                  0.0000000000000000E+000 
                                     591                  5.7660711266474551E-001                 -2.8418467128865615E-001                  6.5587015973515959E+000                  8.5467951628300938E+000                  4.0239141429287766E+022                  7.0279999022122164E-001                  3.0339514658975504E-005                  2.8496967026411935E-001                  2.1025988500795499E-003                  6.1630907196949915E-004                  5.7221218635412083E-003                  1.2718648985637696E-003                  2.4871053158459599E-003                  1.7858571354683971E-004                  6.3194112940287707E-015                  0.0000000000000000E+000 
                                     592                  5.7009317016297789E-001                 -2.8843542345276985E-001                  6.5637064078477279E+000                  8.5500319167002665E+000                  5.7071534887625407E+022                  7.0279998963881940E-001                  3.0340097061157100E-005                  2.8496967026411935E-001                  2.1025988500795499E-003                  6.1630907196949926E-004                  5.7221218635412083E-003                  1.2718648985637696E-003                  2.4871053158459599E-003                  1.9900768954046801E-004                  9.1091915553934283E-015                  0.0000000000000000E+000 
                                     593                  5.6345338640429565E-001                 -2.9276046590534355E-001                  6.5686434696628240E+000                  8.5531931179569938E+000                  8.0548108786550501E+022                  7.0279998704029545E-001                  3.0342695585025422E-005                  2.8496967026411935E-001                  2.1025988500795499E-003                  6.1630907196949958E-004                  5.7221218635412083E-003                  1.2718648985637696E-003                  2.4871053158459599E-003                  2.2154137951406678E-004                  1.3060039600896114E-014                  0.0000000000000000E+000 
                                     594                  5.5668658482323286E-001                 -2.9716109074950431E-001                  6.5722887230136848E+000                  8.2544487960057022E+000                  5.1937689495205155E+022                  7.0279998630973517E-001                  3.0343426145429058E-005                  2.8496967026411940E-001                  2.1025988500795499E-003                  6.1630907196950002E-004                  5.7221218635412092E-003                  1.2718648985637698E-003                  2.4871053158459604E-003                  2.3991370059134001E-004                  1.7038647573354882E-014                  0.0000000000000000E+000 
                                     595                  5.5325520048630927E-001                 -2.9938996802663603E-001                  6.5747129798567840E+000                  8.2559798940278384E+000                  6.1491312287756755E+022                  7.0279998579055925E-001                  3.0343945321377330E-005                  2.8496967026411940E-001                  2.1025988500795495E-003                  6.1630907196950013E-004                  5.7221218635412092E-003                  1.2718648985637698E-003                  2.4871053158459604E-003                  2.5296505493135413E-004                  2.0328947465086370E-014                  0.0000000000000000E+000 
                                     596                  5.4979164716868711E-001                 -3.0163827619908212E-001                  6.5771240757464300E+000                  8.2574965811529673E+000                  7.2727828798895861E+022                  7.0279998524529219E-001                  3.0344490588400890E-005                  2.8496967026411935E-001                  2.1025988500795491E-003                  6.1630907196950045E-004                  5.7221218635412083E-003                  1.2718648985637696E-003                  2.4871053158459599E-003                  2.6667371216299322E-004                  2.4228443109751265E-014                  0.0000000000000000E+000 
                                     597                  5.4629579500083081E-001                 -3.0390621138750878E-001                  6.5795227250432502E+000                  8.2589997700716360E+000                  8.5933513461614942E+022                  7.0279998467263682E-001                  3.0345063243710143E-005                  2.8496967026411935E-001                  2.1025988500795486E-003                  6.1630907196950078E-004                  5.7221218635412083E-003                  1.2718648985637696E-003                  2.4871053158459599E-003                  2.8107260056370250E-004                  2.8846203136312331E-014                  0.0000000000000000E+000 
                                     598                  5.4276751838242976E-001                 -3.0619397775136570E-001                  6.5819096056102229E+000                  8.2604903520997741E+000                  1.0144202302180307E+023                  7.0279998407123145E-001                  3.0345664649187238E-005                  2.8496967026411940E-001                  2.1025988500795486E-003                  6.1630907196950121E-004                  5.7221218635412092E-003                  1.2718648985637698E-003                  2.4871053158459604E-003                  2.9619630493063850E-004                  3.4310328118012145E-014                  0.0000000000000000E+000 
                                     599                  5.3920669615060124E-001                 -3.0850178764984870E-001                  6.5842853612531700E+000                  8.2619691989583952E+000                  1.1965530649683458E+023                  7.0279998176169223E-001                  3.0347974188403943E-005                  2.8496967026411935E-001                  2.1025988500795473E-003                  6.1630907196950175E-004                  5.7221218635412083E-003                  1.2718648985637696E-003                  2.4871053158459599E-003                  3.1208114926662409E-004                  4.0771209258240865E-014                  0.0000000000000000E+000 
                                     600                  5.3561321175323140E-001                 -3.1082986181596722E-001                  6.5866506039592911E+000                  8.2634371671557130E+000                  1.4100305179207406E+023                  7.0279998097897323E-001                  3.0348756907218405E-005                  2.8496967026411935E-001                  2.1025988500795473E-003                  6.1630907196950219E-004                  5.7221218635412083E-003                  1.2718648985637696E-003                  2.4871053158459599E-003                  3.2876528896960499E-004                  4.8405337327352751E-014                  0.0000000000000000E+000 
                                     601                  5.3198695342762836E-001                 -3.1317842955863529E-001                  6.5890059159547993E+000                  8.2648950967930617E+000                  1.6602284697488932E+023                  7.0279998015702849E-001                  3.0349578852115150E-005                  2.8496967026411940E-001                  2.1025988500795473E-003                  6.1630907196950295E-004                  5.7221218635412092E-003                  1.2718648985637698E-003                  2.4871053158459604E-003                  3.4628879720586484E-004                  5.7419753466670330E-014                  0.0000000000000000E+000 
                                     602                  5.2832781438426124E-001                 -3.1554772896394773E-001                  6.5913518515989686E+000                  8.2663438156314104E+000                  1.9532810043800352E+023                  7.0279997929391169E-001                  3.0350441969006388E-005                  2.8496967026411935E-001                  2.1025988500795460E-003                  6.1630907196950370E-004                  5.7221218635412083E-003                  1.2718648985637696E-003                  2.4871053158459599E-003                  3.6469376600704992E-004                  6.8057250350476050E-014                  0.0000000000000000E+000 
                                     603                  5.2463569299558033E-001                 -3.1793800712462622E-001                  6.5936889391290361E+000                  8.2677841403330650E+000                  2.2963236401683419E+023                  7.0279997838757979E-001                  3.0351348300663567E-005                  2.8496967026411935E-001                  2.1025988500795456E-003                  6.1630907196950468E-004                  5.7221218635412083E-003                  1.2718648985637696E-003                  2.4871053158459599E-003                  3.8402440739862212E-004                  8.0602448980215368E-014                  0.0000000000000000E+000 
                                     604                  5.2091049299060421E-001                 -3.2034952038356740E-001                  6.5960176822705279E+000                  8.2692168780753263E+000                  2.6976539037937748E+023                  7.0279997743588896E-001                  3.0352299991553161E-005                  2.8496967026411935E-001                  2.1025988500795443E-003                  6.1630907196950576E-004                  5.7221218635412083E-003                  1.2718648985637696E-003                  2.4871053158459599E-003                  4.0432716063865543E-004                  9.5388894750851285E-014                  0.0000000000000000E+000 
                                     605                  5.1715212365573016E-001                 -3.2278253459439138E-001                  6.5983385617250496E+000                  8.2706428275936084E+000                  3.1672155840966608E+023                  7.0279997500722191E-001                  3.0354728658593130E-005                  2.8496967026411935E-001                  2.1025988500795434E-003                  6.1630907196950717E-004                  5.7221218635412083E-003                  1.2718648985637696E-003                  2.4871053158459599E-003                  4.2565080363645195E-004                  1.1280734507240591E-013                  0.0000000000000000E+000 
                                     606                  5.1336050004205025E-001                 -3.2523732539673200E-001                  6.6006520365427379E+000                  8.2720627824900888E+000                  3.7156977977004692E+023                  7.0279997385521520E-001                  3.0355880665318820E-005                  2.8496967026411929E-001                  2.1025988500795413E-003                  6.1630907196950858E-004                  5.7221218635412074E-003                  1.2718648985637693E-003                  2.4871053158459595E-003                  4.4804657620480800E-004                  1.3331544950684080E-013                  0.0000000000000000E+000 
                                     607                  5.0953554317945982E-001                 -3.2771417852005841E-001                  6.6029585451127453E+000                  8.2734775294600862E+000                  4.3563622772490367E+023                  7.0279997264564686E-001                  3.0357090233586483E-005                  2.8496967026411935E-001                  2.1025988500795400E-003                  6.1630907196951043E-004                  5.7221218635412083E-003                  1.2718648985637696E-003                  2.4871053158459599E-003                  4.7156829574835127E-004                  1.5744904275424444E-013                  0.0000000000000000E+000 
                                     608                  5.0567718029782494E-001                 -3.3021339008835027E-001                  6.6052585055832109E+000                  8.2748878506005408E+000                  5.1043357256051487E+023                  7.0279997137566541E-001                  3.0358360215125479E-005                  2.8496967026411935E-001                  2.1025988500795387E-003                  6.1630907196951281E-004                  5.7221218635412083E-003                  1.2718648985637696E-003                  2.4871053158459599E-003                  4.9627248752634576E-004                  1.8583532373109259E-013                  0.0000000000000000E+000 
                                     609                  5.0178534505511851E-001                 -3.3273526694937317E-001                  6.6075523164738232E+000                  8.2762945238349097E+000                  5.9771801978589002E+023                  7.0279997004227712E-001                  3.0359693603333458E-005                  2.8496967026411935E-001                  2.1025988500795361E-003                  6.1630907196951531E-004                  5.7221218635412083E-003                  1.2718648985637696E-003                  2.4871053158459599E-003                  5.2221851606710221E-004                  2.1920823394894607E-013                  0.0000000000000000E+000 
                                     610                  4.9785997777223789E-001                 -3.3528012701889864E-001                  6.6098403577441660E+000                  8.2776983241417117E+000                  6.9952790293101615E+023                  7.0279996864234018E-001                  3.0361093540318018E-005                  2.8496967026411935E-001                  2.1025988500795335E-003                  6.1630907196951834E-004                  5.7221218635412083E-003                  1.2718648985637696E-003                  2.4871053158459599E-003                  5.4946872709206896E-004                  2.5842639538254886E-013                  0.0000000000000000E+000 
                                     611                  4.9390102567541133E-001                 -3.3784829964545288E-001                  6.6121229918350384E+000                  8.2791000247509192E+000                  8.1822833721953548E+023                  7.0279996717255611E-001                  3.0362563324327240E-005                  2.8496967026411946E-001                  2.1025988500795313E-003                  6.1630907196952203E-004                  5.7221218635412092E-003                  1.2718648985637698E-003                  2.4871053158459604E-003                  5.7808859685431449E-004                  3.0449404930914088E-013                  0.0000000000000000E+000 
                                     612                  4.8990844314671145E-001                 -3.4044012599656037E-001                  6.6144005646344119E+000                  8.2805003977311102E+000                  9.5666739079597640E+023                  7.0279996396986888E-001                  3.0365766011642858E-005                  2.8496967026411946E-001                  2.1025988500795274E-003                  6.1630907196952626E-004                  5.7221218635412092E-003                  1.2718648985637698E-003                  2.4871053158459604E-003                  6.0814688671834572E-004                  3.5858546358628100E-013                  0.0000000000000000E+000 
                                     613                  4.8588219198303578E-001                 -3.4305595946401385E-001                  6.6166734063735975E+000                  8.2819002172875376E+000                  1.1178437660643761E+024                  7.0279996223199537E-001                  3.0367503885096434E-005                  2.8496967026411946E-001                  2.1025988500795226E-003                  6.1630907196953135E-004                  5.7221218635412092E-003                  1.2718648985637698E-003                  2.4871053158459604E-003                  6.3971581570332727E-004                  4.2207341089920517E-013                  0.0000000000000000E+000 
                                     614                  4.8182224166387255E-001                 -3.4569616610575898E-001                  6.6189418324610907E+000                  8.2833002575606098E+000                  1.3055306128461707E+024                  7.0279996040754056E-001                  3.0369328339936349E-005                  2.8496967026411940E-001                  2.1025988500795174E-003                  6.1630907196953710E-004                  5.7221218635412083E-003                  1.2718648985637696E-003                  2.4871053158459599E-003                  6.7287122130496157E-004                  4.9656236538952404E-013                  0.0000000000000000E+000 
                                     615                  4.7772856962864446E-001                 -3.4836112509269723E-001                  6.6212061442603014E+000                  8.2847012958543456E+000                  1.5240046224531785E+024                  7.0279995849222088E-001                  3.0371243659507468E-005                  2.8496967026411940E-001                  2.1025988500795114E-003                  6.1630907196954382E-004                  5.7221218635412074E-003                  1.2718648985637693E-003                  2.4871053158459595E-003                  7.0769274821835002E-004                  5.8392720815400318E-013                  0.0000000000000000E+000 
                                     616                  4.7360116156281401E-001                 -3.5105122919430087E-001                  6.6234666298155940E+000                  8.2861041131291895E+000                  1.7782215357760509E+024                  7.0279995648154081E-001                  3.0373254339495583E-005                  2.8496967026411940E-001                  2.1025988500795040E-003                  6.1630907196955184E-004                  5.7221218635412074E-003                  1.2718648985637693E-003                  2.4871053158459595E-003                  7.4426403680319191E-004                  6.8635835713046285E-013                  0.0000000000000000E+000 
                                     617                  4.6944001169274369E-001                 -3.5376688528818567E-001                  6.6257235645315209E+000                  8.2875094950312160E+000                  2.0739224951590127E+024                  7.0279995437078202E-001                  3.0375365098445931E-005                  2.8496967026411951E-001                  2.1025988500794975E-003                  6.1630907196956171E-004                  5.7221218635412092E-003                  1.2718648985637698E-003                  2.4871053158459604E-003                  7.8267292260739087E-004                  8.0641434858635478E-013                  0.0000000000000000E+000 
                                     618                  4.6524512309042310E-001                 -3.5650851489839186E-001                  6.6279772118082700E+000                  8.2889182330345630E+000                  2.4177569077425713E+024                  7.0279995215499158E-001                  3.0377580888719146E-005                  2.8496967026411946E-001                  2.1025988500794862E-003                  6.1630907196957266E-004                  5.7221218635412074E-003                  1.2718648985637693E-003                  2.4871053158459595E-003                  8.2301164556832472E-004                  9.4708314961399084E-013                  0.0000000000000000E+000 
                                     619                  4.6101650798852517E-001                 -3.5927655476475884E-001                  6.6302278236367185E+000                  8.2903311254673007E+000                  2.8174242260742473E+024                  7.0279994982897231E-001                  3.0379906907951753E-005                  2.8496967026411951E-001                  2.1025988500794758E-003                  6.1630907196958589E-004                  5.7221218635412083E-003                  1.2718648985637696E-003                  2.4871053158459599E-003                  8.6537706963021258E-004                  1.1118535622498231E-012                  0.0000000000000000E+000 
                                     620                  4.5675418810620899E-001                 -3.6207145744445546E-001                  6.6324756411564891E+000                  8.2917489777816265E+000                  3.2823033506659802E+024                  7.0279994523189748E-001                  3.0384503982962252E-005                  2.8496967026411962E-001                  2.1025988500794632E-003                  6.1630907196960161E-004                  5.7221218635412092E-003                  1.2718648985637698E-003                  2.4871053158459604E-003                  9.0987090923985790E-004                  1.3047984730907159E-012                  0.0000000000000000E+000 
                                     621                  4.5245819498629675E-001                 -3.6489369194262739E-001                  6.6347208951787335E+000                  8.2931726064015514E+000                  3.8218931075262575E+024                  7.0279994251871281E-001                  3.0387217167705435E-005                  2.8496967026411962E-001                  2.1025988500794476E-003                  6.1630907196961961E-004                  5.7221218635412092E-003                  1.2718648985637698E-003                  2.4871053158459604E-003                  9.5659998683256958E-004                  1.5306717836551619E-012                  0.0000000000000000E+000 
                                     622                  4.4812857034438724E-001                 -3.6774374439740243E-001                  6.6369638066780476E+000                  8.2946028356800756E+000                  4.4485083435107509E+024                  7.0279993967074206E-001                  3.0390065138190379E-005                  2.8496967026411968E-001                  2.1025988500794294E-003                  6.1630907196964096E-004                  5.7221218635412092E-003                  1.2718648985637698E-003                  2.4871053158459604E-003                  1.0056764637947197E-003                  1.7950213833463961E-012                  0.0000000000000000E+000 
                                     623                  4.4376536642894293E-001                 -3.7062211877680357E-001                  6.6392045872557297E+000                  8.2960405017420769E+000                  5.1759638352014546E+024                  7.0279993668132978E-001                  3.0393054550543036E-005                  2.8496967026411979E-001                  2.1025988500794081E-003                  6.1630907196966558E-004                  5.7221218635412100E-003                  1.2718648985637700E-003                  2.4871053158459608E-003                  1.0572181214508869E-003                  2.1043206648907063E-012                  0.0000000000000000E+000 
                                     624                  4.3936864639338785E-001                 -3.7352933763434754E-001                  6.6414434395754638E+000                  8.2974864529181058E+000                  6.0202378801873924E+024                  7.0279993354349035E-001                  3.0396192389785396E-005                  2.8496967026411979E-001                  2.1025988500793825E-003                  6.1630907196969463E-004                  5.7221218635412092E-003                  1.2718648985637698E-003                  2.4871053158459604E-003                  1.1113486368309776E-003                  2.4661217786102005E-012                  0.0000000000000000E+000 
                                     625                  4.3493848468096857E-001                 -3.7646594290389190E-001                  6.6436805577740445E+000                  8.2989415509629296E+000                  6.9998069327242348E+024                  7.0279993024989418E-001                  3.0399485985909615E-005                  2.8496967026411979E-001                  2.1025988500793531E-003                  6.1630907196972879E-004                  5.7221218635412092E-003                  1.2718648985637698E-003                  2.4871053158459604E-003                  1.1681978754024202E-003                  2.8892339966408216E-012                  0.0000000000000000E+000 
                                     626                  4.3047496742292068E-001                 -3.7943249674148483E-001                  6.6459161278474674E+000                  8.3004066722606407E+000                  8.1360315654263400E+024                  7.0279992679284919E-001                  3.0402943030783814E-005                  2.8496967026411985E-001                  2.1025988500793192E-003                  6.1630907196976858E-004                  5.7221218635412092E-003                  1.2718648985637698E-003                  2.4871053158459604E-003                  1.2279021982948546E-003                  3.3839314983823923E-012                  0.0000000000000000E+000 
                                     627                  4.2597819285051730E-001                 -3.8242958241704111E-001                  6.6481503280146077E+000                  8.3018827082744764E+000                  9.4548610528824164E+024                  7.0279992113830247E-001                  3.0408597577544811E-005                  2.8496967026411990E-001                  2.1025988500792793E-003                  6.1630907196981552E-004                  5.7221218635412083E-003                  1.2718648985637696E-003                  2.4871053158459599E-003                  1.2906047793312047E-003                  3.9621951856282335E-012                  0.0000000000000000E+000 
                                     628                  4.2144827172166571E-001                 -3.8545780525368195E-001                  6.6503833290597321E+000                  8.3033705694944064E+000                  1.0982611719200495E+025                  7.0279991718896806E-001                  3.0412546911657366E-005                  2.8496967026412001E-001                  2.1025988500792321E-003                  6.1630907196987017E-004                  5.7221218635412083E-003                  1.2718648985637696E-003                  2.4871053158459599E-003                  1.3564559640524962E-003                  4.6379942881051801E-012                  0.0000000000000000E+000 
                                     629                  4.1688532776232595E-001                 -3.8851779364244804E-001                  6.6526152945972994E+000                  8.3048711827499808E+000                  1.2753272192470534E+025                  7.0279991304388656E-001                  3.0416691993062147E-005                  2.8496967026412012E-001                  2.1025988500791779E-003                  6.1630907196993424E-004                  5.7221218635412083E-003                  1.2718648985637696E-003                  2.4871053158459599E-003                  1.4256135928470963E-003                  5.4276140458012741E-012                  0.0000000000000000E+000 
                                     630                  4.1228949812338622E-001                 -3.9161020008992969E-001                  6.6548463811840186E+000                  8.3063854949298808E+000                  1.4804933662905765E+025                  7.0279990869340858E-001                  3.0421042471025644E-005                  2.8496967026412018E-001                  2.1025988500791128E-003                  6.1630907197000894E-004                  5.7221218635412083E-003                  1.2718648985637696E-003                  2.4871053158459599E-003                  1.4982433888768270E-003                  6.3500370685126694E-012                  0.0000000000000000E+000 
                                     631                  4.0766093385391439E-001                 -3.9473570234702188E-001                  6.6570767384746379E+000                  8.3079144736141490E+000                  1.7181586405518240E+025                  7.0279990412740956E-001                  3.0425608469878691E-005                  2.8496967026412034E-001                  2.1025988500790382E-003                  6.1630907197009644E-004                  5.7221218635412074E-003                  1.2718648985637693E-003                  2.4871053158459595E-003                  1.5745193397163116E-003                  7.4273871726787506E-012                  0.0000000000000000E+000 
                                     632                  4.0299980039154526E-001                 -3.9789500460168803E-001                  6.6593065095229900E+000                  8.3094591085550995E+000                  1.9934022273984113E+025                  7.0279989933526710E-001                  3.0430400612225557E-005                  2.8496967026412051E-001                  2.1025988500789506E-003                  6.1630907197019890E-004                  5.7221218635412083E-003                  1.2718648985637696E-003                  2.4871053158459599E-003                  1.6546241048810469E-003                  8.6854456860015828E-012                  0.0000000000000000E+000 
                                     633                  3.9830627807083330E-001                 -4.0108883874619572E-001                  6.6615358310888553E+000                  8.3110204133606480E+000                  2.3120874067527188E+025                  7.0279989430583578E-001                  3.0435430043301434E-005                  2.8496967026412073E-001                  2.1025988500788483E-003                  6.1630907197031848E-004                  5.7221218635412092E-003                  1.2718648985637698E-003                  2.4871053158459604E-003                  1.7387494432617092E-003                  1.0154252462966025E-011                  0.0000000000000000E+000 
                                     634                  3.9358056265024638E-001                 -4.0431796572532375E-001                  6.6637648339274440E+000                  8.3125994275217590E+000                  2.6813028398122996E+025                  7.0279988720094888E-001                  3.0442534929961788E-005                  2.8496967026412096E-001                  2.1025988500787281E-003                  6.1630907197045834E-004                  5.7221218635412083E-003                  1.2718648985637696E-003                  2.4871053158459599E-003                  1.8270966503869687E-003                  1.1868804594539299E-011                  0.0000000000000000E+000 
                                     635                  3.8882286585851766E-001                 -4.0758317697363572E-001                  6.6659936430605988E+000                  8.3141972203062817E+000                  3.1082901407586762E+025                  7.0279988153537287E-001                  3.0448200505703621E-005                  2.8496967026412129E-001                  2.1025988500785880E-003                  6.1630907197062163E-004                  5.7221218635412092E-003                  1.2718648985637698E-003                  2.4871053158459604E-003                  1.9198770553109565E-003                  1.3869869848292900E-011                  0.0000000000000000E+000 
                                     636                  3.8403341596175877E-001                 -4.1088529596220130E-001                  6.6682223780342733E+000                  8.3158148884044092E+000                  3.6023195420437977E+025                  7.0279987558957491E-001                  3.0454146303263243E-005                  2.8496967026412140E-001                  2.1025988500784245E-003                  6.1630907197081223E-004                  5.7221218635412083E-003                  1.2718648985637696E-003                  2.4871053158459599E-003                  2.0173124762650043E-003                  1.6204931947320751E-011                  0.0000000000000000E+000 
                                     637                  3.7921245835238476E-001                 -4.1422517981425661E-001                  6.6704511531636816E+000                  8.3174535601262463E+000                  4.1737843440550056E+025                  7.0279986934976757E-001                  3.0460386110439661E-005                  2.8496967026412168E-001                  2.1025988500782333E-003                  6.1630907197103471E-004                  5.7221218635412083E-003                  1.2718648985637696E-003                  2.4871053158459599E-003                  2.1196357622499900E-003                  1.8929290884045228E-011                  0.0000000000000000E+000 
                                     638                  3.7436025616095359E-001                 -4.1760372104561166E-001                  6.6726800777655733E+000                  8.3191143968140970E+000                  4.8346695914825206E+025                  7.0279986280148621E-001                  3.0466934391400712E-005                  2.8496967026412218E-001                  2.1025988500780112E-003                  6.1630907197129459E-004                  5.7221218635412083E-003                  1.2718648985637696E-003                  2.4871053158459599E-003                  2.2270913279372616E-003                  2.2107341493431910E-011                  0.0000000000000000E+000 
                                     639                  3.6947709089210107E-001                 -4.2102184941681925E-001                  6.6749092563791841E+000                  8.3207985949339971E+000                  5.5987929183194780E+025                  7.0279985592955774E-001                  3.0473806319445658E-005                  2.8496967026412262E-001                  2.1025988500777515E-003                  6.1630907197159817E-004                  5.7221218635412100E-003                  1.2718648985637700E-003                  2.4871053158459608E-003                  2.3399357209592953E-003                  2.5814061015680366E-011                  0.0000000000000000E+000 
                                     640                  3.6456326308581577E-001                 -4.2448053391058665E-001                  6.6771387889781373E+000                  8.3225073876249809E+000                  6.4829616644582606E+025                  7.0279984664812933E-001                  3.0483087747219070E-005                  2.8496967026412295E-001                  2.1025988500774479E-003                  6.1630907197195227E-004                  5.7221218635412083E-003                  1.2718648985637696E-003                  2.4871053158459599E-003                  2.4584382059231859E-003                  3.0136737821124502E-011                  0.0000000000000000E+000 
                                     641                  3.5961909300499623E-001                 -4.2798078483921836E-001                  6.6793687711722143E+000                  8.3242420497914082E+000                  7.5039773104198941E+025                  7.0279983893866571E-001                  3.0490797210163262E-005                  2.8496967026412368E-001                  2.1025988500770936E-003                  6.1630907197236546E-004                  5.7221218635412092E-003                  1.2718648985637698E-003                  2.4871053158459604E-003                  2.5828814282821771E-003                  3.5176981808503091E-011                  0.0000000000000000E+000 
                                     642                  3.5464492135098563E-001                 -4.3152365612073085E-001                  6.6815992943997449E+000                  8.3260038965010956E+000                  8.6837060439244157E+025                  7.0279983084858888E-001                  3.0498887286467205E-005                  2.8496967026412418E-001                  2.1025988500766803E-003                  6.1630907197284717E-004                  5.7221218635412083E-003                  1.2718648985637696E-003                  2.4871053158459599E-003                  2.7135620085148439E-003                  4.1053060810308880E-011                  0.0000000000000000E+000 
                                     643                  3.4964111000888348E-001                 -4.3511024768099149E-001                  6.6838304461114610E+000                  8.3277942878175040E+000                  1.0046516816184017E+026                  7.0279982235921112E-001                  3.0507376663323837E-005                  2.8496967026412506E-001                  2.1025988500761989E-003                  6.1630907197340922E-004                  5.7221218635412083E-003                  1.2718648985637696E-003                  2.4871053158459599E-003                  2.8507912678248305E-003                  4.7902616274374680E-011                  0.0000000000000000E+000 
                                     644                  3.4460804282429713E-001                 -4.3874170804529322E-001                  6.6860623099494889E+000                  8.3296146308538699E+000                  1.1620474284775289E+026                  7.0279981345093201E-001                  3.0516284941373184E-005                  2.8496967026412584E-001                  2.1025988500756373E-003                  6.1630907197406483E-004                  5.7221218635412092E-003                  1.2718648985637698E-003                  2.4871053158459604E-003                  2.9948959377304072E-003                  5.5885820179671789E-011                  0.0000000000000000E+000 
                                     645                  3.3954612641332765E-001                 -4.4241923711054321E-001                  6.6882949659212532E+000                  8.3314663827903122E+000                  1.3437891794727200E+026                  7.0279980410319354E-001                  3.0525632678766036E-005                  2.8496967026412684E-001                  2.1025988500749820E-003                  6.1630907197482866E-004                  5.7221218635412092E-003                  1.2718648985637698E-003                  2.4871053158459604E-003                  3.1462189126552358E-003                  6.5189041966241595E-011                  0.0000000000000000E+000 
                                     646                  3.3445579100769446E-001                 -4.4614408912050935E-001                  6.6905284905662690E+000                  8.3333510539978999E+000                  1.5535966225618161E+026                  7.0279979429443362E-001                  3.0535441437387883E-005                  2.8496967026412789E-001                  2.1025988500742183E-003                  6.1630907197571944E-004                  5.7221218635412074E-003                  1.2718648985637693E-003                  2.4871053158459595E-003                  3.3051200396899357E-003                  7.6029111936221724E-011                  0.0000000000000000E+000 
                                     647                  3.2933749133697204E-001                 -4.4991757586125275E-001                  6.6927629571166003E+000                  8.3352702107450387E+000                  1.7959835002372583E+026                  7.0279978202112525E-001                  3.0547714744297911E-005                  2.8496967026412923E-001                  2.1025988500733284E-003                  6.1630907197675821E-004                  5.7221218635412083E-003                  1.2718648985637696E-003                  2.4871053158459599E-003                  3.4719769319106111E-003                  8.8658271216247447E-011                  0.0000000000000000E+000 
                                     648                  3.2419170754982002E-001                 -4.5374107009087195E-001                  6.6949984356500511E+000                  8.3372254814371960E+000                  2.0754638073958918E+026                  7.0279977108723568E-001                  3.0558648632290099E-005                  2.8496967026413067E-001                  2.1025988500722906E-003                  6.1630907197796796E-004                  5.7221218635412083E-003                  1.2718648985637696E-003                  2.4871053158459599E-003                  3.6471858909241373E-003                  1.0336992719868734E-010                  0.0000000000000000E+000 
                                     649                  3.1901894617666465E-001                 -4.5761600925443130E-001                  6.6972349932334643E+000                  8.3392185566111721E+000                  2.3978940770807663E+026                  7.0279975961468621E-001                  3.0570121179724818E-005                  2.8496967026413245E-001                  2.1025988500710823E-003                  6.1630907197937808E-004                  5.7221218635412083E-003                  1.2718648985637696E-003                  2.4871053158459599E-003                  3.8311627357863727E-003                  1.2050533307355687E-010                  0.0000000000000000E+000 
                                     650                  3.1381974113662497E-001                 -4.6154389945131263E-001                  6.6994726940569524E+000                  8.3412511955989714E+000                  2.7697927939457676E+026                  7.0279974757709651E-001                  3.0582158767355064E-005                  2.8496967026413444E-001                  2.1025988500696750E-003                  6.1630907198102032E-004                  5.7221218635412083E-003                  1.2718648985637696E-003                  2.4871053158459599E-003                  4.0243438076035497E-003                  1.4046135316780956E-010                  0.0000000000000000E+000 
                                     651                  3.0859465479148546E-001                 -4.6552631973755676E-001                  6.7017115995868863E+000                  8.3433252302875474E+000                  3.1986546665459119E+026                  7.0279973494680137E-001                  3.0594789060089429E-005                  2.8496967026413655E-001                  2.1025988500680340E-003                  6.1630907198293339E-004                  5.7221218635412083E-003                  1.2718648985637696E-003                  2.4871053158459599E-003                  4.2271869572031570E-003                  1.6369947494767292E-010                  0.0000000000000000E+000 
                                     652                  3.0334427904968886E-001                 -4.6956492676508377E-001                  6.7039517689221384E+000                  8.3454425694249057E+000                  3.6930947402122725E+026                  7.0279972169478944E-001                  3.0608041069070713E-005                  2.8496967026413916E-001                  2.1025988500661249E-003                  6.1630907198516175E-004                  5.7221218635412092E-003                  1.2718648985637698E-003                  2.4871053158459604E-003                  4.4401726112476263E-003                  1.9075628452038056E-010                  0.0000000000000000E+000 
                                     653                  2.9806923652362832E-001                 -4.7366145979240348E-001                  6.7061932591969127E+000                  8.3476052040536324E+000                  4.2634937562020348E+026                  7.0279970606522812E-001                  3.0623670627073271E-005                  2.8496967026414205E-001                  2.1025988500638997E-003                  6.1630907198775668E-004                  5.7221218635412083E-003                  1.2718648985637696E-003                  2.4871053158459599E-003                  4.6638048661291247E-003                  2.2225562548726066E-010                  0.0000000000000000E+000 
                                     654                  2.9277018174360109E-001                 -4.7781774611066558E-001                  6.7084361257299463E+000                  8.3498152160446359E+000                  4.9203763818519608E+026                  7.0279969136080866E-001                  3.0638375042613753E-005                  2.8496967026414560E-001                  2.1025988500613115E-003                  6.1630907199077814E-004                  5.7221218635412109E-003                  1.2718648985637700E-003                  2.4871053158459608E-003                  4.8986127052155623E-003                  2.5892272482556184E-010                  0.0000000000000000E+000 
                                     655                  2.8744780243160301E-001                 -4.8203570695289166E-001                  6.7106804220575427E+000                  8.3520747808755686E+000                  5.6772010974050603E+026                  7.0279967593335113E-001                  3.0653802495890120E-005                  2.8496967026414938E-001                  2.1025988500582961E-003                  6.1630907199429485E-004                  5.7221218635412092E-003                  1.2718648985637696E-003                  2.4871053158459599E-003                  5.1451511124047181E-003                  3.0160058341685607E-010                  0.0000000000000000E+000 
                                     656                  2.8210282083941263E-001                 -4.8631736387407648E-001                  6.7129261999666445E+000                  8.3543861764737724E+000                  6.5489747729089490E+026                  7.0279965974752590E-001                  3.0669988316015778E-005                  2.8496967026415398E-001                  2.1025988500547863E-003                  6.1630907199838880E-004                  5.7221218635412092E-003                  1.2718648985637696E-003                  2.4871053158459599E-003                  5.4040023971658399E-003                  3.5126901443690530E-010                  0.0000000000000000E+000 
                                     657                  2.7673599515558661E-001                 -4.9066484570698737E-001                  6.7151735095278511E+000                  8.3567517899196879E+000                  7.5529247641093760E+026                  7.0279964276628926E-001                  3.0686969546642472E-005                  2.8496967026415909E-001                  2.1025988500507028E-003                  6.1630907200315333E-004                  5.7221218635412092E-003                  1.2718648985637696E-003                  2.4871053158459599E-003                  5.6757775042875916E-003                  4.0906673562213272E-010                  0.0000000000000000E+000 
                                     658                  2.7134812098623579E-001                 -4.9508039612685173E-001                  6.7174223991274751E+000                  8.3591741253320464E+000                  8.7088217572141709E+026                  7.0279962495080084E-001                  3.0704785028350603E-005                  2.8496967026416514E-001                  2.1025988500459510E-003                  6.1630907200869837E-004                  5.7221218635412118E-003                  1.2718648985637700E-003                  2.4871053158459608E-003                  5.9611174013431221E-003                  4.7631702035604731E-010                  0.0000000000000000E+000 
                                     659                  2.6594003291488655E-001                 -4.9956638189624097E-001                  6.7196729154984531E+000                  8.3616558118026543E+000                  1.0040612743083073E+027                  7.0279960432575750E-001                  3.0725410064152916E-005                  2.8496967026417186E-001                  2.1025988500404194E-003                  6.1630907201515089E-004                  5.7221218635412109E-003                  1.2718648985637698E-003                  2.4871053158459604E-003                  6.2606945069090050E-003                  5.5455746110576290E-010                  0.0000000000000000E+000 
                                     660                  2.6051260614741617E-001                 -5.0412530185789639E-001                  6.7219251037497623E+000                  8.3641996155035176E+000                  1.1572073287298881E+027                  7.0279958458881853E-001                  3.0745146994068723E-005                  2.8496967026417980E-001                  2.1025988500339853E-003                  6.1630907202265650E-004                  5.7221218635412100E-003                  1.2718648985637693E-003                  2.4871053158459595E-003                  6.5752143068177329E-003                  6.4557452179040839E-010                  0.0000000000000000E+000 
                                     661                  2.5506675824770619E-001                 -5.0875979679548855E-001                  6.7241790073954206E+000                  8.3668084465456705E+000                  1.3334070458716326E+027                  7.0279956388332021E-001                  3.0765852482247202E-005                  2.8496967026418862E-001                  2.1025988500264991E-003                  6.1630907203138801E-004                  5.7221218635412100E-003                  1.2718648985637693E-003                  2.4871053158459595E-003                  6.9054168027707042E-003                  7.5144361734669435E-010                  0.0000000000000000E+000 
                                     662                  2.4960345097094264E-001                 -5.1347266019438775E-001                  6.7264346683809597E+000                  8.3694853726026981E+000                  1.5360806104977517E+027                  7.0279954216205465E-001                  3.0787573736168534E-005                  2.8496967026419895E-001                  2.1025988500177951E-003                  6.1630907204154449E-004                  5.7221218635412118E-003                  1.2718648985637698E-003                  2.4871053158459604E-003                  7.2520782723507239E-003                  8.7457563581178894E-010                  0.0000000000000000E+000 
                                     663                  2.4412369220251104E-001                 -5.1826685007132300E-001                  6.7286921271080091E+000                  8.3722336306154190E+000                  1.7691468600086873E+027                  7.0279951937553076E-001                  3.0810360246444063E-005                  2.8496967026421083E-001                  2.1025988500076704E-003                  6.1630907205335579E-004                  5.7221218635412135E-003                  1.2718648985637698E-003                  2.4871053158459604E-003                  7.6160129943324108E-003                  1.0177708965898559E-009                  0.0000000000000000E+000 
                                     664                  2.3862853801092443E-001                 -5.2314550196554033E-001                  6.7309514224583449E+000                  8.3750566404240576E+000                  2.0370943619082180E+027                  7.0279949547186593E-001                  3.0834263895726916E-005                  2.8496967026422443E-001                  2.1025988499958968E-003                  6.1630907206709036E-004                  5.7221218635412135E-003                  1.2718648985637698E-003                  2.4871053158459604E-003                  7.9980750769112225E-003                  1.1842817650307584E-009                  0.0000000000000000E+000 
                                     665                  2.3311909482405829E-001                 -5.2811194323998911E-001                  6.7332125918172068E+000                  8.3779580191704017E+000                  2.3453388247660597E+027                  7.0279946857707898E-001                  3.0861158664832867E-005                  2.8496967026424003E-001                  2.1025988499822081E-003                  6.1630907208306109E-004                  5.7221218635412152E-003                  1.2718648985637698E-003                  2.4871053158459604E-003                  8.3991603403423491E-003                  1.3778852579991008E-009                  0.0000000000000000E+000 
                                     666                  2.2759652173907108E-001                 -5.3316970884710557E-001                  6.7354756710953625E+000                  8.3809416003089954E+000                  2.6992713188192588E+027                  7.0279944215295920E-001                  3.0887582763898903E-005                  2.8496967026425785E-001                  2.1025988499662938E-003                  6.1630907210162762E-004                  5.7221218635412161E-003                  1.2718648985637700E-003                  2.4871053158459608E-003                  8.8202084403320724E-003                  1.6029672965874195E-009                  0.0000000000000000E+000 
                                     667                  2.2206203297717081E-001                 -5.3832255878027813E-001                  6.7377406947531355E+000                  8.3840114484537409E+000                  3.1058481001563898E+027                  7.0279941443482963E-001                  3.0915300869833907E-005                  2.8496967026427850E-001                  2.1025988499477916E-003                  6.1630907212321040E-004                  5.7221218635412152E-003                  1.2718648985637696E-003                  2.4871053158459599E-003                  9.2622047896974737E-003                  1.8646203583681324E-009                  0.0000000000000000E+000 
                                     668                  2.1651690049544603E-001                 -5.4357449735603303E-001                  6.7400076958243300E+000                  8.3871718820886212E+000                  3.5727661859836494E+027                  7.0279938535978914E-001                  3.0944375883153590E-005                  2.8496967026430209E-001                  2.1025988499262880E-003                  6.1630907214829710E-004                  5.7221218635412179E-003                  1.2718648985637698E-003                  2.4871053158459604E-003                  9.7261828660499816E-003                  2.1687567925490202E-009                  0.0000000000000000E+000 
                                     669                  2.1096245677010611E-001                 -5.4892979464087188E-001                  6.7422767059384654E+000                  8.3904274957329648E+000                  4.1088230480283938E+027                  7.0279935486190692E-001                  3.0974873734266902E-005                  2.8496967026432912E-001                  2.1025988499012958E-003                  6.1630907217745271E-004                  5.7221218635412187E-003                  1.2718648985637698E-003                  2.4871053158459604E-003                  1.0213226477554013E-002                  2.5222401233811982E-009                  0.0000000000000000E+000 
                                     670                  2.0540009776683649E-001                 -5.5439301027595467E-001                  6.7445477553417508E+000                  8.3937831852353426E+000                  4.7240689754796385E+027                  7.0279932287207814E-001                  3.1006863527067324E-005                  2.8496967026436032E-001                  2.1025988498722544E-003                  6.1630907221133381E-004                  5.7221218635412222E-003                  1.2718648985637698E-003                  2.4871053158459604E-003                  1.0724472162944807E-002                  2.9330373838576324E-009                  0.0000000000000000E+000 
                                     671                  1.9983128611579201E-001                 -5.5996902003711690E-001                  6.7468208729165235E+000                  8.3972441750978088E+000                  5.4305177684433408E+027                  7.0279928777884038E-001                  3.1041956723280951E-005                  2.8496967026439618E-001                  2.1025988498385080E-003                  6.1630907225070271E-004                  5.7221218635412248E-003                  1.2718648985637700E-003                  2.4871053158459608E-003                  1.1261111676026532E-002                  3.4103955887579765E-009                  0.0000000000000000E+000 
                                     672                  1.9425755451089108E-001                 -5.6566304550397184E-001                  6.7490960861985734E+000                  8.4008160518702262E+000                  6.2403076944335676E+027                  7.0279925248328479E-001                  3.1077252231287405E-005                  2.8496967026443731E-001                  2.1025988497993015E-003                  6.1630907229644194E-004                  5.7221218635412283E-003                  1.2718648985637702E-003                  2.4871053158459612E-003                  1.1824394753039986E-002                  3.9650464495971161E-009                  0.0000000000000000E+000 
                                     673                  1.8868050935550765E-001                 -5.7148068732366575E-001                  6.7513734214488244E+000                  8.4045047964707162E+000                  7.1688169023902724E+027                  7.0279921546312230E-001                  3.1114272338901987E-005                  2.8496967026448444E-001                  2.1025988497537537E-003                  6.1630907234957685E-004                  5.7221218635412291E-003                  1.2718648985637696E-003                  2.4871053158459599E-003                  1.2415631676430252E-002                  4.6094434772037982E-009                  0.0000000000000000E+000 
                                     674                  1.8310183467919333E-001                 -5.7742796253332329E-001                  6.7536529045464722E+000                  8.4083168266983677E+000                  8.2330715175104693E+027                  7.0279917663476477E-001                  3.1153100633656300E-005                  2.8496967026453845E-001                  2.1025988497008472E-003                  6.1630907241129853E-004                  5.7221218635412326E-003                  1.2718648985637698E-003                  2.4871053158459604E-003                  1.3036196404285605E-002                  5.3580371844748210E-009                  0.0000000000000000E+000 
                                     675                  1.7752329635370753E-001                 -5.8351134663828563E-001                  6.7559345624428939E+000                  8.4122590425767250E+000                  9.4531884159341856E+027                  7.0279913471524214E-001                  3.1195020083856733E-005                  2.8496967026460063E-001                  2.1025988496393964E-003                  6.1630907248298543E-004                  5.7221218635412361E-003                  1.2718648985637693E-003                  2.4871053158459595E-003                  1.3687529757211100E-002                  6.2275942468807525E-009                  0.0000000000000000E+000 
                                     676                  1.7194674664035667E-001                 -5.8973782115353224E-001                  6.7582184237756122E+000                  8.4163388792608611E+000                  1.0849950859888287E+028                  7.0279909192445567E-001                  3.1237810786960308E-005                  2.8496967026467218E-001                  2.1025988495680333E-003                  6.1630907256623926E-004                  5.7221218635412430E-003                  1.2718648985637698E-003                  2.4871053158459604E-003                  1.4371142867287417E-002                  7.2375675075548849E-009                  0.0000000000000000E+000 
                                     677                  1.6637412910499808E-001                 -5.9611492750574768E-001                  6.7605045188401514E+000                  8.4205643622806683E+000                  1.2449056891512383E+028                  7.0279904704611984E-001                  3.1282689026739733E-005                  2.8496967026475417E-001                  2.1025988494851630E-003                  6.1630907266291529E-004                  5.7221218635412499E-003                  1.2718648985637696E-003                  2.4871053158459599E-003                  1.5088620398542470E-002                  8.4105247377299137E-009                  0.0000000000000000E+000 
                                     678                  1.6080748394222416E-001                 -6.0265082827160588E-001                  6.7627928795565095E+000                  8.4249441744116282E+000                  1.4279033053518033E+028                  7.0279899997924355E-001                  3.1329755793117521E-005                  2.8496967026484832E-001                  2.1025988493889418E-003                  6.1630907277516751E-004                  5.7221218635412586E-003                  1.2718648985637700E-003                  2.4871053158459608E-003                  1.5841624237379694E-002                  9.7726455225354327E-009                  0.0000000000000000E+000 
                                     679                  1.5524895375622080E-001                 -6.0935437704679662E-001                  6.7650835394480664E+000                  8.4294877300481375E+000                  1.6372261250958847E+028                  7.0279895061799225E-001                  3.1379116917498163E-005                  2.8496967026495662E-001                  2.1025988492772282E-003                  6.1630907290549219E-004                  5.7221218635412664E-003                  1.2718648985637700E-003                  2.4871053158459608E-003                  1.6631897211547779E-002                  1.1354297474852812E-008                  0.0000000000000000E+000 
                                     680                  1.4970078985304852E-001                 -6.1623519841476582E-001                  6.7673765336305669E+000                  8.4342052607928899E+000                  1.8766664212742730E+028                  7.0279889784343275E-001                  3.1431891331107668E-005                  2.8496967026508085E-001                  2.1025988491475407E-003                  6.1630907305678490E-004                  5.7221218635412760E-003                  1.2718648985637698E-003                  2.4871053158459604E-003                  1.7461266979849746E-002                  1.3190703718725780E-008                  0.0000000000000000E+000 
                                     681                  1.4416535910759287E-001                 -6.2330377982449370E-001                  6.7696718988030460E+000                  8.4391079156561570E+000                  2.1501686043539405E+028                  7.0279884348932931E-001                  3.1486245266721134E-005                  2.8496967026522374E-001                  2.1025988489970027E-003                  6.1630907323240169E-004                  5.7221218635412881E-003                  1.2718648985637698E-003                  2.4871053158459604E-003                  1.8331650279751789E-002                  1.5322716991497334E-008                  0.0000000000000000E+000 
                                     682                  1.3864515147850817E-001                 -6.3057157759922033E-001                  6.7719696732376846E+000                  8.4442078733689918E+000                  2.4625363173396004E+028                  7.0279878648881944E-001                  3.1543245583230163E-005                  2.8496967026538789E-001                  2.1025988488222783E-003                  6.1630907343623539E-004                  5.7221218635413029E-003                  1.2718648985637700E-003                  2.4871053158459608E-003                  1.9245057053433563E-002                  1.7797716435961019E-008                  0.0000000000000000E+000 
                                     683                  1.3314278825651804E-001                 -6.3805113970529004E-001                  6.7742698967683097E+000                  8.4495184763525337E+000                  2.8190837459881070E+028                  7.0279872671414245E-001                  3.1603020037866713E-005                  2.8496967026557624E-001                  2.1025988486194991E-003                  6.1630907367279659E-004                  5.7221218635413193E-003                  1.2718648985637698E-003                  2.4871053158459604E-003                  2.0203595097041515E-002                  2.0670647142701950E-008                  0.0000000000000000E+000 
                                     684                  1.2766103114599567E-001                 -6.4575624862999470E-001                  6.7765726107768804E+000                  8.4550543849350390E+000                  3.2259710269185345E+028                  7.0279866320761508E-001                  3.1666526309312218E-005                  2.8496967026579295E-001                  2.1025988483841800E-003                  6.1630907394731745E-004                  5.7221218635413375E-003                  1.2718648985637696E-003                  2.4871053158459599E-003                  2.1209474742790412E-002                  2.4005225139409676E-008                  0.0000000000000000E+000 
                                     685                  1.2220279229709813E-001                 -6.5370208841657773E-001                  6.7788778581772080E+000                  8.4608317600039111E+000                  3.6896429133252430E+028                  7.0279859742275230E-001                  3.1732310877903261E-005                  2.8496967026604186E-001                  2.1025988481111271E-003                  6.1630907426585963E-004                  5.7221218635413618E-003                  1.2718648985637698E-003                  2.4871053158459604E-003                  2.2265013951981810E-002                  2.7875333370447401E-008                  0.0000000000000000E+000 
                                     686                  1.1677114542735208E-001                 -6.6190544096600246E-001                  6.7811856833979096E+000                  8.4668684751517791E+000                  4.2178126762298811E+028                  7.0279852844002844E-001                  3.1801293262778180E-005                  2.8496967026632802E-001                  2.1025988477943141E-003                  6.1630907463545070E-004                  5.7221218635413887E-003                  1.2718648985637698E-003                  2.4871053158459604E-003                  2.3372643348106480E-002                  3.2366640205349260E-008                  0.0000000000000000E+000 
                                     687                  1.1136933819840134E-001                 -6.7038491792166410E-001                  6.7834961323640988E+000                  8.4731843708137635E+000                  4.8191642863301237E+028                  7.0279845545357400E-001                  3.1874279326774391E-005                  2.8496967026665704E-001                  2.1025988474267605E-003                  6.1630907506423662E-004                  5.7221218635414208E-003                  1.2718648985637698E-003                  2.4871053158459604E-003                  2.4534911773677129E-002                  3.7578474595853095E-008                  0.0000000000000000E+000 
                                     688                  1.0600080604537146E-001                 -6.7916123622665359E-001                  6.7858092524762315E+000                  8.4798015569303509E+000                  5.5028265310233485E+028                  7.0279837956264057E-001                  3.1950169811287506E-005                  2.8496967026703496E-001                  2.1025988470003707E-003                  6.1630907556165654E-004                  5.7221218635414564E-003                  1.2718648985637693E-003                  2.4871053158459595E-003                  2.5754492097980888E-002                  4.3625999330088296E-008                  0.0000000000000000E+000 
                                     689                  1.0066918769665795E-001                 -6.8825754760481250E-001                  6.7881250925861947E+000                  8.4867447740893436E+000                  6.2795185684179827E+028                  7.0279829998693610E-001                  3.2029744998291540E-005                  2.8496967026746989E-001                  2.1025988465057720E-003                  6.1630907613865072E-004                  5.7221218635415006E-003                  1.2718648985637696E-003                  2.4871053158459599E-003                  2.7034187057855048E-002                  5.0642730083454615E-008                  0.0000000000000000E+000 
                                     690                  9.5378342672359021E-002                 -6.9769983510202671E-001                  6.7904437029701157E+000                  8.4940418320408462E+000                  7.1611832661859751E+028                  7.0279821602149795E-001                  3.2113709840622455E-005                  2.8496967026797021E-001                  2.1025988459320924E-003                  6.1630907680789728E-004                  5.7221218635415527E-003                  1.2718648985637696E-003                  2.4871053158459599E-003                  2.8376935623842567E-002                  5.8783453629501208E-008                  0.0000000000000000E+000 
                                     691                  9.0132371113061882E-002                 -7.0751739381611811E-001                  6.7927651352968024E+000                  8.5017241432438748E+000                  8.1603217312986149E+028                  7.0279812850104750E-001                  3.2201229604909032E-005                  2.8496967026854536E-001                  2.1025988452667418E-003                  6.1630907758408640E-004                  5.7221218635416134E-003                  1.2718648985637693E-003                  2.4871053158459595E-003                  2.9785819657883791E-002                  6.8227610774672625E-008                  0.0000000000000000E+000 
                                     692                  8.4935636371456777E-002                 -7.1774341821360765E-001                  6.7950894425909789E+000                  8.5098273757353358E+000                  9.2915474711274059E+028                  7.0279803632396198E-001                  3.2293405900020156E-005                  2.8496967026920728E-001                  2.1025988444951268E-003                  6.1630907848424081E-004                  5.7221218635416871E-003                  1.2718648985637696E-003                  2.4871053158459599E-003                  3.1264070644232804E-002                  7.9183216327308067E-008                  0.0000000000000000E+000 
                                     693                  7.9792790905254110E-002                 -7.2841572566779400E-001                  6.7974166791883937E+000                  8.5183922640931584E+000                  1.0569889777586579E+029                  7.0279794008338892E-001                  3.2389645562064008E-005                  2.8496967026996900E-001                  2.1025988436003382E-003                  6.1630907952808507E-004                  5.7221218635417712E-003                  1.2718648985637696E-003                  2.4871053158459599E-003                  3.2815077071196255E-002                  9.1891401004009613E-008                  0.0000000000000000E+000 
                                     694                  7.4708806145023704E-002                 -7.3957765605858161E-001                  6.7997469006821705E+000                  8.5274656205093819E+000                  1.2012237052042785E+029                  7.0279783917912286E-001                  3.2490548778761964E-005                  2.8496967027084558E-001                  2.1025988425627928E-003                  6.1630908073847103E-004                  5.7221218635418727E-003                  1.2718648985637700E-003                  2.4871053158459608E-003                  3.4442391833963346E-002                  1.0663167621698773E-007                  0.0000000000000000E+000 
                                     695                  6.9689007189226465E-002                 -7.5127920141767379E-001                  6.8020801635195154E+000                  8.5371016130780379E+000                  1.3636705014811418E+029                  7.0279773303882465E-001                  3.2596687866925364E-005                  2.8496967027185499E-001                  2.1025988413597850E-003                  6.1630908214187533E-004                  5.7221218635419881E-003                  1.2718648985637696E-003                  2.4871053158459599E-003                  3.6149740056979122E-002                  1.2372803203266031E-007                  0.0000000000000000E+000 
                                     696                  6.4739113417053490E-002                 -7.6357844007489917E-001                  6.8044165227034661E+000                  8.5473633971436680E+000                  1.5461769809187819E+029                  7.0279762183435535E-001                  3.2707890941524560E-005                  2.8496967027301728E-001                  2.1025988399650296E-003                  6.1630908376897103E-004                  5.7221218635421277E-003                  1.2718648985637702E-003                  2.4871053158459612E-003                  3.7941026482772700E-002                  1.4355598712936938E-007                  0.0000000000000000E+000 
                                     697                  5.9865286431622679E-002                 -7.7654337938790396E-001                  6.8067560291843821E+000                  8.5583252262108402E+000                  1.7506532993576070E+029                  7.0279750551014497E-001                  3.2824213543559032E-005                  2.8496967027435594E-001                  2.1025988383480622E-003                  6.1630908565528907E-004                  5.7221218635422873E-003                  1.2718648985637693E-003                  2.4871053158459595E-003                  3.9820342755437166E-002                  1.6655074408175011E-007                  0.0000000000000000E+000 
                                     698                  5.5074187187241143E-002                 -7.9025435522786036E-001                  6.8090987290696843E+000                  8.5700752257270274E+000                  1.9790785706994144E+029                  7.0279738333705311E-001                  3.2946384780897770E-005                  2.8496967027589815E-001                  2.1025988364736063E-003                  6.1630908784198748E-004                  5.7221218635424807E-003                  1.2718648985637696E-003                  2.4871053158459599E-003                  4.1791975511889713E-002                  1.9321663408283429E-007                  0.0000000000000000E+000 
                                     699                  5.0373044770438309E-002                 -8.0480720325780986E-001                  6.8114446633085697E+000                  8.5827190936523543E+000                  2.2332739819382923E+029                  7.0279725529782755E-001                  3.3074421866842521E-005                  2.8496967027767572E-001                  2.1025988343007979E-003                  6.1630909037673452E-004                  5.7221218635427036E-003                  1.2718648985637696E-003                  2.4871053158459599E-003                  4.3860414947634804E-002                  2.2413804852091243E-007                  0.0000000000000000E+000 
                                     700                  4.5769740180588311E-002                 -8.2031752058680796E-001                  6.8137938670994709E+000                  8.5963851233837065E+000                  2.5148496400315568E+029                  7.0279712124230853E-001                  3.3208474916946994E-005                  2.8496967027972459E-001                  2.1025988317823121E-003                  6.1630909331473701E-004                  5.7221218635429665E-003                  1.2718648985637693E-003                  2.4871053158459595E-003                  4.6030363305048477E-002                  2.5999208465590253E-007                  0.0000000000000000E+000 
                                     701                  4.1272909725621948E-002                 -8.3692650113166556E-001                  6.8161463688804149E+000                  8.6112311625057725E+000                  2.8250778413655817E+029                  7.0279698056082829E-001                  3.3349153547982538E-005                  2.8496967028208731E-001                  2.1025988288633497E-003                  6.1630909671992319E-004                  5.7221218635432770E-003                  1.2718648985637698E-003                  2.4871053158459604E-003                  4.8306743224268034E-002                  3.0156316095019249E-007                  0.0000000000000000E+000 
                                     702                  3.6892074534334060E-002                 -8.5480909814577666E-001                  6.8185021887059767E+000                  8.6274544792685450E+000                  3.1645009763368757E+029                  7.0279683301704465E-001                  3.3496694042282798E-005                  2.8496967028481301E-001                  2.1025988254804585E-003                  6.1630910066630981E-004                  5.7221218635436430E-003                  1.2718648985637700E-003                  2.4871053158459608E-003                  5.0694705655712512E-002                  3.4975989294196650E-007                  0.0000000000000000E+000 
                                     703                  3.2637805564113484E-002                 -8.7418572509379155E-001                  6.8208613356827144E+000                  8.6453061298554896E+000                  3.5325466109192182E+029                  7.0279667848867922E-001                  3.3651218609529174E-005                  2.8496967028795772E-001                  2.1025988215601934E-003                  6.1630910523957736E-004                  5.7221218635440689E-003                  1.2718648985637696E-003                  2.4871053158459599E-003                  5.3199636664397976E-002                  4.0563455658157343E-007                  0.0000000000000000E+000 
                                     704                  2.8521938008803208E-002                 -8.9533951200424478E-001                  6.8232238038173412E+000                  8.6651125462781611E+000                  3.9270452513001588E+029                  7.0279651642554497E-001                  3.3813277356342526E-005                  2.8496967029158793E-001                  2.1025988170175558E-003                  6.1630911053888273E-004                  5.7221218635445745E-003                  1.2718648985637698E-003                  2.4871053158459604E-003                  5.5827162068140340E-002                  4.7040548274016122E-007                  0.0000000000000000E+000 
                                     705                  2.4557856384271548E-002                 -9.1864261858200302E-001                  6.8255895650278582E+000                  8.6873092023960954E+000                  4.3432020441285039E+029                  7.0279634660591783E-001                  3.3983091914935457E-005                  2.8496967029577919E-001                  2.1025988117542097E-003                  6.1630911667893420E-004                  5.7221218635451669E-003                  1.2718648985637698E-003                  2.4871053158459604E-003                  5.8583147900623821E-002                  5.4548271686557311E-007                  0.0000000000000000E+000 
                                     706                  2.0760884095752059E-002                 -9.4459798599120637E-001                  6.8279585567950427E+000                  8.7124955246926401E+000                  4.7723655551962769E+029                  7.0279616862601202E-001                  3.4161065963417759E-005                  2.8496967030062031E-001                  2.1025988056564732E-003                  6.1630912379235169E-004                  5.7221218635458608E-003                  1.2718648985637696E-003                  2.4871053158459599E-003                  6.1473692353137946E-002                  6.3249720934476477E-007                  0.0000000000000000E+000 
                                     707                  1.7148833652577859E-002                 -9.7390886450385838E-001                  6.8313993103227384E+000                  9.0603495043696487E+000                  1.0720727061186302E+030                  7.0279589593058256E-001                  3.4433751247667360E-005                  2.8496967030900028E-001                  2.1025987950672787E-003                  6.1630913614533697E-004                  5.7221218635470882E-003                  1.2718648985637696E-003                  2.4871053158459599E-003                  6.5907804334712897E-002                  7.8367504857665084E-007                  0.0000000000000000E+000 
                                     708                  1.0568494665352651E-002                 -1.0473287263466602E+000                  6.8361285632813367E+000                  9.1456412568088812E+000                  1.1993661984217807E+030                  7.0279548954759707E-001                  3.4840116322346631E-005                  2.8496967032378745E-001                  2.1025987763265220E-003                  6.1630915800760429E-004                  5.7221218635493190E-003                  1.2718648985637696E-003                  2.4871053158459599E-003                  7.2524939684706496E-002                  1.0514367397877150E-006                  0.0000000000000000E+000 
                                     709                  5.0545245885330109E-003                 -1.1575536304504856E+000                  6.8399497247407561E+000                  8.9403954224417124E+000                  6.1479916011475938E+029                  7.0279513259965221E-001                  3.5197045507424836E-005                  2.8496967033927129E-001                  2.1025987566743402E-003                  6.1630918093305185E-004                  5.7221218635517147E-003                  1.2718648985637698E-003                  2.4871053158459604E-003                  7.8345312412897578E-002                  1.3324468289737891E-006                  0.0000000000000000E+000 
                                     710                  2.8185866287256224E-003                 -1.2437956736483062E+000                  6.8420841094589369E+000                  8.8984808898495249E+000                  4.2628558495754643E+029                  7.0279492203955096E-001                  3.5407593078127592E-005                  2.8496967034961357E-001                  2.1025987435440044E-003                  6.1630919625034898E-004                  5.7221218635533410E-003                  1.2718648985637687E-003                  2.4871053158459582E-003                  8.1781012965076949E-002                  1.5202927046612980E-006                  0.0000000000000000E+000 
                                     711                  1.4587093796530008E-003                 -1.3404123241916572E+000                  6.8436226268355416E+000                  8.8228022488871520E+000                  2.5270567746594815E+029                  7.0279476490471549E-001                  3.5564717815254983E-005                  2.8496967035794868E-001                  2.1025987329659690E-003                  6.1630920859023091E-004                  5.7221218635546680E-003                  1.2718648985637689E-003                  2.4871053158459586E-003                  8.4346265955652894E-002                  1.6716743564603393E-006                  0.0000000000000000E+000 
                                     712                  7.2533818126486744E-004                 -1.4424067641185645E+000                  6.8446007084787448E+000                  8.6568572581010201E+000                  1.1896955560958025E+029                  7.0279466261772139E-001                  3.5666997879957363E-005                  2.8496967036366866E-001                  2.1025987257095547E-003                  6.1630921705524248E-004                  5.7221218635555840E-003                  1.2718648985637687E-003                  2.4871053158459582E-003                  8.6016681975106646E-002                  1.7755436670223732E-006                  0.0000000000000000E+000 
                                     713                  4.0025225028605949E-004                 -1.5289381996714855E+000                  6.8451862059090747E+000                  8.6174474840892810E+000                  7.4315163631332427E+028                  7.0279460050025555E-001                  3.5729110995789569E-005                  2.8496967036725956E-001                  2.1025987211560006E-003                  6.1630922236721871E-004                  5.7221218635561625E-003                  1.2718648985637689E-003                  2.4871053158459586E-003                  8.7031287407905278E-002                  1.8407325882251683E-006                  0.0000000000000000E+000 
                                     714                  2.0437639553361756E-004                 -1.6265847407961005E+000                  6.8455986843605281E+000                  8.5077443007505131E+000                  3.8113905201474271E+028                  7.0279455632489418E-001                  3.5773283198324971E-005                  2.8496967036986726E-001                  2.1025987178496896E-003                  6.1630922622421438E-004                  5.7221218635565858E-003                  1.2718648985637693E-003                  2.4871053158459595E-003                  8.7752931005110266E-002                  1.8880701464428340E-006                  0.0000000000000000E+000 
                                     715                  1.0643846815744375E-004                 -1.7212436468699412E+000                  6.8458547556298948E+000                  8.3905911493896053E+000                  1.9360044494818141E+028                  7.0279452872910275E-001                  3.5800876988447279E-005                  2.8496967037151949E-001                  2.1025987157552153E-003                  6.1630922866753261E-004                  5.7221218635568520E-003                  1.2718648985637691E-003                  2.4871053158459591E-003                  8.8203770777603538E-002                  1.9180591644133406E-006                  0.0000000000000000E+000 
                                     716                  5.7469504469309663E-005                 -1.8105963605232587E+000                  6.8460118894218152E+000                  8.2599809969977223E+000                  9.7742206101678858E+027                  7.0279451173017415E-001                  3.5817874673198453E-005                  2.8496967037254617E-001                  2.1025987144538327E-003                  6.1630923018566653E-004                  5.7221218635570186E-003                  1.2718648985637693E-003                  2.4871053158459595E-003                  8.8481501239268623E-002                  1.9366932494418670E-006                  0.0000000000000000E+000 
                                     717                  3.2985022625242612E-005                 -1.8910499921869435E+000                  6.8461063913486733E+000                  8.1077726949909064E+000                  4.9156592309289361E+027                  7.0279450148288447E-001                  3.5828121209317414E-005                  2.8496967037316845E-001                  2.1025987136651949E-003                  6.1630923110565512E-004                  5.7221218635571175E-003                  1.2718648985637689E-003                  2.4871053158459586E-003                  8.8648927922841708E-002                  1.9479857483005491E-006                  0.0000000000000000E+000 
                                     718                  2.0742781703209093E-005                 -1.9582470727294010E+000                  6.8461615301164906E+000                  7.9258929500429165E+000                  2.4661972269083905E+027                  7.0279449549560680E-001                  3.5834108045249128E-005                  2.8496967037353316E-001                  2.1025987132029665E-003                  6.1630923164487006E-004                  5.7221218635571756E-003                  1.2718648985637687E-003                  2.4871053158459582E-003                  8.8746753659057181E-002                  1.9546044872359450E-006                  0.0000000000000000E+000 
                                     719                  1.4621661242196755E-005                 -2.0088972928639239E+000                  6.8462028276157278E+000                  8.0521938616443265E+000                  2.4724831690346904E+027                  7.0279449100734859E-001                  3.5838595971466911E-005                  2.8496967037380722E-001                  2.1025987128557612E-003                  6.1630923204990425E-004                  5.7221218635572241E-003                  1.2718648985637696E-003                  2.4871053158459599E-003                  8.8820087785793755E-002                  1.9595762218826603E-006                  0.0000000000000000E+000 
                                     720                  8.5005407811799934E-006                 -2.0874454031584113E+000                  6.8462447413214642E+000                  8.0695788646867062E+000                  1.7212385244989010E+027                  7.0279448644847720E-001                  3.5843154505317241E-005                  2.8496967037408599E-001                  2.1025987125024856E-003                  6.1630923246202012E-004                  5.7221218635572684E-003                  1.2718648985637696E-003                  2.4871053158459599E-003                  8.8894576596570754E-002                  1.9646349297238241E-006                  0.0000000000000000E+000 
                                     721                  4.2502703915830827E-006                 -2.1878158083009791E+000                  6.8462771990432136E+000                  7.9691699051872469E+000                  8.6234296392085524E+026                  7.0279448291561419E-001                  3.5846687106375515E-005                  2.8496967037430232E-001                  2.1025987122282935E-003                  6.1630923278188003E-004                  5.7221218635573048E-003                  1.2718648985637693E-003                  2.4871053158459595E-003                  8.8952301754206861E-002                  1.9685612251554834E-006                  0.0000000000000000E+000 
                                     722                  2.1251351968082198E-006                 -2.2881761898870159E+000                  6.8462976444360537E+000                  7.8687852268044276E+000                  4.3171526541583915E+026                  7.0279448068913741E-001                  3.5848913417562290E-005                  2.8496967037443904E-001                  2.1025987120553025E-003                  6.1630923298368508E-004                  5.7221218635573300E-003                  1.2718648985637702E-003                  2.4871053158459612E-003                  8.8988681473545495E-002                  1.9710383997009781E-006                  0.0000000000000000E+000 
                                     723                  1.0625675994207879E-006                 -2.3885302552449366E+000                  6.8463105235546990E+000                  7.7684158324697705E+000                  2.1602908291205600E+026                  7.0279447928618310E-001                  3.5850316267641976E-005                  2.8496967037452497E-001                  2.1025987119462192E-003                  6.1630923311093517E-004                  5.7221218635573386E-003                  1.2718648985637691E-003                  2.4871053158459591E-003                  8.9011605272439467E-002                  1.9726004170299453E-006                  0.0000000000000000E+000 
                                     724                  5.3128380072707190E-007                 -2.4888803358904052E+000                  6.8463186366232911E+000                  7.6680560474602659E+000                  1.0806857848785833E+026                  7.0279447840223375E-001                  3.5851200151351513E-005                  2.8496967037457915E-001                  2.1025987118774596E-003                  6.1630923319114597E-004                  5.7221218635573473E-003                  1.2718648985637689E-003                  2.4871053158459586E-003                  8.9026048745114592E-002                  1.9735850199372127E-006                  0.0000000000000000E+000 
                                     725                  2.6564190133302959E-007                 -2.5892278940128945E+000                  6.8463237474284968E+000                  7.5677022794294206E+000                  5.4051316479317981E+025                  7.0279447784532367E-001                  3.5851757020024696E-005                  2.8496967037461335E-001                  2.1025987118341266E-003                  6.1630923324169494E-004                  5.7221218635573499E-003                  1.2718648985637685E-003                  2.4871053158459578E-003                  8.9035148506688283E-002                  1.9742055164274494E-006                  0.0000000000000000E+000 
                                     726                  1.3282095168319285E-007                 -2.6895738379878860E+000                  6.8463269669893876E+000                  7.4673522304588760E+000                  2.7031022808147689E+025                  7.0279447749446988E-001                  3.5852107847682263E-005                  2.8496967037463489E-001                  2.1025987118068246E-003                  6.1630923327354642E-004                  5.7221218635573560E-003                  1.2718648985637691E-003                  2.4871053158459591E-003                  8.9040881368919314E-002                  1.9745964979985138E-006                  0.0000000000000000E+000 
                                     727                  6.6410476858274481E-008                 -2.7899187149633700E+000                  6.8463296712221942E+000                  8.0525032883942789E+000                  2.7035529545896737E+025                  7.0279447719975841E-001                  3.5852402537291919E-005                  2.8496967037465293E-001                  2.1025987117838873E-003                  6.1630923330030442E-004                  5.7221218635573595E-003                  1.2718648985637691E-003                  2.4871053158459591E-003                  8.9045696884370668E-002                  1.9749249572689907E-006                  0.0000000000000000E+000 
