                                       1                                        2                                        3                                        4                                        5                                        6                                        7                                        8                                        9                                       10                                       11                                       12                                       13                                       14                                       15                                       16                                       17                                       18                                       19                                       20                                       21                                       22                                       23                                       24                                       25                                       26                                       27                                       28                                       29                                       30                                       31                                       32                                       33                                       34                                       35                                       36                                       37                                       38                                       39                                       40                                       41                                       42                                       43                                       44                                       45                                       46                                       47                                       48                                       49 
                            model_number                                num_zones                             initial_mass                                initial_z                                 star_age                                time_step                                     Teff                            photosphere_L                            photosphere_r                               center_eta                                center_h1                               center_he3                               center_he4                               center_c12                               center_n14                               center_o16                              center_ne20                                star_mass                                star_mdot                             star_mass_h1                            star_mass_he3                            star_mass_he4                            star_mass_c12                            star_mass_n14                            star_mass_o16                           star_mass_ne20                             he_core_mass                             co_core_mass                             fe_core_mass                   neutron_rich_core_mass                             dynamic_time                             kh_timescale                            nuc_timescale                           power_nuc_burn                             power_h_burn                            power_he_burn                                power_neu                                burn_min1                                burn_min2                             time_seconds                           version_number                                 compiler                                    build                         MESA_SDK_version                             math_backend                                     date                                     msun                                     rsun                                     lsun 
                                     275                                      811                  1.0500000000000005E+000                  1.2200000000000001E-002                  7.8247200752233915E+009                  2.4705008743860658E+007                  5.9176122646558506E+003                  1.8768943786246157E+000                  1.3034070510070974E+000                 -9.5751452967037076E-001                  2.2585077301207628E-003                  4.4172415057777434E-011                  9.8571414989268913E-001                  3.7912102572611489E-005                  6.6425151516948536E-003                  1.5879448643405555E-003                  1.2718648985637748E-003                  1.0500000000000005E+000                  0.0000000000000000E+000                  6.9779892159800316E-001                  9.4291553051123770E-004                  3.3834755990302734E-001                  1.4954774511702277E-003                  1.6048235429898213E-003                  5.8633832491682050E-003                  1.3354581434919610E-003                  1.8484536460568357E-002                  0.0000000000000000E+000                  0.0000000000000000E+000                  0.0000000000000000E+000                  1.4533911318630868E+004                  1.0613035250690466E+007                  5.5943478330913773E+009                  1.8769931658679915E+000                  1.8769931658679906E+000                  3.5795772688514357E-037                  7.0694346511271475E-002                  5.0000000000000000E+001                  1.0000000000000000E+003                  2.4692938624586970E+017                               "r24.08.1"                               "gfortran"                                 "13.3.0"                    "x86_64-linux-24.7.1"                                 "CRMATH"                               "20251006"                  1.9884098706980504E+033                  6.9570000000000000E+010                  3.8280000000000003E+033 

                                       1                                        2                                        3                                        4                                        5                                        6                                        7                                        8                                        9                                       10                                       11                                       12                                       13                                       14                                       15                                       16                                       17 
                                    zone                                     mass                                     logR                                     logT                                   log_dr          raw_rate_r_he3_he3_to_h1_h1_he4                                       h1                                      he3                                      he4                                      c12                                      n14                                      o16                                     ne20                                     mg24                                       pp                                      cno                                tri_alpha 
                                       1                  1.0500000000000005E+000                  1.1508006605745656E-001                  3.7723691819363925E+000                  5.2847166546268189E+000                  4.8167543639802292E-051                  7.5779999999999992E-001                  2.4476628956292434E-005                  2.2997552337104368E-001                  2.1025988500795508E-003                  6.1630907196949883E-004                  5.7221218635412092E-003                  1.2718648985637698E-003                  2.4871053158459604E-003                  1.8037729483196870E-026                  0.0000000000000000E+000                  0.0000000000000000E+000 
                                       2                  1.0499999999989507E+000                  1.1507914348739363E-001                  3.7728725460567145E+000                  5.3781527750620812E+000                  6.0693260865445319E-051                  7.5779999999999992E-001                  2.4476628956292434E-005                  2.2997552337104368E-001                  2.1025988500795508E-003                  6.1630907196949883E-004                  5.7221218635412092E-003                  1.2718648985637698E-003                  2.4871053158459604E-003                  1.8182723338253614E-026                  0.0000000000000000E+000                  0.0000000000000000E+000 
                                       3                  1.0499999999976379E+000                  1.1507799945976871E-001                  3.7734388597563449E+000                  5.3743422902353313E+000                  6.1228445653823910E-051                  7.5779999999999992E-001                  2.4476628956292434E-005                  2.2997552337104368E-001                  2.1025988500795508E-003                  6.1630907196949883E-004                  5.7221218635412083E-003                  1.2718648985637698E-003                  2.4871053158459608E-003                  1.8343107366831515E-026                  0.0000000000000000E+000                  0.0000000000000000E+000 
                                       4                  1.0499999999963257E+000                  1.1507686542292196E-001                  3.7742987150046536E+000                  5.6697486921775022E+000                  1.2405383550523347E-050                  7.5779999999999992E-001                  2.4476628956292434E-005                  2.2997552337104368E-001                  2.1025988500795508E-003                  6.1630907196949883E-004                  5.7221218635412092E-003                  1.2718648985637698E-003                  2.4871053158459604E-003                  1.8582394507961960E-026                  0.0000000000000000E+000                  0.0000000000000000E+000 
                                       5                  1.0499999999937004E+000                  1.1507462652004631E-001                  3.7760617877514977E+000                  5.9598587410790467E+000                  2.5442907834410379E-050                  7.5779999999999992E-001                  2.4476628956292434E-005                  2.2997552337104368E-001                  2.1025988500795508E-003                  6.1630907196949883E-004                  5.7221218635412092E-003                  1.2718648985637698E-003                  2.4871053158459604E-003                  1.9056000728496501E-026                  0.0000000000000000E+000                  0.0000000000000000E+000 
                                       6                  1.0499999999884504E+000                  1.1507025986780910E-001                  3.7788462514336905E+000                  6.0411987873388897E+000                  3.2965248749836750E-050                  7.5779999999999992E-001                  2.4476628956292434E-005                  2.2997552337104368E-001                  2.1025988500795508E-003                  6.1630907196949883E-004                  5.7221218635412092E-003                  1.2718648985637696E-003                  2.4871053158459604E-003                  1.9752245439020161E-026                  0.0000000000000000E+000                  0.0000000000000000E+000 
                                       7                  1.0499999999818881E+000                  1.1506499371486030E-001                  3.7813248909651116E+000                  5.7279249365826237E+000                  1.6954228904532045E-050                  7.5779999999999970E-001                  2.4476628956292427E-005                  2.2997552337104366E-001                  2.1025988500795504E-003                  6.1630907196949872E-004                  5.7221218635412083E-003                  1.2718648985637691E-003                  2.4871053158459595E-003                  2.0317592232314277E-026                  0.0000000000000000E+000                  0.0000000000000000E+000 
                                       8                  1.0499999999786069E+000                  1.1506243381173392E-001                  3.7830309764773933E+000                  5.7200870761000724E+000                  1.7263187090541202E-050                  7.5779999999999992E-001                  2.4476628956292434E-005                  2.2997552337104368E-001                  2.1025988500795508E-003                  6.1630907196949883E-004                  5.7221218635412092E-003                  1.2718648985637696E-003                  2.4871053158459604E-003                  2.0687967268611095E-026                  0.0000000000000000E+000                  0.0000000000000000E+000 
                                       9                  1.0499999999753256E+000                  1.1505991967897268E-001                  3.7856758330298166E+000                  6.0098295867135318E+000                  3.5445343133692122E-050                  7.5779999680664389E-001                  2.4479822312184268E-005                  2.2997552337104366E-001                  2.1025988500795517E-003                  6.1630907196949904E-004                  5.7221218635412109E-003                  1.2718648985637702E-003                  2.4871053158459612E-003                  2.1233254608217563E-026                  0.0000000000000000E+000                  0.0000000000000000E+000 
                                      10                  1.0499999999687630E+000                  1.1505502037456067E-001                  3.7885161342962652E+000                  5.6981430546217773E+000                  1.8163718885681667E-050                  7.5779999647529195E-001                  2.4480153664248754E-005                  2.2997552337104368E-001                  2.1025988500795526E-003                  6.1630907196949926E-004                  5.7221218635412126E-003                  1.2718648985637706E-003                  2.4871053158459621E-003                  2.1761261890285624E-026                  0.0000000000000000E+000                  0.0000000000000000E+000 
                                      11                  1.0499999999654819E+000                  1.1505263007937185E-001                  3.7909642730128490E+000                  5.8657486608461280E+000                  2.7783703354485550E-050                  7.5779999640362039E-001                  2.4480225335873719E-005                  2.2997552337104368E-001                  2.1025988500795530E-003                  6.1630907196949937E-004                  5.7221218635412135E-003                  1.2718648985637709E-003                  2.4871053158459625E-003                  2.2191088223495428E-026                  0.0000000000000000E+000                  0.0000000000000000E+000 
                                      12                  1.0499999999605600E+000                  1.1504911398845095E-001                  3.7951018917768269E+000                  6.0747981962135897E+000                  4.7692247899285867E-050                  7.5779999638982720E-001                  2.4480239129048542E-005                  2.2997552337104366E-001                  2.1025988500795534E-003                  6.1630907196949948E-004                  5.7221218635412144E-003                  1.2718648985637711E-003                  2.4871053158459630E-003                  2.2855543204846592E-026                  0.0000000000000000E+000                  0.0000000000000000E+000 
                                      13                  1.0499999999523568E+000                  1.1504342396265649E-001                  3.7996634540947194E+000                  5.8412168405941225E+000                  2.9399560186877472E-050                  7.5779999638500362E-001                  2.4480243952629212E-005                  2.2997552337104368E-001                  2.1025988500795543E-003                  6.1630907196949969E-004                  5.7221218635412161E-003                  1.2718648985637715E-003                  2.4871053158459638E-003                  2.3482123928643634E-026                  0.0000000000000000E+000                  0.0000000000000000E+000 
                                      14                  1.0499999999474352E+000                  1.1504010090875266E-001                  3.8044907507631174E+000                  6.0521952235872538E+000                  5.0242229064922666E-050                  7.5779999637866080E-001                  2.4480250295270603E-005                  2.2997552337104368E-001                  2.1025988500795552E-003                  6.1630907196949991E-004                  5.7221218635412179E-003                  1.2718648985637719E-003                  2.4871053158459647E-003                  2.4078000403837715E-026                  0.0000000000000000E+000                  0.0000000000000000E+000 
                                      15                  1.0499999999392320E+000                  1.1503469933722489E-001                  3.8091830194305931E+000                  5.6456718541647035E+000                  2.0498398262861274E-050                  7.5779999637428264E-001                  2.4480254673302523E-005                  2.2997552337104368E-001                  2.1025988500795552E-003                  6.1630907196949991E-004                  5.7221218635412179E-003                  1.2718648985637719E-003                  2.4871053158459647E-003                  2.4559213405548480E-026                  0.0000000000000000E+000                  0.0000000000000000E+000 
                                      16                  1.0499999999359508E+000                  1.1503258097354369E-001                  3.8133572999817908E+000                  5.9398179962656874E+000                  4.1652403254296651E-050                  7.5779999637428264E-001                  2.4480254673302523E-005                  2.2997552337104368E-001                  2.1025988500795552E-003                  6.1630907196949991E-004                  5.7221218635412179E-003                  1.2718648985637719E-003                  2.4871053158459647E-003                  2.4952102593158298E-026                  0.0000000000000000E+000                  0.0000000000000000E+000 
                                      17                  1.0499999999293883E+000                  1.1502841084148518E-001                  3.8194187568907982E+000                  5.9315744738556120E+000                  4.2451383516791264E-050                  7.5779999637428264E-001                  2.4480254673302523E-005                  2.2997552337104368E-001                  2.1025988500795552E-003                  6.1630907196949991E-004                  5.7221218635412179E-003                  1.2718648985637719E-003                  2.4871053158459647E-003                  2.5430916709779812E-026                  0.0000000000000000E+000                  0.0000000000000000E+000 
                                      18                  1.0499999999228258E+000                  1.1502431907899449E-001                  3.8243660214763047E+000                  5.6250777034307884E+000                  2.1494865885777396E-050                  7.5779999637428264E-001                  2.4480254673302523E-005                  2.2997552337104368E-001                  2.1025988500795552E-003                  6.1630907196949991E-004                  5.7221218635412179E-003                  1.2718648985637719E-003                  2.4871053158459647E-003                  2.5753541736656585E-026                  0.0000000000000000E+000                  0.0000000000000000E+000 
                                      19                  1.0499999999195446E+000                  1.1502229877509342E-001                  3.8277983005416907E+000                  5.6217107640162673E+000                  2.1662356769837902E-050                  7.5779999637428264E-001                  2.4480254673302523E-005                  2.2997552337104368E-001                  2.1025988500795552E-003                  6.1630907196949991E-004                  5.7221218635412179E-003                  1.2718648985637719E-003                  2.4871053158459647E-003                  2.5954293057759115E-026                  0.0000000000000000E+000                  0.0000000000000000E+000 
                                      20                  1.0499999999162632E+000                  1.1502029406408347E-001                  3.8331649736676527E+000                  5.9181173017934050E+000                  4.3789010298873941E-050                  7.5779999637428264E-001                  2.4480254673302523E-005                  2.2997552337104368E-001                  2.1025988500795552E-003                  6.1630907196949991E-004                  5.7221218635412179E-003                  1.2718648985637719E-003                  2.4871053158459647E-003                  2.6232543054067032E-026                  0.0000000000000000E+000                  0.0000000000000000E+000 
                                      21                  1.0499999999097007E+000                  1.1501632707231628E-001                  3.8390594579236015E+000                  5.6132399852584118E+000                  2.2089627269479513E-050                  7.5779999637428264E-001                  2.4480254673302523E-005                  2.2997552337104368E-001                  2.1025988500795552E-003                  6.1630907196949991E-004                  5.7221218635412179E-003                  1.2718648985637719E-003                  2.4871053158459647E-003                  2.6466415165357257E-026                  0.0000000000000000E+000                  0.0000000000000000E+000 
                                      22                  1.0499999999064198E+000                  1.1501436105676349E-001                  3.8431651468001218E+000                  5.6109844601051648E+000                  2.2204849522495169E-050                  7.5779999637428264E-001                  2.4480254673302523E-005                  2.2997552337104368E-001                  2.1025988500795552E-003                  6.1630907196949991E-004                  5.7221218635412179E-003                  1.2718648985637719E-003                  2.4871053158459647E-003                  2.6604520369279575E-026                  0.0000000000000000E+000                  0.0000000000000000E+000 
                                      23                  1.0499999999031386E+000                  1.1501240521648869E-001                  3.8474749506778503E+000                  5.6090396327916565E+000                  2.2304709197409511E-050                  7.5779999637428264E-001                  2.4480254673302523E-005                  2.2997552337104368E-001                  2.1025988500795552E-003                  6.1630907196949991E-004                  5.7221218635412179E-003                  1.2718648985637719E-003                  2.4871053158459647E-003                  2.6724212345484346E-026                  0.0000000000000000E+000                  0.0000000000000000E+000 
                                      24                  1.0499999998998573E+000                  1.1501045810639082E-001                  3.8520044688703927E+000                  5.6074211630788504E+000                  2.2388186773868573E-050                  7.5779999637428264E-001                  2.4480254673302523E-005                  2.2997552337104368E-001                  2.1025988500795552E-003                  6.1630907196949991E-004                  5.7221218635412179E-003                  1.2718648985637719E-003                  2.4871053158459647E-003                  2.6824268947550355E-026                  0.0000000000000000E+000                  0.0000000000000000E+000 
                                      25                  1.0499999998965761E+000                  1.1500851823033341E-001                  3.8591347621725585E+000                  5.9065580701946425E+000                  4.4972580602350205E-050                  7.5779999637428264E-001                  2.4480254673302523E-005                  2.2997552337104368E-001                  2.1025988500795552E-003                  6.1630907196949991E-004                  5.7221218635412179E-003                  1.2718648985637719E-003                  2.4871053158459647E-003                  2.6941856555890637E-026                  0.0000000000000000E+000                  0.0000000000000000E+000 
                                      26                  1.0499999998900136E+000                  1.1500465532743584E-001                  3.8695381064626102E+000                  5.9053162447412646E+000                  4.5102160800969283E-050                  7.5779999637428264E-001                  2.4480254673302523E-005                  2.2997552337104368E-001                  2.1025988500795552E-003                  6.1630907196949991E-004                  5.7221218635412179E-003                  1.2718648985637719E-003                  2.4871053158459647E-003                  2.7019514607510369E-026                  0.0000000000000000E+000                  0.0000000000000000E+000 
                                      27                  1.0499999998834511E+000                  1.1500080342016718E-001                  3.8782825461732231E+000                  5.7007995809632286E+000                  2.8215016238404277E-050                  7.5779999637428264E-001                  2.4480254673302523E-005                  2.2997552337104368E-001                  2.1025988500795552E-003                  6.1630907196949991E-004                  5.7221218635412179E-003                  1.2718648985637719E-003                  2.4871053158459647E-003                  2.7044604644119501E-026                  0.0000000000000000E+000                  0.0000000000000000E+000 
                                      28                  1.0499999998793497E+000                  1.1499839815873170E-001                  3.8849048950014731E+000                  5.7005775632123417E+000                  2.8229756468098557E-050                  7.5779999637428264E-001                  2.4480254673302523E-005                  2.2997552337104368E-001                  2.1025988500795552E-003                  6.1630907196949991E-004                  5.7221218635412179E-003                  1.2718648985637719E-003                  2.4871053158459647E-003                  2.7058738893299817E-026                  0.0000000000000000E+000                  0.0000000000000000E+000 
                                      29                  1.0499999998752481E+000                  1.1499599411327618E-001                  3.8944671085151481E+000                  6.0011970324096211E+000                  5.6513845687831303E-050                  7.5779999637428264E-001                  2.4480254673302523E-005                  2.2997552337104368E-001                  2.1025988500795552E-003                  6.1630907196949991E-004                  5.7221218635412179E-003                  1.2718648985637719E-003                  2.4871053158459647E-003                  2.7084788452790423E-026                  0.0000000000000000E+000                  0.0000000000000000E+000 
                                      30                  1.0499999998670451E+000                  1.1499119052531158E-001                  3.9031130330925610E+000                  5.6991472290789762E+000                  2.8323823100038338E-050                  7.5779999637428264E-001                  2.4480254673302523E-005                  2.2997552337104368E-001                  2.1025988500795552E-003                  6.1630907196949991E-004                  5.7221218635412179E-003                  1.2718648985637719E-003                  2.4871053158459647E-003                  2.7148938485000455E-026                  0.0000000000000000E+000                  0.0000000000000000E+000 
                                      31                  1.0499999998629432E+000                  1.1498879434472875E-001                  3.9085098360824011E+000                  5.6982690322495317E+000                  2.8381468152299915E-050                  7.5779999637428264E-001                  2.4480254673302523E-005                  2.2997552337104368E-001                  2.1025988500795552E-003                  6.1630907196949991E-004                  5.7221218635412179E-003                  1.2718648985637719E-003                  2.4871053158459647E-003                  2.7204213859037035E-026                  0.0000000000000000E+000                  0.0000000000000000E+000 
                                      32                  1.0499999998588418E+000                  1.1498640299144122E-001                  3.9135691417557870E+000                  5.6971761506663885E+000                  2.8453291662382621E-050                  7.5779999637428264E-001                  2.4480254673302523E-005                  2.2997552337104368E-001                  2.1025988500795552E-003                  6.1630907196949991E-004                  5.7221218635412179E-003                  1.2718648985637719E-003                  2.4871053158459647E-003                  2.7273084932811941E-026                  0.0000000000000000E+000                  0.0000000000000000E+000 
                                      33                  1.0499999998547402E+000                  1.1498401763519819E-001                  3.9183122511277899E+000                  5.6958833330195171E+000                  2.8538431296777360E-050                  7.5779999637428264E-001                  2.4480254673302523E-005                  2.2997552337104368E-001                  2.1025988500795552E-003                  6.1630907196949991E-004                  5.7221218635412179E-003                  1.2718648985637719E-003                  2.4871053158459647E-003                  2.7354724878371045E-026                  0.0000000000000000E+000                  0.0000000000000000E+000 
                                      34                  1.0499999998506389E+000                  1.1498163935613595E-001                  3.9249708079975019E+000                  5.9947340401325411E+000                  5.7364933229711370E-050                  7.5779999637428264E-001                  2.4480254673302523E-005                  2.2997552337104368E-001                  2.1025988500795552E-003                  6.1630907196949991E-004                  5.7221218635412179E-003                  1.2718648985637719E-003                  2.4871053158459647E-003                  2.7492839906914618E-026                  0.0000000000000000E+000                  0.0000000000000000E+000 
                                      35                  1.0499999998424356E+000                  1.1497690656787496E-001                  3.9367284562825797E+000                  6.2905465113993619E+000                  1.1612028627849505E-049                  7.5779999637428264E-001                  2.4480254673302523E-005                  2.2997552337104368E-001                  2.1025988500795552E-003                  6.1630907196949991E-004                  5.7221218635412179E-003                  1.2718648985637719E-003                  2.4871053158459647E-003                  2.7826158908195863E-026                  0.0000000000000000E+000                  0.0000000000000000E+000 
                                      36                  1.0499999998260294E+000                  1.1496755387680996E-001                  3.9462722731636504E+000                  5.9828175648081272E+000                  5.8964553018634077E-050                  7.5779999637428264E-001                  2.4480254673302523E-005                  2.2997552337104368E-001                  2.1025988500795552E-003                  6.1630907196949991E-004                  5.7221218635412179E-003                  1.2718648985637719E-003                  2.4871053158459647E-003                  2.8259782527572271E-026                  0.0000000000000000E+000                  0.0000000000000000E+000 
                                      37                  1.0499999998178262E+000                  1.1496294903599867E-001                  3.9520320735408108E+000                  5.9781804444536473E+000                  5.9598769345774886E-050                  7.5779999637428264E-001                  2.4480254673302523E-005                  2.2997552337104368E-001                  2.1025988500795552E-003                  6.1630907196949991E-004                  5.7221218635412179E-003                  1.2718648985637719E-003                  2.4871053158459647E-003                  2.8563862914599870E-026                  0.0000000000000000E+000                  0.0000000000000000E+000 
                                      38                  1.0499999998096232E+000                  1.1495839305314087E-001                  3.9572993196977833E+000                  5.9733499023984837E+000                  6.0266628374470502E-050                  7.5779999637428264E-001                  2.4480254673302523E-005                  2.2997552337104368E-001                  2.1025988500795552E-003                  6.1630907196949991E-004                  5.7221218635412179E-003                  1.2718648985637719E-003                  2.4871053158459647E-003                  2.8884075662366571E-026                  0.0000000000000000E+000                  0.0000000000000000E+000 
                                      39                  1.0499999998014200E+000                  1.1495388741748366E-001                  3.9645474935148712E+000                  6.2670325635282662E+000                  1.2259354161841309E-049                  7.5779999637428264E-001                  2.4480254673302523E-005                  2.2997552337104368E-001                  2.1025988500795552E-003                  6.1630907196949991E-004                  5.7221218635412179E-003                  1.2718648985637719E-003                  2.4871053158459647E-003                  2.9377993547895076E-026                  0.0000000000000000E+000                  0.0000000000000000E+000 
                                      40                  1.0499999997850138E+000                  1.1494502717894742E-001                  3.9728798815579243E+000                  6.2567419004608453E+000                  1.2553816257192287E-049                  7.5779999637428264E-001                  2.4480254673302523E-005                  2.2997552337104368E-001                  2.1025988500795552E-003                  6.1630907196949991E-004                  5.7221218635412179E-003                  1.2718648985637719E-003                  2.4871053158459647E-003                  3.0083924500400237E-026                  0.0000000000000000E+000                  0.0000000000000000E+000 
                                      41                  1.0499999997686076E+000                  1.1493637424262576E-001                  3.9783607371992584E+000                  5.9477991255170615E+000                  6.3925105424434242E-050                  7.5779999637428264E-001                  2.4480254673302523E-005                  2.2997552337104368E-001                  2.1025988500795552E-003                  6.1630907196949991E-004                  5.7221218635412179E-003                  1.2718648985637719E-003                  2.4871053158459647E-003                  3.0638212255819208E-026                  0.0000000000000000E+000                  0.0000000000000000E+000 
                                      42                  1.0499999997604044E+000                  1.1493212582518132E-001                  3.9817901548189871E+000                  5.9425785929984025E+000                  6.4699426533202230E-050                  7.5779999637428264E-001                  2.4480254673302523E-005                  2.2997552337104368E-001                  2.1025988500795552E-003                  6.1630907196949991E-004                  5.7221218635412179E-003                  1.2718648985637719E-003                  2.4871053158459647E-003                  3.1009485393179834E-026                  0.0000000000000000E+000                  0.0000000000000000E+000 
                                      43                  1.0499999997522014E+000                  1.1492792813023994E-001                  3.9866339059244709E+000                  6.2358671507965919E+000                  1.3172988418036395E-049                  7.5779999637428264E-001                  2.4480254673302523E-005                  2.2997552337104368E-001                  2.1025988500795552E-003                  6.1630907196949991E-004                  5.7221218635412179E-003                  1.2718648985637719E-003                  2.4871053158459647E-003                  3.1568334470226540E-026                  0.0000000000000000E+000                  0.0000000000000000E+000 
                                      44                  1.0499999997357952E+000                  1.1491968094680709E-001                  3.9924395361134399E+000                  6.2254977456242644E+000                  1.3491803736420493E-049                  7.5779999637428264E-001                  2.4480254673302523E-005                  2.2997552337104368E-001                  2.1025988500795552E-003                  6.1630907196949991E-004                  5.7221218635412179E-003                  1.2718648985637719E-003                  2.4871053158459647E-003                  3.2332682824479722E-026                  0.0000000000000000E+000                  0.0000000000000000E+000 
                                      45                  1.0499999997193890E+000                  1.1491162819342335E-001                  3.9976985624982140E+000                  6.2152479502969822E+000                  1.3814517732487330E-049                  7.5779999637428264E-001                  2.4480254673302523E-005                  2.2997552337104368E-001                  2.1025988500795552E-003                  6.1630907196949991E-004                  5.7221218635412179E-003                  1.2718648985637719E-003                  2.4871053158459647E-003                  3.3106389767221748E-026                  0.0000000000000000E+000                  0.0000000000000000E+000 
                                      46                  1.0499999997029827E+000                  1.1490376312396072E-001                  4.0013051087823692E+000                  5.9065788771085312E+000                  7.0300196503849721E-050                  7.5779999637428264E-001                  2.4480254673302523E-005                  2.2997552337104368E-001                  2.1025988500795552E-003                  6.1630907196949991E-004                  5.7221218635412179E-003                  1.2718648985637719E-003                  2.4871053158459647E-003                  3.3695035595583704E-026                  0.0000000000000000E+000                  0.0000000000000000E+000 
                                      47                  1.0499999996947795E+000                  1.1489989910406480E-001                  4.0036054996270192E+000                  5.9015730464020537E+000                  7.1116447442791516E-050                  7.5779999637428264E-001                  2.4480254673302523E-005                  2.2997552337104368E-001                  2.1025988500795552E-003                  6.1630907196949991E-004                  5.7221218635412179E-003                  1.2718648985637719E-003                  2.4871053158459647E-003                  3.4086436833627492E-026                  0.0000000000000000E+000                  0.0000000000000000E+000 
                                      48                  1.0499999996865765E+000                  1.1489607933273127E-001                  4.0069124257233586E+000                  6.1952209364799069E+000                  1.4467499813210568E-049                  7.5779999637428264E-001                  2.4480254673302523E-005                  2.2997552337104368E-001                  2.1025988500795552E-003                  6.1630907196949991E-004                  5.7221218635412179E-003                  1.2718648985637719E-003                  2.4871053158459647E-003                  3.4671949866446747E-026                  0.0000000000000000E+000                  0.0000000000000000E+000 
                                      49                  1.0499999996701703E+000                  1.1488856845105136E-001                  4.0109951637636794E+000                  6.1854801015744592E+000                  1.4796165337852794E-049                  7.5779999637428264E-001                  2.4480254673302523E-005                  2.2997552337104368E-001                  2.1025988500795552E-003                  6.1630907196949991E-004                  5.7221218635412179E-003                  1.2718648985637719E-003                  2.4871053158459647E-003                  3.5459960953610768E-026                  0.0000000000000000E+000                  0.0000000000000000E+000 
                                      50                  1.0499999996537641E+000                  1.1488122403090448E-001                  4.0147903508504479E+000                  6.1759299135522729E+000                  1.5125644645287836E-049                  7.5779999637428264E-001                  2.4480254673302523E-005                  2.2997552337104368E-001                  2.1025988500795552E-003                  6.1630907196949991E-004                  5.7221218635412179E-003                  1.2718648985637719E-003                  2.4871053158459647E-003                  3.6249934819801872E-026                  0.0000000000000000E+000                  0.0000000000000000E+000 
                                      51                  1.0499999996373577E+000                  1.1487403923245167E-001                  4.0183343030580199E+000                  6.1665730085752344E+000                  1.5455569571596560E-049                  7.5779999637428264E-001                  2.4480254673302523E-005                  2.2997552337104368E-001                  2.1025988500795552E-003                  6.1630907196949991E-004                  5.7221218635412179E-003                  1.2718648985637719E-003                  2.4871053158459647E-003                  3.7040988677354052E-026                  0.0000000000000000E+000                  0.0000000000000000E+000 
                                      52                  1.0499999996209517E+000                  1.1486700746024849E-001                  4.0216570087374421E+000                  6.1574093834117365E+000                  1.5785653168667400E-049                  7.5779999637428264E-001                  2.4480254673302523E-005                  2.2997552337104368E-001                  2.1025988500795552E-003                  6.1630907196949991E-004                  5.7221218635412179E-003                  1.2718648985637719E-003                  2.4871053158459647E-003                  3.7832434423806253E-026                  0.0000000000000000E+000                  0.0000000000000000E+000 
                                      53                  1.0499999996045455E+000                  1.1486012239395234E-001                  4.0247835033097790E+000                  6.1484370085647804E+000                  1.6115677231914480E-049                  7.5779999637428264E-001                  2.4480254673302523E-005                  2.2997552337104368E-001                  2.1025988500795552E-003                  6.1630907196949991E-004                  5.7221218635412179E-003                  1.2718648985637719E-003                  2.4871053158459647E-003                  3.8623748751268617E-026                  0.0000000000000000E+000                  0.0000000000000000E+000 
                                      54                  1.0499999995881393E+000                  1.1485337800565251E-001                  4.0277348971441436E+000                  6.1396525041630392E+000                  1.6445474894755963E-049                  7.5779999637428264E-001                  2.4480254673302523E-005                  2.2997552337104368E-001                  2.1025988500795552E-003                  6.1630907196949991E-004                  5.7221218635412179E-003                  1.2718648985637719E-003                  2.4871053158459647E-003                  3.9414531423940728E-026                  0.0000000000000000E+000                  0.0000000000000000E+000 
                                      55                  1.0499999995717331E+000                  1.1484676856452071E-001                  4.0319195880283285E+000                  6.4279302843072008E+000                  3.3872564325185520E-049                  7.5779999637428264E-001                  2.4480254673302523E-005                  2.2997552337104368E-001                  2.1025988500795552E-003                  6.1630907196949991E-004                  5.7221218635412179E-003                  1.2718648985637719E-003                  2.4871053158459647E-003                  4.0591400397384585E-026                  0.0000000000000000E+000                  0.0000000000000000E+000 
                                      56                  1.0499999995389206E+000                  1.1483393189850138E-001                  4.0357109949093664E+000                  6.1143922532843318E+000                  1.7431918589692293E-049                  7.5779999637428264E-001                  2.4480254673302523E-005                  2.2997552337104368E-001                  2.1025988500795552E-003                  6.1630907196949991E-004                  5.7221218635412179E-003                  1.2718648985637719E-003                  2.4871053158459647E-003                  4.1779873374051506E-026                  0.0000000000000000E+000                  0.0000000000000000E+000 
                                      57                  1.0499999995225144E+000                  1.1482769564519139E-001                  4.0381179550954611E+000                  6.1063141487883978E+000                  1.7759701053594679E-049                  7.5779999637428264E-001                  2.4480254673302523E-005                  2.2997552337104368E-001                  2.1025988500795552E-003                  6.1630907196949991E-004                  5.7221218635412179E-003                  1.2718648985637719E-003                  2.4871053158459647E-003                  4.2565867312744350E-026                  0.0000000000000000E+000                  0.0000000000000000E+000 
                                      58                  1.0499999995061082E+000                  1.1482157423021405E-001                  4.0404180431109156E+000                  6.0984001817455065E+000                  1.8086800597295914E-049                  7.5779999637428264E-001                  2.4480254673302523E-005                  2.2997552337104368E-001                  2.1025988500795552E-003                  6.1630907196949991E-004                  5.7221218635412179E-003                  1.2718648985637719E-003                  2.4871053158459647E-003                  4.3350234163576603E-026                  0.0000000000000000E+000                  0.0000000000000000E+000 
                                      59                  1.0499999994897020E+000                  1.1481556326906564E-001                  4.0437169888984101E+000                  6.3879102135758785E+000                  3.7147486055840085E-049                  7.5779999637428264E-001                  2.4480254673302523E-005                  2.2997552337104368E-001                  2.1025988500795552E-003                  6.1630907196949991E-004                  5.7221218635412179E-003                  1.2718648985637719E-003                  2.4871053158459647E-003                  4.4517914747877699E-026                  0.0000000000000000E+000                  0.0000000000000000E+000 
                                      60                  1.0499999994568896E+000                  1.1480385580557918E-001                  4.0477741630352382E+000                  6.3730018572691378E+000                  3.8446853674354987E-049                  7.5779999637428264E-001                  2.4480254673302523E-005                  2.2997552337104368E-001                  2.1025988500795552E-003                  6.1630907196949991E-004                  5.7221218635412179E-003                  1.2718648985637719E-003                  2.4871053158459647E-003                  4.6075882020315370E-026                  0.0000000000000000E+000                  0.0000000000000000E+000 
                                      61                  1.0499999994240770E+000                  1.1479254311351196E-001                  4.0515339442435456E+000                  6.3586591319687598E+000                  3.9739810174732060E-049                  7.5779999637428264E-001                  2.4480254673302523E-005                  2.2997552337104368E-001                  2.1025988500795552E-003                  6.1630907196949991E-004                  5.7221218635412179E-003                  1.2718648985637719E-003                  2.4871053158459647E-003                  4.7626201690678130E-026                  0.0000000000000000E+000                  0.0000000000000000E+000 
                                      62                  1.0499999993912643E+000                  1.1478159764465737E-001                  4.0541632704548576E+000                  6.0471838989819329E+000                  2.0354353762705260E-049                  7.5779999637428264E-001                  2.4480254673302523E-005                  2.2997552337104368E-001                  2.1025988500795552E-003                  6.1630907196949991E-004                  5.7221218635412179E-003                  1.2718648985637719E-003                  2.4871053158459647E-003                  4.8787983597126558E-026                  0.0000000000000000E+000                  0.0000000000000000E+000 
                                      63                  1.0499999993748583E+000                  1.1477625486479165E-001                  4.0558562976132899E+000                  6.0404037671234310E+000                  2.0675120668751756E-049                  7.5779999637428264E-001                  2.4480254673302523E-005                  2.2997552337104368E-001                  2.1025988500795552E-003                  6.1630907196949991E-004                  5.7221218635412179E-003                  1.2718648985637719E-003                  2.4871053158459647E-003                  4.9557243455517458E-026                  0.0000000000000000E+000                  0.0000000000000000E+000 
                                      64                  1.0499999993584521E+000                  1.1477099478356961E-001                  4.0583119219635320E+000                  6.3315230675614593E+000                  4.2306226178253071E-049                  7.5779999637428264E-001                  2.4480254673302523E-005                  2.2997552337104368E-001                  2.1025988500795552E-003                  6.1630907196949991E-004                  5.7221218635412179E-003                  1.2718648985637719E-003                  2.4871053158459647E-003                  5.0703577214103394E-026                  0.0000000000000000E+000                  0.0000000000000000E+000 
                                      65                  1.0499999993256395E+000                  1.1476071179099480E-001                  4.0613909660602907E+000                  6.3186672569538063E+000                  4.3579311419723365E-049                  7.5779999637428264E-001                  2.4480254673302523E-005                  2.2997552337104368E-001                  2.1025988500795552E-003                  6.1630907196949991E-004                  5.7221218635412179E-003                  1.2718648985637719E-003                  2.4871053158459647E-003                  5.2230181947107481E-026                  0.0000000000000000E+000                  0.0000000000000000E+000 
                                      66                  1.0499999992928271E+000                  1.1475072849736678E-001                  4.0635701102004678E+000                  6.0082551165826130E+000                  2.2266265396846412E-049                  7.5779999637428264E-001                  2.4480254673302523E-005                  2.2997552337104368E-001                  2.1025988500795552E-003                  6.1630907196949991E-004                  5.7221218635412179E-003                  1.2718648985637719E-003                  2.4871053158459647E-003                  5.3373246883752496E-026                  0.0000000000000000E+000                  0.0000000000000000E+000 
                                      67                  1.0499999992764208E+000                  1.1474584344595695E-001                  4.0649812990719427E+000                  6.0021484080298686E+000                  2.2582072208978678E-049                  7.5779999637428264E-001                  2.4480254673302523E-005                  2.2997552337104368E-001                  2.1025988500795552E-003                  6.1630907196949991E-004                  5.7221218635412179E-003                  1.2718648985637719E-003                  2.4871053158459647E-003                  5.4130665217683534E-026                  0.0000000000000000E+000                  0.0000000000000000E+000 
                                      68                  1.0499999992600146E+000                  1.1474102654983205E-001                  4.0670391743977579E+000                  6.2942290395652627E+000                  4.6105995739466988E-049                  7.5779999637428264E-001                  2.4480254673302523E-005                  2.2997552337104368E-001                  2.1025988500795552E-003                  6.1630907196949991E-004                  5.7221218635412179E-003                  1.2718648985637719E-003                  2.4871053158459647E-003                  5.5260130414530445E-026                  0.0000000000000000E+000                  0.0000000000000000E+000 
                                      69                  1.0499999992272022E+000                  1.1473158909166249E-001                  4.0709407262904573E+000                  6.5780327661348261E+000                  9.5949175986894772E-049                  7.5779999637428264E-001                  2.4480254673302523E-005                  2.2997552337104368E-001                  2.1025988500795552E-003                  6.1630907196949991E-004                  5.7221218635412179E-003                  1.2718648985637719E-003                  2.4871053158459647E-003                  5.7500996698835981E-026                  0.0000000000000000E+000                  0.0000000000000000E+000 
                                      70                  1.0499999991615772E+000                  1.1471344761828990E-001                  4.0744882629494139E+000                  6.2603998584707430E+000                  4.9847230971893857E-049                  7.5779999637428264E-001                  2.4480254673302523E-005                  2.2997552337104368E-001                  2.1025988500795552E-003                  6.1630907196949991E-004                  5.7221218635412179E-003                  1.2718648985637719E-003                  2.4871053158459647E-003                  5.9746794489909191E-026                  0.0000000000000000E+000                  0.0000000000000000E+000 
                                      71                  1.0499999991287647E+000                  1.1470471683750055E-001                  4.0767446939904133E+000                  6.2497856342353115E+000                  5.1082543479122900E-049                  7.5779999637428264E-001                  2.4480254673302523E-005                  2.2997552337104368E-001                  2.1025988500795552E-003                  6.1630907196949991E-004                  5.7221218635412179E-003                  1.2718648985637719E-003                  2.4871053158459647E-003                  6.1228303003097684E-026                  0.0000000000000000E+000                  0.0000000000000000E+000 
                                      72                  1.0499999990959523E+000                  1.1469619668270030E-001                  4.0799807693790093E+000                  6.5355173180705544E+000                  1.0583414162712992E-048                  7.5779999637428264E-001                  2.4480254673302523E-005                  2.2997552337104368E-001                  2.1025988500795552E-003                  6.1630907196949991E-004                  5.7221218635412179E-003                  1.2718648985637719E-003                  2.4871053158459647E-003                  6.3428506335296477E-026                  0.0000000000000000E+000                  0.0000000000000000E+000 
                                      73                  1.0499999990303273E+000                  1.1467974570723018E-001                  4.0829691580309158E+000                  6.2196984121552434E+000                  5.4753149764610783E-049                  7.5779999637428264E-001                  2.4480254673302523E-005                  2.2997552337104368E-001                  2.1025988500795552E-003                  6.1630907196949991E-004                  5.7221218635412179E-003                  1.2718648985637719E-003                  2.4871053158459647E-003                  6.5630638110088726E-026                  0.0000000000000000E+000                  0.0000000000000000E+000 
                                      74                  1.0499999989975148E+000                  1.1467179538100224E-001                  4.0848837510776210E+000                  6.2102000609749641E+000                  5.5965860788192079E-049                  7.5779999637428264E-001                  2.4480254673302523E-005                  2.2997552337104368E-001                  2.1025988500795552E-003                  6.1630907196949991E-004                  5.7221218635412179E-003                  1.2718648985637719E-003                  2.4871053158459647E-003                  6.7085159702817278E-026                  0.0000000000000000E+000                  0.0000000000000000E+000 
                                      75                  1.0499999989647022E+000                  1.1466401690595675E-001                  4.0876479296200126E+000                  6.4974820679492540E+000                  1.1553778122589002E-048                  7.5779999637428264E-001                  2.4480254673302523E-005                  2.2997552337104368E-001                  2.1025988500795552E-003                  6.1630907196949991E-004                  5.7221218635412179E-003                  1.2718648985637719E-003                  2.4871053158459647E-003                  6.9247760596621102E-026                  0.0000000000000000E+000                  0.0000000000000000E+000 
                                      76                  1.0499999988990771E+000                  1.1464894431562714E-001                  4.0910865519605171E+000                  6.4798736767112493E+000                  1.2032668751697527E-048                  7.5779999637428264E-001                  2.4480254673302523E-005                  2.2997552337104368E-001                  2.1025988500795552E-003                  6.1630907196949991E-004                  5.7221218635412179E-003                  1.2718648985637719E-003                  2.4871053158459647E-003                  7.2119826220396319E-026                  0.0000000000000000E+000                  0.0000000000000000E+000 
                                      77                  1.0499999988334521E+000                  1.1463447012535444E-001                  4.0937044543724559E+000                  6.2620264624689721E+000                  7.7623362108339839E-049                  7.5779999637428264E-001                  2.4480254673302523E-005                  2.2997552337104368E-001                  2.1025988500795552E-003                  6.1630907196949991E-004                  5.7221218635412179E-003                  1.2718648985637719E-003                  2.4871053158459647E-003                  7.4441287076970211E-026                  0.0000000000000000E+000                  0.0000000000000000E+000 
                                      78                  1.0499999987924364E+000                  1.1462570498887313E-001                  4.0956399061692847E+000                  6.2518346778454141E+000                  7.9469697761113996E-049                  7.5779999637428264E-001                  2.4480254673302523E-005                  2.2997552337104368E-001                  2.1025988500795552E-003                  6.1630907196949991E-004                  5.7221218635412179E-003                  1.2718648985637719E-003                  2.4871053158459647E-003                  7.6213087666900606E-026                  0.0000000000000000E+000                  0.0000000000000000E+000 
                                      79                  1.0499999987514208E+000                  1.1461714298220374E-001                  4.0975041501092910E+000                  6.2419243935168245E+000                  8.1307157162073891E-049                  7.5779999637428264E-001                  2.4480254673302523E-005                  2.2997552337104368E-001                  2.1025988500795552E-003                  6.1630907196949991E-004                  5.7221218635412179E-003                  1.2718648985637719E-003                  2.4871053158459647E-003                  7.7976409912489783E-026                  0.0000000000000000E+000                  0.0000000000000000E+000 
                                      80                  1.0499999987104052E+000                  1.1460877397882921E-001                  4.0993022820209193E+000                  6.2322806989708193E+000                  8.3135980948447896E-049                  7.5779999637428264E-001                  2.4480254673302523E-005                  2.2997552337104368E-001                  2.1025988500795552E-003                  6.1630907196949991E-004                  5.7221218635412179E-003                  1.2718648985637719E-003                  2.4871053158459647E-003                  7.9731483728177697E-026                  0.0000000000000000E+000                  0.0000000000000000E+000 
                                      81                  1.0499999986693895E+000                  1.1460058860863732E-001                  4.1019045769513101E+000                  6.5193574758469666E+000                  1.7171027302914876E-048                  7.5779999637428264E-001                  2.4480254673302523E-005                  2.2997552337104368E-001                  2.1025988500795552E-003                  6.1630907196949991E-004                  5.7221218635412179E-003                  1.2718648985637719E-003                  2.4871053158459647E-003                  8.2341055965040125E-026                  0.0000000000000000E+000                  0.0000000000000000E+000 
                                      82                  1.0499999985873583E+000                  1.1458473503690723E-001                  4.1051554955572120E+000                  6.5015076557172611E+000                  1.7892753059615000E-048                  7.5779999637428264E-001                  2.4480254673302523E-005                  2.2997552337104368E-001                  2.1025988500795552E-003                  6.1630907196949991E-004                  5.7221218635412179E-003                  1.2718648985637719E-003                  2.4871053158459647E-003                  8.5804383408813356E-026                  0.0000000000000000E+000                  0.0000000000000000E+000 
                                      83                  1.0499999985053272E+000                  1.1456951930539117E-001                  4.1082111651465505E+000                  6.4845061182497954E+000                  1.8608379459692919E-048                  7.5779999637428264E-001                  2.4480254673302523E-005                  2.2997552337104368E-001                  2.1025988500795552E-003                  6.1630907196949991E-004                  5.7221218635412179E-003                  1.2718648985637719E-003                  2.4871053158459647E-003                  8.9238583690573485E-026                  0.0000000000000000E+000                  0.0000000000000000E+000 
                                      84                  1.0499999984232959E+000                  1.1455488722013679E-001                  4.1103750803027310E+000                  6.1712052156266379E+000                  9.5713061821592155E-049                  7.5779999637428264E-001                  2.4480254673302523E-005                  2.2997552337104368E-001                  2.1025988500795552E-003                  6.1630907196949991E-004                  5.7221218635412179E-003                  1.2718648985637719E-003                  2.4871053158459647E-003                  9.1802389910175052E-026                  0.0000000000000000E+000                  0.0000000000000000E+000 
                                      85                  1.0499999983822803E+000                  1.1454777481982138E-001                  4.1117769044560850E+000                  6.1632719313964133E+000                  9.7480688934724484E-049                  7.5779999637428264E-001                  2.4480254673302523E-005                  2.2997552337104368E-001                  2.1025988500795552E-003                  6.1630907196949991E-004                  5.7221218635412179E-003                  1.2718648985637719E-003                  2.4871053158459647E-003                  9.3499015149656648E-026                  0.0000000000000000E+000                  0.0000000000000000E+000 
                                      86                  1.0499999983412647E+000                  1.1454079104936624E-001                  4.1138218867090561E+000                  6.4527494813361175E+000                  2.0022652777475546E-048                  7.5779999637428264E-001                  2.4480254673302523E-005                  2.2997552337104368E-001                  2.1025988500795552E-003                  6.1630907196949991E-004                  5.7221218635412179E-003                  1.2718648985637719E-003                  2.4871053158459647E-003                  9.6025906104673802E-026                  0.0000000000000000E+000                  0.0000000000000000E+000 
                                      87                  1.0499999982592334E+000                  1.1452718983145110E-001                  4.1164125120110828E+000                  6.4378714961982357E+000                  2.0721746002618679E-048                  7.5779999637428264E-001                  2.4480254673302523E-005                  2.2997552337104368E-001                  2.1025988500795552E-003                  6.1630907196949991E-004                  5.7221218635412179E-003                  1.2718648985637719E-003                  2.4871053158459647E-003                  9.9381159034896820E-026                  0.0000000000000000E+000                  0.0000000000000000E+000 
                                      88                  1.0499999981772021E+000                  1.1451404626618358E-001                  4.1182633285560559E+000                  6.1260541793336358E+000                  1.0621924887459967E-048                  7.5779999637428264E-001                  2.4480254673302523E-005                  2.2997552337104368E-001                  2.1025988500795552E-003                  6.1630907196949991E-004                  5.7221218635412179E-003                  1.2718648985637719E-003                  2.4871053158459647E-003                  1.0188704413954269E-025                  0.0000000000000000E+000                  0.0000000000000000E+000 
                                      89                  1.0499999981361865E+000                  1.1450763556334097E-001                  4.1200682077796369E+000                  6.4166558636733884E+000                  2.1761080771947737E-048                  7.5779999637428264E-001                  2.4480254673302523E-005                  2.2997552337104368E-001                  2.1025988500795552E-003                  6.1630907196949991E-004                  5.7221218635412179E-003                  1.2718648985637719E-003                  2.4871053158459647E-003                  1.0436960980624318E-025                  0.0000000000000000E+000                  0.0000000000000000E+000 
                                      90                  1.0499999980541554E+000                  1.1449511808655165E-001                  4.1217946778778591E+000                  6.1054542686405462E+000                  1.1138858742439583E-048                  7.5779999637428264E-001                  2.4480254673302523E-005                  2.2997552337104368E-001                  2.1025988500795552E-003                  6.1630907196949991E-004                  5.7221218635412179E-003                  1.2718648985637719E-003                  2.4871053158459647E-003                  1.0684938971858369E-025                  0.0000000000000000E+000                  0.0000000000000000E+000 
                                      91                  1.0499999980131396E+000                  1.1448900409948790E-001                  4.1234812199067283E+000                  6.3966319289869986E+000                  2.2789830496081676E-048                  7.5779999637428264E-001                  2.4480254673302523E-005                  2.2997552337104368E-001                  2.1025988500795552E-003                  6.1630907196949991E-004                  5.7221218635412179E-003                  1.2718648985637719E-003                  2.4871053158459647E-003                  1.0930752149362071E-025                  0.0000000000000000E+000                  0.0000000000000000E+000 
                                      92                  1.0499999979311085E+000                  1.1447705015568603E-001                  4.1256373346286894E+000                  6.3838817395315823E+000                  2.3470094971410303E-048                  7.5779999637428264E-001                  2.4480254673302523E-005                  2.2997552337104368E-001                  2.1025988500795552E-003                  6.1630907196949991E-004                  5.7221218635412179E-003                  1.2718648985637719E-003                  2.4871053158459647E-003                  1.1257287554398693E-025                  0.0000000000000000E+000                  0.0000000000000000E+000 
                                      93                  1.0499999978490773E+000                  1.1446544174400565E-001                  4.1277071002000500E+000                  6.3715719692675625E+000                  2.4146128631713843E-048                  7.5779999637428264E-001                  2.4480254673302523E-005                  2.2997552337104368E-001                  2.1025988500795552E-003                  6.1630907196949991E-004                  5.7221218635412179E-003                  1.2718648985637719E-003                  2.4871053158459647E-003                  1.1581803128449211E-025                  0.0000000000000000E+000                  0.0000000000000000E+000 
                                      94                  1.0499999977670462E+000                  1.1445415744779959E-001                  4.1296973235801904E+000                  6.3596732994774312E+000                  2.4818095054627775E-048                  7.5779999637428264E-001                  2.4480254673302523E-005                  2.2997552337104368E-001                  2.1025988500795552E-003                  6.1630907196949991E-004                  5.7221218635412179E-003                  1.2718648985637719E-003                  2.4871053158459647E-003                  1.1904377036541233E-025                  0.0000000000000000E+000                  0.0000000000000000E+000 
                                      95                  1.0499999976850150E+000                  1.1444317783715023E-001                  4.1316140375525459E+000                  6.3481592595217080E+000                  2.5486145363476524E-048                  7.5779999637428264E-001                  2.4480254673302523E-005                  2.2997552337104368E-001                  2.1025988500795552E-003                  6.1630907196949991E-004                  5.7221218635412179E-003                  1.2718648985637719E-003                  2.4871053158459647E-003                  1.2225081488257943E-025                  0.0000000000000000E+000                  0.0000000000000000E+000 
                                      96                  1.0499999976029837E+000                  1.1443248522692434E-001                  4.1334626134595638E+000                  6.3370058678068739E+000                  2.6150419606998668E-048                  7.5779999637428264E-001                  2.4480254673302523E-005                  2.2997552337104368E-001                  2.1025988500795552E-003                  6.1630907196949991E-004                  5.7221218635412179E-003                  1.2718648985637719E-003                  2.4871053158459647E-003                  1.2543983397806935E-025                  0.0000000000000000E+000                  0.0000000000000000E+000 
                                      97                  1.0499999975209526E+000                  1.1442206347091503E-001                  4.1352478542063098E+000                  6.3261913271158825E+000                  2.6811047988947140E-048                  7.5779999637428264E-001                  2.4480254673302523E-005                  2.2997552337104368E-001                  2.1025988500795552E-003                  6.1630907196949991E-004                  5.7221218635412179E-003                  1.2718648985637719E-003                  2.4871053158459647E-003                  1.2861144972315703E-025                  0.0000000000000000E+000                  0.0000000000000000E+000 
                                      98                  1.0499999974389214E+000                  1.1441189778577104E-001                  4.1369740715235990E+000                  6.3156957662430742E+000                  2.7468151857083112E-048                  7.5779999637428264E-001                  2.4480254673302523E-005                  2.2997552337104368E-001                  2.1025988500795552E-003                  6.1630907196949991E-004                  5.7221218635412179E-003                  1.2718648985637719E-003                  2.4871053158459647E-003                  1.3176624184870811E-025                  0.0000000000000000E+000                  0.0000000000000000E+000 
                                      99                  1.0499999973568901E+000                  1.1440197459963064E-001                  4.1394782864538211E+000                  6.6015816035377890E+000                  5.6889574262215516E-048                  7.5779999637428264E-001                  2.4480254673302523E-005                  2.2997552337104368E-001                  2.1025988500795552E-003                  6.1630907196949991E-004                  5.7221218635412179E-003                  1.2718648985637719E-003                  2.4871053158459647E-003                  1.3645529865221308E-025                  0.0000000000000000E+000                  0.0000000000000000E+000 
                                     100                  1.0499999971928275E+000                  1.1438280771537357E-001                  4.1426203235898997E+000                  6.5822930029451481E+000                  5.9478332740100604E-048                  7.5779999637428264E-001                  2.4480254673302523E-005                  2.2997552337104368E-001                  2.1025988500795552E-003                  6.1630907196949991E-004                  5.7221218635412179E-003                  1.2718648985637719E-003                  2.4871053158459647E-003                  1.4267023917531263E-025                  0.0000000000000000E+000                  0.0000000000000000E+000 
                                     101                  1.0499999970287650E+000                  1.1436447268344163E-001                  4.1448460964143754E+000                  6.2674218435683153E+000                  3.0704156409011804E-048                  7.5779999637428264E-001                  2.4480254673302523E-005                  2.2997552337104368E-001                  2.1025988500795552E-003                  6.1630907196949991E-004                  5.7221218635412179E-003                  1.2718648985637719E-003                  2.4871053158459647E-003                  1.4730385572171582E-025                  0.0000000000000000E+000                  0.0000000000000000E+000 
                                     102                  1.0499999969467340E+000                  1.1435559245539063E-001                  4.1462882069203078E+000                  6.2585058800497713E+000                  3.1342289186754052E-048                  7.5779999637428264E-001                  2.4480254673302523E-005                  2.2997552337104368E-001                  2.1025988500795552E-003                  6.1630907196949991E-004                  5.7221218635412179E-003                  1.2718648985637719E-003                  2.4871053158459647E-003                  1.5036810115308048E-025                  0.0000000000000000E+000                  0.0000000000000000E+000 
                                     103                  1.0499999968647027E+000                  1.1434689250160771E-001                  4.1483923029617644E+000                  6.5465964992879817E+000                  6.4584109368499278E-048                  7.5779999637428264E-001                  2.4480254673302523E-005                  2.2997552337104368E-001                  2.1025988500795552E-003                  6.1630907196949991E-004                  5.7221218635412179E-003                  1.2718648985637719E-003                  2.4871053158459647E-003                  1.5492892988940152E-025                  0.0000000000000000E+000                  0.0000000000000000E+000 
                                     104                  1.0499999967006401E+000                  1.1433000286290004E-001                  4.1510589800566864E+000                  6.5300102747186104E+000                  6.7103480491771848E-048                  7.5779999637428264E-001                  2.4480254673302523E-005                  2.2997552337104368E-001                  2.1025988500795552E-003                  6.1630907196949991E-004                  5.7221218635412179E-003                  1.2718648985637719E-003                  2.4871053158459647E-003                  1.6097829677354381E-025                  0.0000000000000000E+000                  0.0000000000000000E+000 
                                     105                  1.0499999965365776E+000                  1.1431374547723193E-001                  4.1535985475699384E+000                  6.5141645871558698E+000                  6.9602151900625206E-048                  7.5779999637428264E-001                  2.4480254673302523E-005                  2.2997552337104368E-001                  2.1025988500795552E-003                  6.1630907196949991E-004                  5.7221218635412179E-003                  1.2718648985637719E-003                  2.4871053158459647E-003                  1.6697827509971030E-025                  0.0000000000000000E+000                  0.0000000000000000E+000 
                                     106                  1.0499999963725151E+000                  1.1429806999221220E-001                  4.1560229737795726E+000                  6.4989964262980093E+000                  7.2081139126501187E-048                  7.5779999637428264E-001                  2.4480254673302523E-005                  2.2997552337104368E-001                  2.1025988500795552E-003                  6.1630907196949991E-004                  5.7221218635412179E-003                  1.2718648985637719E-003                  2.4871053158459647E-003                  1.7293129017687988E-025                  0.0000000000000000E+000                  0.0000000000000000E+000 
                                     107                  1.0499999962084527E+000                  1.1428293200154258E-001                  4.1583426058955899E+000                  6.4844505187810979E+000                  7.4541362492469077E-048                  7.5779999637428264E-001                  2.4480254673302523E-005                  2.2997552337104368E-001                  2.1025988500795552E-003                  6.1630907196949991E-004                  5.7221218635412179E-003                  1.2718648985637719E-003                  2.4871053158459647E-003                  1.7883953977816459E-025                  0.0000000000000000E+000                  0.0000000000000000E+000 
                                     108                  1.0499999960443902E+000                  1.1426829213173235E-001                  4.1605664500312871E+000                  6.4704781100696618E+000                  7.6983659549294900E-048                  7.5779999637428264E-001                  2.4480254673302523E-005                  2.2997552337104368E-001                  2.1025988500795552E-003                  6.1630907196949991E-004                  5.7221218635412179E-003                  1.2718648985637719E-003                  2.4871053158459647E-003                  1.8470502387123586E-025                  0.0000000000000000E+000                  0.0000000000000000E+000 
                                     109                  1.0499999958803277E+000                  1.1425411529903325E-001                  4.1627023934622951E+000                  6.4570359311280399E+000                  7.9408803639601183E-048                  7.5779999637428264E-001                  2.4480254673302523E-005                  2.2997552337104368E-001                  2.1025988500795552E-003                  6.1630907196949991E-004                  5.7221218635412179E-003                  1.2718648985637719E-003                  2.4871053158459647E-003                  1.9052958908897765E-025                  0.0000000000000000E+000                  0.0000000000000000E+000 
                                     110                  1.0499999957162651E+000                  1.1424037010115656E-001                  4.1647573830644165E+000                  6.4440853614916085E+000                  8.1817519712464047E-048                  7.5779999637428264E-001                  2.4480254673302523E-005                  2.2997552337104368E-001                  2.1025988500795552E-003                  6.1630907196949991E-004                  5.7221218635412179E-003                  1.2718648985637719E-003                  2.4871053158459647E-003                  1.9631496661914992E-025                  0.0000000000000000E+000                  0.0000000000000000E+000 
                                     111                  1.0499999955522026E+000                  1.1422702831516128E-001                  4.1667375695009401E+000                  6.4315918493487576E+000                  8.4210477027197456E-048                  7.5779999637428264E-001                  2.4480254673302523E-005                  2.2997552337104368E-001                  2.1025988500795552E-003                  6.1630907196949991E-004                  5.7221218635412179E-003                  1.2718648985637719E-003                  2.4871053158459647E-003                  2.0206275460058344E-025                  0.0000000000000000E+000                  0.0000000000000000E+000 
                                     112                  1.0499999953881400E+000                  1.1421406447669682E-001                  4.1696007106440982E+000                  6.7147228417915450E+000                  1.7552257105381805E-047                  7.5779999637428264E-001                  2.4480254673302523E-005                  2.2997552337104368E-001                  2.1025988500795552E-003                  6.1630907196949991E-004                  5.7221218635412179E-003                  1.2718648985637719E-003                  2.4871053158459647E-003                  2.1059212566017550E-025                  0.0000000000000000E+000                  0.0000000000000000E+000 
                                     113                  1.0499999950600152E+000                  1.1418918257750922E-001                  4.1722830103983881E+000                  6.3965626614731743E+000                  9.1299837233545006E-048                  7.5779999637428264E-001                  2.4480254673302523E-005                  2.2997552337104368E-001                  2.1025988500795552E-003                  6.1630907196949991E-004                  5.7221218635412179E-003                  1.2718648985637719E-003                  2.4871053158459647E-003                  2.1909260403220631E-025                  0.0000000000000000E+000                  0.0000000000000000E+000 
                                     114                  1.0499999948959524E+000                  1.1417722228594242E-001                  4.1740132637008278E+000                  6.3856158317526672E+000                  9.3635483275396239E-048                  7.5779999637428264E-001                  2.4480254673302523E-005                  2.2997552337104368E-001                  2.1025988500795552E-003                  6.1630907196949991E-004                  5.7221218635412179E-003                  1.2718648985637719E-003                  2.4871053158459647E-003                  2.2470369991008480E-025                  0.0000000000000000E+000                  0.0000000000000000E+000 
                                     115                  1.0499999947318901E+000                  1.1416555938065376E-001                  4.1756909834575549E+000                  6.3749979227937228E+000                  9.5958049056207867E-048                  7.5779999637428264E-001                  2.4480254673302523E-005                  2.2997552337104368E-001                  2.1025988500795552E-003                  6.1630907196949991E-004                  5.7221218635412179E-003                  1.2718648985637719E-003                  2.4871053158459647E-003                  2.3028360134640531E-025                  0.0000000000000000E+000                  0.0000000000000000E+000 
                                     116                  1.0499999945678276E+000                  1.1415417785813210E-001                  4.1781313376398925E+000                  6.6607133551819606E+000                  1.9881965920628310E-047                  7.5779999637428264E-001                  2.4480254673302523E-005                  2.2997552337104368E-001                  2.1025988500795552E-003                  6.1630907196949991E-004                  5.7221218635412179E-003                  1.2718648985637719E-003                  2.4871053158459647E-003                  2.3857682700480871E-025                  0.0000000000000000E+000                  0.0000000000000000E+000 
                                     117                  1.0499999942397025E+000                  1.1413220267652717E-001                  4.1812081764108440E+000                  6.6412296185117095E+000                  2.0796298814056965E-047                  7.5779999637428264E-001                  2.4480254673302523E-005                  2.2997552337104368E-001                  2.1025988500795552E-003                  6.1630907196949991E-004                  5.7221218635412179E-003                  1.2718648985637719E-003                  2.4871053158459647E-003                  2.4956143120230644E-025                  0.0000000000000000E+000                  0.0000000000000000E+000 
                                     118                  1.0499999939115774E+000                  1.1411119053923459E-001                  4.1841247074185048E+000                  6.6227659277294446E+000                  2.1701556834268669E-047                  7.5779999637428264E-001                  2.4480254673302523E-005                  2.2997552337104368E-001                  2.1025988500795552E-003                  6.1630907196949991E-004                  5.7221218635412179E-003                  1.2718648985637719E-003                  2.4871053158459647E-003                  2.6043783941475578E-025                  0.0000000000000000E+000                  0.0000000000000000E+000 
                                     119                  1.0499999935834525E+000                  1.1409105203946658E-001                  4.1868975551495513E+000                  6.6052213401181641E+000                  2.2598257793242605E-047                  7.5779999637428264E-001                  2.4480254673302523E-005                  2.2997552337104368E-001                  2.1025988500795552E-003                  6.1630907196949991E-004                  5.7221218635412179E-003                  1.2718648985637719E-003                  2.4871053158459647E-003                  2.7121223162026637E-025                  0.0000000000000000E+000                  0.0000000000000000E+000 
                                     120                  1.0499999932553274E+000                  1.1407170999991575E-001                  4.1895408673126751E+000                  6.5885091821448478E+000                  2.3486866077640032E-047                  7.5779999637428264E-001                  2.4480254673302523E-005                  2.2997552337104368E-001                  2.1025988500795552E-003                  6.1630907196949991E-004                  5.7221218635412179E-003                  1.2718648985637719E-003                  2.4871053158459647E-003                  2.8189014985102274E-025                  0.0000000000000000E+000                  0.0000000000000000E+000 
                                     121                  1.0499999929272024E+000                  1.1405309731238863E-001                  4.1914366789321535E+000                  6.2754240680720734E+000                  1.2074741971142217E-047                  7.5779999637428264E-001                  2.4480254673302523E-005                  2.2997552337104368E-001                  2.1025988500795552E-003                  6.1630907196949991E-004                  5.7221218635412179E-003                  1.2718648985637719E-003                  2.4871053158459647E-003                  2.8985295157084811E-025                  0.0000000000000000E+000                  0.0000000000000000E+000 
                                     122                  1.0499999927631398E+000                  1.1404404545288312E-001                  4.1932887923765669E+000                  6.5648398199091558E+000                  2.4805545186153150E-047                  7.5779999637428264E-001                  2.4480254673302523E-005                  2.2997552337104368E-001                  2.1025988500795552E-003                  6.1630907196949991E-004                  5.7221218635412179E-003                  1.2718648985637719E-003                  2.4871053158459647E-003                  2.9773736416993599E-025                  0.0000000000000000E+000                  0.0000000000000000E+000 
                                     123                  1.0499999924350147E+000                  1.1402641891999529E-001                  4.1950668047087305E+000                  6.2525279888712184E+000                  1.2729953889283924E-047                  7.5779999637428264E-001                  2.4480254673302523E-005                  2.2997552337104368E-001                  2.1025988500795552E-003                  6.1630907196949991E-004                  5.7221218635412179E-003                  1.2718648985637719E-003                  2.4871053158459647E-003                  3.0560175676990344E-025                  0.0000000000000000E+000                  0.0000000000000000E+000 
                                     124                  1.0499999922709522E+000                  1.1401783139188565E-001                  4.1968065822689615E+000                  6.5426633057929973E+000                  2.6108194676949112E-047                  7.5779999637428264E-001                  2.4480254673302523E-005                  2.2997552337104368E-001                  2.1025988500795552E-003                  6.1630907196949991E-004                  5.7221218635412179E-003                  1.2718648985637719E-003                  2.4871053158459647E-003                  3.1339351224896511E-025                  0.0000000000000000E+000                  0.0000000000000000E+000 
                                     125                  1.0499999919428273E+000                  1.1400108133997383E-001                  4.1990380839383876E+000                  6.5286204080987265E+000                  2.6968246420601934E-047                  7.5779999637428264E-001                  2.4480254673302523E-005                  2.2997552337104368E-001                  2.1025988500795552E-003                  6.1630907196949991E-004                  5.7221218635412179E-003                  1.2718648985637719E-003                  2.4871053158459647E-003                  3.2373104796211472E-025                  0.0000000000000000E+000                  0.0000000000000000E+000 
                                     126                  1.0499999916147023E+000                  1.1398486362200853E-001                  4.2011868799095273E+000                  6.5151175169097568E+000                  2.7821948257813175E-047                  7.5779999637428264E-001                  2.4480254673302523E-005                  2.2997552337104368E-001                  2.1025988500795552E-003                  6.1630907196949991E-004                  5.7221218635412179E-003                  1.2718648985637719E-003                  2.4871053158459647E-003                  3.3399290443430362E-025                  0.0000000000000000E+000                  0.0000000000000000E+000 
                                     127                  1.0499999912865772E+000                  1.1396914180192130E-001                  4.2032592137412381E+000                  6.5021149427682863E+000                  2.8669564320339055E-047                  7.5779999637428264E-001                  2.4480254673302523E-005                  2.2997552337104368E-001                  2.1025988500795552E-003                  6.1630907196949991E-004                  5.7221218635412179E-003                  1.2718648985637719E-003                  2.4871053158459647E-003                  3.4418223266590096E-025                  0.0000000000000000E+000                  0.0000000000000000E+000 
                                     128                  1.0499999909584523E+000                  1.1395388316503223E-001                  4.2057595630246043E+000                  6.6626246305641423E+000                  4.4579096705201497E-047                  7.5779999637428264E-001                  2.4480254673302523E-005                  2.2997552337104368E-001                  2.1025988500795552E-003                  6.1630907196949991E-004                  5.7221218635412179E-003                  1.2718648985637719E-003                  2.4871053158459647E-003                  3.5680329861496741E-025                  0.0000000000000000E+000                  0.0000000000000000E+000 
                                     129                  1.0499999904662647E+000                  1.1393180087567288E-001                  4.2086159025199956E+000                  6.6447729641624456E+000                  4.6454330674935710E-047                  7.5779999637428264E-001                  2.4480254673302523E-005                  2.2997552337104368E-001                  2.1025988500795552E-003                  6.1630907196949991E-004                  5.7221218635412179E-003                  1.2718648985637719E-003                  2.4871053158459647E-003                  3.7183384004164627E-025                  0.0000000000000000E+000                  0.0000000000000000E+000 
                                     130                  1.0499999899740771E+000                  1.1391060682012678E-001                  4.2108877631971460E+000                  6.4544526682357439E+000                  3.2003601469048661E-047                  7.5779999637428264E-001                  2.4480254673302523E-005                  2.2997552337104368E-001                  2.1025988500795552E-003                  6.1630907196949991E-004                  5.7221218635412179E-003                  1.2718648985637719E-003                  2.4871053158459647E-003                  3.8426709727138218E-025                  0.0000000000000000E+000                  0.0000000000000000E+000 
                                     131                  1.0499999896459522E+000                  1.1389693232796660E-001                  4.2126504590045331E+000                  6.4434855116996026E+000                  3.2824114468153150E-047                  7.5779999637428264E-001                  2.4480254673302523E-005                  2.2997552337104368E-001                  2.1025988500795552E-003                  6.1630907196949991E-004                  5.7221218635412179E-003                  1.2718648985637719E-003                  2.4871053158459647E-003                  3.9413345611370458E-025                  0.0000000000000000E+000                  0.0000000000000000E+000 
                                     132                  1.0499999893178271E+000                  1.1388359841689767E-001                  4.2143626086417978E+000                  6.4328518261080605E+000                  3.3639772481328078E-047                  7.5779999637428264E-001                  2.4480254673302523E-005                  2.2997552337104368E-001                  2.1025988500795552E-003                  6.1630907196949991E-004                  5.7221218635412179E-003                  1.2718648985637719E-003                  2.4871053158459647E-003                  4.0394196783400890E-025                  0.0000000000000000E+000                  0.0000000000000000E+000 
                                     133                  1.0499999889897020E+000                  1.1387058662701707E-001                  4.2168571276521067E+000                  6.7185492028893270E+000                  6.9703373539074133E-047                  7.5779999637428264E-001                  2.4480254673302523E-005                  2.2997552337104368E-001                  2.1025988500795552E-003                  6.1630907196949991E-004                  5.7221218635412179E-003                  1.2718648985637719E-003                  2.4871053158459647E-003                  4.1851653611279283E-025                  0.0000000000000000E+000                  0.0000000000000000E+000 
                                     134                  1.0499999883334519E+000                  1.1384546466902165E-001                  4.2201815775565876E+000                  6.7425217485915487E+000                  8.0963025647436528E-047                  7.5779999637428264E-001                  2.4480254673302523E-005                  2.2997552337104368E-001                  2.1025988500795552E-003                  6.1630907196949991E-004                  5.7221218635412179E-003                  1.2718648985637719E-003                  2.4871053158459647E-003                  4.3883362560457397E-025                  0.0000000000000000E+000                  0.0000000000000000E+000 
                                     135                  1.0499999876064323E+000                  1.1381891544290142E-001                  4.2234866232126356E+000                  6.7221842598398931E+000                  8.4854739376299148E-047                  7.5779999637428264E-001                  2.4480254673302523E-005                  2.2997552337104368E-001                  2.1025988500795552E-003                  6.1630907196949991E-004                  5.7221218635412179E-003                  1.2718648985637719E-003                  2.4871053158459647E-003                  4.5996098443508738E-025                  0.0000000000000000E+000                  0.0000000000000000E+000 
                                     136                  1.0499999868794125E+000                  1.1379357931047433E-001                  4.2266223695323326E+000                  6.7029686012278455E+000                  8.8703619149917834E-047                  7.5779999637428264E-001                  2.4480254673302523E-005                  2.2997552337104368E-001                  2.1025988500795552E-003                  6.1630907196949991E-004                  5.7221218635412179E-003                  1.2718648985637719E-003                  2.4871053158459647E-003                  4.8085804489083795E-025                  0.0000000000000000E+000                  0.0000000000000000E+000 
                                     137                  1.0499999861523925E+000                  1.1376933837082856E-001                  4.2288623013988245E+000                  6.3881652875670287E+000                  4.5784728774969612E-047                  7.5779999637428264E-001                  2.4480254673302523E-005                  2.2997552337104368E-001                  2.1025988500795552E-003                  6.1630907196949991E-004                  5.7221218635412179E-003                  1.2718648985637719E-003                  2.4871053158459647E-003                  4.9641920905934858E-025                  0.0000000000000000E+000                  0.0000000000000000E+000 
                                     138                  1.0499999857888829E+000                  1.1375759577458414E-001                  4.2303192467337425E+000                  6.3792945667585208E+000                  4.6732026546401694E-047                  7.5779999637428264E-001                  2.4480254673302523E-005                  2.2997552337104368E-001                  2.1025988500795552E-003                  6.1630907196949991E-004                  5.7221218635412179E-003                  1.2718648985637719E-003                  2.4871053158459647E-003                  5.0670729235682816E-025                  0.0000000000000000E+000                  0.0000000000000000E+000 
                                     139                  1.0499999854253730E+000                  1.1374609028690572E-001                  4.2324529275486906E+000                  6.6674533288122131E+000                  9.6283016729069739E-047                  7.5779999637428264E-001                  2.4480254673302523E-005                  2.2997552337104368E-001                  2.1025988500795552E-003                  6.1630907196949991E-004                  5.7221218635412179E-003                  1.2718648985637719E-003                  2.4871053158459647E-003                  5.2201585301771685E-025                  0.0000000000000000E+000                  0.0000000000000000E+000 
                                     140                  1.0499999846983532E+000                  1.1372375041305741E-001                  4.2344969950982367E+000                  6.3539666909050210E+000                  4.9546106329901235E-047                  7.5779999637428264E-001                  2.4480254673302523E-005                  2.2997552337104368E-001                  2.1025988500795552E-003                  6.1630907196949991E-004                  5.7221218635412179E-003                  1.2718648985637719E-003                  2.4871053158459647E-003                  5.3727248384109325E-025                  0.0000000000000000E+000                  0.0000000000000000E+000 
                                     141                  1.0499999843348433E+000                  1.1371289589174534E-001                  4.2364946321409960E+000                  6.6430139277964386E+000                  1.0187186526367740E-046                  7.5779999637428264E-001                  2.4480254673302523E-005                  2.2997552337104368E-001                  2.1025988500795552E-003                  6.1630907196949991E-004                  5.7221218635412179E-003                  1.2718648985637719E-003                  2.4871053158459647E-003                  5.5236974511522592E-025                  0.0000000000000000E+000                  0.0000000000000000E+000 
                                     142                  1.0499999836078235E+000                  1.1369177686504210E-001                  4.2390523082366087E+000                  6.6276284613509242E+000                  1.0555558779844959E-046                  7.5779999637428264E-001                  2.4480254673302523E-005                  2.2997552337104368E-001                  2.1025988500795552E-003                  6.1630907196949991E-004                  5.7221218635412179E-003                  1.2718648985637719E-003                  2.4871053158459647E-003                  5.7237895330437572E-025                  0.0000000000000000E+000                  0.0000000000000000E+000 
                                     143                  1.0499999828808038E+000                  1.1367139193690132E-001                  4.2408976977316923E+000                  6.3154740222044179E+000                  5.4150939571614218E-047                  7.5779999637428264E-001                  2.4480254673302523E-005                  2.2997552337104368E-001                  2.1025988500795552E-003                  6.1630907196949991E-004                  5.7221218635412179E-003                  1.2718648985637719E-003                  2.4871053158459647E-003                  5.8729742155266603E-025                  0.0000000000000000E+000                  0.0000000000000000E+000 
                                     144                  1.0499999825172939E+000                  1.1366145689036471E-001                  4.2427057144948561E+000                  6.6057597005030448E+000                  1.1102214903238386E-046                  7.5779999637428264E-001                  2.4480254673302523E-005                  2.2997552337104368E-001                  2.1025988500795552E-003                  6.1630907196949991E-004                  5.7221218635412179E-003                  1.2718648985637719E-003                  2.4871053158459647E-003                  6.0207552284522701E-025                  0.0000000000000000E+000                  0.0000000000000000E+000 
                                     145                  1.0499999817902741E+000                  1.1364207169223620E-001                  4.2450307126254225E+000                  6.5919127849157144E+000                  1.1462905394972599E-046                  7.5779999637428264E-001                  2.4480254673302523E-005                  2.2997552337104368E-001                  2.1025988500795552E-003                  6.1630907196949991E-004                  5.7221218635412179E-003                  1.2718648985637719E-003                  2.4871053158459647E-003                  6.2167183991919942E-025                  0.0000000000000000E+000                  0.0000000000000000E+000 
                                     146                  1.0499999810632543E+000                  1.1362329399164539E-001                  4.2472749134492247E+000                  6.5785993746122804E+000                  1.1820752048164555E-046                  7.5779999637428264E-001                  2.4480254673302523E-005                  2.2997552337104368E-001                  2.1025988500795552E-003                  6.1630907196949991E-004                  5.7221218635412179E-003                  1.2718648985637719E-003                  2.4871053158459647E-003                  6.4111531014096605E-025                  0.0000000000000000E+000                  0.0000000000000000E+000 
                                     147                  1.0499999803362345E+000                  1.1360508241716487E-001                  4.2505247663460741E+000                  6.8606273183300637E+000                  2.4701892773182463E-046                  7.5779999637428264E-001                  2.4480254673302523E-005                  2.2997552337104368E-001                  2.1025988500795552E-003                  6.1630907196949991E-004                  5.7221218635412179E-003                  1.2718648985637719E-003                  2.4871053158459647E-003                  6.6992621368929934E-025                  0.0000000000000000E+000                  0.0000000000000000E+000 
                                     148                  1.0499999788821950E+000                  1.1357021642913406E-001                  4.2535801568531530E+000                  6.5414934918861132E+000                  1.2878214553805852E-046                  7.5779999637428264E-001                  2.4480254673302523E-005                  2.2997552337104368E-001                  2.1025988500795552E-003                  6.1630907196949991E-004                  5.7221218635412179E-003                  1.2718648985637719E-003                  2.4871053158459647E-003                  6.9858157220216402E-025                  0.0000000000000000E+000                  0.0000000000000000E+000 
                                     149                  1.0499999781551752E+000                  1.1355349420868337E-001                  4.2555538886511535E+000                  6.5299614746004204E+000                  1.3225761304879336E-046                  7.5779999637428264E-001                  2.4480254673302523E-005                  2.2997552337104368E-001                  2.1025988500795552E-003                  6.1630907196949991E-004                  5.7221218635412179E-003                  1.2718648985637719E-003                  2.4871053158459647E-003                  7.1747149319083003E-025                  0.0000000000000000E+000                  0.0000000000000000E+000 
                                     150                  1.0499999774281552E+000                  1.1353720955861718E-001                  4.2574706485926921E+000                  6.5188034846066270E+000                  1.3570968024110271E-046                  7.5779999637428264E-001                  2.4480254673302523E-005                  2.2997552337104368E-001                  2.1025988500795552E-003                  6.1630907196949991E-004                  5.7221218635412179E-003                  1.2718648985637719E-003                  2.4871053158459647E-003                  7.3623566324518059E-025                  0.0000000000000000E+000                  0.0000000000000000E+000 
                                     151                  1.0499999767011354E+000                  1.1352133738084437E-001                  4.2602817407008349E+000                  6.8081448986770807E+000                  2.8465013993482284E-046                  7.5779999637428264E-001                  2.4480254673302523E-005                  2.2997552337104368E-001                  2.1025988500795552E-003                  6.1630907196949991E-004                  5.7221218635412179E-003                  1.2718648985637719E-003                  2.4871053158459647E-003                  7.6427957063269998E-025                  0.0000000000000000E+000                  0.0000000000000000E+000 
                                     152                  1.0499999752320610E+000                  1.1349043433254445E-001                  4.2638472780975363E+000                  6.7876067320874993E+000                  2.9847636640484988E-046                  7.5779999637428264E-001                  2.4480254673302523E-005                  2.2997552337104368E-001                  2.1025988500795552E-003                  6.1630907196949991E-004                  5.7221218635412179E-003                  1.2718648985637719E-003                  2.4871053158459647E-003                  8.0148038406297885E-025                  0.0000000000000000E+000                  0.0000000000000000E+000 
                                     153                  1.0499999737629866E+000                  1.1346095664952607E-001                  4.2663905247373801E+000                  6.4719122982431507E+000                  1.5437896321432792E-046                  7.5779999637428264E-001                  2.4480254673302523E-005                  2.2997552337104368E-001                  2.1025988500795552E-003                  6.1630907196949991E-004                  5.7221218635412179E-003                  1.2718648985637719E-003                  2.4871053158459647E-003                  8.2914737680382393E-025                  0.0000000000000000E+000                  0.0000000000000000E+000 
                                     154                  1.0499999730284491E+000                  1.1344670645559796E-001                  4.2688675506587099E+000                  6.7589370808777804E+000                  3.1890782505402234E-046                  7.5779999637428264E-001                  2.4480254673302523E-005                  2.2997552337104368E-001                  2.1025988500795552E-003                  6.1630907196949991E-004                  5.7221218635412179E-003                  1.2718648985637719E-003                  2.4871053158459647E-003                  8.5646290978686466E-025                  0.0000000000000000E+000                  0.0000000000000000E+000 
                                     155                  1.0499999715593749E+000                  1.1341910916282427E-001                  4.2720220590552591E+000                  6.7410784805783877E+000                  3.3233636124287428E-046                  7.5779999637428264E-001                  2.4480254673302523E-005                  2.2997552337104368E-001                  2.1025988500795552E-003                  6.1630907196949991E-004                  5.7221218635412179E-003                  1.2718648985637719E-003                  2.4871053158459647E-003                  8.9260619912972013E-025                  0.0000000000000000E+000                  0.0000000000000000E+000 
                                     156                  1.0499999700903002E+000                  1.1339262203161812E-001                  4.2742871865482135E+000                  6.4272190347325440E+000                  1.7116566871633889E-046                  7.5779999637428264E-001                  2.4480254673302523E-005                  2.2997552337104368E-001                  2.1025988500795552E-003                  6.1630907196949991E-004                  5.7221218635412179E-003                  1.2718648985637719E-003                  2.4871053158459647E-003                  9.1951104896418169E-025                  0.0000000000000000E+000                  0.0000000000000000E+000 
                                     157                  1.0499999693557629E+000                  1.1337976338829343E-001                  4.2765006925470654E+000                  6.7159285397483579E+000                  3.5221269449690671E-046                  7.5779999637428264E-001                  2.4480254673302523E-005                  2.2997552337104368E-001                  2.1025988500795552E-003                  6.1630907196949991E-004                  5.7221218635412179E-003                  1.2718648985637719E-003                  2.4871053158459647E-003                  9.4611260000639610E-025                  0.0000000000000000E+000                  0.0000000000000000E+000 
                                     158                  1.0499999678866883E+000                  1.1335476433376894E-001                  4.2786286252951662E+000                  6.4029674543576673E+000                  1.8102696054443277E-046                  7.5779999637428264E-001                  2.4480254673302523E-005                  2.2997552337104368E-001                  2.1025988500795552E-003                  6.1630907196949991E-004                  5.7221218635412179E-003                  1.2718648985637719E-003                  2.4871053158459647E-003                  9.7260859528295123E-025                  0.0000000000000000E+000                  0.0000000000000000E+000 
                                     159                  1.0499999671521512E+000                  1.1334260300361994E-001                  4.2807114536633089E+000                  6.6925084475946379E+000                  3.7179034497306639E-046                  7.5779999637428264E-001                  2.4480254673302523E-005                  2.2997552337104368E-001                  2.1025988500795552E-003                  6.1630907196949991E-004                  5.7221218635412179E-003                  1.2718648985637719E-003                  2.4871053158459647E-003                  9.9882482639146786E-025                  0.0000000000000000E+000                  0.0000000000000000E+000 
                                     160                  1.0499999656830765E+000                  1.1331891437077359E-001                  4.2840527174937559E+000                  6.8502733815321797E+000                  5.8179963803059692E-046                  7.5779999637428264E-001                  2.4480254673302523E-005                  2.2997552337104368E-001                  2.1025988500795552E-003                  6.1630907196949991E-004                  5.7221218635412179E-003                  1.2718648985637719E-003                  2.4871053158459647E-003                  1.0421163171464961E-024                  0.0000000000000000E+000                  0.0000000000000000E+000 
                                     161                  1.0499999634794648E+000                  1.1328484737720788E-001                  4.2872223230316253E+000                  6.6567431217441744E+000                  4.0381000469927592E-046                  7.5779999637428264E-001                  2.4480254673302523E-005                  2.2997552337104368E-001                  2.1025988500795552E-003                  6.1630907196949991E-004                  5.7221218635412179E-003                  1.2718648985637719E-003                  2.4871053158459647E-003                  1.0850572040196450E-024                  0.0000000000000000E+000                  0.0000000000000000E+000 
                                     162                  1.0499999620103901E+000                  1.1326302854554228E-001                  4.2896707691187590E+000                  6.6434300772513124E+000                  4.1642145691017321E-046                  7.5779999637428264E-001                  2.4480254673302523E-005                  2.2997552337104368E-001                  2.1025988500795552E-003                  6.1630907196949991E-004                  5.7221218635412179E-003                  1.2718648985637719E-003                  2.4871053158459647E-003                  1.1190279610278438E-024                  0.0000000000000000E+000                  0.0000000000000000E+000 
                                     163                  1.0499999605413157E+000                  1.1324186736282243E-001                  4.2920399705801735E+000                  6.6306212653634029E+000                  4.2892723163469037E-046                  7.5779999637428264E-001                  2.4480254673302523E-005                  2.2997552337104368E-001                  2.1025988500795552E-003                  6.1630907196949991E-004                  5.7221218635412179E-003                  1.2718648985637719E-003                  2.4871053158459647E-003                  1.1527177457639285E-024                  0.0000000000000000E+000                  0.0000000000000000E+000 
                                     164                  1.0499999590722411E+000                  1.1322132019446210E-001                  4.2949073867018308E+000                  6.7913756649348160E+000                  6.6659497878635039E-046                  7.5779999637428264E-001                  2.4480254673302523E-005                  2.2997552337104368E-001                  2.1025988500795552E-003                  6.1630907196949991E-004                  5.7221218635412179E-003                  1.2718648985637719E-003                  2.4871053158459647E-003                  1.1943964056741361E-024                  0.0000000000000000E+000                  0.0000000000000000E+000 
                                     165                  1.0499999568686293E+000                  1.1319156714192492E-001                  4.2981982171058384E+000                  6.7738246938232569E+000                  6.9417878778176439E-046                  7.5779999637428264E-001                  2.4480254673302523E-005                  2.2997552337104368E-001                  2.1025988500795552E-003                  6.1630907196949991E-004                  5.7221218635412179E-003                  1.2718648985637719E-003                  2.4871053158459647E-003                  1.2439487887025873E-024                  0.0000000000000000E+000                  0.0000000000000000E+000 
                                     166                  1.0499999546650176E+000                  1.1316299059673757E-001                  4.3008270442974528E+000                  6.5837592093292745E+000                  4.7797076155541087E-046                  7.5779999637428264E-001                  2.4480254673302523E-005                  2.2997552337104368E-001                  2.1025988500795552E-003                  6.1630907196949991E-004                  5.7221218635412179E-003                  1.2718648985637719E-003                  2.4871053158459647E-003                  1.2848723879922279E-024                  0.0000000000000000E+000                  0.0000000000000000E+000 
                                     167                  1.0499999531959430E+000                  1.1314454181252930E-001                  4.3039181063774397E+000                  6.8744165982100789E+000                  1.0054323148350502E-045                  7.5779999637428264E-001                  2.4480254673302523E-005                  2.2997552337104368E-001                  2.1025988500795552E-003                  6.1630907196949991E-004                  5.7221218635412179E-003                  1.2718648985637719E-003                  2.4871053158459647E-003                  1.3337573394800858E-024                  0.0000000000000000E+000                  0.0000000000000000E+000 
                                     168                  1.0499999502186537E+000                  1.1310851279838810E-001                  4.3078495836838941E+000                  6.8539283105341751E+000                  1.0541721239977076E-045                  7.5779999637428264E-001                  2.4480254673302523E-005                  2.2997552337104368E-001                  2.1025988500795552E-003                  6.1630907196949991E-004                  5.7221218635412179E-003                  1.2718648985637719E-003                  2.4871053158459647E-003                  1.3985909019508154E-024                  0.0000000000000000E+000                  0.0000000000000000E+000 
                                     169                  1.0499999472413646E+000                  1.1307414123461164E-001                  4.3106586050896425E+000                  6.5382856303962891E+000                  5.4518664281452920E-046                  7.5779999637428264E-001                  2.4480254673302523E-005                  2.2997552337104368E-001                  2.1025988500795552E-003                  6.1630907196949991E-004                  5.7221218635412179E-003                  1.2718648985637719E-003                  2.4871053158459647E-003                  1.4467534495281407E-024                  0.0000000000000000E+000                  0.0000000000000000E+000 
                                     170                  1.0499999457527198E+000                  1.1305752310636774E-001                  4.3124854734239033E+000                  6.5289059700844234E+000                  5.5713154501125183E-046                  7.5779999637428264E-001                  2.4480254673302523E-005                  2.2997552337104368E-001                  2.1025988500795552E-003                  6.1630907196949991E-004                  5.7221218635412179E-003                  1.2718648985637719E-003                  2.4871053158459647E-003                  1.4785403963712223E-024                  0.0000000000000000E+000                  0.0000000000000000E+000 
                                     171                  1.0499999442640753E+000                  1.1304125942389279E-001                  4.3151607240759056E+000                  6.8163688580698061E+000                  1.1497479509021962E-045                  7.5779999637428264E-001                  2.4480254673302523E-005                  2.2997552337104368E-001                  2.1025988500795552E-003                  6.1630907196949991E-004                  5.7221218635412179E-003                  1.2718648985637719E-003                  2.4871053158459647E-003                  1.5257605398409833E-024                  0.0000000000000000E+000                  0.0000000000000000E+000 
                                     172                  1.0499999412867860E+000                  1.1300973075244823E-001                  4.3185773199921504E+000                  6.7990653837816666E+000                  1.1966522082837204E-045                  7.5779999637428264E-001                  2.4480254673302523E-005                  2.2997552337104368E-001                  2.1025988500795552E-003                  6.1630907196949991E-004                  5.7221218635412179E-003                  1.2718648985637719E-003                  2.4871053158459647E-003                  1.5881860318781350E-024                  0.0000000000000000E+000                  0.0000000000000000E+000 
                                     173                  1.0499999383094967E+000                  1.1297943141649244E-001                  4.3218539966516012E+000                  6.7826174716401137E+000                  1.2430120345494060E-045                  7.5779999637428264E-001                  2.4480254673302523E-005                  2.2997552337104368E-001                  2.1025988500795552E-003                  6.1630907196949991E-004                  5.7221218635412179E-003                  1.2718648985637719E-003                  2.4871053158459647E-003                  1.6498972750467272E-024                  0.0000000000000000E+000                  0.0000000000000000E+000 
                                     174                  1.0499999353322074E+000                  1.1295025614300956E-001                  4.3242178934077407E+000                  6.4697456063535759E+000                  6.3874950867402326E-046                  7.5779999637428264E-001                  2.4480254673302523E-005                  2.2997552337104368E-001                  2.1025988500795552E-003                  6.1630907196949991E-004                  5.7221218635412179E-003                  1.2718648985637719E-003                  2.4871053158459647E-003                  1.6958106974543865E-024                  0.0000000000000000E+000                  0.0000000000000000E+000 
                                     175                  1.0499999338435626E+000                  1.1293606018336420E-001                  4.3265327971414020E+000                  6.7593790486528373E+000                  1.3115926719092335E-045                  7.5779999637428264E-001                  2.4480254673302523E-005                  2.2997552337104368E-001                  2.1025988500795552E-003                  6.1630907196949991E-004                  5.7221218635412179E-003                  1.2718648985637719E-003                  2.4871053158459647E-003                  1.7412058807822414E-024                  0.0000000000000000E+000                  0.0000000000000000E+000 
                                     176                  1.0499999308662735E+000                  1.1290840228825323E-001                  4.3295099965418409E+000                  6.7447464419224845E+000                  1.3567067615077565E-045                  7.5779999637428264E-001                  2.4480254673302523E-005                  2.2997552337104368E-001                  2.1025988500795552E-003                  6.1630907196949991E-004                  5.7221218635412179E-003                  1.2718648985637719E-003                  2.4871053158459647E-003                  1.8012827506233009E-024                  0.0000000000000000E+000                  0.0000000000000000E+000 
                                     177                  1.0499999278889842E+000                  1.1288165906689228E-001                  4.3330994010242296E+000                  6.9034392912658715E+000                  2.1185608539205534E-045                  7.5779999637428264E-001                  2.4480254673302523E-005                  2.2997552337104368E-001                  2.1025988500795552E-003                  6.1630907196949991E-004                  5.7221218635412179E-003                  1.2718648985637719E-003                  2.4871053158459647E-003                  1.8754253238937613E-024                  0.0000000000000000E+000                  0.0000000000000000E+000 
                                     178                  1.0499999234230502E+000                  1.1284311662634032E-001                  4.3365185949488714E+000                  6.7107757089740634E+000                  1.4675242459563046E-045                  7.5779999637428264E-001                  2.4480254673302523E-005                  2.2997552337104368E-001                  2.1025988500795552E-003                  6.1630907196949991E-004                  5.7221218635412179E-003                  1.2718648985637719E-003                  2.4871053158459647E-003                  1.9488930138211789E-024                  0.0000000000000000E+000                  0.0000000000000000E+000 
                                     179                  1.0499999204457611E+000                  1.1281838189101200E-001                  4.3391662855335289E+000                  6.6981110568976927E+000                  1.5111191083079491E-045                  7.5779999637428264E-001                  2.4480254673302523E-005                  2.2997552337104368E-001                  2.1025988500795552E-003                  6.1630907196949991E-004                  5.7221218635412179E-003                  1.2718648985637719E-003                  2.4871053158459647E-003                  2.0069765376290866E-024                  0.0000000000000000E+000                  0.0000000000000000E+000 
                                     180                  1.0499999174684718E+000                  1.1279435669190742E-001                  4.3417343146737473E+000                  6.6859166496727598E+000                  1.5543201996509974E-045                  7.5779999637428264E-001                  2.4480254673302523E-005                  2.2997552337104368E-001                  2.1025988500795552E-003                  6.1630907196949991E-004                  5.7221218635412179E-003                  1.2718648985637719E-003                  2.4871053158459647E-003                  2.0645433848762055E-024                  0.0000000000000000E+000                  0.0000000000000000E+000 
                                     181                  1.0499999144911822E+000                  1.1277099543090886E-001                  4.3442279192281577E+000                  6.6741595313529141E+000                  1.5971426571254813E-045                  7.5779999637428264E-001                  2.4480254673302523E-005                  2.2997552337104368E-001                  2.1025988500795552E-003                  6.1630907196949991E-004                  5.7221218635412179E-003                  1.2718648985637719E-003                  2.4871053158459647E-003                  2.1216134020655955E-024                  0.0000000000000000E+000                  0.0000000000000000E+000 
                                     182                  1.0499999115138932E+000                  1.1274825690991033E-001                  4.3478587456506679E+000                  6.9583496440348389E+000                  3.3210856492897576E-045                  7.5779999637428264E-001                  2.4480254673302523E-005                  2.2997552337104368E-001                  2.1025988500795552E-003                  6.1630907196949991E-004                  5.7221218635412179E-003                  1.2718648985637719E-003                  2.4871053158459647E-003                  2.2061214612269256E-024                  0.0000000000000000E+000                  0.0000000000000000E+000 
                                     183                  1.0499999055593146E+000                  1.1270450615306812E-001                  4.3524933584686831E+000                  6.9445945574168082E+000                  3.5516832624911515E-045                  7.5779999637428264E-001                  2.4480254673302523E-005                  2.2997552337104368E-001                  2.1025988500795552E-003                  6.1630907196949991E-004                  5.7221218635412179E-003                  1.2718648985637719E-003                  2.4871053158459647E-003                  2.3184669538015334E-024                  0.0000000000000000E+000                  0.0000000000000000E+000 
                                     184                  1.0499998994988280E+000                  1.1266211516352485E-001                  4.3558291867173464E+000                  6.6282179932548608E+000                  1.8399823396469992E-045                  7.5779999637428264E-001                  2.4480254673302523E-005                  2.2997552337104368E-001                  2.1025988500795552E-003                  6.1630907196949991E-004                  5.7221218635412179E-003                  1.2718648985637719E-003                  2.4871053158459647E-003                  2.4025052162571639E-024                  0.0000000000000000E+000                  0.0000000000000000E+000 
                                     185                  1.0499998964685848E+000                  1.1264165408997349E-001                  4.3579966297386816E+000                  6.6183960462587716E+000                  1.8822446314737032E-045                  7.5779999637428264E-001                  2.4480254673302523E-005                  2.2997552337104368E-001                  2.1025988500795552E-003                  6.1630907196949991E-004                  5.7221218635412179E-003                  1.2718648985637719E-003                  2.4871053158459647E-003                  2.4578864309849165E-024                  0.0000000000000000E+000                  0.0000000000000000E+000 
                                     186                  1.0499998934383414E+000                  1.1262164963597247E-001                  4.3611678617423539E+000                  6.9052574100187654E+000                  3.8898551159299551E-045                  7.5779999637428264E-001                  2.4480254673302523E-005                  2.2997552337104368E-001                  2.1025988500795552E-003                  6.1630907196949991E-004                  5.7221218635412179E-003                  1.2718648985637719E-003                  2.4871053158459647E-003                  2.5400393316452584E-024                  0.0000000000000000E+000                  0.0000000000000000E+000 
                                     187                  1.0499998873778549E+000                  1.1258292231706282E-001                  4.3642057980490216E+000                  6.5906005594289274E+000                  2.0071867427619426E-045                  7.5779999637428264E-001                  2.4480254673302523E-005                  2.2997552337104368E-001                  2.1025988500795552E-003                  6.1630907196949991E-004                  5.7221218635412179E-003                  1.2718648985637719E-003                  2.4871053158459647E-003                  2.6216510215914395E-024                  0.0000000000000000E+000                  0.0000000000000000E+000 
                                     188                  1.0499998843476115E+000                  1.1256415555583674E-001                  4.3671716191958669E+000                  6.8786034397348388E+000                  4.1371387236328094E-045                  7.5779999637428264E-001                  2.4480254673302523E-005                  2.2997552337104368E-001                  2.1025988500795552E-003                  6.1630907196949991E-004                  5.7221218635412179E-003                  1.2718648985637719E-003                  2.4871053158459647E-003                  2.7021272616140762E-024                  0.0000000000000000E+000                  0.0000000000000000E+000 
                                     189                  1.0499998782871249E+000                  1.1252772885782363E-001                  4.3709688286699304E+000                  6.8619845099460965E+000                  4.2992282430417340E-045                  7.5779999637428264E-001                  2.4480254673302523E-005                  2.2997552337104368E-001                  2.1025988500795552E-003                  6.1630907196949991E-004                  5.7221218635412179E-003                  1.2718648985637719E-003                  2.4871053158459647E-003                  2.8084020431688963E-024                  0.0000000000000000E+000                  0.0000000000000000E+000 
                                     190                  1.0499998722266384E+000                  1.1249266686311146E-001                  4.3746185241248208E+000                  6.8461822751474468E+000                  4.4592478425442189E-045                  7.5779999637428264E-001                  2.4480254673302523E-005                  2.2997552337104368E-001                  2.1025988500795552E-003                  6.1630907196949991E-004                  5.7221218635412179E-003                  1.2718648985637719E-003                  2.4871053158459647E-003                  2.9133419463006826E-024                  0.0000000000000000E+000                  0.0000000000000000E+000 
                                     191                  1.0499998661661518E+000                  1.1245885502180025E-001                  4.3781330869494655E+000                  6.8311217994502940E+000                  4.6173049696115944E-045                  7.5779999637428264E-001                  2.4480254673302523E-005                  2.2997552337104368E-001                  2.1025988500795552E-003                  6.1630907196949991E-004                  5.7221218635412179E-003                  1.2718648985637719E-003                  2.4871053158459647E-003                  3.0170161959827842E-024                  0.0000000000000000E+000                  0.0000000000000000E+000 
                                     192                  1.0499998601056653E+000                  1.1242619311139038E-001                  4.3813263463636440E+000                  6.7636924329220083E+000                  4.2087637657211606E-045                  7.5779999637428264E-001                  2.4480254673302523E-005                  2.2997552337104368E-001                  2.1025988500795552E-003                  6.1630907196949991E-004                  5.7221218635412179E-003                  1.2718648985637719E-003                  2.4871053158459647E-003                  3.1135788065494695E-024                  0.0000000000000000E+000                  0.0000000000000000E+000 
                                     193                  1.0499998547520706E+000                  1.1239822632720391E-001                  4.3840400054864457E+000                  6.6907606752223314E+000                  3.7509108398668913E-045                  7.5779999637428264E-001                  2.4480254673302523E-005                  2.2997552337104368E-001                  2.1025988500795552E-003                  6.1630907196949991E-004                  5.7221218635412179E-003                  1.2718648985637719E-003                  2.4871053158459647E-003                  3.1973411910978070E-024                  0.0000000000000000E+000                  0.0000000000000000E+000 
                                     194                  1.0499998501053676E+000                  1.1237458147633497E-001                  4.3871099234606543E+000                  6.8540858325113145E+000                  5.7949832942979895E-045                  7.5779999637428264E-001                  2.4480254673302523E-005                  2.2997552337104368E-001                  2.1025988500795552E-003                  6.1630907196949991E-004                  5.7221218635412179E-003                  1.2718648985637719E-003                  2.4871053158459647E-003                  3.2935604154732416E-024                  0.0000000000000000E+000                  0.0000000000000000E+000 
                                     195                  1.0499998431353132E+000                  1.1234013928460848E-001                  4.3906630529575583E+000                  6.8393972738659539E+000                  5.9952664396190724E-045                  7.5779999637428264E-001                  2.4480254673302523E-005                  2.2997552337104368E-001                  2.1025988500795552E-003                  6.1630907196949991E-004                  5.7221218635412179E-003                  1.2718648985637719E-003                  2.4871053158459647E-003                  3.4078717522113916E-024                  0.0000000000000000E+000                  0.0000000000000000E+000 
                                     196                  1.0499998361652589E+000                  1.1230683990885335E-001                  4.3940931931864604E+000                  6.8253579319496822E+000                  6.1931752926192118E-045                  7.5779999637428264E-001                  2.4480254673302523E-005                  2.2997552337104368E-001                  2.1025988500795552E-003                  6.1630907196949991E-004                  5.7221218635412179E-003                  1.2718648985637719E-003                  2.4871053158459647E-003                  3.5208512994360582E-024                  0.0000000000000000E+000                  0.0000000000000000E+000 
                                     197                  1.0499998291952048E+000                  1.1227459734852088E-001                  4.3979598002225462E+000                  6.9346813257835089E+000                  8.5613286563192172E-045                  7.5779999637428264E-001                  2.4480254673302523E-005                  2.2997552337104368E-001                  2.1025988500795552E-003                  6.1630907196949991E-004                  5.7221218635412179E-003                  1.2718648985637719E-003                  2.4871053158459647E-003                  3.6509350270184777E-024                  0.0000000000000000E+000                  0.0000000000000000E+000 
                                     198                  1.0499998199017990E+000                  1.1223312202580908E-001                  4.4021959677018785E+000                  6.9177150159284562E+000                  8.9040757196305952E-045                  7.5779999637428264E-001                  2.4480254673302523E-005                  2.2997552337104368E-001                  2.1025988500795552E-003                  6.1630907196949991E-004                  5.7221218635412179E-003                  1.2718648985637719E-003                  2.4871053158459647E-003                  3.7977496073715029E-024                  0.0000000000000000E+000                  0.0000000000000000E+000 
                                     199                  1.0499998106083932E+000                  1.1219323201566993E-001                  4.4062630898955151E+000                  6.9016144644530959E+000                  9.2420375315702950E-045                  7.5779999637428264E-001                  2.4480254673302523E-005                  2.2997552337104368E-001                  2.1025988500795552E-003                  6.1630907196949991E-004                  5.7221218635412179E-003                  1.2718648985637719E-003                  2.4871053158459647E-003                  3.9425507060494186E-024                  0.0000000000000000E+000                  0.0000000000000000E+000 
                                     200                  1.0499998013149876E+000                  1.1215479030009547E-001                  4.4092007208601203E+000                  6.5890083509094062E+000                  4.7464729385654614E-045                  7.5779999637428264E-001                  2.4480254673302523E-005                  2.2997552337104368E-001                  2.1025988500795552E-003                  6.1630907196949991E-004                  5.7221218635412179E-003                  1.2718648985637719E-003                  2.4871053158459647E-003                  4.0500762828092713E-024                  0.0000000000000000E+000                  0.0000000000000000E+000 
                                     201                  1.0499997966682846E+000                  1.1213607377474653E-001                  4.4120774627819062E+000                  6.8789095978148431E+000                  9.7405831428759712E-045                  7.5779999637428264E-001                  2.4480254673302523E-005                  2.2997552337104368E-001                  2.1025988500795552E-003                  6.1630907196949991E-004                  5.7221218635412179E-003                  1.2718648985637719E-003                  2.4871053158459647E-003                  4.1562188874225396E-024                  0.0000000000000000E+000                  0.0000000000000000E+000 
                                     202                  1.0499997873748790E+000                  1.1209958543726732E-001                  4.4158056115110167E+000                  6.8703228808580086E+000                  1.0204713749742973E-044                  7.5779999637428264E-001                  2.4480254673302523E-005                  2.2997552337104368E-001                  2.1025988500795552E-003                  6.1630907196949991E-004                  5.7221218635412179E-003                  1.2718648985637719E-003                  2.4871053158459647E-003                  4.2973720865043525E-024                  0.0000000000000000E+000                  0.0000000000000000E+000 
                                     203                  1.0499997779569947E+000                  1.1206380847262844E-001                  4.4203660924765318E+000                  7.0348231217993566E+000                  1.6142703600142207E-044                  7.5779999637428264E-001                  2.4480254673302523E-005                  2.2997552337104368E-001                  2.1025988500795552E-003                  6.1630907196949991E-004                  5.7221218635412179E-003                  1.2718648985637719E-003                  2.4871053158459647E-003                  4.4736997922398557E-024                  0.0000000000000000E+000                  0.0000000000000000E+000 
                                     204                  1.0499997636434513E+000                  1.1201155107845931E-001                  4.4247332466324316E+000                  6.8422133307412647E+000                  1.1181223937917081E-044                  7.5779999637428264E-001                  2.4480254673302523E-005                  2.2997552337104368E-001                  2.1025988500795552E-003                  6.1630907196949991E-004                  5.7221218635412179E-003                  1.2718648985637719E-003                  2.4871053158459647E-003                  4.6489112711159379E-024                  0.0000000000000000E+000                  0.0000000000000000E+000 
                                     205                  1.0499997541010886E+000                  1.1197800970376677E-001                  4.4281131513561807E+000                  6.8296189832664957E+000                  1.1511974518692908E-044                  7.5779999637428264E-001                  2.4480254673302523E-005                  2.2997552337104368E-001                  2.1025988500795552E-003                  6.1630907196949991E-004                  5.7221218635412179E-003                  1.2718648985637719E-003                  2.4871053158459647E-003                  4.7871143654489394E-024                  0.0000000000000000E+000                  0.0000000000000000E+000 
                                     206                  1.0499997445587261E+000                  1.1194542456506343E-001                  4.4313901769716546E+000                  6.8175147356404580E+000                  1.1839090606323500E-044                  7.5779999637428264E-001                  2.4480254673302523E-005                  2.2997552337104368E-001                  2.1025988500795552E-003                  6.1630907196949991E-004                  5.7221218635412179E-003                  1.2718648985637719E-003                  2.4871053158459647E-003                  4.9238273964196648E-024                  0.0000000000000000E+000                  0.0000000000000000E+000 
                                     207                  1.0499997350163637E+000                  1.1191373272432130E-001                  4.4353625652168400E+000                  6.9791289720501277E+000                  1.8363873833180757E-044                  7.5779999637428264E-001                  2.4480254673302523E-005                  2.2997552337104368E-001                  2.1025988500795552E-003                  6.1630907196949991E-004                  5.7221218635412179E-003                  1.2718648985637719E-003                  2.4871053158459647E-003                  5.0924990932880855E-024                  0.0000000000000000E+000                  0.0000000000000000E+000 
                                     208                  1.0499997207028200E+000                  1.1186774938160254E-001                  4.4399339750933837E+000                  6.9625838057963101E+000                  1.9080937943811259E-044                  7.5779999637428264E-001                  2.4480254673302523E-005                  2.2997552337104368E-001                  2.1025988500795552E-003                  6.1630907196949991E-004                  5.7221218635412179E-003                  1.2718648985637719E-003                  2.4871053158459647E-003                  5.2923894587823447E-024                  0.0000000000000000E+000                  0.0000000000000000E+000 
                                     209                  1.0499997063892763E+000                  1.1182348030138392E-001                  4.4451149764216806E+000                  7.0786333989938210E+000                  2.7142357591752734E-044                  7.5779999637428264E-001                  2.4480254673302523E-005                  2.2997552337104368E-001                  2.1025988500795552E-003                  6.1630907196949991E-004                  5.7221218635412179E-003                  1.2718648985637719E-003                  2.4871053158459647E-003                  5.5245780382701468E-024                  0.0000000000000000E+000                  0.0000000000000000E+000 
                                     210                  1.0499996868798349E+000                  1.1176564391578814E-001                  4.4507916868817849E+000                  7.0586133476810309E+000                  2.8430250989096902E-044                  7.5779999637428264E-001                  2.4480254673302523E-005                  2.2997552337104368E-001                  2.1025988500795552E-003                  6.1630907196949991E-004                  5.7221218635412179E-003                  1.2718648985637719E-003                  2.4871053158459647E-003                  5.7881524859912554E-024                  0.0000000000000000E+000                  0.0000000000000000E+000 
                                     211                  1.0499996673703935E+000                  1.1171040595589288E-001                  4.4562110069069094E+000                  7.0423297359721424E+000                  2.9874724537955397E-044                  7.5779999637428264E-001                  2.4480254673302523E-005                  2.2997552337104368E-001                  2.1025988500795552E-003                  6.1630907196949991E-004                  5.7221218635412179E-003                  1.2718648985637719E-003                  2.4871053158459647E-003                  6.0478536419914710E-024                  0.0000000000000000E+000                  0.0000000000000000E+000 
                                     212                  1.0499996477453597E+000                  1.1165719411992983E-001                  4.4605578259254441E+000                  6.8563252332982048E+000                  2.0863446007700460E-044                  7.5779999637428264E-001                  2.4480254673302523E-005                  2.2997552337104368E-001                  2.1025988500795552E-003                  6.1630907196949991E-004                  5.7221218635412179E-003                  1.2718648985637719E-003                  2.4871053158459647E-003                  6.2628587957036575E-024                  0.0000000000000000E+000                  0.0000000000000000E+000 
                                     213                  1.0499996345078806E+000                  1.1162251662748751E-001                  4.4639523708768216E+000                  6.8447695489019891E+000                  2.1429408014223602E-044                  7.5779999637428264E-001                  2.4480254673302523E-005                  2.2997552337104368E-001                  2.1025988500795552E-003                  6.1630907196949991E-004                  5.7221218635412179E-003                  1.2718648985637719E-003                  2.4871053158459647E-003                  6.4337251833118338E-024                  0.0000000000000000E+000                  0.0000000000000000E+000 
                                     214                  1.0499996212704015E+000                  1.1158874700350244E-001                  4.4672495468319449E+000                  6.8336354154064081E+000                  2.1989279241100391E-044                  7.5779999637428264E-001                  2.4480254673302523E-005                  2.2997552337104368E-001                  2.1025988500795552E-003                  6.1630907196949991E-004                  5.7221218635412179E-003                  1.2718648985637719E-003                  2.4871053158459647E-003                  6.6027901821515820E-024                  0.0000000000000000E+000                  0.0000000000000000E+000 
                                     215                  1.0499996080329226E+000                  1.1155582961032050E-001                  4.4712958490427335E+000                  7.0039305163355072E+000                  3.4639446446448491E-044                  7.5779999637428264E-001                  2.4480254673302523E-005                  2.2997552337104368E-001                  2.1025988500795552E-003                  6.1630907196949991E-004                  5.7221218635412179E-003                  1.2718648985637719E-003                  2.4871053158459647E-003                  6.8136462802051181E-024                  0.0000000000000000E+000                  0.0000000000000000E+000 
                                     216                  1.0499995878217276E+000                  1.1150710354338447E-001                  4.4767986203860684E+000                  7.1145191748904528E+000                  4.8592105367060853E-044                  7.5779999637428264E-001                  2.4480254673302523E-005                  2.2997552337104368E-001                  2.1025988500795552E-003                  6.1630907196949991E-004                  5.7221218635412179E-003                  1.2718648985637719E-003                  2.4871053158459647E-003                  7.1079831792093449E-024                  0.0000000000000000E+000                  0.0000000000000000E+000 
                                     217                  1.0499995606368171E+000                  1.1144423899337400E-001                  4.4827955318009556E+000                  7.0949352117775240E+000                  5.0847855978777310E-044                  7.5779999637428264E-001                  2.4480254673302523E-005                  2.2997552337104368E-001                  2.1025988500795552E-003                  6.1630907196949991E-004                  5.7221218635412179E-003                  1.2718648985637719E-003                  2.4871053158459647E-003                  7.4399895340614872E-024                  0.0000000000000000E+000                  0.0000000000000000E+000 
                                     218                  1.0499995334519066E+000                  1.1138413776740687E-001                  4.4877958728265286E+000                  6.9538277895812639E+000                  3.9591880571587876E-044                  7.5779999637428264E-001                  2.4480254673302523E-005                  2.2997552337104368E-001                  2.1025988500795552E-003                  6.1630907196949991E-004                  5.7221218635412179E-003                  1.2718648985637719E-003                  2.4871053158459647E-003                  7.7258237127282663E-024                  0.0000000000000000E+000                  0.0000000000000000E+000 
                                     219                  1.0499995130632236E+000                  1.1134070398248326E-001                  4.4912449942309056E+000                  6.7666977709493539E+000                  2.7078543283546387E-044                  7.5779999637428264E-001                  2.4480254673302523E-005                  2.2997552337104368E-001                  2.1025988500795552E-003                  6.1630907196949991E-004                  5.7221218635412179E-003                  1.2718648985637719E-003                  2.4871053158459647E-003                  7.9272894609069053E-024                  0.0000000000000000E+000                  0.0000000000000000E+000 
                                     220                  1.0499994994707684E+000                  1.1131247251259289E-001                  4.4944844179941157E+000                  6.9040385645373421E+000                  3.8948576297671783E-044                  7.5779999637428264E-001                  2.4480254673302523E-005                  2.2997552337104368E-001                  2.1025988500795552E-003                  6.1630907196949991E-004                  5.7221218635412179E-003                  1.2718648985637719E-003                  2.4871053158459647E-003                  8.1186930529770129E-024                  0.0000000000000000E+000                  0.0000000000000000E+000 
                                     221                  1.0499994803780410E+000                  1.1127373713734744E-001                  4.4986844303991811E+000                  7.0008339383769433E+000                  5.1721417392796508E-044                  7.5779999637428264E-001                  2.4480254673302523E-005                  2.2997552337104368E-001                  2.1025988500795552E-003                  6.1630907196949991E-004                  5.7221218635412179E-003                  1.2718648985637719E-003                  2.4871053158459647E-003                  8.3715582653969277E-024                  0.0000000000000000E+000                  0.0000000000000000E+000 
                                     222                  1.0499994557850416E+000                  1.1122532584073652E-001                  4.5032419703956297E+000                  6.9866817685304641E+000                  5.3446326876809476E-044                  7.5779999637428264E-001                  2.4480254673302523E-005                  2.2997552337104368E-001                  2.1025988500795552E-003                  6.1630907196949991E-004                  5.7221218635412179E-003                  1.2718648985637719E-003                  2.4871053158459647E-003                  8.6525979953028971E-024                  0.0000000000000000E+000                  0.0000000000000000E+000 
                                     223                  1.0499994311920420E+000                  1.1117846153554516E-001                  4.5076394856970268E+000                  6.9731729061372523E+000                  5.5146635867719369E-044                  7.5779999637428264E-001                  2.4480254673302523E-005                  2.2997552337104368E-001                  2.1025988500795552E-003                  6.1630907196949991E-004                  5.7221218635412179E-003                  1.2718648985637719E-003                  2.4871053158459647E-003                  8.9297157580438250E-024                  0.0000000000000000E+000                  0.0000000000000000E+000 
                                     224                  1.0499994065990426E+000                  1.1113302769293144E-001                  4.5120696972753640E+000                  6.9952430491149897E+000                  6.1743484059591673E-044                  7.5779999637428264E-001                  2.4480254673302523E-005                  2.2997552337104368E-001                  2.1025988500795552E-003                  6.1630907196949991E-004                  5.7221218635412179E-003                  1.2718648985637719E-003                  2.4871053158459647E-003                  9.2145937190292847E-024                  0.0000000000000000E+000                  0.0000000000000000E+000 
                                     225                  1.0499993799098148E+000                  1.1108522017100329E-001                  4.5178880087182973E+000                  7.1868047140630660E+000                  1.0399400917050949E-043                  7.5779999637428264E-001                  2.4480254673302523E-005                  2.2997552337104368E-001                  2.1025988500795552E-003                  6.1630907196949991E-004                  5.7221218635412179E-003                  1.2718648985637719E-003                  2.4871053158459647E-003                  9.5958725140314336E-024                  0.0000000000000000E+000                  0.0000000000000000E+000 
                                     226                  1.0499993367316311E+000                  1.1101089790156091E-001                  4.5247892785652324E+000                  7.1759822291392084E+000                  1.1145720267604744E-043                  7.5779999637428264E-001                  2.4480254673302523E-005                  2.2997552337104368E-001                  2.1025988500795552E-003                  6.1630907196949991E-004                  5.7221218635412179E-003                  1.2718648985637719E-003                  2.4871053158459647E-003                  1.0063806509752580E-023                  0.0000000000000000E+000                  0.0000000000000000E+000 
                                     227                  1.0499992925919064E+000                  1.1093839257860483E-001                  4.5297712508441297E+000                  6.8603567484684502E+000                  5.7647595265016299E-044                  7.5779999637428264E-001                  2.4480254673302523E-005                  2.2997552337104368E-001                  2.1025988500795552E-003                  6.1630907196949991E-004                  5.7221218635412179E-003                  1.2718648985637719E-003                  2.4871053158459647E-003                  1.0412857282457912E-023                  0.0000000000000000E+000                  0.0000000000000000E+000 
                                     228                  1.0499992705220438E+000                  1.1090333368607093E-001                  4.5349393439019856E+000                  7.1883748793844289E+000                  1.3133583810161949E-043                  7.5779999637428264E-001                  2.4480254673302523E-005                  2.2997552337104368E-001                  2.1025988500795552E-003                  6.1630907196949991E-004                  5.7221218635412179E-003                  1.2718648985637719E-003                  2.4871053158459647E-003                  1.0777649782582176E-023                  0.0000000000000000E+000                  0.0000000000000000E+000 
                                     229                  1.0499992219311511E+000                  1.1082871095070347E-001                  4.5401829678442658E+000                  6.9104610820948071E+000                  7.4213353815516192E-044                  7.5779999637428264E-001                  2.4480254673302523E-005                  2.2997552337104368E-001                  2.1025988500795552E-003                  6.1630907196949991E-004                  5.7221218635412179E-003                  1.2718648985637719E-003                  2.4871053158459647E-003                  1.1160871174095035E-023                  0.0000000000000000E+000                  0.0000000000000000E+000 
                                     230                  1.0499991954101204E+000                  1.1078935464212170E-001                  4.5455733052850773E+000                  7.1965251991862837E+000                  1.5367150415729027E-043                  7.5779999637428264E-001                  2.4480254673302523E-005                  2.2997552337104368E-001                  2.1025988500795552E-003                  6.1630907196949991E-004                  5.7221218635412179E-003                  1.2718648985637719E-003                  2.4871053158459647E-003                  1.1558250811223062E-023                  0.0000000000000000E+000                  0.0000000000000000E+000 
                                     231                  1.0499991423680597E+000                  1.1071329816941010E-001                  4.5520105187003068E+000                  7.1219374800285058E+000                  1.4048174106992778E-043                  7.5779999637428264E-001                  2.4480254673302523E-005                  2.2997552337104368E-001                  2.1025988500795552E-003                  6.1630907196949991E-004                  5.7221218635412179E-003                  1.2718648985637719E-003                  2.4871053158459647E-003                  1.2047734637963193E-023                  0.0000000000000000E+000                  0.0000000000000000E+000 
                                     232                  1.0499990958341292E+000                  1.1064923350998389E-001                  4.5583090473003400E+000                  7.1779066385980537E+000                  1.7287175631937230E-043                  7.5779999637428264E-001                  2.4480254673302523E-005                  2.2997552337104368E-001                  2.1025988500795552E-003                  6.1630907196949991E-004                  5.7221218635412179E-003                  1.2718648985637719E-003                  2.4871053158459647E-003                  1.2536444052791475E-023                  0.0000000000000000E+000                  0.0000000000000000E+000 
                                     233                  1.0499990407865882E+000                  1.1057634548935720E-001                  4.5639243048063411E+000                  7.0191824648726282E+000                  1.2855422921721049E-043                  7.5779999637428264E-001                  2.4480254673302523E-005                  2.2997552337104368E-001                  2.1025988500795552E-003                  6.1630907196949991E-004                  5.7221218635412179E-003                  1.2718648985637719E-003                  2.4871053158459647E-003                  1.2983706540120606E-023                  0.0000000000000000E+000                  0.0000000000000000E+000 
                                     234                  1.0499990012503575E+000                  1.1052576375482492E-001                  4.5680729292792455E+000                  6.9239971136673528E+000                  1.0858951071994568E-043                  7.5779999637428264E-001                  2.4480254673302523E-005                  2.2997552337104368E-001                  2.1025988500795552E-003                  6.1630907196949991E-004                  5.7221218635412179E-003                  1.2718648985637719E-003                  2.4871053158459647E-003                  1.3319128440623862E-023                  0.0000000000000000E+000                  0.0000000000000000E+000 
                                     235                  1.0499989686886078E+000                  1.1048513308584211E-001                  4.5717288266137635E+000                  6.9145115239122550E+000                  1.1100789140851656E-043                  7.5779999637428264E-001                  2.4480254673302523E-005                  2.2997552337104368E-001                  2.1025988500795552E-003                  6.1630907196949991E-004                  5.7221218635412179E-003                  1.2718648985637719E-003                  2.4871053158459647E-003                  1.3618188234054399E-023                  0.0000000000000000E+000                  0.0000000000000000E+000 
                                     236                  1.0499989361268580E+000                  1.1044537654620473E-001                  4.5770749689070334E+000                  7.2019232402528992E+000                  2.2914951917980823E-043                  7.5779999637428264E-001                  2.4480254673302523E-005                  2.2997552337104368E-001                  2.1025988500795552E-003                  6.1630907196949991E-004                  5.7221218635412179E-003                  1.2718648985637719E-003                  2.4871053158459647E-003                  1.4059414095805628E-023                  0.0000000000000000E+000                  0.0000000000000000E+000 
                                     237                  1.0499988710033583E+000                  1.1036830772692674E-001                  4.5840284654178651E+000                  7.1997028535928944E+000                  2.4720375465171938E-043                  7.5779999637428264E-001                  2.4480254673302523E-005                  2.2997552337104368E-001                  2.1025988500795552E-003                  6.1630907196949991E-004                  5.7221218635412179E-003                  1.2718648985637719E-003                  2.4871053158459647E-003                  1.4647714374353696E-023                  0.0000000000000000E+000                  0.0000000000000000E+000 
                                     238                  1.0499988035476491E+000                  1.1029161835200731E-001                  4.5908058911745764E+000                  7.1829703610472722E+000                  2.5700291465610676E-043                  7.5779999637428264E-001                  2.4480254673302523E-005                  2.2997552337104368E-001                  2.1025988500795552E-003                  6.1630907196949991E-004                  5.7221218635412179E-003                  1.2718648985637719E-003                  2.4871053158459647E-003                  1.5233392094103252E-023                  0.0000000000000000E+000                  0.0000000000000000E+000 
                                     239                  1.0499987360919396E+000                  1.1021781468308896E-001                  4.5959475140540675E+000                  6.9322170319605769E+000                  1.5288251712880405E-043                  7.5779999637428264E-001                  2.4480254673302523E-005                  2.2997552337104368E-001                  2.1025988500795552E-003                  6.1630907196949991E-004                  5.7221218635412179E-003                  1.2718648985637719E-003                  2.4871053158459647E-003                  1.5687373446276521E-023                  0.0000000000000000E+000                  0.0000000000000000E+000 
                                     240                  1.0499986971162045E+000                  1.1017637826148288E-001                  4.6018315272012931E+000                  7.2624998038717852E+000                  3.4889908523605659E-043                  7.5779999637428264E-001                  2.4480254673302523E-005                  2.2997552337104368E-001                  2.1025988500795552E-003                  6.1630907196949991E-004                  5.7221218635412179E-003                  1.2718648985637719E-003                  2.4871053158459647E-003                  1.6209465866170971E-023                  0.0000000000000000E+000                  0.0000000000000000E+000 
                                     241                  1.0499986110085702E+000                  1.1008771778457865E-001                  4.6078372517410937E+000                  6.9865948939691247E+000                  1.9737263933949918E-043                  7.5779999637428264E-001                  2.4480254673302523E-005                  2.2997552337104368E-001                  2.1025988500795552E-003                  6.1630907196949991E-004                  5.7221218635412179E-003                  1.2718648985637719E-003                  2.4871053158459647E-003                  1.6757539522462340E-023                  0.0000000000000000E+000                  0.0000000000000000E+000 
                                     242                  1.0499985638766709E+000                  1.1004073995232236E-001                  4.6140282509483201E+000                  7.2734154625540723E+000                  4.0800387742151454E-043                  7.5779999637428264E-001                  2.4480254673302523E-005                  2.2997552337104368E-001                  2.1025988500795552E-003                  6.1630907196949991E-004                  5.7221218635412179E-003                  1.2718648985637719E-003                  2.4871053158459647E-003                  1.7325574540822151E-023                  0.0000000000000000E+000                  0.0000000000000000E+000 
                                     243                  1.0499984696128721E+000                  1.0994979418267017E-001                  4.6206227812018952E+000                  7.0832219012019504E+000                  2.8225523419714566E-043                  7.5779999637428264E-001                  2.4480254673302523E-005                  2.2997552337104368E-001                  2.1025988500795552E-003                  6.1630907196949991E-004                  5.7221218635412179E-003                  1.2718648985637719E-003                  2.4871053158459647E-003                  1.7946831092902055E-023                  0.0000000000000000E+000                  0.0000000000000000E+000 
                                     244                  1.0499984066387407E+000                  1.0989109071362552E-001                  4.6257420525864630E+000                  7.0717991641803373E+000                  2.8985489042195975E-043                  7.5779999637428264E-001                  2.4480254673302523E-005                  2.2997552337104368E-001                  2.1025988500795552E-003                  6.1630907196949991E-004                  5.7221218635412179E-003                  1.2718648985637719E-003                  2.4871053158459647E-003                  1.8434623595639770E-023                  0.0000000000000000E+000                  0.0000000000000000E+000 
                                     245                  1.0499983436646092E+000                  1.0983390349498422E-001                  4.6308372461139760E+000                  7.0813299838096304E+000                  3.1206480659262300E-043                  7.5779999637428264E-001                  2.4480254673302523E-005                  2.2997552337104368E-001                  2.1025988500795552E-003                  6.1630907196949991E-004                  5.7221218635412179E-003                  1.2718648985637719E-003                  2.4871053158459647E-003                  1.8926311281621954E-023                  0.0000000000000000E+000                  0.0000000000000000E+000 
                                     246                  1.0499982776101942E+000                  1.0977543961692186E-001                  4.6352216359334859E+000                  6.9344197347528036E+000                  2.3255388328058568E-043                  7.5779999637428264E-001                  2.4480254673302523E-005                  2.2997552337104368E-001                  2.1025988500795552E-003                  6.1630907196949991E-004                  5.7221218635412179E-003                  1.2718648985637719E-003                  2.4871053158459647E-003                  1.9355435346825099E-023                  0.0000000000000000E+000                  0.0000000000000000E+000 
                                     247                  1.0499982294668724E+000                  1.0973375004384948E-001                  4.6396161080618468E+000                  7.0806381186269007E+000                  3.4015792079256227E-043                  7.5779999637428264E-001                  2.4480254673302523E-005                  2.2997552337104368E-001                  2.1025988500795552E-003                  6.1630907196949991E-004                  5.7221218635412179E-003                  1.2718648985637719E-003                  2.4871053158459647E-003                  1.9788570005690426E-023                  0.0000000000000000E+000                  0.0000000000000000E+000 
                                     248                  1.0499981605740933E+000                  1.0967536577198082E-001                  4.6454011544428360E+000                  7.1827364795558077E+000                  4.5539938060584800E-043                  7.5779999637428264E-001                  2.4480254673302523E-005                  2.2997552337104368E-001                  2.1025988500795552E-003                  6.1630907196949991E-004                  5.7221218635412179E-003                  1.2718648985637719E-003                  2.4871053158459647E-003                  2.0366128140286562E-023                  0.0000000000000000E+000                  0.0000000000000000E+000 
                                     249                  1.0499980709318573E+000                  1.0960149708907220E-001                  4.6528450237311878E+000                  7.3007082877848042E+000                  6.4193673141061755E-043                  7.5779999637428264E-001                  2.4480254673302523E-005                  2.2997552337104368E-001                  2.1025988500795552E-003                  6.1630907196949991E-004                  5.7221218635412179E-003                  1.2718648985637719E-003                  2.4871053158459647E-003                  2.1120953894343103E-023                  0.0000000000000000E+000                  0.0000000000000000E+000 
                                     250                  1.0499979490432607E+000                  1.0950455384038722E-001                  4.6609938135563791E+000                  7.2785984492968154E+000                  6.5907747041714840E-043                  7.5779999637428264E-001                  2.4480254673302523E-005                  2.2997552337104368E-001                  2.1025988500795552E-003                  6.1630907196949991E-004                  5.7221218635412179E-003                  1.2718648985637719E-003                  2.4871053158459647E-003                  2.1966251578448270E-023                  0.0000000000000000E+000                  0.0000000000000000E+000 
                                     251                  1.0499978286684191E+000                  1.0941240236808583E-001                  4.6674673621624114E+000                  7.0902861903354211E+000                  4.5385672020541114E-043                  7.5779999637428264E-001                  2.4480254673302523E-005                  2.2997552337104368E-001                  2.1025988500795552E-003                  6.1630907196949991E-004                  5.7221218635412179E-003                  1.2718648985637719E-003                  2.4871053158459647E-003                  2.2652456464254320E-023                  0.0000000000000000E+000                  0.0000000000000000E+000 
                                     252                  1.0499977482612439E+000                  1.0935266226528281E-001                  4.6730382909098696E+000                  7.1637995582567875E+000                  5.6578511464998954E-043                  7.5779999637428264E-001                  2.4480254673302523E-005                  2.2997552337104368E-001                  2.1025988500795552E-003                  6.1630907196949991E-004                  5.7221218635412179E-003                  1.2718648985637719E-003                  2.4871053158459647E-003                  2.3249136769370378E-023                  0.0000000000000000E+000                  0.0000000000000000E+000 
                                     253                  1.0499976505706821E+000                  1.0928189301609353E-001                  4.6774827020198106E+000                  6.8540055422519428E+000                  2.8872939186456051E-043                  7.5779999637428264E-001                  2.4480254673302523E-005                  2.2997552337104368E-001                  2.1025988500795552E-003                  6.1630907196949991E-004                  5.7221218635412179E-003                  1.2718648985637719E-003                  2.4871053158459647E-003                  2.3733941093083600E-023                  0.0000000000000000E+000                  0.0000000000000000E+000 
                                     254                  1.0499976017254011E+000                  1.0924721108284456E-001                  4.6819559426743877E+000                  7.1633083192726605E+000                  6.1268401824085792E-043                  7.5779999637428264E-001                  2.4480254673302523E-005                  2.2997552337104368E-001                  2.1025988500795552E-003                  6.1630907196949991E-004                  5.7221218635412179E-003                  1.2718648985637719E-003                  2.4871053158459647E-003                  2.4223527557879725E-023                  0.0000000000000000E+000                  0.0000000000000000E+000 
                                     255                  1.0499975001487043E+000                  1.0917650467583527E-001                  4.6878122885648503E+000                  7.1520265210136813E+000                  6.2901059571485760E-043                  7.5779999637428264E-001                  2.4480254673302523E-005                  2.2997552337104368E-001                  2.1025988500795552E-003                  6.1630907196949991E-004                  5.7221218635412179E-003                  1.2718648985637719E-003                  2.4871053158459647E-003                  2.4876071075742809E-023                  0.0000000000000000E+000                  0.0000000000000000E+000 
                                     256                  1.0499973985720077E+000                  1.0910760030429011E-001                  4.6945681264741772E+000                  7.2806535726306620E+000                  8.9761937969330568E-043                  7.5779999637428264E-001                  2.4480254673302523E-005                  2.2997552337104368E-001                  2.1025988500795552E-003                  6.1630907196949991E-004                  5.7221218635412179E-003                  1.2718648985637719E-003                  2.4871053158459647E-003                  2.5639401484067282E-023                  0.0000000000000000E+000                  0.0000000000000000E+000 
                                     257                  1.0499972578882519E+000                  1.0901492700684602E-001                  4.7008838136254516E+000                  7.0984034320172862E+000                  6.2350607831292194E-043                  7.5779999637428264E-001                  2.4480254673302523E-005                  2.2997552337104368E-001                  2.1025988500795552E-003                  6.1630907196949991E-004                  5.7221218635412179E-003                  1.2718648985637719E-003                  2.4871053158459647E-003                  2.6370453436238862E-023                  0.0000000000000000E+000                  0.0000000000000000E+000 
                                     258                  1.0499971628460874E+000                  1.0895400400780472E-001                  4.7055667518065620E+000                  7.0406196955274316E+000                  5.6838107767067686E-043                  7.5779999637428264E-001                  2.4480254673302523E-005                  2.2997552337104368E-001                  2.1025988500795552E-003                  6.1630907196949991E-004                  5.7221218635412179E-003                  1.2718648985637719E-003                  2.4871053158459647E-003                  2.6919381761012741E-023                  0.0000000000000000E+000                  0.0000000000000000E+000 
                                     259                  1.0499970779540846E+000                  1.0890066380417666E-001                  4.7105174998620445E+000                  7.1449259975624315E+000                  7.5395651546122480E-043                  7.5779999637428264E-001                  2.4480254673302523E-005                  2.2997552337104368E-001                  2.1025988500795552E-003                  6.1630907196949991E-004                  5.7221218635412179E-003                  1.2718648985637719E-003                  2.4871053158459647E-003                  2.7506195638808155E-023                  0.0000000000000000E+000                  0.0000000000000000E+000 
                                     260                  1.0499969677208152E+000                  1.0883283384491346E-001                  4.7187032794516997E+000                  7.4367364396522424E+000                  1.5816565054164597E-042                  7.5779999637428264E-001                  2.4480254673302523E-005                  2.2997552337104368E-001                  2.1025988500795552E-003                  6.1630907196949991E-004                  5.7221218635412179E-003                  1.2718648985637719E-003                  2.4871053158459647E-003                  2.8489266864859792E-023                  0.0000000000000000E+000                  0.0000000000000000E+000 
                                     261                  1.0499967443633276E+000                  1.0869999278484883E-001                  4.7280081628132375E+000                  7.3203594243576395E+000                  1.3084472078273964E-042                  7.5779999637428264E-001                  2.4480254673302523E-005                  2.2997552337104368E-001                  2.1025988500795552E-003                  6.1630907196949991E-004                  5.7221218635412179E-003                  1.2718648985637719E-003                  2.4871053158459647E-003                  2.9648907703222860E-023                  0.0000000000000000E+000                  0.0000000000000000E+000 
                                     262                  1.0499965667331375E+000                  1.0859835093523880E-001                  4.7346302922738435E+000                  7.1419426915299171E+000                  9.1690675840216740E-043                  7.5779999637428264E-001                  2.4480254673302523E-005                  2.2997552337104368E-001                  2.1025988500795552E-003                  6.1630907196949991E-004                  5.7221218635412179E-003                  1.2718648985637719E-003                  2.4871053158459647E-003                  3.0495034086615608E-023                  0.0000000000000000E+000                  0.0000000000000000E+000 
                                     263                  1.0499964456709912E+000                  1.0853093844749377E-001                  4.7395700402622083E+000                  7.0870101705490010E+000                  8.4162319428703596E-043                  7.5779999637428264E-001                  2.4480254673302523E-005                  2.2997552337104368E-001                  2.1025988500795552E-003                  6.1630907196949991E-004                  5.7221218635412179E-003                  1.2718648985637719E-003                  2.4871053158459647E-003                  3.1135940825854545E-023                  0.0000000000000000E+000                  0.0000000000000000E+000 
                                     264                  1.0499963368093299E+000                  1.0847152684789216E-001                  4.7453750511728030E+000                  7.2680945658295828E+000                  1.3391459290136329E-042                  7.5779999637428264E-001                  2.4480254673302523E-005                  2.2997552337104368E-001                  2.1025988500795552E-003                  6.1630907196949991E-004                  5.7221218635412179E-003                  1.2718648985637719E-003                  2.4871053158459647E-003                  3.1898881263142397E-023                  0.0000000000000000E+000                  0.0000000000000000E+000 
                                     265                  1.0499961676883549E+000                  1.0838136341725620E-001                  4.7534109220635878E+000                  7.3904181040990018E+000                  1.8946658850434013E-042                  7.5779999637428264E-001                  2.4480254673302523E-005                  2.2997552337104368E-001                  2.1025988500795552E-003                  6.1630907196949991E-004                  5.7221218635412179E-003                  1.2718648985637719E-003                  2.4871053158459647E-003                  3.2979670437741916E-023                  0.0000000000000000E+000                  0.0000000000000000E+000 
                                     266                  1.0499959361586242E+000                  1.0826183840146042E-001                  4.7635231954511532E+000                  7.4857056940026672E+000                  2.5603025299470480E-042                  7.5779999637428264E-001                  2.4480254673302523E-005                  2.2997552337104368E-001                  2.1025988500795552E-003                  6.1630907196949991E-004                  5.7221218635412179E-003                  1.2718648985637719E-003                  2.4871053158459647E-003                  3.4382638948060128E-023                  0.0000000000000000E+000                  0.0000000000000000E+000 
                                     267                  1.0499956358998694E+000                  1.0811294323177935E-001                  4.7711372984387639E+000                  7.0926280387438529E+000                  1.1019049930125040E-042                  7.5779999637428264E-001                  2.4480254673302523E-005                  2.2997552337104368E-001                  2.1025988500795552E-003                  6.1630907196949991E-004                  5.7221218635412179E-003                  1.2718648985637719E-003                  2.4871053158459647E-003                  3.5487992054202336E-023                  0.0000000000000000E+000                  0.0000000000000000E+000 
                                     268                  1.0499955106495886E+000                  1.0805270010224664E-001                  4.7754866631266184E+000                  7.0850955314632547E+000                  1.1214918371142281E-042                  7.5779999637428264E-001                  2.4480254673302523E-005                  2.2997552337104368E-001                  2.1025988500795552E-003                  6.1630907196949991E-004                  5.7221218635412179E-003                  1.2718648985637719E-003                  2.4871053158459647E-003                  3.6126985716953994E-023                  0.0000000000000000E+000                  0.0000000000000000E+000 
                                     269                  1.0499953853993078E+000                  1.0799348469142217E-001                  4.7808895289298308E+000                  7.2670996266950354E+000                  1.7805649732446874E-042                  7.5779999637428264E-001                  2.4480254673302523E-005                  2.2997552337104368E-001                  2.1025988500795552E-003                  6.1630907196949991E-004                  5.7221218635412179E-003                  1.2718648985637719E-003                  2.4871053158459647E-003                  3.6932421905844601E-023                  0.0000000000000000E+000                  0.0000000000000000E+000 
                                     270                  1.0499951908243361E+000                  1.0790342852052026E-001                  4.7883745730264193E+000                  7.3906314260755543E+000                  2.5120756111834862E-042                  7.5779999637428264E-001                  2.4480254673302523E-005                  2.2997552337104368E-001                  2.1025988500795552E-003                  6.1630907196949991E-004                  5.7221218635412179E-003                  1.2718648985637719E-003                  2.4871053158459647E-003                  3.8076403111270038E-023                  0.0000000000000000E+000                  0.0000000000000000E+000 
                                     271                  1.0499949244542610E+000                  1.0778371308168430E-001                  4.7946097616537076E+000                  7.0902100757828768E+000                  1.3225863656186577E-042                  7.5779999637428264E-001                  2.4480254673302523E-005                  2.2997552337104368E-001                  2.1025988500795552E-003                  6.1630907196949991E-004                  5.7221218635412179E-003                  1.2718648985637719E-003                  2.4871053158459647E-003                  3.9065949594395392E-023                  0.0000000000000000E+000                  0.0000000000000000E+000 
                                     272                  1.0499947877189804E+000                  1.0772375901490279E-001                  4.7997968584974302E+000                  7.2649394757791024E+000                  2.0611205252135736E-042                  7.5779999637428264E-001                  2.4480254673302523E-005                  2.2997552337104368E-001                  2.1025988500795552E-003                  6.1630907196949991E-004                  5.7221218635412179E-003                  1.2718648985637719E-003                  2.4871053158459647E-003                  3.9899722761788587E-023                  0.0000000000000000E+000                  0.0000000000000000E+000 
                                     273                  1.0499945790248899E+000                  1.0763409403480437E-001                  4.8049042272681604E+000                  7.0952302626608352E+000                  1.4527560225603894E-042                  7.5779999637428264E-001                  2.4480254673302523E-005                  2.2997552337104368E-001                  2.1025988500795552E-003                  6.1630907196949991E-004                  5.7221218635412179E-003                  1.2718648985637719E-003                  2.4871053158459647E-003                  4.0744236815049168E-023                  0.0000000000000000E+000                  0.0000000000000000E+000 
                                     274                  1.0499944349378154E+000                  1.0757342196482340E-001                  4.8110512422585288E+000                  7.3934128903022529E+000                  3.0310059592842888E-042                  7.5779999637428264E-001                  2.4480254673302523E-005                  2.2997552337104368E-001                  2.1025988500795552E-003                  6.1630907196949991E-004                  5.7221218635412179E-003                  1.2718648985637719E-003                  2.4871053158459647E-003                  4.1774318699390385E-023                  0.0000000000000000E+000                  0.0000000000000000E+000 
                                     275                  1.0499941416305845E+000                  1.0745284563426612E-001                  4.8190361199984615E+000                  7.3948402186587110E+000                  3.2419195755470278E-042                  7.5779999637428264E-001                  2.4480254673302523E-005                  2.2997552337104368E-001                  2.1025988500795552E-003                  6.1630907196949991E-004                  5.7221218635412179E-003                  1.2718648985637719E-003                  2.4871053158459647E-003                  4.3163753575077044E-023                  0.0000000000000000E+000                  0.0000000000000000E+000 
                                     276                  1.0499938378756333E+000                  1.0733183872093212E-001                  4.8268890484821316E+000                  7.3964596114724133E+000                  3.4659249656415902E-042                  7.5779999637428264E-001                  2.4480254673302523E-005                  2.2997552337104368E-001                  2.1025988500795552E-003                  6.1630907196949991E-004                  5.7221218635412179E-003                  1.2718648985637719E-003                  2.4871053158459647E-003                  4.4579419328395172E-023                  0.0000000000000000E+000                  0.0000000000000000E+000 
                                     277                  1.0499935233034823E+000                  1.0721034584133957E-001                  4.8326276176709912E+000                  7.0929400955535629E+000                  1.8051894181791721E-042                  7.5779999637428264E-001                  2.4480254673302523E-005                  2.2997552337104368E-001                  2.1025988500795552E-003                  6.1630907196949991E-004                  5.7221218635412179E-003                  1.2718648985637719E-003                  2.4871053158459647E-003                  4.5654429165086721E-023                  0.0000000000000000E+000                  0.0000000000000000E+000 
                                     278                  1.0499933632661258E+000                  1.0714993397355538E-001                  4.8383953848764341E+000                  7.3992058869003934E+000                  3.8272113210518489E-042                  7.5779999637428264E-001                  2.4480254673302523E-005                  2.2997552337104368E-001                  2.1025988500795552E-003                  6.1630907196949991E-004                  5.7221218635412179E-003                  1.2718648985637719E-003                  2.4871053158459647E-003                  4.6748521819684386E-023                  0.0000000000000000E+000                  0.0000000000000000E+000 
                                     279                  1.0499930317972639E+000                  1.0702761905882469E-001                  4.8459346393865568E+000                  7.4012383643247226E+000                  4.0876196534924741E-042                  7.5779999637428264E-001                  2.4480254673302523E-005                  2.2997552337104368E-001                  2.1025988500795552E-003                  6.1630907196949991E-004                  5.7221218635412179E-003                  1.2718648985637719E-003                  2.4871053158459647E-003                  4.8235260793269420E-023                  0.0000000000000000E+000                  0.0000000000000000E+000 
                                     280                  1.0499926885315916E+000                  1.0690469567316571E-001                  4.8533547312605059E+000                  7.4034139912958006E+000                  4.3642449533265496E-042                  7.5779999637428264E-001                  2.4480254673302523E-005                  2.2997552337104368E-001                  2.1025988500795552E-003                  6.1630907196949991E-004                  5.7221218635412179E-003                  1.2718648985637719E-003                  2.4871053158459647E-003                  4.9752673417382314E-023                  0.0000000000000000E+000                  0.0000000000000000E+000 
                                     281                  1.0499923330523386E+000                  1.0678111988473675E-001                  4.8606596309471346E+000                  7.4057221016733115E+000                  4.6581028769246795E-042                  7.5779999637428264E-001                  2.4480254673302523E-005                  2.2997552337104368E-001                  2.1025988500795552E-003                  6.1630907196949991E-004                  5.7221218635412179E-003                  1.2718648985637719E-003                  2.4871053158459647E-003                  5.1301976590158311E-023                  0.0000000000000000E+000                  0.0000000000000000E+000 
                                     282                  1.0499919649281373E+000                  1.0665685013517150E-001                  4.8678534807283160E+000                  7.4081532970956401E+000                  4.9702678364933585E-042                  7.5779999637428264E-001                  2.4480254673302523E-005                  2.2997552337104368E-001                  2.1025988500795552E-003                  6.1630907196949991E-004                  5.7221218635412179E-003                  1.2718648985637719E-003                  2.4871053158459647E-003                  5.2884355573675225E-023                  0.0000000000000000E+000                  0.0000000000000000E+000 
                                     283                  1.0499915837125153E+000                  1.0653184689941787E-001                  4.8749406045380637E+000                  7.4106992374073695E+000                  5.3018769847815217E-042                  7.5779999637428264E-001                  2.4480254673302523E-005                  2.2997552337104368E-001                  2.1025988500795552E-003                  6.1630907196949991E-004                  5.7221218635412179E-003                  1.2718648985637719E-003                  2.4871053158459647E-003                  5.4500973965160877E-023                  0.0000000000000000E+000                  0.0000000000000000E+000 
                                     284                  1.0499911889433728E+000                  1.0640607240386035E-001                  4.8819255112968003E+000                  7.4133526969673182E+000                  5.6541314456833636E-042                  7.5779999637428264E-001                  2.4480254673302523E-005                  2.2997552337104368E-001                  2.1025988500795552E-003                  6.1630907196949991E-004                  5.7221218635412179E-003                  1.2718648985637719E-003                  2.4871053158459647E-003                  5.6152952449186163E-023                  0.0000000000000000E+000                  0.0000000000000000E+000 
                                     285                  1.0499907801424417E+000                  1.0627949032552958E-001                  4.8888128704726181E+000                  7.4161073730905027E+000                  6.0283004532449210E-042                  7.5779999637428264E-001                  2.4480254673302523E-005                  2.2997552337104368E-001                  2.1025988500795552E-003                  6.1630907196949991E-004                  5.7221218635412179E-003                  1.2718648985637719E-003                  2.4871053158459647E-003                  5.7841378666488482E-023                  0.0000000000000000E+000                  0.0000000000000000E+000 
                                     286                  1.0499903568147235E+000                  1.0615206554286157E-001                  4.8956074921560475E+000                  7.4189577090098089E+000                  6.4257259843124208E-042                  7.5779999637428264E-001                  2.4480254673302523E-005                  2.2997552337104368E-001                  2.1025988500795552E-003                  6.1630907196949991E-004                  5.7221218635412179E-003                  1.2718648985637719E-003                  2.4871053158459647E-003                  5.9567318525608457E-023                  0.0000000000000000E+000                  0.0000000000000000E+000 
                                     287                  1.0499899184479120E+000                  1.0602376393449918E-001                  4.9023143066870931E+000                  7.4218989973722245E+000                  6.8478237475364529E-042                  7.5779999637428264E-001                  2.4480254673302523E-005                  2.2997552337104368E-001                  2.1025988500795552E-003                  6.1630907196949991E-004                  5.7221218635412179E-003                  1.2718648985637719E-003                  2.4871053158459647E-003                  6.1331790675796521E-023                  0.0000000000000000E+000                  0.0000000000000000E+000 
                                     288                  1.0499894645117931E+000                  1.0589455214367466E-001                  4.9089383322763442E+000                  7.4249271650457915E+000                  7.2960887228707614E-042                  7.5779999637428264E-001                  2.4480254673302523E-005                  2.2997552337104368E-001                  2.1025988500795552E-003                  6.1630907196949991E-004                  5.7221218635412179E-003                  1.2718648985637719E-003                  2.4871053158459647E-003                  6.3135784588668540E-023                  0.0000000000000000E+000                  0.0000000000000000E+000 
                                     289                  1.0499889944576257E+000                  1.0576439740138537E-001                  4.9154846346763295E+000                  7.4280386155017029E+000                  7.7721007765162420E-042                  7.5779999637428264E-001                  2.4480254673302523E-005                  2.2997552337104368E-001                  2.1025988500795552E-003                  6.1630907196949991E-004                  5.7221218635412179E-003                  1.2718648985637719E-003                  2.4871053158459647E-003                  6.4980274474342928E-023                  0.0000000000000000E+000                  0.0000000000000000E+000 
                                     290                  1.0499885077175015E+000                  1.0563326739287419E-001                  4.9219583002363496E+000                  7.4312303558065045E+000                  8.2775257863377625E-042                  7.5779999637428264E-001                  2.4480254673302523E-005                  2.2997552337104368E-001                  2.1025988500795552E-003                  6.1630907196949991E-004                  5.7221218635412179E-003                  1.2718648985637719E-003                  2.4871053158459647E-003                  6.6866192047959241E-023                  0.0000000000000000E+000                  0.0000000000000000E+000 
                                     291                  1.0499880037036817E+000                  1.0550113008227406E-001                  4.9283644108505937E+000                  7.4344998184522231E+000                  8.8141219740284825E-042                  7.5779999637428264E-001                  2.4480254673302523E-005                  2.2997552337104368E-001                  2.1025988500795552E-003                  6.1630907196949991E-004                  5.7221218635412179E-003                  1.2718648985637719E-003                  2.4871053158459647E-003                  6.8794444433250303E-023                  0.0000000000000000E+000                  0.0000000000000000E+000 
                                     292                  1.0499874818079127E+000                  1.0536795358662605E-001                  4.9347079981459192E+000                  7.4378446932780813E+000                  9.3837471941803520E-042                  7.5779999637428264E-001                  2.4480254673302523E-005                  2.2997552337104368E-001                  2.1025988500795552E-003                  6.1630907196949991E-004                  5.7221218635412179E-003                  1.2718648985637719E-003                  2.4871053158459647E-003                  7.0765934547232192E-023                  0.0000000000000000E+000                  0.0000000000000000E+000 
                                     293                  1.0499869414007170E+000                  1.0523370609813329E-001                  4.9409940170801567E+000                  7.4412630548647618E+000                  9.9883607606788162E-042                  7.5779999637428264E-001                  2.4480254673302523E-005                  2.2997552337104368E-001                  2.1025988500795552E-003                  6.1630907196949991E-004                  5.7221218635412179E-003                  1.2718648985637719E-003                  2.4871053158459647E-003                  7.2781535316124223E-023                  0.0000000000000000E+000                  0.0000000000000000E+000 
                                     294                  1.0499863818306621E+000                  1.0509835576465834E-001                  4.9472273369986484E+000                  7.4447532668963188E+000                  1.0630029705142319E-041                  7.5779999637428264E-001                  2.4480254673302523E-005                  2.2997552337104368E-001                  2.1025988500795552E-003                  6.1630907196949991E-004                  5.7221218635412179E-003                  1.2718648985637719E-003                  2.4871053158459647E-003                  7.4842098948748665E-023                  0.0000000000000000E+000                  0.0000000000000000E+000 
                                     295                  1.0499858024236017E+000                  1.0496187059627785E-001                  4.9534127032840338E+000                  7.4483138060719165E+000                  1.1310937953400136E-041                  7.5779999637428264E-001                  2.4480254673302523E-005                  2.2997552337104368E-001                  2.1025988500795552E-003                  6.1630907196949991E-004                  5.7221218635412179E-003                  1.2718648985637719E-003                  2.4871053158459647E-003                  7.6948483066992294E-023                  0.0000000000000000E+000                  0.0000000000000000E+000 
                                     296                  1.0499852024818939E+000                  1.0482421842452712E-001                  4.9595547110977298E+000                  7.4519433497963057E+000                  1.2033389953270353E-041                  7.5779999637428264E-001                  2.4480254673302523E-005                  2.2997552337104368E-001                  2.1025988500795552E-003                  6.1630907196949991E-004                  5.7221218635412179E-003                  1.2718648985637719E-003                  2.4871053158459647E-003                  7.9101532780346625E-023                  0.0000000000000000E+000                  0.0000000000000000E+000 
                                     297                  1.0499845812835911E+000                  1.0468536683260646E-001                  4.9656578100449185E+000                  7.4556407585453099E+000                  1.2799816751521381E-041                  7.5779999637428264E-001                  2.4480254673302523E-005                  2.2997552337104368E-001                  2.1025988500795552E-003                  6.1630907196949991E-004                  5.7221218635412179E-003                  1.2718648985637719E-003                  2.4871053158459647E-003                  8.1302080085598110E-023                  0.0000000000000000E+000                  0.0000000000000000E+000 
                                     298                  1.0499839380816030E+000                  1.0454528308890250E-001                  4.9717262818053261E+000                  7.4594049488545897E+000                  1.3612785806873950E-041                  7.5779999637428264E-001                  2.4480254673302523E-005                  2.2997552337104368E-001                  2.1025988500795552E-003                  6.1630907196949991E-004                  5.7221218635412179E-003                  1.2718648985637719E-003                  2.4871053158459647E-003                  8.3550964899894362E-023                  0.0000000000000000E+000                  0.0000000000000000E+000 
                                     299                  1.0499832721028308E+000                  1.0440393411951680E-001                  4.9777642149664372E+000                  7.4632349038300809E+000                  1.4475007860374955E-041                  7.5779999637428264E-001                  2.4480254673302523E-005                  2.2997552337104368E-001                  2.1025988500795552E-003                  6.1630907196949991E-004                  5.7221218635412179E-003                  1.2718648985637719E-003                  2.4871053158459647E-003                  8.5849032276818212E-023                  0.0000000000000000E+000                  0.0000000000000000E+000 
                                     300                  1.0499825825472715E+000                  1.0426128647670785E-001                  4.9837755122132483E+000                  7.4671296838418497E+000                  1.5389343998728693E-041                  7.5779999637428264E-001                  2.4480254673302523E-005                  2.2997552337104368E-001                  2.1025988500795552E-003                  6.1630907196949991E-004                  5.7221218635412179E-003                  1.2718648985637719E-003                  2.4871053158459647E-003                  8.8197129106041691E-023                  0.0000000000000000E+000                  0.0000000000000000E+000 
                                     301                  1.0499818685870916E+000                  1.0411730630292898E-001                  4.9897638858552140E+000                  7.4710883936894232E+000                  1.6358814555647241E-041                  7.5779999637428264E-001                  2.4480254673302523E-005                  2.2997552337104368E-001                  2.1025988500795552E-003                  6.1630907196949991E-004                  5.7221218635412179E-003                  1.2718648985637719E-003                  2.4871053158459647E-003                  9.0596109667677607E-023                  0.0000000000000000E+000                  0.0000000000000000E+000 
                                     302                  1.0499811293656718E+000                  1.0397195930475160E-001                  4.9957328388804090E+000                  7.4751101407249374E+000                  1.7386609155828402E-041                  7.5779999637428264E-001                  2.4480254673302523E-005                  2.2997552337104368E-001                  2.1025988500795552E-003                  6.1630907196949991E-004                  5.7221218635412179E-003                  1.2718648985637719E-003                  2.4871053158459647E-003                  9.3046844147396173E-023                  0.0000000000000000E+000                  0.0000000000000000E+000 
                                     303                  1.0499803639966159E+000                  1.0382521074027731E-001                  5.0016856660445139E+000                  7.4791940191994959E+000                  1.8476096675555208E-041                  7.5779999637428264E-001                  2.4480254673302523E-005                  2.2997552337104368E-001                  2.1025988500795552E-003                  6.1630907196949991E-004                  5.7221218635412179E-003                  1.2718648985637719E-003                  2.4871053158459647E-003                  9.5550222722693696E-023                  0.0000000000000000E+000                  0.0000000000000000E+000 
                                     304                  1.0499795715627287E+000                  1.0367702541187312E-001                  5.0076254608425748E+000                  7.4833391322748053E+000                  1.9630834254970603E-041                  7.5779999637428264E-001                  2.4480254673302523E-005                  2.2997552337104368E-001                  2.1025988500795552E-003                  6.1630907196949991E-004                  5.7221218635412179E-003                  1.2718648985637719E-003                  2.4871053158459647E-003                  9.8107151542141066E-023                  0.0000000000000000E+000                  0.0000000000000000E+000 
                                     305                  1.0499787511149574E+000                  1.0352736765156410E-001                  5.0135551073244233E+000                  7.4875445915516847E+000                  2.0854577592683685E-041                  7.5779999637428264E-001                  2.4480254673302523E-005                  2.2997552337104368E-001                  2.1025988500795552E-003                  6.1630907196949991E-004                  5.7221218635412179E-003                  1.2718648985637719E-003                  2.4871053158459647E-003                  1.0071855327355819E-022                  0.0000000000000000E+000                  0.0000000000000000E+000 
                                     306                  1.0499779016712996E+000                  1.0337620130646651E-001                  5.0194772767547073E+000                  7.4918094453151287E+000                  2.2151295431899605E-041                  7.5779999637428264E-001                  2.4480254673302523E-005                  2.2997552337104368E-001                  2.1025988500795552E-003                  6.1630907196949991E-004                  5.7221218635412179E-003                  1.2718648985637719E-003                  2.4871053158459647E-003                  1.0338538498281417E-022                  0.0000000000000000E+000                  0.0000000000000000E+000 
                                     307                  1.0499770222156728E+000                  1.0322348974933106E-001                  5.0253944356347953E+000                  7.4961326883599648E+000                  2.3525181572307802E-041                  7.5779999637428264E-001                  2.4480254673302523E-005                  2.2997552337104368E-001                  2.1025988500795552E-003                  6.1630907196949991E-004                  5.7221218635412179E-003                  1.2718648985637719E-003                  2.4871053158459647E-003                  1.0610863845969239E-022                  0.0000000000000000E+000                  0.0000000000000000E+000 
                                     308                  1.0499761116967448E+000                  1.0306919588677550E-001                  5.0313088478319035E+000                  7.5005133385585179E+000                  2.4980663660072446E-041                  7.5779999637428264E-001                  2.4480254673302523E-005                  2.2997552337104368E-001                  2.1025988500795552E-003                  6.1630907196949991E-004                  5.7221218635412179E-003                  1.2718648985637719E-003                  2.4871053158459647E-003                  1.0888932322106187E-022                  0.0000000000000000E+000                  0.0000000000000000E+000 
                                     309                  1.0499751690267281E+000                  1.0291328214110484E-001                  5.0372225744015156E+000                  7.5049503545520926E+000                  2.6522420893129330E-041                  7.5779999637428264E-001                  2.4480254673302523E-005                  2.2997552337104368E-001                  2.1025988500795552E-003                  6.1630907196949991E-004                  5.7221218635412179E-003                  1.2718648985637719E-003                  2.4871053158459647E-003                  1.1172848831549992E-022                  0.0000000000000000E+000                  0.0000000000000000E+000 
                                     310                  1.0499741930801296E+000                  1.0275571046168362E-001                  5.0431374777840432E+000                  7.5094426011694919E+000                  2.8155401157655906E-041                  7.5779999637428264E-001                  2.4480254673302523E-005                  2.2997552337104368E-001                  2.1025988500795552E-003                  6.1630907196949991E-004                  5.7221218635412179E-003                  1.2718648985637719E-003                  2.4871053158459647E-003                  1.1462723465551111E-022                  0.0000000000000000E+000                  0.0000000000000000E+000 
                                     311                  1.0499731826924623E+000                  1.0259644235026821E-001                  5.0490552283871892E+000                  7.5139889341915183E+000                  2.9884831765071489E-041                  7.5779999637428264E-001                  2.4480254673302523E-005                  2.2997552337104368E-001                  2.1025988500795552E-003                  6.1630907196949991E-004                  5.7221218635412179E-003                  1.2718648985637719E-003                  2.4871053158459647E-003                  1.1758669595855264E-022                  0.0000000000000000E+000                  0.0000000000000000E+000 
                                     312                  1.0499721366589090E+000                  1.0243543885696714E-001                  5.0549773118020944E+000                  7.5185881955740568E+000                  3.1716235756362905E-041                  7.5779999637428264E-001                  2.4480254673302523E-005                  2.2997552337104368E-001                  2.1025988500795552E-003                  6.1630907196949991E-004                  5.7221218635412179E-003                  1.2718648985637719E-003                  2.4871053158459647E-003                  1.2060804173695099E-022                  0.0000000000000000E+000                  0.0000000000000000E+000 
                                     313                  1.0499710537329445E+000                  1.0227266057844053E-001                  5.0609050332342846E+000                  7.5232391330331430E+000                  3.3655455122638429E-041                  7.5779999637428264E-001                  2.4480254673302523E-005                  2.2997552337104368E-001                  2.1025988500795552E-003                  6.1630907196949991E-004                  5.7221218635412179E-003                  1.2718648985637719E-003                  2.4871053158459647E-003                  1.2369250255332782E-022                  0.0000000000000000E+000                  0.0000000000000000E+000 
                                     314                  1.0499699326249095E+000                  1.0210806768715382E-001                  5.0668395223510885E+000                  7.5279404386151976E+000                  3.5708667542266477E-041                  7.5779999637428264E-001                  2.4480254673302523E-005                  2.2997552337104368E-001                  2.1025988500795552E-003                  6.1630907196949991E-004                  5.7221218635412179E-003                  1.2718648985637719E-003                  2.4871053158459647E-003                  1.2684136341287973E-022                  0.0000000000000000E+000                  0.0000000000000000E+000 
                                     315                  1.0499687720005366E+000                  1.0194161994817767E-001                  5.0727817455475472E+000                  7.5326908230007650E+000                  3.7882400262467381E-041                  7.5779999637428264E-001                  2.4480254673302523E-005                  2.2997552337104368E-001                  2.1025988500795552E-003                  6.1630907196949991E-004                  5.7221218635412179E-003                  1.2718648985637719E-003                  2.4871053158459647E-003                  1.3005594471168514E-022                  0.0000000000000000E+000                  0.0000000000000000E+000 
                                     316                  1.0499675704794276E+000                  1.0177327670880794E-001                  5.0787325160699606E+000                  7.5374889342773042E+000                  4.0183557383575198E-041                  7.5779999637428264E-001                  2.4480254673302523E-005                  2.2997552337104368E-001                  2.1025988500795552E-003                  6.1630907196949991E-004                  5.7221218635412179E-003                  1.2718648985637719E-003                  2.4871053158459647E-003                  1.3333762880241050E-022                  0.0000000000000000E+000                  0.0000000000000000E+000 
                                     317                  1.0499663266334787E+000                  1.0160299692009458E-001                  5.0846924968297849E+000                  7.5423333514448379E+000                  4.2619443649328705E-041                  7.5779999637428264E-001                  2.4480254673302523E-005                  2.2997552337104368E-001                  2.1025988500795552E-003                  6.1630907196949991E-004                  5.7221218635412179E-003                  1.2718648985637719E-003                  2.4871053158459647E-003                  1.3668786633426081E-022                  0.0000000000000000E+000                  0.0000000000000000E+000 
                                     318                  1.0499650389852540E+000                  1.0143073916285228E-001                  5.0906622121564595E+000                  7.5472226648566014E+000                  4.5197781014056325E-041                  7.5779999637428264E-001                  2.4480254673302523E-005                  2.2997552337104368E-001                  2.1025988500795552E-003                  6.1630907196949991E-004                  5.7221218635412179E-003                  1.2718648985637719E-003                  2.4871053158459647E-003                  1.4010815445279504E-022                  0.0000000000000000E+000                  0.0000000000000000E+000 
                                     319                  1.0499637060063032E+000                  1.0125646164354973E-001                  5.0966420633325802E+000                  7.5521554481473592E+000                  4.7926735892885968E-041                  7.5779999637428264E-001                  2.4480254673302523E-005                  2.2997552337104368E-001                  2.1025988500795552E-003                  6.1630907196949991E-004                  5.7221218635412179E-003                  1.2718648985637719E-003                  2.4871053158459647E-003                  1.4360004799426502E-022                  0.0000000000000000E+000                  0.0000000000000000E+000 
                                     320                  1.0499623261154238E+000                  1.0108012220196133E-001                  5.1026323337421742E+000                  7.5571302255090895E+000                  5.0814949490759231E-041                  7.5779999637428264E-001                  2.4480254673302523E-005                  2.2997552337104368E-001                  2.1025988500795552E-003                  6.1630907196949991E-004                  5.7221218635412179E-003                  1.2718648985637719E-003                  2.4871053158459647E-003                  1.4716517372696896E-022                  0.0000000000000000E+000                  0.0000000000000000E+000 
                                     321                  1.0499608976768662E+000                  1.0090167833331744E-001                  5.1086331965336571E+000                  7.5621455149070149E+000                  5.3871561798388524E-041                  7.5779999637428264E-001                  2.4480254673302523E-005                  2.2997552337104368E-001                  2.1025988500795552E-003                  6.1630907196949991E-004                  5.7221218635412179E-003                  1.2718648985637719E-003                  2.4871053158459647E-003                  1.5080521948274870E-022                  0.0000000000000000E+000                  0.0000000000000000E+000 
                                     322                  1.0499594189984758E+000                  1.0072108719438941E-001                  5.1146447312556296E+000                  7.5671998507336440E+000                  5.7106238333887542E-041                  7.5779999637428264E-001                  2.4480254673302523E-005                  2.2997552337104368E-001                  2.1025988500795552E-003                  6.1630907196949991E-004                  5.7221218635412179E-003                  1.2718648985637719E-003                  2.4871053158459647E-003                  1.5452192864480569E-022                  0.0000000000000000E+000                  0.0000000000000000E+000 
                                     323                  1.0499578883297760E+000                  1.0053830560094698E-001                  5.1206669337128163E+000                  7.5722917503086560E+000                  6.0529205517831473E-041                  7.5779999637428264E-001                  2.4480254673302523E-005                  2.2997552337104368E-001                  2.1025988500795552E-003                  6.1630907196949991E-004                  5.7221218635412179E-003                  1.2718648985637719E-003                  2.4871053158459647E-003                  1.5831711455258361E-022                  0.0000000000000000E+000                  0.0000000000000000E+000 
                                     324                  1.0499563038599864E+000                  1.0035329003984242E-001                  5.1266997203233560E+000                  7.5774197251957549E+000                  6.4151282957905670E-041                  7.5779999637428264E-001                  2.4480254673302523E-005                  2.2997552337104368E-001                  2.1025988500795552E-003                  6.1630907196949991E-004                  5.7221218635412179E-003                  1.2718648985637719E-003                  2.4871053158459647E-003                  1.6219265968108591E-022                  0.0000000000000000E+000                  0.0000000000000000E+000 
                                     325                  1.0499546637159742E+000                  1.0016599667744894E-001                  5.1327429422837856E+000                  7.5825823152436334E+000                  6.7983913789636157E-041                  7.5779999637428264E-001                  2.4480254673302523E-005                  2.2997552337104368E-001                  2.1025988500795552E-003                  6.1630907196949991E-004                  5.7221218635412179E-003                  1.2718648985637719E-003                  2.4871053158459647E-003                  1.6615050543645260E-022                  0.0000000000000000E+000                  0.0000000000000000E+000 
                                     326                  1.0499529659601379E+000                  9.9976381354213786E-002                  5.1387963985126044E+000                  7.5877780743064047E+000                  7.2039203360544228E-041                  7.5779999637428264E-001                  2.4480254673302523E-005                  2.2997552337104368E-001                  2.1025988500795552E-003                  6.1630907196949991E-004                  5.7221218635412179E-003                  1.2718648985637719E-003                  2.4871053158459647E-003                  1.7019265951544217E-022                  0.0000000000000000E+000                  0.0000000000000000E+000 
                                     327                  1.0499512085882181E+000                  9.9784399585604630E-002                  5.1448598395926988E+000                  7.5930055683462143E+000                  7.6329958719962024E-041                  7.5779999637428264E-001                  2.4480254673302523E-005                  2.2997552337104368E-001                  2.1025988500795552E-003                  6.1630907196949991E-004                  5.7221218635412179E-003                  1.2718648985637719E-003                  2.4871053158459647E-003                  1.7432119905207423E-022                  0.0000000000000000E+000                  0.0000000000000000E+000 
                                     328                  1.0499493895270386E+000                  9.9590006564363162E-002                  5.1509329781864022E+000                  7.5982633939856470E+000                  8.0869726794600772E-041                  7.5779999637428264E-001                  2.4480254673302523E-005                  2.2997552337104368E-001                  2.1025988500795552E-003                  6.1630907196949991E-004                  5.7221218635412179E-003                  1.2718648985637719E-003                  2.4871053158459647E-003                  1.7853826531063818E-022                  0.0000000000000000E+000                  0.0000000000000000E+000 
                                     329                  1.0499475066321700E+000                  9.9393157154863090E-002                  5.1570155023891644E+000                  7.6035501841717288E+000                  8.5672836430242616E-041                  7.5779999637428264E-001                  2.4480254673302523E-005                  2.2997552337104368E-001                  2.1025988500795552E-003                  6.1630907196949991E-004                  5.7221218635412179E-003                  1.2718648985637719E-003                  2.4871053158459647E-003                  1.8284606291526308E-022                  0.0000000000000000E+000                  0.0000000000000000E+000 
                                     330                  1.0499455576855161E+000                  9.9193805884849107E-002                  5.1631070812051387E+000                  7.6088646068426531E+000                  9.0754444020710476E-041                  7.5779999637428264E-001                  2.4480254673302523E-005                  2.2997552337104368E-001                  2.1025988500795552E-003                  6.1630907196949991E-004                  5.7221218635412179E-003                  1.2718648985637719E-003                  2.4871053158459647E-003                  1.8724686183782677E-022                  0.0000000000000000E+000                  0.0000000000000000E+000 
                                     331                  1.0499435403928208E+000                  9.8991906937584959E-002                  5.1692073712513089E+000                  7.6142053674707686E+000                  9.6130581004846783E-041                  7.5779999637428264E-001                  2.4480254673302523E-005                  2.2997552337104368E-001                  2.1025988500795552E-003                  6.1630907196949991E-004                  5.7221218635412179E-003                  1.2718648985637719E-003                  2.4871053158459647E-003                  1.9174299774210728E-022                  0.0000000000000000E+000                  0.0000000000000000E+000 
                                     332                  1.0499414523810910E+000                  9.8787414142599103E-002                  5.1753160281779813E+000                  7.6195712185740900E+000                  1.0181820230815643E-040                  7.5779999637428264E-001                  2.4480254673302523E-005                  2.2997552337104368E-001                  2.1025988500795552E-003                  6.1630907196949991E-004                  5.7221218635412179E-003                  1.2718648985637719E-003                  2.4871053158459647E-003                  1.9633686893200001E-022                  0.0000000000000000E+000                  0.0000000000000000E+000 
                                     333                  1.0499392911959349E+000                  9.8580280961577504E-002                  5.1814327134931526E+000                  7.6249609670038918E+000                  1.0783523745839047E-040                  7.5779999637428264E-001                  2.4480254673302523E-005                  2.2997552337104368E-001                  2.1025988500795552E-003                  6.1630907196949991E-004                  5.7221218635412179E-003                  1.2718648985637719E-003                  2.4871053158459647E-003                  2.0103093372778315E-022                  0.0000000000000000E+000                  0.0000000000000000E+000 
                                     334                  1.0499370542988125E+000                  9.8370460470083493E-002                  5.1875570981349890E+000                  7.6303734696680099E+000                  1.1420064705779009E-040                  7.5779999637428264E-001                  2.4480254673302523E-005                  2.2997552337104368E-001                  2.1025988500795552E-003                  6.1630907196949991E-004                  5.7221218635412179E-003                  1.2718648985637719E-003                  2.4871053158459647E-003                  2.0582771294059106E-022                  0.0000000000000000E+000                  0.0000000000000000E+000 
                                     335                  1.0499347390641942E+000                  9.8157905340435378E-002                  5.1936888690313943E+000                  7.6358076316434857E+000                  1.2093448202302569E-040                  7.5779999637428264E-001                  2.4480254673302523E-005                  2.2997552337104368E-001                  2.1025988500795552E-003                  6.1630907196949991E-004                  5.7221218635412179E-003                  1.2718648985637719E-003                  2.4871053158459647E-003                  2.1072979142124481E-022                  0.0000000000000000E+000                  0.0000000000000000E+000 
                                     336                  1.0499323427766252E+000                  9.7942567824653090E-002                  5.1998277343983164E+000                  7.6412624201398573E+000                  1.2805794154588016E-040                  7.5779999637428264E-001                  2.4480254673302523E-005                  2.2997552337104368E-001                  2.1025988500795552E-003                  6.1630907196949991E-004                  5.7221218635412179E-003                  1.2718648985637719E-003                  2.4871053158459647E-003                  2.1573981155178012E-022                  0.0000000000000000E+000                  0.0000000000000000E+000 
                                     337                  1.0499298626276947E+000                  9.7724399729521003E-002                  5.2059734254252827E+000                  7.6467368618823821E+000                  1.3559343824595979E-040                  7.5779999637428264E-001                  2.4480254673302523E-005                  2.2997552337104368E-001                  2.1025988500795552E-003                  6.1630907196949991E-004                  5.7221218635412179E-003                  1.2718648985637719E-003                  2.4871053158459647E-003                  2.2086047440223967E-022                  0.0000000000000000E+000                  0.0000000000000000E+000 
                                     338                  1.0499272957129031E+000                  9.7503352391588041E-002                  5.2121256963107561E+000                  7.6522300276570787E+000                  1.4356467126377739E-040                  7.5779999637428264E-001                  2.4480254673302523E-005                  2.2997552337104368E-001                  2.1025988500795552E-003                  6.1630907196949991E-004                  5.7221218635412179E-003                  1.2718648985637719E-003                  2.4871053158459647E-003                  2.2609454786400493E-022                  0.0000000000000000E+000                  0.0000000000000000E+000 
                                     339                  1.0499246390284258E+000                  9.7279376658747085E-002                  5.2182843239527736E+000                  7.6577410421619136E+000                  1.5199669585264727E-040                  7.5779999637428264E-001                  2.4480254673302523E-005                  2.2997552337104368E-001                  2.1025988500795552E-003                  6.1630907196949991E-004                  5.7221218635412179E-003                  1.2718648985637719E-003                  2.4871053158459647E-003                  2.3144486194485521E-022                  0.0000000000000000E+000                  0.0000000000000000E+000 
                                     340                  1.0499218894677722E+000                  9.7052422865721813E-002                  5.2244491081941211E+000                  7.6632690856607493E+000                  1.6091599881775894E-040                  7.5779999637428264E-001                  2.4480254673302523E-005                  2.2997552337104368E-001                  2.1025988500795552E-003                  6.1630907196949991E-004                  5.7221218635412179E-003                  1.2718648985637719E-003                  2.4871053158459647E-003                  2.3691430785484501E-022                  0.0000000000000000E+000                  0.0000000000000000E+000 
                                     341                  1.0499190438183310E+000                  9.6822440807328575E-002                  5.2306198683611544E+000                  7.6688133757659438E+000                  1.7035058559441857E-040                  7.5779999637428264E-001                  2.4480254673302523E-005                  2.2997552337104368E-001                  2.1025988500795552E-003                  6.1630907196949991E-004                  5.7221218635412179E-003                  1.2718648985637719E-003                  2.4871053158459647E-003                  2.4250584832293749E-022                  0.0000000000000000E+000                  0.0000000000000000E+000 
                                     342                  1.0499160987578058E+000                  9.6589379720030191E-002                  5.2367964377023641E+000                  7.6743731659743357E+000                  1.8033006707451098E-040                  7.5779999637428264E-001                  2.4480254673302523E-005                  2.2997552337104368E-001                  2.1025988500795552E-003                  6.1630907196949991E-004                  5.7221218635412179E-003                  1.2718648985637719E-003                  2.4871053158459647E-003                  2.4822251941308733E-022                  0.0000000000000000E+000                  0.0000000000000000E+000 
                                     343                  1.0499130508505299E+000                  9.6353188263378076E-002                  5.2429786614690759E+000                  7.6799477496023369E+000                  1.9088574902526386E-040                  7.5779999637428264E-001                  2.4480254673302523E-005                  2.2997552337104368E-001                  2.1025988500795552E-003                  6.1630907196949991E-004                  5.7221218635412179E-003                  1.2718648985637719E-003                  2.4871053158459647E-003                  2.5406742916385265E-022                  0.0000000000000000E+000                  0.0000000000000000E+000 
                                     344                  1.0499098965436615E+000                  9.6113814498376929E-002                  5.2491663946472560E+000                  7.6855364479144166E+000                  2.0205073331958842E-040                  7.5779999637428264E-001                  2.4480254673302523E-005                  2.2997552337104368E-001                  2.1025988500795552E-003                  6.1630907196949991E-004                  5.7221218635412179E-003                  1.2718648985637719E-003                  2.4871053158459647E-003                  2.6004376566311397E-022                  0.0000000000000000E+000                  0.0000000000000000E+000 
                                     345                  1.0499066321632555E+000                  9.5871205871376999E-002                  5.2553594970409074E+000                  7.6911386031024511E+000                  2.1386002388516840E-040                  7.5779999637428264E-001                  2.4480254673302523E-005                  2.2997552337104368E-001                  2.1025988500795552E-003                  6.1630907196949991E-004                  5.7221218635412179E-003                  1.2718648985637719E-003                  2.4871053158459647E-003                  2.6615480298970823E-022                  0.0000000000000000E+000                  0.0000000000000000E+000 
                                     346                  1.0499032539102020E+000                  9.5625309201227471E-002                  5.2615578306977415E+000                  7.6967535828681708E+000                  2.2635063358398257E-040                  7.5779999637428264E-001                  2.4480254673302523E-005                  2.2997552337104368E-001                  2.1025988500795552E-003                  6.1630907196949991E-004                  5.7221218635412179E-003                  1.2718648985637719E-003                  2.4871053158459647E-003                  2.7240390030132696E-022                  0.0000000000000000E+000                  0.0000000000000000E+000 
                                     347                  1.0498997578560370E+000                  9.5376070663318019E-002                  5.2677612597980934E+000                  7.7023807750070432E+000                  2.3956170201940971E-040                  7.5779999637428264E-001                  2.4480254673302523E-005                  2.2997552337104368E-001                  2.1025988500795552E-003                  6.1630907196949991E-004                  5.7221218635412179E-003                  1.2718648985637719E-003                  2.4871053158459647E-003                  2.7879450717792653E-022                  0.0000000000000000E+000                  0.0000000000000000E+000 
                                     348                  1.0498961399386113E+000                  9.5123435776081483E-002                  5.2739696502302964E+000                  7.7080195815233425E+000                  2.5353462109564011E-040                  7.5779999637428264E-001                  2.4480254673302523E-005                  2.2997552337104368E-001                  2.1025988500795552E-003                  6.1630907196949991E-004                  5.7221218635412179E-003                  1.2718648985637719E-003                  2.4871053158459647E-003                  2.8533016976328284E-022                  0.0000000000000000E+000                  0.0000000000000000E+000 
                                     349                  1.0498923959576225E+000                  9.4867349390457142E-002                  5.2801828694090887E+000                  7.7136694255069989E+000                  2.6831316088385141E-040                  7.5779999637428264E-001                  2.4480254673302523E-005                  2.2997552337104368E-001                  2.1025988500795552E-003                  6.1630907196949991E-004                  5.7221218635412179E-003                  1.2718648985637719E-003                  2.4871053158459647E-003                  2.9201452867746729E-022                  0.0000000000000000E+000                  0.0000000000000000E+000 
                                     350                  1.0498885215699956E+000                  9.4607755674942687E-002                  5.2864007869832710E+000                  7.7193297493381081E+000                  2.8394360720691605E-040                  7.5779999637428264E-001                  2.4480254673302523E-005                  2.2997552337104368E-001                  2.1025988500795552E-003                  6.1630907196949991E-004                  5.7221218635412179E-003                  1.2718648985637719E-003                  2.4871053158459647E-003                  2.9885132248150305E-022                  0.0000000000000000E+000                  0.0000000000000000E+000 
                                     351                  1.0498845122851173E+000                  9.4344598101134075E-002                  5.2926232770186710E+000                  7.7250000090865436E+000                  3.0047490997238294E-040                  7.5779999637428264E-001                  2.4480254673302523E-005                  2.2997552337104368E-001                  2.1025988500795552E-003                  6.1630907196949991E-004                  5.7221218635412179E-003                  1.2718648985637719E-003                  2.4871053158459647E-003                  3.0584439410948647E-022                  0.0000000000000000E+000                  0.0000000000000000E+000 
                                     352                  1.0498803634599141E+000                  9.4077819432149185E-002                  5.2988502201819960E+000                  7.7306796833544089E+000                  3.1795883052702318E-040                  7.5779999637428264E-001                  2.4480254673302523E-005                  2.2997552337104368E-001                  2.1025988500795552E-003                  6.1630907196949991E-004                  5.7221218635412179E-003                  1.2718648985637719E-003                  2.4871053158459647E-003                  3.1299768715074061E-022                  0.0000000000000000E+000                  0.0000000000000000E+000 
                                     353                  1.0498760702937688E+000                  9.3807361705195491E-002                  5.3050815046541500E+000                  7.7363682742952582E+000                  6.4164576483332789E-040                  7.5779999637428264E-001                  2.4480254673302523E-005                  2.2997552337104368E-001                  2.1025988500795552E-003                  6.1630907196949991E-004                  5.7221218635412179E-003                  1.2718648985637719E-003                  2.4871053158459647E-003                  3.8055681124631358E-022                  0.0000000000000000E+000                  0.0000000000000000E+000 
                                     354                  1.0498716278232731E+000                  9.3533166212745197E-002                  5.3113170277273873E+000                  7.7420653004793412E+000                  1.8265449322608773E-039                  7.5779999637428264E-001                  2.4480254673302523E-005                  2.2997552337104368E-001                  2.1025988500795552E-003                  6.1630907196949991E-004                  5.7221218635412179E-003                  1.2718648985637719E-003                  2.4871053158459647E-003                  5.0718423906804738E-022                  0.0000000000000000E+000                  0.0000000000000000E+000 
                                     355                  1.0498670309168086E+000                  9.3255173487445067E-002                  5.3175566976857427E+000                  7.7477703034437297E+000                  5.1780401683465726E-039                  7.5779999637428264E-001                  2.4480254673302523E-005                  2.2997552337104368E-001                  2.1025988500795552E-003                  6.1630907196949991E-004                  5.7221218635412179E-003                  1.2718648985637719E-003                  2.4871053158459647E-003                  6.7517093300704866E-022                  0.0000000000000000E+000                  0.0000000000000000E+000 
                                     356                  1.0498622742689525E+000                  9.2973323282220743E-002                  5.3238004345945154E+000                  7.7534828512924561E+000                  1.4618444907206158E-038                  7.5779999637428264E-001                  2.4480254673302523E-005                  2.2997552337104368E-001                  2.1025988500795552E-003                  6.1630907196949991E-004                  5.7221218635412179E-003                  1.2718648985637719E-003                  2.4871053158459647E-003                  8.9776801180816605E-022                  0.0000000000000000E+000                  0.0000000000000000E+000 
                                     357                  1.0498573523947006E+000                  9.2687554547131124E-002                  5.3300481703937193E+000                  7.7592025312150250E+000                  4.1099778531579747E-038                  7.5779999637428264E-001                  2.4480254673302523E-005                  2.2997552337104368E-001                  2.1025988500795552E-003                  6.1630907196949991E-004                  5.7221218635412179E-003                  1.2718648985637719E-003                  2.4871053158459647E-003                  1.1923885749611947E-021                  0.0000000000000000E+000                  0.0000000000000000E+000 
                                     358                  1.0498522596235029E+000                  9.2397805410126835E-002                  5.3362998487769424E+000                  7.7649289504413357E+000                  1.1507546388348203E-037                  7.5779999637428264E-001                  2.4480254673302523E-005                  2.2997552337104368E-001                  2.1025988500795552E-003                  6.1630907196949991E-004                  5.7221218635412179E-003                  1.2718648985637719E-003                  2.4871053158459647E-003                  1.5818885121313649E-021                  0.0000000000000000E+000                  0.0000000000000000E+000 
                                     359                  1.0498469900931069E+000                  9.2104013156373080E-002                  5.3425554252055418E+000                  7.7706617409802643E+000                  3.2087394403530247E-037                  7.5779999637428264E-001                  2.4480254673302523E-005                  2.2997552337104368E-001                  2.1025988500795552E-003                  6.1630907196949991E-004                  5.7221218635412179E-003                  1.2718648985637719E-003                  2.4871053158459647E-003                  2.0962333552904490E-021                  0.0000000000000000E+000                  0.0000000000000000E+000 
                                     360                  1.0498415377432015E+000                  9.1806114203449210E-002                  5.3488148662613586E+000                  7.7764005538980800E+000                  8.9104295916487885E-037                  7.5779999637428264E-001                  2.4480254673302523E-005                  2.2997552337104368E-001                  2.1025988500795552E-003                  6.1630907196949991E-004                  5.7221218635412179E-003                  1.2718648985637719E-003                  2.4871053158459647E-003                  2.7746650476928101E-021                  0.0000000000000000E+000                  0.0000000000000000E+000 
                                     361                  1.0498358963088550E+000                  9.1504044079386199E-002                  5.3550781479446359E+000                  7.7821450557030358E+000                  2.4642242047791827E-036                  7.5779999637428264E-001                  2.4480254673302523E-005                  2.2997552337104368E-001                  2.1025988500795552E-003                  6.1630907196949991E-004                  5.7221218635412179E-003                  1.2718648985637719E-003                  2.4871053158459647E-003                  3.6685152984421428E-021                  0.0000000000000000E+000                  0.0000000000000000E+000 
                                     362                  1.0498300593137395E+000                  9.1197737402342050E-002                  5.3613452546616260E+000                  7.7878949321338204E+000                  6.7871025838179585E-036                  7.5779999637428264E-001                  2.4480254673302523E-005                  2.2997552337104368E-001                  2.1025988500795552E-003                  6.1630907196949991E-004                  5.7221218635412179E-003                  1.2718648985637719E-003                  2.4871053158459647E-003                  4.8448543686496122E-021                  0.0000000000000000E+000                  0.0000000000000000E+000 
                                     363                  1.0498240200631421E+000                  9.0887127856793024E-002                  5.3676161786199517E+000                  7.7936498849299847E+000                  1.8617319825513857E-035                  7.5779999637428264E-001                  2.4480254673302523E-005                  2.2997552337104368E-001                  2.1025988500795552E-003                  6.1630907196949991E-004                  5.7221218635412179E-003                  1.2718648985637719E-003                  2.4871053158459647E-003                  6.3912183064232561E-021                  0.0000000000000000E+000                  0.0000000000000000E+000 
                                     364                  1.0498177716367476E+000                  9.0572148171066846E-002                  5.3738909179250074E+000                  7.7994096265959341E+000                  5.0860968115155350E-035                  7.5779999637428264E-001                  2.4480254673302523E-005                  2.2997552337104368E-001                  2.1025988500795552E-003                  6.1630907196949991E-004                  5.7221218635412179E-003                  1.2718648985637719E-003                  2.4871053158459647E-003                  8.4217260696817114E-021                  0.0000000000000000E+000                  0.0000000000000000E+000 
                                     365                  1.0498113068811934E+000                  9.0252730097850772E-002                  5.3801694751025400E+000                  7.8051738827760593E+000                  1.3838636557368111E-034                  7.5779999637428264E-001                  2.4480254673302523E-005                  2.2997552337104368E-001                  2.1025988500795552E-003                  6.1630907196949991E-004                  5.7221218635412179E-003                  1.2718648985637719E-003                  2.4871053158459647E-003                  1.1084986481718079E-020                  0.0000000000000000E+000                  0.0000000000000000E+000 
                                     366                  1.0498046184023841E+000                  8.9928804392285844E-002                  5.3864518567413420E+000                  7.8109423910568712E+000                  3.7501613233619770E-034                  7.5779999637428264E-001                  2.4480254673302523E-005                  2.2997552337104368E-001                  2.1025988500795552E-003                  6.1630907196949991E-004                  5.7221218635412179E-003                  1.2718648985637719E-003                  2.4871053158459647E-003                  1.4574307882949894E-020                  0.0000000000000000E+000                  0.0000000000000000E+000 
                                     367                  1.0497976985575592E+000                  8.9600300790172629E-002                  5.3927380723579308E+000                  7.8167148965662365E+000                  1.0121884400656587E-033                  7.5779999637428264E-001                  2.4480254673302523E-005                  2.2997552337104368E-001                  2.1025988500795552E-003                  6.1630907196949991E-004                  5.7221218635412179E-003                  1.2718648985637719E-003                  2.4871053158459647E-003                  1.9140865972348428E-020                  0.0000000000000000E+000                  0.0000000000000000E+000 
                                     368                  1.0497905394471070E+000                  8.9267147988790985E-002                  5.3990281332897077E+000                  7.8224911534359878E+000                  2.7210382124124922E-033                  7.5779999637428264E-001                  2.4480254673302523E-005                  2.2997552337104368E-001                  2.1025988500795552E-003                  6.1630907196949991E-004                  5.7221218635412179E-003                  1.2718648985637719E-003                  2.4871053158459647E-003                  2.5110668075963846E-020                  0.0000000000000000E+000                  0.0000000000000000E+000 
                                     369                  1.0497831329061149E+000                  8.8929273626029190E-002                  5.4053220525217975E+000                  7.8282709246514299E+000                  7.2857903015360582E-033                  7.5779999637428264E-001                  2.4480254673302523E-005                  2.2997552337104368E-001                  2.1025988500795552E-003                  6.1630907196949991E-004                  5.7221218635412179E-003                  1.2718648985637719E-003                  2.4871053158459647E-003                  3.2906385331774160E-020                  0.0000000000000000E+000                  0.0000000000000000E+000 
                                     370                  1.0497754704956508E+000                  8.8586604258975937E-002                  5.4116198444284702E+000                  7.8340539789180088E+000                  1.9430977421639024E-032                  7.5779999637428264E-001                  2.4480254673302523E-005                  2.2997552337104368E-001                  2.1025988500795552E-003                  6.1630907196949991E-004                  5.7221218635412179E-003                  1.2718648985637719E-003                  2.4871053158459647E-003                  4.3075419229494777E-020                  0.0000000000000000E+000                  0.0000000000000000E+000 
                                     371                  1.0497675434937646E+000                  8.8239065344348139E-002                  5.4179215244417627E+000                  7.8398400918029241E+000                  5.1617342764070162E-032                  7.5779999637428264E-001                  2.4480254673302523E-005                  2.2997552337104368E-001                  2.1025988500795552E-003                  6.1630907196949991E-004                  5.7221218635412179E-003                  1.2718648985637719E-003                  2.4871053158459647E-003                  5.6325942563831260E-020                  0.0000000000000000E+000                  0.0000000000000000E+000 
                                     372                  1.0497593428862020E+000                  8.7886581217473392E-002                  5.4242271090641694E+000                  7.8456290464185985E+000                  1.3657990204270289E-031                  7.5779999637428264E-001                  2.4480254673302523E-005                  2.2997552337104368E-001                  2.1025988500795552E-003                  6.1630907196949991E-004                  5.7221218635412179E-003                  1.2718648985637719E-003                  2.4871053158459647E-003                  7.3573132348560264E-020                  0.0000000000000000E+000                  0.0000000000000000E+000 
                                     373                  1.0497508593568239E+000                  8.7529075070105392E-002                  5.4305366162331241E+000                  7.8514206311655421E+000                  3.5997751555690697E-031                  7.5779999637428264E-001                  2.4480254673302523E-005                  2.2997552337104368E-001                  2.1025988500795552E-003                  6.1630907196949991E-004                  5.7221218635412179E-003                  1.2718648985637719E-003                  2.4871053158459647E-003                  9.5998414733837676E-020                  0.0000000000000000E+000                  0.0000000000000000E+000 
                                     374                  1.0497420832777187E+000                  8.7166468929457869E-002                  5.4368500658300229E+000                  7.8572146407944858E+000                  9.4507998160646996E-031                  7.5779999637428264E-001                  2.4480254673302523E-005                  2.2997552337104368E-001                  2.1025988500795552E-003                  6.1630907196949991E-004                  5.7221218635412179E-003                  1.2718648985637719E-003                  2.4871053158459647E-003                  1.2512530339787198E-019                  0.0000000000000000E+000                  0.0000000000000000E+000 
                                     375                  1.0497330046990039E+000                  8.6798683635782400E-002                  5.4431674800087482E+000                  7.8630108777517851E+000                  2.4715751418277309E-030                  7.5779999637428264E-001                  2.4480254673302523E-005                  2.2997552337104368E-001                  2.1025988500795552E-003                  6.1630907196949991E-004                  5.7221218635412179E-003                  1.2718648985637719E-003                  2.4871053158459647E-003                  1.6291637757654140E-019                  0.0000000000000000E+000                  0.0000000000000000E+000 
                                     376                  1.0497236133383085E+000                  8.6425638818148701E-002                  5.4494888840177165E+000                  7.8688091508334264E+000                  6.4387069388711313E-030                  7.5779999637428264E-001                  2.4480254673302523E-005                  2.2997552337104368E-001                  2.1025988500795552E-003                  6.1630907196949991E-004                  5.7221218635412179E-003                  1.2718648985637719E-003                  2.4871053158459647E-003                  2.1189716825496626E-019                  0.0000000000000000E+000                  0.0000000000000000E+000 
                                     377                  1.0497138985699168E+000                  8.6047252870650653E-002                  5.4558143076669872E+000                  7.8746092751055938E+000                  1.6709012295323965E-029                  7.5779999637428264E-001                  2.4480254673302523E-005                  2.2997552337104368E-001                  2.1025988500795552E-003                  6.1630907196949991E-004                  5.7221218635412179E-003                  1.2718648985637719E-003                  2.4871053158459647E-003                  2.7531426289178776E-019                  0.0000000000000000E+000                  0.0000000000000000E+000 
                                     378                  1.0497038494136011E+000                  8.5663442927990177E-002                  5.4621437862579736E+000                  7.8804110769866753E+000                  4.3195478923045207E-029                  7.5779999637428264E-001                  2.4480254673302523E-005                  2.2997552337104368E-001                  2.1025988500795552E-003                  6.1630907196949991E-004                  5.7221218635412179E-003                  1.2718648985637719E-003                  2.4871053158459647E-003                  3.5733687151248809E-019                  0.0000000000000000E+000                  0.0000000000000000E+000 
                                     379                  1.0496934545230507E+000                  8.5274124835791845E-002                  5.4684773615382918E+000                  7.8862143915577461E+000                  1.1124219242533833E-028                  7.5779999637428264E-001                  2.4480254673302523E-005                  2.2997552337104368E-001                  2.1025988500795552E-003                  6.1630907196949991E-004                  5.7221218635412179E-003                  1.2718648985637719E-003                  2.4871053158459647E-003                  4.6331355436747326E-019                  0.0000000000000000E+000                  0.0000000000000000E+000 
                                     380                  1.0496827021739694E+000                  8.4879213122294739E-002                  5.4748150836413236E+000                  7.8920190634202783E+000                  2.8539954828112952E-028                  7.5779999637428264E-001                  2.4480254673302523E-005                  2.2997552337104368E-001                  2.1025988500795552E-003                  6.1630907196949991E-004                  5.7221218635412179E-003                  1.2718648985637719E-003                  2.4871053158459647E-003                  6.0009891224932059E-019                  0.0000000000000000E+000                  0.0000000000000000E+000 
                                     381                  1.0496715802517882E+000                  8.4478620968317847E-002                  5.4811570125096267E+000                  7.8978249510622662E+000                  7.2945565552431150E-028                  7.5779999637428264E-001                  2.4480254673302523E-005                  2.2997552337104368E-001                  2.1025988500795552E-003                  6.1630907196949991E-004                  5.7221218635412179E-003                  1.2718648985637719E-003                  2.4871053158459647E-003                  7.7646889346168090E-019                  0.0000000000000000E+000                  0.0000000000000000E+000 
                                     382                  1.0496600762389920E+000                  8.4072260172110752E-002                  5.4875032183684560E+000                  7.9036319255449099E+000                  1.8574460110375264E-027                  7.5779999637428264E-001                  2.4480254673302523E-005                  2.2997552337104368E-001                  2.1025988500795552E-003                  6.1630907196949991E-004                  5.7221218635412179E-003                  1.2718648985637719E-003                  2.4871053158459647E-003                  1.0036482533558770E-018                  0.0000000000000000E+000                  0.0000000000000000E+000 
                                     383                  1.0496481772020467E+000                  8.3660041114084038E-002                  5.4938537822005520E+000                  7.9094398682058022E+000                  4.7121111198276511E-027                  7.5779999637428264E-001                  2.4480254673302523E-005                  2.2997552337104368E-001                  2.1025988500795552E-003                  6.1630907196949991E-004                  5.7221218635412179E-003                  1.2718648985637719E-003                  2.4871053158459647E-003                  1.2959798538905088E-018                  0.0000000000000000E+000                  0.0000000000000000E+000 
                                     384                  1.0496358697779156E+000                  8.3241872722420493E-002                  5.5002087961045980E+000                  7.9152486745808499E+000                  1.1909892390435056E-026                  7.5779999637428264E-001                  2.4480254673302523E-005                  2.2997552337104368E-001                  2.1025988500795552E-003                  6.1630907196949991E-004                  5.7221218635412179E-003                  1.2718648985637719E-003                  2.4871053158459647E-003                  1.6717731511291066E-018                  0.0000000000000000E+000                  0.0000000000000000E+000 
                                     385                  1.0496231401601515E+000                  8.2817662433629924E-002                  5.5065683629882942E+000                  7.9210582532915028E+000                  2.9991941244600792E-026                  7.5779999637428264E-001                  2.4480254673302523E-005                  2.2997552337104368E-001                  2.1025988500795552E-003                  6.1630907196949991E-004                  5.7221218635412179E-003                  1.2718648985637719E-003                  2.4871053158459647E-003                  2.1543788608615395E-018                  0.0000000000000000E+000                  0.0000000000000000E+000 
                                     386                  1.0496099740845579E+000                  8.2387316152654530E-002                  5.5129325943956529E+000                  7.9268685203935769E+000                  7.5251905056918750E-026                  7.5779999637428264E-001                  2.4480254673302523E-005                  2.2997552337104368E-001                  2.1025988500795552E-003                  6.1630907196949991E-004                  5.7221218635412179E-003                  1.2718648985637719E-003                  2.4871053158459647E-003                  2.7735487400583835E-018                  0.0000000000000000E+000                  0.0000000000000000E+000 
                                     387                  1.0495963568144144E+000                  8.1950738217121913E-002                  5.5193016082122659E+000                  7.9326793997962382E+000                  1.8813025512828987E-025                  7.5779999637428264E-001                  2.4480254673302523E-005                  2.2997552337104368E-001                  2.1025988500795552E-003                  6.1630907196949991E-004                  5.7221218635412179E-003                  1.2718648985637719E-003                  2.4871053158459647E-003                  3.5671545343597739E-018                  0.0000000000000000E+000                  0.0000000000000000E+000 
                                     388                  1.0495822731252455E+000                  8.1507831359990845E-002                  5.5256755276503036E+000                  7.9384908227330246E+000                  4.6864094766741865E-025                  7.5779999637428264E-001                  2.4480254673302523E-005                  2.2997552337104368E-001                  2.1025988500795552E-003                  6.1630907196949991E-004                  5.7221218635412179E-003                  1.2718648985637719E-003                  2.4871053158459647E-003                  4.5833591622316786E-018                  0.0000000000000000E+000                  0.0000000000000000E+000 
                                     389                  1.0495677072891152E+000                  8.1058496671489247E-002                  5.5320544783385754E+000                  7.9443027234268246E+000                  1.1632536747633172E-024                  7.5779999637428264E-001                  2.4480254673302523E-005                  2.2997552337104368E-001                  2.1025988500795552E-003                  6.1630907196949991E-004                  5.7221218635412179E-003                  1.2718648985637719E-003                  2.4871053158459647E-003                  5.8833562267663623E-018                  0.0000000000000000E+000                  0.0000000000000000E+000 
                                     390                  1.0495526430584348E+000                  8.0602633564340956E-002                  5.5384385849174684E+000                  7.9501150366681337E+000                  2.8772207929113893E-024                  7.5779999637428264E-001                  2.4480254673302523E-005                  2.2997552337104368E-001                  2.1025988500795552E-003                  6.1630907196949991E-004                  5.7221218635412179E-003                  1.2718648985637719E-003                  2.4871053158459647E-003                  7.5448233217138626E-018                  0.0000000000000000E+000                  0.0000000000000000E+000 
                                     391                  1.0495370636492671E+000                  8.0140139740599012E-002                  5.5448279697873266E+000                  7.9559276970483879E+000                  7.0916650420593846E-024                  7.5779999637428264E-001                  2.4480254673302523E-005                  2.2997552337104368E-001                  2.1025988500795552E-003                  6.1630907196949991E-004                  5.7221218635412179E-003                  1.2718648985637719E-003                  2.4871053158459647E-003                  9.6662716435872155E-018                  0.0000000000000000E+000                  0.0000000000000000E+000 
                                     392                  1.0495209517241122E+000                  7.9670911158490468E-002                  5.5512227517817045E+000                  7.9617406382155513E+000                  1.7418505191193347E-023                  7.5779999637428264E-001                  2.4480254673302523E-005                  2.2997552337104368E-001                  2.1025988500795552E-003                  6.1630907196949991E-004                  5.7221218635412179E-003                  1.2718648985637719E-003                  2.4871053158459647E-003                  1.2372519191533531E-017                  0.0000000000000000E+000                  0.0000000000000000E+000 
                                     393                  1.0495042893741613E+000                  7.9194841999296300E-002                  5.5576230445480892E+000                  7.9675537909267904E+000                  4.2635574742470391E-023                  7.5779999637428264E-001                  2.4480254673302523E-005                  2.2997552337104368E-001                  2.1025988500795552E-003                  6.1630907196949991E-004                  5.7221218635412179E-003                  1.2718648985637719E-003                  2.4871053158459647E-003                  1.5821571308643434E-017                  0.0000000000000000E+000                  0.0000000000000000E+000 
                                     394                  1.0494870581010003E+000                  7.8711824635656374E-002                  5.5640289559337948E+000                  7.9733670821055780E+000                  1.0400216912392478E-022                  7.5779999637428264E-001                  2.4480254673302523E-005                  2.2997552337104368E-001                  2.1025988500795552E-003                  6.1630907196949991E-004                  5.7221218635412179E-003                  1.2718648985637719E-003                  2.4871053158459647E-003                  2.0213263025903174E-017                  0.0000000000000000E+000                  0.0000000000000000E+000 
                                     395                  1.0494692387977480E+000                  7.8221749600335122E-002                  5.5704405882352876E+000                  7.9791804361909042E+000                  2.5283182673188647E-022                  7.5779999637428264E-001                  2.4480254673302523E-005                  2.2997552337104368E-001                  2.1025988500795552E-003                  6.1630907196949991E-004                  5.7221218635412179E-003                  1.2718648985637719E-003                  2.4871053158459647E-003                  2.5800104768077061E-017                  0.0000000000000000E+000                  0.0000000000000000E+000 
                                     396                  1.0494508117296140E+000                  7.7724505552903958E-002                  5.5768580387775266E+000                  7.9849937749991655E+000                  6.1256167963919537E-022                  7.5779999637428264E-001                  2.4480254673302523E-005                  2.2997552337104368E-001                  2.1025988500795552E-003                  6.1630907196949991E-004                  5.7221218635412179E-003                  1.2718648985637719E-003                  2.4871053158459647E-003                  3.2900881213768356E-017                  0.0000000000000000E+000                  0.0000000000000000E+000 
                                     397                  1.0494317565138720E+000                  7.7219979245922402E-002                  5.5832814002536777E+000                  7.9908070167154372E+000                  1.4791286486512660E-021                  7.5779999637428264E-001                  2.4480254673302523E-005                  2.2997552337104368E-001                  2.1025988500795552E-003                  6.1630907196949991E-004                  5.7221218635412179E-003                  1.2718648985637719E-003                  2.4871053158459647E-003                  4.1917686749763798E-017                  0.0000000000000000E+000                  0.0000000000000000E+000 
                                     398                  1.0494120520992418E+000                  7.6708055491640670E-002                  5.5897107614617809E+000                  7.9966200772090286E+000                  3.5596647357663007E-021                  7.5779999637428264E-001                  2.4480254673302523E-005                  2.2997552337104368E-001                  2.1025988500795552E-003                  6.1630907196949991E-004                  5.7221218635412179E-003                  1.2718648985637719E-003                  2.4871053158459647E-003                  5.3357247832891126E-017                  0.0000000000000000E+000                  0.0000000000000000E+000 
                                     399                  1.0493916767446430E+000                  7.6188617126535393E-002                  5.5961462086769247E+000                  8.0024328714015542E+000                  8.5382331810848832E-021                  7.5779999637428264E-001                  2.4480254673302523E-005                  2.2997552337104368E-001                  2.1025988500795552E-003                  6.1630907196949991E-004                  5.7221218635412179E-003                  1.2718648985637719E-003                  2.4871053158459647E-003                  6.7857589244538612E-017                  0.0000000000000000E+000                  0.0000000000000000E+000 
                                     400                  1.0493706079973018E+000                  7.5661544973458797E-002                  5.6025878264735027E+000                  8.0082453133828313E+000                  2.0412267575199744E-020                  7.5779999637428264E-001                  2.4480254673302523E-005                  2.2997552337104368E-001                  2.1025988500795552E-003                  6.1630907196949991E-004                  5.7221218635412179E-003                  1.2718648985637719E-003                  2.4871053158459647E-003                  8.6221353731981852E-017                  0.0000000000000000E+000                  0.0000000000000000E+000 
                                     401                  1.0493488226701935E+000                  7.5126717802779810E-002                  5.6090356984005618E+000                  8.0140573171304190E+000                  4.8639290845587814E-020                  7.5779999637428264E-001                  2.4480254673302523E-005                  2.2997552337104368E-001                  2.1025988500795552E-003                  6.1630907196949991E-004                  5.7221218635412179E-003                  1.2718648985637719E-003                  2.4871053158459647E-003                  1.0945739996801422E-016                  0.0000000000000000E+000                  0.0000000000000000E+000 
                                     402                  1.0493262968187949E+000                  7.4584012291722457E-002                  5.6154899082498950E+000                  8.0198687977714354E+000                  1.1552189304449782E-019                  7.5779999637428264E-001                  2.4480254673302523E-005                  2.2997552337104368E-001                  2.1025988500795552E-003                  6.1630907196949991E-004                  5.7221218635412179E-003                  1.2718648985637719E-003                  2.4871053158459647E-003                  1.3883269499888037E-016                  0.0000000000000000E+000                  0.0000000000000000E+000 
                                     403                  1.0493030057171331E+000                  7.4033302981107552E-002                  5.6219505409169752E+000                  8.0256796723337107E+000                  2.7348326532906978E-019                  7.5779999637428264E-001                  2.4480254673302523E-005                  2.2997552337104368E-001                  2.1025988500795552E-003                  6.1630907196949991E-004                  5.7221218635412179E-003                  1.2718648985637719E-003                  2.4871053158459647E-003                  1.7593699334014880E-016                  0.0000000000000000E+000                  0.0000000000000000E+000 
                                     404                  1.0492789238331066E+000                  7.3474462229979415E-002                  5.6284176829510351E+000                  8.0314898599232070E+000                  6.4534942908829873E-019                  7.5779999637428264E-001                  2.4480254673302523E-005                  2.2997552337104368E-001                  2.1025988500795552E-003                  6.1630907196949991E-004                  5.7221218635412179E-003                  1.2718648985637719E-003                  2.4871053158459647E-003                  2.2276338717378415E-016                  0.0000000000000000E+000                  0.0000000000000000E+000 
                                     405                  1.0492540248030580E+000                  7.2907360168743204E-002                  5.6348914235913847E+000                  8.0372992824670622E+000                  1.5179769871030309E-018                  7.5779999637428264E-001                  2.4480254673302523E-005                  2.2997552337104368E-001                  2.1025988500795552E-003                  6.1630907196949991E-004                  5.7221218635412179E-003                  1.2718648985637719E-003                  2.4871053158459647E-003                  2.8180854629269143E-016                  0.0000000000000000E+000                  0.0000000000000000E+000 
                                     406                  1.0492282814055784E+000                  7.2331864649997538E-002                  5.6413718555559500E+000                  8.0431078655647656E+000                  3.5591803099156739E-018                  7.5779999637428264E-001                  2.4480254673302523E-005                  2.2997552337104368E-001                  2.1025988500795552E-003                  6.1630907196949991E-004                  5.7221218635412179E-003                  1.2718648985637719E-003                  2.4871053158459647E-003                  3.5619735860858572E-016                  0.0000000000000000E+000                  0.0000000000000000E+000 
                                     407                  1.0492016655345466E+000                  7.1747841196783818E-002                  5.6478590754876672E+000                  8.0489155378614328E+000                  8.3187468890893881E-018                  7.5779999637428264E-001                  2.4480254673302523E-005                  2.2997552337104368E-001                  2.1025988500795552E-003                  6.1630907196949991E-004                  5.7221218635412179E-003                  1.2718648985637719E-003                  2.4871053158459647E-003                  4.4983778834694023E-016                  0.0000000000000000E+000                  0.0000000000000000E+000 
                                     408                  1.0491741481713930E+000                  7.1155152950113904E-002                  5.6543531847754798E+000                  8.0547222310656306E+000                  1.9381959037785994E-017                  7.5779999637428264E-001                  2.4480254673302523E-005                  2.2997552337104368E-001                  2.1025988500795552E-003                  6.1630907196949991E-004                  5.7221218635412179E-003                  1.2718648985637719E-003                  2.4871053158459647E-003                  5.6761313745622078E-016                  0.0000000000000000E+000                  0.0000000000000000E+000 
                                     409                  1.0491456993565467E+000                  7.0553660614904840E-002                  5.6608542902486709E+000                  8.0605278817026704E+000                  4.5017168604232686E-017                  7.5779999637428264E-001                  2.4480254673302523E-005                  2.2997552337104368E-001                  2.1025988500795552E-003                  6.1630907196949991E-004                  5.7221218635412179E-003                  1.2718648985637719E-003                  2.4871053158459647E-003                  7.1562055768705458E-016                  0.0000000000000000E+000                  0.0000000000000000E+000 
                                     410                  1.0491162881600298E+000                  6.9943222401818717E-002                  5.6673625045777918E+000                  8.0663324310433335E+000                  1.0423378851569504E-016                  7.5779999637428264E-001                  2.4480254673302523E-005                  2.2997552337104368E-001                  2.1025988500795552E-003                  6.1630907196949991E-004                  5.7221218635412179E-003                  1.2718648985637719E-003                  2.4871053158459647E-003                  9.0146671743946935E-016                  0.0000000000000000E+000                  0.0000000000000000E+000 
                                     411                  1.0490858826511817E+000                  6.9323693967329750E-002                  5.6738779469972496E+000                  8.0721358246929977E+000                  2.4060133739723165E-016                  7.5779999637428264E-001                  2.4480254673302523E-005                  2.2997552337104368E-001                  2.1025988500795552E-003                  6.1630907196949991E-004                  5.7221218635412179E-003                  1.2718648985637719E-003                  2.4871053158459647E-003                  1.1346340645374032E-015                  0.0000000000000000E+000                  0.0000000000000000E+000 
                                     412                  1.0490544498674792E+000                  6.8694928352450141E-002                  5.6804007439825082E+000                  8.0779380147738653E+000                  5.5367676078039598E-016                  7.5779999637428264E-001                  2.4480254673302523E-005                  2.2997552337104368E-001                  2.1025988500795552E-003                  6.1630907196949991E-004                  5.7221218635412179E-003                  1.2718648985637719E-003                  2.4871053158459647E-003                  1.4269342033068348E-015                  0.0000000000000000E+000                  0.0000000000000000E+000 
                                     413                  1.0490219557824338E+000                  6.8056775916279483E-002                  5.6869310296249891E+000                  8.0837389598870644E+000                  1.2702615103352665E-015                  7.5779999637428264E-001                  2.4480254673302523E-005                  2.2997552337104368E-001                  2.1025988500795552E-003                  6.1630907196949991E-004                  5.7221218635412179E-003                  1.2718648985637719E-003                  2.4871053158459647E-003                  1.7930687072187533E-015                  0.0000000000000000E+000                  0.0000000000000000E+000 
                                     414                  1.0489883652725382E+000                  6.7409084267326988E-002                  5.6934689461301238E+000                  8.0895386239815981E+000                  2.9054853467109204E-015                  7.5779999637428264E-001                  2.4480254673302523E-005                  2.2997552337104368E-001                  2.1025988500795552E-003                  6.1630907196949991E-004                  5.7221218635412179E-003                  1.2718648985637719E-003                  2.4871053158459647E-003                  2.2513223623466873E-015                  0.0000000000000000E+000                  0.0000000000000000E+000 
                                     415                  1.0489536420832328E+000                  6.6751698194175507E-002                  5.7000146442933266E+000                  8.0953369784784037E+000                  6.6258768994478676E-015                  7.5779999637428264E-001                  2.4480254673302523E-005                  2.2997552337104368E-001                  2.1025988500795552E-003                  6.1630907196949991E-004                  5.7221218635412179E-003                  1.2718648985637719E-003                  2.4871053158459647E-003                  2.8244195064197744E-015                  0.0000000000000000E+000                  0.0000000000000000E+000 
                                     416                  1.0489177487938826E+000                  6.6084459590546152E-002                  5.7065682836456606E+000                  8.1011340015718769E+000                  1.5065302830125228E-014                  7.5779999637428264E-001                  2.4480254673302523E-005                  2.2997552337104368E-001                  2.1025988500795552E-003                  6.1630907196949991E-004                  5.7221218635412179E-003                  1.2718648985637719E-003                  2.4871053158459647E-003                  3.5405811199996129E-015                  0.0000000000000000E+000                  0.0000000000000000E+000 
                                     417                  1.0488806467817817E+000                  6.5407207378778462E-002                  5.7131300319925762E+000                  8.1069296754709725E+000                  3.4153338981235110E-014                  7.5779999637428264E-001                  2.4480254673302523E-005                  2.2997552337104368E-001                  2.1025988500795552E-003                  6.1630907196949991E-004                  5.7221218635412179E-003                  1.2718648985637719E-003                  2.4871053158459647E-003                  4.4348288207020583E-015                  0.0000000000000000E+000                  0.0000000000000000E+000 
                                     418                  1.0488422961851482E+000                  6.4719777434981890E-002                  5.7197000648516623E+000                  8.1127239876883035E+000                  7.7200562746885164E-014                  7.5779999637428264E-001                  2.4480254673302523E-005                  2.2997552337104368E-001                  2.1025988500795552E-003                  6.1630907196949991E-004                  5.7221218635412179E-003                  1.2718648985637719E-003                  2.4871053158459647E-003                  5.5505923244353820E-015                  0.0000000000000000E+000                  0.0000000000000000E+000 
                                     419                  1.0488026558650470E+000                  6.4022002509642920E-002                  5.7262785650879886E+000                  8.1185169309909941E+000                  1.7400076200670869E-013                  7.5779999637428264E-001                  2.4480254673302523E-005                  2.2997552337104368E-001                  2.1025988500795552E-003                  6.1630907196949991E-004                  5.7221218635412179E-003                  1.2718648985637719E-003                  2.4871053158459647E-003                  6.9416897694301058E-015                  0.0000000000000000E+000                  0.0000000000000000E+000 
                                     420                  1.0487616833662130E+000                  6.3313712145586148E-002                  5.7328657213646999E+000                  8.1243085006212379E+000                  3.9105399485694423E-013                  7.5779999637428264E-001                  2.4480254673302523E-005                  2.2997552337104368E-001                  2.1025988500795552E-003                  6.1630907196949991E-004                  5.7221218635412179E-003                  1.2718648985637719E-003                  2.4871053158459647E-003                  8.6747655316457527E-015                  0.0000000000000000E+000                  0.0000000000000000E+000 
                                     421                  1.0487193348767416E+000                  6.2594732597711866E-002                  5.7394617263734453E+000                  8.1300986937324993E+000                  8.7637245960611452E-013                  7.5779999637428264E-001                  2.4480254673302523E-005                  2.2997552337104368E-001                  2.1025988500795552E-003                  6.1630907196949991E-004                  5.7221218635412179E-003                  1.2718648985637719E-003                  2.4871053158459647E-003                  1.0832289179689529E-014                  0.0000000000000000E+000                  0.0000000000000000E+000 
                                     422                  1.0486755651866142E+000                  6.1864886751096970E-002                  5.7460667760391342E+000                  8.1358875091292813E+000                  1.9584777089242790E-012                  7.5779999637428264E-001                  2.4480254673302523E-005                  2.2997552337104368E-001                  2.1025988500795552E-003                  6.1630907196949991E-004                  5.7221218635412179E-003                  1.2718648985637719E-003                  2.4871053158459647E-003                  1.3516242644249195E-014                  0.0000000000000000E+000                  0.0000000000000000E+000 
                                     423                  1.0486303276450328E+000                  6.1123994036929197E-002                  5.7526810678226621E+000                  8.1416749456913671E+000                  4.3645338566449365E-012                  7.5779999637428264E-001                  2.4480254673302523E-005                  2.2997552337104368E-001                  2.1025988500795552E-003                  6.1630907196949991E-004                  5.7221218635412179E-003                  1.2718648985637719E-003                  2.4871053158459647E-003                  1.6852650018861057E-014                  0.0000000000000000E+000                  0.0000000000000000E+000 
                                     424                  1.0485835741165219E+000                  6.0371870348498106E-002                  5.7593047988133588E+000                  8.1474610003071692E+000                  9.6996854258045232E-012                  7.5779999637428264E-001                  2.4480254673302523E-005                  2.2997552337104368E-001                  2.1025988500795552E-003                  6.1630907196949991E-004                  5.7221218635412179E-003                  1.2718648985637719E-003                  2.4871053158459647E-003                  2.0997138832087460E-014                  0.0000000000000000E+000                  0.0000000000000000E+000 
                                     425                  1.0485352549357974E+000                  5.9608327958256192E-002                  5.7659381649783752E+000                  8.1532456666441497E+000                  2.1497550239408246E-011                  7.5779999637428264E-001                  2.4480254673302523E-005                  2.2997552337104368E-001                  2.1025988500795552E-003                  6.1630907196949991E-004                  5.7221218635412179E-003                  1.2718648985637719E-003                  2.4871053158459647E-003                  2.6141763816153528E-014                  0.0000000000000000E+000                  0.0000000000000000E+000 
                                     426                  1.0484853188614334E+000                  5.8833175434700812E-002                  5.7725813602985072E+000                  8.1590289351574281E+000                  4.7516291919130713E-011                  7.5779999637428264E-001                  2.4480254673302523E-005                  2.2997552337104368E-001                  2.1025988500795552E-003                  6.1630907196949991E-004                  5.7221218635412179E-003                  1.2718648985637719E-003                  2.4871053158459647E-003                  3.2523373782324973E-014                  0.0000000000000000E+000                  0.0000000000000000E+000 
                                     427                  1.0484337130282728E+000                  5.8046217556949289E-002                  5.7792345758652619E+000                  8.1648107913156789E+000                  1.0474390804744418E-010                  7.5779999637428264E-001                  2.4480254673302523E-005                  2.2997552337104368E-001                  2.1025988500795552E-003                  6.1630907196949991E-004                  5.7221218635412179E-003                  1.2718648985637719E-003                  2.4871053158459647E-003                  4.0433864011246856E-014                  0.0000000000000000E+000                  0.0000000000000000E+000 
                                     428                  1.0483803828985041E+000                  5.7247255230212298E-002                  5.7858979996248960E+000                  8.1705912152703135E+000                  2.3028083681164913E-010                  7.5779999637428264E-001                  2.4480254673302523E-005                  2.2997552337104368E-001                  2.1025988500795552E-003                  6.1630907196949991E-004                  5.7221218635412179E-003                  1.2718648985637719E-003                  2.4871053158459647E-003                  5.0232731515696194E-014                  0.0000000000000000E+000                  0.0000000000000000E+000 
                                     429                  1.0483252722113707E+000                  5.6436085399688737E-002                  5.7925718166377864E+000                  8.1763701837334910E+000                  5.0493958955375317E-010                  7.5779999637428264E-001                  2.4480254673302523E-005                  2.2997552337104368E-001                  2.1025988500795552E-003                  6.1630907196949991E-004                  5.7221218635412179E-003                  1.2718648985637719E-003                  2.4871053158459647E-003                  6.2362440847729027E-014                  0.0000000000000000E+000                  0.0000000000000000E+000 
                                     430                  1.0482683229314729E+000                  5.5612500958677036E-002                  5.7992562094776474E+000                  8.1821476692804964E+000                  1.1042901119887494E-009                  7.5779999637428264E-001                  2.4480254673302523E-005                  2.2997552337104368E-001                  2.1025988500795552E-003                  6.1630907196949991E-004                  5.7221218635412179E-003                  1.2718648985637719E-003                  2.4871053158459647E-003                  7.7367218452641722E-014                  0.0000000000000000E+000                  0.0000000000000000E+000 
                                     431                  1.0482094751956264E+000                  5.4776290655460191E-002                  5.8059513585450571E+000                  8.1879236403391893E+000                  2.4087870654010126E-009                  7.5779999637428264E-001                  2.4480254673302523E-005                  2.2997552337104368E-001                  2.1025988500795552E-003                  6.1630907196949991E-004                  5.7221218635412179E-003                  1.2718648985637719E-003                  2.4871053158459647E-003                  9.5916025916173361E-014                  0.0000000000000000E+000                  0.0000000000000000E+000 
                                     432                  1.0481486672582425E+000                  5.3927238997654670E-002                  5.8126574431102727E+000                  8.1936980633335885E+000                  5.2407589230780616E-009                  7.5779999637428264E-001                  2.4480254673302523E-005                  2.2997552337104368E-001                  2.1025988500795552E-003                  6.1630907196949991E-004                  5.7221218635412179E-003                  1.2718648985637719E-003                  2.4871053158459647E-003                  1.1883062613842228E-013                  0.0000000000000000E+000                  0.0000000000000000E+000 
                                     433                  1.0480858354351985E+000                  5.3065126149658692E-002                  5.8193746425735196E+000                  8.1994709025403854E+000                  1.1373116371803694E-008                  7.5779999637428264E-001                  2.4480254673302523E-005                  2.2997552337104368E-001                  2.1025988500795552E-003                  6.1630907196949991E-004                  5.7221218635412179E-003                  1.2718648985637719E-003                  2.4871053158459647E-003                  1.4711985267663938E-013                  0.0000000000000000E+000                  0.0000000000000000E+000 
                                     434                  1.0480209140462433E+000                  5.2189727827318219E-002                  5.8261031371794454E+000                  8.2052421197786902E+000                  2.4618590113685866E-008                  7.5779999637428264E-001                  2.4480254673302523E-005                  2.2997552337104368E-001                  2.1025988500795552E-003                  6.1630907196949991E-004                  5.7221218635412179E-003                  1.2718648985637719E-003                  2.4871053158459647E-003                  1.8202142639142079E-013                  0.0000000000000000E+000                  0.0000000000000000E+000 
                                     435                  1.0479538353559317E+000                  5.1300815190066212E-002                  5.8328431096487154E+000                  8.2110116762365859E+000                  5.3156220269683161E-008                  7.5779999637428264E-001                  2.4480254673302523E-005                  2.2997552337104368E-001                  2.1025988500795552E-003                  6.1630907196949991E-004                  5.7221218635412179E-003                  1.2718648985637719E-003                  2.4871053158459647E-003                  2.2505295926084087E-013                  0.0000000000000000E+000                  0.0000000000000000E+000 
                                     436                  1.0478845295129748E+000                  5.0398154726031104E-002                  5.8395947470897998E+000                  8.2167795342881451E+000                  1.1448830769676660E-007                  7.5779999637428264E-001                  2.4480254673302523E-005                  2.2997552337104368E-001                  2.1025988500795552E-003                  6.1630907196949991E-004                  5.7221218635412179E-003                  1.2718648985637719E-003                  2.4871053158459647E-003                  2.7807413166331481E-013                  0.0000000000000000E+000                  0.0000000000000000E+000 
                                     437                  1.0478129244879495E+000                  4.9481508129652810E-002                  5.8463582421080886E+000                  8.2225456583303469E+000                  2.4597631080123789E-007                  7.5779999637428264E-001                  2.4480254673302523E-005                  2.2997552337104368E-001                  2.1025988500795552E-003                  6.1630907196949991E-004                  5.7221218635412179E-003                  1.2718648985637719E-003                  2.4871053158459647E-003                  3.4336244527977160E-013                  0.0000000000000000E+000                  0.0000000000000000E+000 
                                     438                  1.0477389460093303E+000                  4.8550632173399284E-002                  5.8531337950502378E+000                  8.2283100160596483E+000                  5.2718098908338994E-007                  7.5779999637428264E-001                  2.4480254673302523E-005                  2.2997552337104368E-001                  2.1025988500795552E-003                  6.1630907196949991E-004                  5.7221218635412179E-003                  1.2718648985637719E-003                  2.4871053158459647E-003                  4.2370548597767661E-013                  0.0000000000000000E+000                  0.0000000000000000E+000 
                                     439                  1.0476625174977956E+000                  4.7605278572287808E-002                  5.8599216164977257E+000                  8.2340725819158713E+000                  1.1271195631192257E-006                  7.5779999637428264E-001                  2.4480254673302520E-005                  2.2997552337104368E-001                  2.1025988500795552E-003                  6.1630907196949991E-004                  5.7221218635412179E-003                  1.2718648985637719E-003                  2.4871053158459647E-003                  5.2251323953552318E-013                  0.0000000000000000E+000                  0.0000000000000000E+000 
                                     440                  1.0475835599987728E+000                  4.6645193835965847E-002                  5.8667219284526766E+000                  8.2398333379614073E+000                  2.4039966051581182E-006                  7.5779999637428264E-001                  2.4480254673302520E-005                  2.2997552337104368E-001                  2.1025988500795552E-003                  6.1630907196949991E-004                  5.7221218635412179E-003                  1.2718648985637719E-003                  2.4871053158459647E-003                  6.4395474272822203E-013                  0.0000000000000000E+000                  0.0000000000000000E+000 
                                     441                  1.0475019921131936E+000                  4.5670119113179336E-002                  5.8735349656092710E+000                  8.2455922723489667E+000                  5.1151874936858400E-006                  7.5779999637428264E-001                  2.4480254673302520E-005                  2.2997552337104368E-001                  2.1025988500795552E-003                  6.1630907196949991E-004                  5.7221218635412179E-003                  1.2718648985637719E-003                  2.4871053158459647E-003                  7.9312428376409390E-013                  0.0000000000000000E+000                  0.0000000000000000E+000 
                                     442                  1.0474177299265264E+000                  4.4679790033695044E-002                  5.8803609765222058E+000                  8.2513493820919201E+000                  1.0858347096973086E-005                  7.5779999637428264E-001                  2.4480254673302520E-005                  2.2997552337104368E-001                  2.1025988500795552E-003                  6.1630907196949991E-004                  5.7221218635412179E-003                  1.2718648985637719E-003                  2.4871053158459647E-003                  9.7624344532419565E-013                  0.0000000000000000E+000                  0.0000000000000000E+000 
                                     443                  1.0473306869360508E+000                  4.3673936537769673E-002                  5.8872002236089660E+000                  8.2571046731468911E+000                  2.2995952202158142E-005                  7.5779999637428264E-001                  2.4480254673302520E-005                  2.2997552337104368E-001                  2.1025988500795552E-003                  6.1630907196949991E-004                  5.7221218635412179E-003                  1.2718648985637719E-003                  2.4871053158459647E-003                  1.2009066002403400E-012                  0.0000000000000000E+000                  0.0000000000000000E+000 
                                     444                  1.0472407739762453E+000                  4.2652282698604910E-002                  5.8940529811977749E+000                  8.2628581568155699E+000                  4.8588774139850046E-005                  7.5779999637428264E-001                  2.4480254673302520E-005                  2.2997552337104368E-001                  2.1025988500795552E-003                  6.1630907196949991E-004                  5.7221218635412179E-003                  1.2718648985637719E-003                  2.4871053158459647E-003                  1.4763790285322063E-012                  0.0000000000000000E+000                  0.0000000000000000E+000 
                                     445                  1.0471478991422254E+000                  4.1614546546266486E-002                  5.9009195334098745E+000                  8.2686098496823313E+000                  1.0243040759696645E-004                  7.5779999637428264E-001                  2.4480254673302520E-005                  2.2997552337104368E-001                  2.1025988500795552E-003                  6.1630907196949991E-004                  5.7221218635412179E-003                  1.2718648985637719E-003                  2.4871053158459647E-003                  1.8139587761040797E-012                  0.0000000000000000E+000                  0.0000000000000000E+000 
                                     446                  1.0470519677111927E+000                  4.0560439884982882E-002                  5.9078001727310996E+000                  8.2743597728702820E+000                  2.1544775757926371E-004                  7.5779999637428264E-001                  2.4480254673302520E-005                  2.2997552337104368E-001                  2.1025988500795552E-003                  6.1630907196949991E-004                  5.7221218635412179E-003                  1.2718648985637719E-003                  2.4871053158459647E-003                  2.2274157298319030E-012                  0.0000000000000000E+000                  0.0000000000000000E+000 
                                     447                  1.0469528820618403E+000                  3.9489668105217542E-002                  5.9146951965885286E+000                  8.2801079488277232E+000                  4.5215450871223886E-004                  7.5779999637428264E-001                  2.4480254673302520E-005                  2.2997552337104368E-001                  2.1025988500795552E-003                  6.1630907196949991E-004                  5.7221218635412179E-003                  1.2718648985637719E-003                  2.4871053158459647E-003                  2.7335239997754561E-012                  0.0000000000000000E+000                  0.0000000000000000E+000 
                                     448                  1.0468505415916738E+000                  3.8401929996567628E-002                  5.9216049042640000E+000                  8.2858543980144859E+000                  9.4683674066013061E-004                  7.5779999637428264E-001                  2.4480254673302520E-005                  2.2997552337104368E-001                  2.1025988500795552E-003                  6.1630907196949991E-004                  5.7221218635412179E-003                  1.2718648985637719E-003                  2.4871053158459647E-003                  3.3527071921362905E-012                  0.0000000000000000E+000                  0.0000000000000000E+000 
                                     449                  1.0467448426322747E+000                  3.7296917562207370E-002                  5.9285295957571646E+000                  8.2915991384280670E+000                  1.9784178846456875E-003                  7.5779999637428264E-001                  2.4480254673302520E-005                  2.2997552337104368E-001                  2.1025988500795552E-003                  6.1630907196949991E-004                  5.7221218635412179E-003                  1.2718648985637719E-003                  2.4871053158459647E-003                  4.1098202770122070E-012                  0.0000000000000000E+000                  0.0000000000000000E+000 
                                     450                  1.0466356783625401E+000                  3.6174315828050238E-002                  5.9354695704046003E+000                  8.2973421855045331E+000                  4.1250265102568528E-003                  7.5779999637428264E-001                  2.4480254673302520E-005                  2.2997552337104368E-001                  2.1025988500795552E-003                  6.1630907196949991E-004                  5.7221218635412179E-003                  1.2718648985637719E-003                  2.4871053158459647E-003                  5.0350964209661142E-012                  0.0000000000000000E+000                  0.0000000000000000E+000 
                                     451                  1.0465229387197623E+000                  3.5033802645483843E-002                  5.9424251259111820E+000                  8.3030835492607675E+000                  8.5824653806126465E-003                  7.5779999637428264E-001                  2.4480254673302520E-005                  2.2997552337104368E-001                  2.1025988500795552E-003                  6.1630907196949991E-004                  5.7221218635412179E-003                  1.2718648985637719E-003                  2.4871053158459647E-003                  6.1652931731919618E-012                  0.0000000000000000E+000                  0.0000000000000000E+000 
                                     452                  1.0464065103084590E+000                  3.3875048494788514E-002                  5.9493965588040965E+000                  8.3088232358357281E+000                  1.7819049312499998E-002                  7.5779999637428264E-001                  2.4480254673302520E-005                  2.2997552337104368E-001                  2.1025988500795552E-003                  6.1630907196949991E-004                  5.7221218635412179E-003                  1.2718648985637719E-003                  2.4871053158459647E-003                  7.5450795077952246E-012                  0.0000000000000000E+000                  0.0000000000000000E+000 
                                     453                  1.0462862763068996E+000                  3.2697716277749055E-002                  5.9563841660322128E+000                  8.3145612499110850E+000                  3.6919389340807400E-002                  7.5779999637428264E-001                  2.4480254673302520E-005                  2.2997552337104368E-001                  2.1025988500795552E-003                  6.1630907196949991E-004                  5.7221218635412179E-003                  1.2718648985637719E-003                  2.4871053158459647E-003                  9.2287138116711557E-012                  0.0000000000000000E+000                  0.0000000000000000E+000 
                                     454                  1.0461621163712664E+000                  3.1501461096342644E-002                  5.9633882463334960E+000                  8.3202975945359352E+000                  7.6336495887600178E-002                  7.5779999637428264E-001                  2.4480254673302520E-005                  2.2997552337104368E-001                  2.1025988500795552E-003                  6.1630907196949991E-004                  5.7221218635412179E-003                  1.2718648985637719E-003                  2.4871053158459647E-003                  1.1282073004754936E-011                  0.0000000000000000E+000                  0.0000000000000000E+000 
                                     455                  1.0460339065373931E+000                  3.0285930023796682E-002                  5.9704091020460313E+000                  8.3260322744575177E+000                  1.5751714212837978E-001                  7.5779999637428264E-001                  2.4480254673302520E-005                  2.2997552337104368E-001                  2.1025988500795552E-003                  6.1630907196949991E-004                  5.7221218635412179E-003                  1.2718648985637719E-003                  2.4871053158459647E-003                  1.3785105460370517E-011                  0.0000000000000000E+000                  0.0000000000000000E+000 
                                     456                  1.0459015191200598E+000                  2.9050761857717860E-002                  5.9774470422223827E+000                  8.3317652989240045E+000                  3.2437811004007155E-001                  7.5779999637428264E-001                  2.4480254673302520E-005                  2.2997552337104368E-001                  2.1025988500795552E-003                  6.1630907196949991E-004                  5.7221218635412179E-003                  1.2718648985637719E-003                  2.4871053158459647E-003                  1.6834795809678143E-011                  0.0000000000000000E+000                  0.0000000000000000E+000 
                                     457                  1.0457648226098739E+000                  2.7795586855486946E-002                  5.9845023847665857E+000                  8.3374966816304124E+000                  6.6667432376592572E-001                  7.5779999637428264E-001                  2.4480254673302520E-005                  2.2997552337104368E-001                  2.1025988500795552E-003                  6.1630907196949991E-004                  5.7221218635412179E-003                  1.2718648985637719E-003                  2.4871053158459647E-003                  2.0548746919745971E-011                  0.0000000000000000E+000                  0.0000000000000000E+000 
                                     458                  1.0456236815676523E+000                  2.6520026459057967E-002                  5.9915754582181409E+000                  8.3432264390774300E+000                  1.3674925348061915E+000                  7.5779999637428264E-001                  2.4480254673302520E-005                  2.2997552337104368E-001                  2.1025988500795552E-003                  6.1630907196949991E-004                  5.7221218635412179E-003                  1.2718648985637719E-003                  2.4871053158459647E-003                  2.5069506447173848E-011                  0.0000000000000000E+000                  0.0000000000000000E+000 
                                     459                  1.0454779565162140E+000                  2.5223693013404450E-002                  5.9986666040964529E+000                  8.3489545940312020E+000                  2.7996007971148700E+000                  7.5779999637428264E-001                  2.4480254673302520E-005                  2.2997552337104368E-001                  2.1025988500795552E-003                  6.1630907196949991E-004                  5.7221218635412179E-003                  1.2718648985637719E-003                  2.4871053158459647E-003                  3.0569791597034861E-011                  0.0000000000000000E+000                  0.0000000000000000E+000 
                                     460                  1.0453275038295069E+000                  2.3906189463065681E-002                  6.0057761784488628E+000                  8.3546811796598277E+000                  5.7205576623251266E+000                  7.5779999637428264E-001                  2.4480254673302520E-005                  2.2997552337104368E-001                  2.1025988500795552E-003                  6.1630907196949991E-004                  5.7221218635412179E-003                  1.2718648985637719E-003                  2.4871053158459647E-003                  3.7258796388642111E-011                  4.2903086329295101E-037                  0.0000000000000000E+000 
                                     461                  1.0451721756189993E+000                  2.2567109023088068E-002                  6.0129045533253995E+000                  8.3604062415587830E+000                  1.1667110980217251E+001                  7.5779999637428264E-001                  2.4480254673302520E-005                  2.2997552337104368E-001                  2.1025988500795552E-003                  6.1630907196949991E-004                  5.7221218635412179E-003                  1.2718648985637719E-003                  2.4871053158459647E-003                  4.5389804524321021E-011                  9.1367796844350825E-037                  0.0000000000000000E+000 
                                     462                  1.0450118196172153E+000                  2.1206034829047701E-002                  6.0200521184251850E+000                  8.3661298392207915E+000                  2.3751060496848829E+001                  7.5779999637428264E-001                  2.4480254673302520E-005                  2.2997552337104368E-001                  2.1025988500795552E-003                  6.1630907196949991E-004                  5.7221218635412179E-003                  1.2718648985637719E-003                  2.4871053158459647E-003                  5.5269376556458520E-011                  1.9418818641298281E-036                  0.0000000000000000E+000 
                                     463                  1.0448462790582902E+000                  1.9822539566537289E-002                  6.0272192821106962E+000                  8.3718520451831324E+000                  4.8262505737205366E+001                  7.5779999637428264E-001                  2.4480254673302520E-005                  2.2997552337104368E-001                  2.1025988500795552E-003                  6.1630907196949991E-004                  5.7221218635412179E-003                  1.2718648985637719E-003                  2.4871053158459647E-003                  6.7268434173239801E-011                  4.1189974423957115E-036                  0.0000000000000000E+000 
                                     464                  1.0446753925557044E+000                  1.8416185086347795E-002                  6.0344064718469799E+000                  8.3775729412596363E+000                  9.7894176161317645E+001                  7.5779999637428264E-001                  2.4480254673302520E-005                  2.2997552337104368E-001                  2.1025988500795552E-003                  6.1630907196949991E-004                  5.7221218635412179E-003                  1.2718648985637719E-003                  2.4871053158459647E-003                  8.1835631005375101E-011                  8.7199475046128806E-036                  0.0000000000000000E+000 
                                     465                  1.0444989939771738E+000                  1.6986522014346733E-002                  6.0416141345227770E+000                  8.3832926222657775E+000                  1.9821538106972810E+002                  7.5779999637428264E-001                  2.4480254673302520E-005                  2.2997552337104368E-001                  2.1025988500795552E-003                  6.1630907196949991E-004                  5.7221218635412179E-003                  1.2718648985637719E-003                  2.4871053158459647E-003                  9.9513477465529918E-011                  1.8424889383658059E-035                  0.0000000000000000E+000 
                                     466                  1.0443169123166225E+000                  1.5533089331285237E-002                  6.0488427363036852E+000                  8.3890111957536071E+000                  4.0065001573068741E+002                  7.5779999637428264E-001                  2.4480254673302520E-005                  2.2997552337104368E-001                  2.1025988500795552E-003                  6.1630907196949991E-004                  5.7221218635412179E-003                  1.2718648985637719E-003                  2.4871053158459647E-003                  1.2095778455382056E-010                  3.8857969557129048E-035                  0.0000000000000000E+000 
                                     467                  1.0441289715631632E+000                  1.4055413933916064E-002                  6.0560927609568305E+000                  8.3947287790779654E+000                  8.0845241008950086E+002                  7.5779999637428264E-001                  2.4480254673302520E-005                  2.2997552337104368E-001                  2.1025988500795552E-003                  6.1630907196949991E-004                  5.7221218635412179E-003                  1.2718648985637719E-003                  2.4871053158459647E-003                  1.4696110213832169E-010                  8.1800402257771401E-035                  0.0000000000000000E+000 
                                     468                  1.0439349905669408E+000                  1.2553010185719117E-002                  6.0633647083288889E+000                  8.4004455004448797E+000                  1.6286196315783122E+003                  7.5779999637428264E-001                  2.4480254673302520E-005                  2.2997552337104368E-001                  2.1025988500795552E-003                  6.1630907196949991E-004                  5.7221218635412179E-003                  1.2718648985637719E-003                  2.4871053158459647E-003                  1.7848096855861766E-010                  1.7188861110598954E-034                  0.0000000000000000E+000 
                                     469                  1.0437347829014367E+000                  1.1025379443155290E-002                  6.0706590926337034E+000                  8.4061614970945211E+000                  3.2754835365937438E+003                  7.5779999637428264E-001                  2.4480254673302520E-005                  2.2997552337104368E-001                  2.1025988500795552E-003                  6.1630907196949991E-004                  5.7221218635412179E-003                  1.2718648985637719E-003                  2.4871053158459647E-003                  2.1667395377041507E-010                  3.6055501764818476E-034                  0.0000000000000000E+000 
                                     470                  1.0435281567224688E+000                  9.4720095662132343E-003                  6.0779764391555453E+000                  8.4118769111866349E+000                  6.5771299577965592E+003                  7.5779999637428264E-001                  2.4480254673302520E-005                  2.2997552337104368E-001                  2.1025988500795552E-003                  6.1630907196949991E-004                  5.7221218635412179E-003                  1.2718648985637719E-003                  2.4871053158459647E-003                  2.6293666839572412E-010                  7.5499708427519812E-034                  0.0000000000000000E+000 
                                     471                  1.0433149146241885E+000                  7.8923744210951437E-003                  6.0853172821340218E+000                  8.4175918873011852E+000                  1.3186129635386602E+004                  7.5779999637428264E-001                  2.4480254673302520E-005                  2.2997552337104368E-001                  2.1025988500795552E-003                  6.1630907196949991E-004                  5.7221218635412179E-003                  1.2718648985637719E-003                  2.4871053158459647E-003                  3.1895516495639571E-010                  1.5782826090759341E-033                  0.0000000000000000E+000 
                                     472                  1.0430948534920588E+000                  6.2859333693961635E-003                  6.0926821635606272E+000                  8.4233065724275651E+000                  2.6395675771949282E+004                  7.5779999637428264E-001                  2.4480254673302520E-005                  2.2997552337104368E-001                  2.1025988500795552E-003                  6.1630907196949991E-004                  5.7221218635412179E-003                  1.2718648985637719E-003                  2.4871053158459647E-003                  3.8676444001100584E-010                  3.2938700001410418E-033                  0.0000000000000000E+000 
                                     473                  1.0428677643527913E+000                  4.6521307341438672E-003                  6.1000716318457338E+000                  8.4290211132197026E+000                  5.2759081809896175E+004                  7.5779999637428264E-001                  2.4480254673302520E-005                  2.2997552337104368E-001                  2.1025988500795552E-003                  6.1630907196949991E-004                  5.7221218635412179E-003                  1.2718648985637719E-003                  2.4871053158459647E-003                  4.6882008990128398E-010                  6.8631989775615732E-033                  0.0000000000000000E+000 
                                     474                  1.0426334322210900E+000                  2.9903952519251499E-003                  6.1074862416698323E+000                  8.4347356559255946E+000                  1.0529918525886878E+005                  7.5779999637428264E-001                  2.4480254673302520E-005                  2.2997552337104368E-001                  2.1025988500795552E-003                  6.1630907196949991E-004                  5.7221218635412179E-003                  1.2718648985637719E-003                  2.4871053158459647E-003                  5.6808460193847469E-010                  1.4277799923073213E-032                  0.0000000000000000E+000 
                                     475                  1.0423916359425582E+000                  1.3001395004620946E-003                  6.1149265553339189E+000                  8.4404503497457686E+000                  2.0986034699320354E+005                  7.5779999637428264E-001                  2.4480254673302520E-005                  2.2997552337104368E-001                  2.1025988500795552E-003                  6.1630907196949991E-004                  5.7221218635412179E-003                  1.2718648985637719E-003                  2.4871053158459647E-003                  6.8813126883910707E-010                  2.9656956717035501E-032                  0.0000000000000000E+000 
                                     476                  1.0421421480330106E+000                 -4.1924071329658042E-004                  6.1223931443804540E+000                  8.4461653449719414E+000                  4.1766451423573686E+005                  7.5779999637428264E-001                  2.4480254673302520E-005                  2.2997552337104368E-001                  2.1025988500795552E-003                  6.1630907196949991E-004                  5.7221218635412179E-003                  1.2718648985637719E-003                  2.4871053158459647E-003                  8.3326932251169643E-010                  6.1508969820268115E-032                  0.0000000000000000E+000 
                                     477                  1.0418847345147926E+000                 -2.1683669863851959E-003                  6.1298865912585256E+000                  8.4518807933642890E+000                  8.3010078569556924E+005                  7.5779999637428264E-001                  2.4480254673302523E-005                  2.2997552337104368E-001                  2.1025988500795552E-003                  6.1630907196949991E-004                  5.7221218635412179E-003                  1.2718648985637719E-003                  2.4871053158459647E-003                  1.0086946060797502E-009                  1.2738342189222411E-031                  0.0000000000000000E+000 
                                     478                  1.0416191547502498E+000                 -3.9478789843324005E-003                  6.1374074921334376E+000                  8.4575968500308250E+000                  1.6476102112675405E+006                  7.5779999637428264E-001                  2.4480254673302523E-005                  2.2997552337104368E-001                  2.1025988500795552E-003                  6.1630907196949991E-004                  5.7221218635412179E-003                  1.2718648985637719E-003                  2.4871053158459647E-003                  1.2206710224760029E-009                  2.6343052073429390E-031                  0.0000000000000000E+000 
                                     479                  1.0413451612724345E+000                 -5.7584351450998541E-003                  6.1449564590521222E+000                  8.4633136732445742E+000                  3.2659764666977567E+006                  7.5779999637428264E-001                  2.4480254673302523E-005                  2.2997552337104368E-001                  2.1025988500795552E-003                  6.1630907196949991E-004                  5.7221218635412179E-003                  1.2718648985637719E-003                  2.4871053158459647E-003                  1.4767490306232220E-009                  5.4401932064167935E-031                  0.0000000000000000E+000 
                                     480                  1.0410624996128681E+000                 -7.6007134163470266E-003                  6.1522157732638316E+000                  8.4687061265248929E+000                  6.3033876070025880E+006                  7.5779999619139304E-001                  2.4480437563030865E-005                  2.2997552337104368E-001                  2.1025988500795552E-003                  6.1630907196949991E-004                  5.7221218635412179E-003                  1.2718648985637719E-003                  2.4871053158459647E-003                  1.7751802923985019E-009                  1.0905934967469546E-030                  0.0000000000000000E+000 
                                     481                  1.0407709081255663E+000                 -9.4740053245328977E-003                  6.1591615944184159E+000                  8.4737466842575877E+000                  1.1827417990497461E+007                  7.5779999612133053E-001                  2.4480507625654110E-005                  2.2997552337104371E-001                  2.1025988500795547E-003                  6.1630907196949980E-004                  5.7221218635412170E-003                  1.2718648985637717E-003                  2.4871053158459643E-003                  2.1196348876700929E-009                  2.1188501368556144E-030                  0.0000000000000000E+000 
                                     482                  1.0404701178076969E+000                 -1.1377424145715442E-002                  6.1658435839764669E+000                  8.4784827813073704E+000                  2.1670140262056749E+007                  7.5779999603101067E-001                  2.4480597945581818E-005                  2.2997552337104366E-001                  2.1025988500795543E-003                  6.1630907196949969E-004                  5.7221218635412161E-003                  1.2718648985637715E-003                  2.4871053158459638E-003                  2.5166519532148964E-009                  4.0090033863263206E-030                  0.0000000000000000E+000 
                                     483                  1.0401598521176223E+000                 -1.3310231451997155E-002                  6.1723017601851264E+000                  8.4829524879511098E+000                  3.8905487620944008E+007                  7.5779999591555292E-001                  2.4480713403371604E-005                  2.2997552337104368E-001                  2.1025988500795552E-003                  6.1630907196949991E-004                  5.7221218635412179E-003                  1.2718648985637719E-003                  2.4871053158459647E-003                  2.9737076646034102E-009                  7.4159143496094860E-030                  0.0000000000000000E+000 
                                     484                  1.0398398267905968E+000                 -1.5271808841461515E-002                  6.1785688368428131E+000                  8.4871868141861295E+000                  6.8639663064095974E+007                  7.5779999578940604E-001                  2.4480839550008279E-005                  2.2997552337104366E-001                  2.1025988500795552E-003                  6.1630907196949991E-004                  5.7221218635412179E-003                  1.2718648985637719E-003                  2.4871053158459647E-003                  3.4993473736667390E-009                  1.3454374397849264E-029                  0.0000000000000000E+000 
                                     485                  1.0395097496523467E+000                 -1.7261636507710613E-002                  6.1846718903721101E+000                  8.4912113464289334E+000                  1.1928244278124788E+008                  7.5779999560980149E-001                  2.4481019154657022E-005                  2.2997552337104366E-001                  2.1025988500795552E-003                  6.1630907196949991E-004                  5.7221218635412179E-003                  1.2718648985637719E-003                  2.4871053158459647E-003                  4.1033369318643904E-009                  2.4003187823116805E-029                  0.0000000000000000E+000 
                                     486                  1.0391693204302701E+000                 -1.9279276698871934E-002                  6.1906335776301260E+000                  8.4950474391373092E+000                  2.0458030077369061E+008                  7.5779999541411636E-001                  2.4481214839898040E-005                  2.2997552337104366E-001                  2.1025988500795547E-003                  6.1630907196949980E-004                  5.7221218635412170E-003                  1.2718648985637717E-003                  2.4871053158459643E-003                  4.7968361455965244E-009                  4.2201469346058904E-029                  0.0000000000000000E+000 
                                     487                  1.0388182305615163E+000                 -2.1324360762830938E-002                  6.1964730417552314E+000                  8.4987130979303203E+000                  3.4686003017787135E+008                  7.5779999514010543E-001                  2.4481488850832551E-005                  2.2997552337104366E-001                  2.1025988500795552E-003                  6.1630907196949991E-004                  5.7221218635412179E-003                  1.2718648985637719E-003                  2.4871053158459647E-003                  5.5925974402785060E-009                  7.3254746827008143E-029                  0.0000000000000000E+000 
                                     488                  1.0384561629986291E+000                 -2.3396578867297978E-002                  6.2022065964346531E+000                  8.5022236435764267E+000                  5.8217352113897502E+008                  7.5779999484211824E-001                  2.4481786838019099E-005                  2.2997552337104368E-001                  2.1025988500795552E-003                  6.1630907196949991E-004                  5.7221218635412179E-003                  1.2718648985637719E-003                  2.4871053158459647E-003                  6.5051932639580795E-009                  1.2573873478954757E-028                  0.0000000000000000E+000 
                                     489                  1.0380827920133824E+000                 -2.5495671740317485E-002                  6.2078482310210656E+000                  8.5055921981400910E+000                  9.6845450510803866E+008                  7.5779999443110280E-001                  2.4482197853443085E-005                  2.2997552337104371E-001                  2.1025988500795565E-003                  6.1630907196950024E-004                  5.7221218635412205E-003                  1.2718648985637726E-003                  2.4871053158459660E-003                  7.5512736597353430E-009                  2.1369985404877948E-028                  0.0000000000000000E+000 
                                     490                  1.0376977829991745E+000                 -2.7621423857740218E-002                  6.2134099771320388E+000                  8.5088300343118668E+000                  1.5983617343688889E+009                  7.5779999398454467E-001                  2.4482644411306438E-005                  2.2997552337104377E-001                  2.1025988500795560E-003                  6.1630907196950013E-004                  5.7221218635412196E-003                  1.2718648985637724E-003                  2.4871053158459656E-003                  8.7498555381646866E-009                  3.6002699014397121E-028                  0.0000000000000000E+000 
                                     491                  1.0373007922724491E+000                 -2.9773657613340870E-002                  6.2189022139738661E+000                  8.5119468665842906E+000                  2.6195408695061350E+009                  7.5779999337675907E-001                  2.4483252196900217E-005                  2.2997552337104385E-001                  2.1025988500795569E-003                  6.1630907196950034E-004                  5.7221218635412213E-003                  1.2718648985637728E-003                  2.4871053158459664E-003                  1.0122652842751689E-008                  6.0184669600876717E-028                  0.0000000000000000E+000 
                                     492                  1.0368914668726252E+000                 -3.1952228331993279E-002                  6.2243339363609236E+000                  8.5149511077114717E+000                  4.2663275385829244E+009                  7.5779999271632936E-001                  2.4483912626754556E-005                  2.2997552337104377E-001                  2.1025988500795556E-003                  6.1630907196950002E-004                  5.7221218635412187E-003                  1.2718648985637722E-003                  2.4871053158459651E-003                  1.1694456129143924E-008                  9.9913200776021877E-028                  0.0000000000000000E+000 
                                     493                  1.0364694443603055E+000                 -3.4157020073422507E-002                  6.2297129707594996E+000                  8.5178500737988223E+000                  6.9096029983122311E+009                  7.5779999182310664E-001                  2.4484805849386432E-005                  2.2997552337104385E-001                  2.1025988500795569E-003                  6.1630907196950034E-004                  5.7221218635412213E-003                  1.2718648985637728E-003                  2.4871053158459664E-003                  1.3493565284702268E-008                  1.6484027506256351E-027                  0.0000000000000000E+000 
                                     494                  1.0360343526144300E+000                 -3.6387942068568345E-002                  6.2350461497647212E+000                  8.5206501493135516E+000                  1.1134337137842899E+010                  7.5779999083391669E-001                  2.4485795039405170E-005                  2.2997552337104379E-001                  2.1025988500795547E-003                  6.1630907196949980E-004                  5.7221218635412170E-003                  1.2718648985637717E-003                  2.4871053158459643E-003                  1.5552282424320890E-008                  2.7044758306526459E-027                  0.0000000000000000E+000 
                                     495                  1.0355858096288288E+000                 -3.8644925663587244E-002                  6.2403394543463904E+000                  8.5233569200335602E+000                  1.7861263095997978E+010                  7.5779998950576832E-001                  2.4487123187745301E-005                  2.2997552337104388E-001                  2.1025988500795565E-003                  6.1630907196950024E-004                  5.7221218635412205E-003                  1.2718648985637726E-003                  2.4871053158459660E-003                  1.7907473098128418E-008                  4.4149180285997113E-027                  0.0000000000000000E+000 
                                     496                  1.0351234233090414E+000                 -4.0927921668952739E-002                  6.2455981308271067E+000                  8.5259752823303785E+000                  2.8535380537164841E+010                  7.5779998786838887E-001                  2.4488760567287081E-005                  2.2997552337104374E-001                  2.1025988500795552E-003                  6.1630907196949991E-004                  5.7221218635412179E-003                  1.2718648985637719E-003                  2.4871053158459647E-003                  2.0601205146326007E-008                  7.1745062049263583E-027                  0.0000000000000000E+000 
                                     497                  1.0346467912696866E+000                 -4.3236898040273121E-002                  6.2508267878267691E+000                  8.5285095342239785E+000                  4.5418061026956352E+010                  7.5779998634122447E-001                  2.4490287731529945E-005                  2.2997552337104388E-001                  2.1025988500795578E-003                  6.1630907196950056E-004                  5.7221218635412231E-003                  1.2718648985637732E-003                  2.4871053158459673E-003                  2.3681475621183501E-008                  1.1611143203370810E-026                  0.0000000000000000E+000 
                                     498                  1.0341555006315830E+000                 -4.5571837835336117E-002                  6.2560294652194886E+000                  8.5309634382720727E+000                  7.2043653120471771E+010                  7.5779998478071453E-001                  2.4491848241517875E-005                  2.2997552337104391E-001                  2.1025988500795565E-003                  6.1630907196950024E-004                  5.7221218635412205E-003                  1.2718648985637726E-003                  2.4871053158459660E-003                  2.7203031943444817E-008                  1.8721130033798052E-026                  0.0000000000000000E+000 
                                     499                  1.0336491278188986E+000                 -4.7932737329020390E-002                  6.2612096615372010E+000                  8.5333402432188254E+000                  1.1392400641159570E+011                  7.5779998301558715E-001                  2.4493613368999848E-005                  2.2997552337104385E-001                  2.1025988500795569E-003                  6.1630907196950034E-004                  5.7221218635412213E-003                  1.2718648985637728E-003                  2.4871053158459664E-003                  3.1228286080500011E-008                  3.0081670079665344E-026                  0.0000000000000000E+000 
                                     500                  1.0331272383567471E+000                 -5.0319604082649919E-002                  6.2663703626084519E+000                  8.5356427066021929E+000                  1.7963621550378369E+011                  7.5779998102023349E-001                  2.4495608722587600E-005                  2.2997552337104379E-001                  2.1025988500795565E-003                  6.1630907196950024E-004                  5.7221218635412205E-003                  1.2718648985637726E-003                  2.4871053158459660E-003                  3.5828344004225495E-008                  4.8184017529231129E-026                  0.0000000000000000E+000 
                                     501                  1.0325893866704321E+000                 -5.2732454980595783E-002                  6.2715140952890609E+000                  8.5378731432909110E+000                  2.8250250476967780E+011                  7.5779997876589700E-001                  2.4497863059019416E-005                  2.2997552337104388E-001                  2.1025988500795565E-003                  6.1630907196950024E-004                  5.7221218635412205E-003                  1.2718648985637726E-003                  2.4871053158459660E-003                  4.1084180517298417E-008                  7.6954776805255001E-026                  0.0000000000000000E+000 
                                     502                  1.0320351158869119E+000                 -5.5171314387645276E-002                  6.2766429775620640E+000                  8.5400334718500854E+000                  4.4317670177792206E+011                  7.5779997622027850E-001                  2.4500408677600464E-005                  2.2997552337104388E-001                  2.1025988500795586E-003                  6.1630907196950078E-004                  5.7221218635412248E-003                  1.2718648985637737E-003                  2.4871053158459682E-003                  4.7087967818099907E-008                  1.2256997085772361E-025                  0.0000000000000000E+000 
                                     503                  1.0314639576375100E+000                 -5.7636212432236628E-002                  6.2817587613112735E+000                  8.5421252545203714E+000                  6.9362011407733545E+011                  7.5779997334710258E-001                  2.4503281853555424E-005                  2.2997552337104377E-001                  2.1025988500795565E-003                  6.1630907196950024E-004                  5.7221218635412205E-003                  1.2718648985637726E-003                  2.4871053158459660E-003                  5.3944573875849416E-008                  1.9472370969671314E-025                  0.0000000000000000E+000 
                                     504                  1.0308754318617983E+000                 -6.0127183395412190E-002                  6.2868628691267423E+000                  8.5441497317496911E+000                  1.0832018335604087E+012                  7.5779997010563260E-001                  2.4506523323358486E-005                  2.2997552337104391E-001                  2.1025988500795578E-003                  6.1630907196950056E-004                  5.7221218635412231E-003                  1.2718648985637732E-003                  2.4871053158459673E-003                  6.1773250547139927E-008                  3.0860121099875876E-025                  0.0000000000000000E+000 
                                     505                  1.0302690466130100E+000                 -6.2644264187945747E-002                  6.2919564262280305E+000                  8.5461078514343338E+000                  1.6880409363837007E+012                  7.5779996645012693E-001                  2.4510178829292944E-005                  2.2997552337104377E-001                  2.1025988500795573E-003                  6.1630907196950045E-004                  5.7221218635412222E-003                  1.2718648985637730E-003                  2.4871053158459669E-003                  7.0709533455848518E-008                  4.8794071539917777E-025                  0.0000000000000000E+000 
                                     506                  1.0296442978662499E+000                 -6.5187492896621874E-002                  6.2970402883859045E+000                  8.5480002943885030E+000                  2.6252857298753779E+012                  7.5779996232922553E-001                  2.4514299730559528E-005                  2.2997552337104379E-001                  2.1025988500795569E-003                  6.1630907196950034E-004                  5.7221218635412213E-003                  1.2718648985637728E-003                  2.4871053158459664E-003                  8.0907377890662796E-008                  7.6977488432029586E-025                  0.0000000000000000E+000 
                                     507                  1.0290006693296789E+000                 -6.7756907387335447E-002                  6.3021150679791171E+000                  8.5498274993844010E+000                  4.0748975771256167E+012                  7.5779995768097774E-001                  2.4518947978250276E-005                  2.2997552337104388E-001                  2.1025988500795582E-003                  6.1630907196950067E-004                  5.7221218635412239E-003                  1.2718648985637735E-003                  2.4871053158459677E-003                  9.2541559443825780E-008                  1.2117565155451539E-024                  0.0000000000000000E+000 
                                     508                  1.0283376322577915E+000                 -7.0352543971098122E-002                  6.3071812069019009E+000                  8.5515897369861680E+000                  6.3128291704096455E+012                  7.5779995244849341E-001                  2.4524180462793107E-005                  2.2997552337104366E-001                  2.1025988500795539E-003                  6.1630907196949958E-004                  5.7221218635412152E-003                  1.2718648985637713E-003                  2.4871053158459634E-003                  1.0581045500257072E-007                  1.9034584650699127E-024                  0.0000000000000000E+000 
                                     509                  1.0276546452665323E+000                 -7.2974436437032428E-002                  6.3122391041839228E+000                  8.5532872401055418E+000                  9.7615409121525684E+012                  7.5779994655546479E-001                  2.4530073491384992E-005                  2.2997552337104377E-001                  2.1025988500795556E-003                  6.1630907196950002E-004                  5.7221218635412187E-003                  1.2718648985637722E-003                  2.4871053158459651E-003                  1.2093933525699135E-007                  2.9837851726762686E-024                  0.0000000000000000E+000 
                                     510                  1.0269511541503584E+000                 -7.5622615827680442E-002                  6.3172891861194831E+000                  8.5549202763378336E+000                  1.5066772710264062E+013                  7.5779993992038108E-001                  2.4536708575038732E-005                  2.2997552337104377E-001                  2.1025988500795565E-003                  6.1630907196950024E-004                  5.7221218635412205E-003                  1.2718648985637726E-003                  2.4871053158459660E-003                  1.3818409230749147E-007                  4.6677558105618758E-024                  0.0000000000000000E+000 
                                     511                  1.0262265917023770E+000                 -7.8297110648765753E-002                  6.3223319063661538E+000                  8.5564891499624736E+000                  2.3214055195864906E+013                  7.5779993245188038E-001                  2.4544177075500534E-005                  2.2997552337104377E-001                  2.1025988500795560E-003                  6.1630907196950013E-004                  5.7221218635412196E-003                  1.2718648985637724E-003                  2.4871053158459656E-003                  1.5783537730776061E-007                  7.2876260474408358E-024                  0.0000000000000000E+000 
                                     512                  1.0254803775373402E+000                 -8.0997947103699411E-002                  6.3273677424122754E+000                  8.5579942009024279E+000                  3.5705318792243766E+013                  7.5779992404761287E-001                  2.4552581343191750E-005                  2.2997552337104385E-001                  2.1025988500795565E-003                  6.1630907196950024E-004                  5.7221218635412205E-003                  1.2718648985637726E-003                  2.4871053158459660E-003                  1.8022328819199134E-007                  1.1355933365773968E-023                  0.0000000000000000E+000 
                                     513                  1.0247119179167887E+000                 -8.3725149334655496E-002                  6.3323971927116842E+000                  8.5594358046081673E+000                  5.4826295950599781E+013                  7.5779991459296969E-001                  2.4562035986481711E-005                  2.2997552337104377E-001                  2.1025988500795586E-003                  6.1630907196950078E-004                  5.7221218635412248E-003                  1.2718648985637737E-003                  2.4871053158459682E-003                  2.0572268874455385E-007                  1.7662013161533689E-023                  0.0000000000000000E+000 
                                     514                  1.0239206055753258E+000                 -8.6478739675856370E-002                  6.3374207743945012E+000                  8.5608143715733700E+000                  8.4050959161843609E+013                  7.5779990395967467E-001                  2.4572669281537896E-005                  2.2997552337104379E-001                  2.1025988500795565E-003                  6.1630907196950024E-004                  5.7221218635412205E-003                  1.2718648985637726E-003                  2.4871053158459660E-003                  2.3475924456431961E-007                  2.7419547468656657E-023                  0.0000000000000000E+000 
                                     515                  1.0231058195488922E+000                 -8.9258738916831989E-002                  6.3424390214612814E+000                  8.5621303469624817E+000                  1.2865261650137697E+014                  7.5779989200421960E-001                  2.4584624736426373E-005                  2.2997552337104385E-001                  2.1025988500795586E-003                  6.1630907196950078E-004                  5.7221218635412248E-003                  1.2718648985637737E-003                  2.4871053158459682E-003                  2.6781627283920504E-007                  4.2491825694817931E-023                  0.0000000000000000E+000 
                                     516                  1.0222669250060603E+000                 -9.2065166576360227E-002                  6.3474524833790085E+000                  8.5633842112319130E+000                  1.9662642650168778E+014                  7.5779987856613151E-001                  2.4598062824577548E-005                  2.2997552337104377E-001                  2.1025988500795560E-003                  6.1630907196950013E-004                  5.7221218635412196E-003                  1.2718648985637724E-003                  2.4871053158459656E-003                  3.0544251623685088E-007                  6.5735204046626801E-023                  0.0000000000000000E+000 
                                     517                  1.0214032730816236E+000                 -9.4898041193616708E-002                  6.3524617217698882E+000                  8.5645764792738444E+000                  3.0008103893075856E+014                  7.5779986345840489E-001                  2.4613170550976709E-005                  2.2997552337104385E-001                  2.1025988500795586E-003                  6.1630907196950078E-004                  5.7221218635412248E-003                  1.2718648985637737E-003                  2.4871053158459682E-003                  3.4826095433728803E-007                  1.0152212342459256E-022                  0.0000000000000000E+000 
                                     518                  1.0205142007107453E+000                 -9.7757380627211551E-002                  6.3574672538945389E+000                  8.5657076442230391E+000                  4.5733353617269456E+014                  7.5779984649468068E-001                  2.4630134275370946E-005                  2.2997552337104377E-001                  2.1025988500795569E-003                  6.1630907196950034E-004                  5.7221218635412213E-003                  1.2718648985637728E-003                  2.4871053158459664E-003                  3.9697846283991245E-007                  1.5653597289963924E-022                  0.0000000000000000E+000 
                                     519                  1.0195990304643636E+000                 -1.0064320199301918E-001                  6.3624694470823151E+000                  8.5667780696245792E+000                  6.9605991429164388E+014                  7.5779982744469954E-001                  2.4649184256578732E-005                  2.2997552337104385E-001                  2.1025988500795573E-003                  6.1630907196950045E-004                  5.7221218635412222E-003                  1.2718648985637730E-003                  2.4871053158459669E-003                  4.5239619309826446E-007                  2.4097607326796676E-022                  0.0000000000000000E+000 
                                     520                  1.0186570703874958E+000                 -1.0355552087031319E-001                  6.3674684740782910E+000                  8.5677879431161497E+000                  1.0580234293890664E+015                  7.5779980605866837E-001                  2.4670570287789749E-005                  2.2997552337104379E-001                  2.1025988500795565E-003                  6.1630907196950024E-004                  5.7221218635412205E-003                  1.2718648985637726E-003                  2.4871053158459660E-003                  5.1542128438559385E-007                  3.7038120642263734E-022                  0.0000000000000000E+000 
                                     521                  1.0176876138398419E+000                 -1.0649435014908112E-001                  6.3724643292940231E+000                  8.5687372925208720E+000                  1.6061670477677618E+015                  7.5779978205768150E-001                  2.4694571274470723E-005                  2.2997552337104377E-001                  2.1025988500795582E-003                  6.1630907196950067E-004                  5.7221218635412239E-003                  1.2718648985637735E-003                  2.4871053158459677E-003                  5.8708027201114353E-007                  5.6838453644819701E-022                  0.0000000000000000E+000 
                                     522                  1.0166899393366922E+000                 -1.0945969892618365E-001                  6.3774568463213912E+000                  8.5696260026895725E+000                  2.4352355455414120E+015                  7.5779975513029485E-001                  2.4721498661404266E-005                  2.2997552337104371E-001                  2.1025988500795569E-003                  6.1630907196950034E-004                  5.7221218635412213E-003                  1.2718648985637728E-003                  2.4871053158459664E-003                  6.6853410387056074E-007                  8.7086668014045677E-022                  0.0000000000000000E+000 
                                     523                  1.0156633103910175E+000                 -1.1245157146130658E-001                  6.3824457141540538E+000                  8.5704538307852793E+000                  3.6876628965997620E+015                  7.5779972492874226E-001                  2.4751700213766886E-005                  2.2997552337104388E-001                  2.1025988500795573E-003                  6.1630907196950045E-004                  5.7221218635412222E-003                  1.2718648985637730E-003                  2.4871053158459669E-003                  7.6109492511319729E-007                  1.3322030378377576E-021                  0.0000000000000000E+000 
                                     524                  1.0146069753582239E+000                 -1.1546996618804117E-001                  6.3874304923393241E+000                  8.5712204211814491E+000                  5.5773035986159940E+015                  7.5779969106473188E-001                  2.4785564224250560E-005                  2.2997552337104379E-001                  2.1025988500795573E-003                  6.1630907196950045E-004                  5.7221218635412222E-003                  1.2718648985637730E-003                  2.4871053158459669E-003                  8.6624482202413835E-007                  2.0346404932195807E-021                  0.0000000000000000E+000 
                                     525                  1.0135201672828065E+000                 -1.1851487478305181E-001                  6.3924106252509896E+000                  8.5719253202745662E+000                  8.4248345687605860E+015                  7.5779965310475428E-001                  2.4823524201819064E-005                  2.2997552337104391E-001                  2.1025988500795582E-003                  6.1630907196950067E-004                  5.7221218635412239E-003                  1.2718648985637735E-003                  2.4871053158459677E-003                  9.8565673581428286E-007                  3.1023384474279725E-021                  0.0000000000000000E+000 
                                     526                  1.0124021037449722E+000                 -1.2158628129836484E-001                  6.3973854556344714E+000                  8.5725679900850924E+000                  1.2710499795650494E+016                  7.5779961056485523E-001                  2.4866064100977698E-005                  2.2997552337104382E-001                  2.1025988500795565E-003                  6.1630907196950024E-004                  5.7221218635412205E-003                  1.2718648985637726E-003                  2.4871053158459660E-003                  1.1212177778950364E-006                  4.7223439913083739E-021                  0.0000000000000000E+000 
                                     527                  1.0112519867081238E+000                 -1.2468416135383632E-001                  6.4023542397998954E+000                  8.5731478234559315E+000                  1.9152599842224636E+016                  7.5779956290479955E-001                  2.4913724156396621E-005                  2.2997552337104391E-001                  2.1025988500795573E-003                  6.1630907196950045E-004                  5.7221218635412222E-003                  1.2718648985637730E-003                  2.4871053158459669E-003                  1.2750552439792351E-006                  7.1758491238631881E-021                  0.0000000000000000E+000 
                                     528                  1.0100690023680530E+000                 -1.2780848140667933E-001                  6.4073162206940797E+000                  8.5736642191900501E+000                  2.8824308056799932E+016                  7.5779950950410924E-001                  2.4967124846889723E-005                  2.2997552337104363E-001                  2.1025988500795556E-003                  6.1630907196950002E-004                  5.7221218635412187E-003                  1.2718648985637722E-003                  2.4871053158459651E-003                  1.4495668713782653E-006                  1.0884698505448493E-020                  0.0000000000000000E+000 
                                     529                  1.0088523210024898E+000                 -1.3095919854061222E-001                  6.4122707559783176E+000                  8.5741167151045836E+000                  4.3327359882255352E+016                  7.5779944972175273E-001                  2.5026907203539471E-005                  2.2997552337104374E-001                  2.1025988500795565E-003                  6.1630907196950024E-004                  5.7221218635412205E-003                  1.2718648985637726E-003                  2.4871053158459660E-003                  1.6474567595074185E-006                  1.6480525320688578E-020                  0.0000000000000000E+000 
                                     530                  1.0076010968191309E+000                 -1.3413626123129616E-001                  6.4172173768802256E+000                  8.5745050513614149E+000                  6.5050847871419528E+016                  7.5779938279158399E-001                  2.5093837372293384E-005                  2.2997552337104368E-001                  2.1025988500795556E-003                  6.1630907196950002E-004                  5.7221218635412187E-003                  1.2718648985637722E-003                  2.4871053158459651E-003                  1.8717755473816834E-006                  2.4907322262721729E-020                  0.0000000000000000E+000 
                                     531                  1.0063144678028377E+000                 -1.3733961062794567E-001                  6.4221557755009222E+000                  8.5748291611623468E+000                  9.7555779594882464E+016                  7.5779930787527694E-001                  2.5168753679114900E-005                  2.2997552337104368E-001                  2.1025988500795560E-003                  6.1630907196950013E-004                  5.7221218635412196E-003                  1.2718648985637724E-003                  2.4871053158459656E-003                  2.1259645012554697E-006                  3.7573300762405197E-020                  0.0000000000000000E+000 
                                     532                  1.0049915555618489E+000                 -1.4056918183613940E-001                  6.4270857897664593E+000                  8.5750891591183613E+000                  1.4614742903801203E+017                  7.5779922403762889E-001                  2.5252591327262890E-005                  2.2997552337104377E-001                  2.1025988500795556E-003                  6.1630907196950002E-004                  5.7221218635412187E-003                  1.2718648985637722E-003                  2.4871053158459651E-003                  2.4139051390727631E-006                  5.6575390866397578E-020                  0.0000000000000000E+000 
                                     533                  1.0036314651706930E+000                 -1.4382490518111790E-001                  6.4320073895607948E+000                  8.5752853308156904E+000                  2.1872730210826682E+017                  7.5779913023572976E-001                  2.5346393226595519E-005                  2.2997552337104368E-001                  2.1025988500795569E-003                  6.1630907196950034E-004                  5.7221218635412213E-003                  1.2718648985637728E-003                  2.4871053158459664E-003                  2.7399751690740426E-006                  8.5030621870850660E-020                  0.0000000000000000E+000 
                                     534                  1.0022332850082780E+000                 -1.4710670745637200E-001                  6.4369206640222956E+000                  8.5754181230609010E+000                  3.2706227574241741E+017                  7.5779902530685683E-001                  2.5451322099360002E-005                  2.2997552337104366E-001                  2.1025988500795547E-003                  6.1630907196949980E-004                  5.7221218635412170E-003                  1.2718648985637717E-003                  2.4871053158459643E-003                  3.1091115538518647E-006                  1.2756455393791791E-019                  0.0000000000000000E+000 
                                     535                  1.0007960865910690E+000                 -1.5041451315886284E-001                  6.4418258099698313E+000                  8.5754881348735541E+000                  4.8867701472855046E+017                  7.5779890795500471E-001                  2.5568673951427502E-005                  2.2997552337104385E-001                  2.1025988500795582E-003                  6.1630907196950067E-004                  5.7221218635412239E-003                  1.2718648985637735E-003                  2.4871053158459677E-003                  3.5268816200034329E-006                  1.9103019649191883E-019                  0.0000000000000000E+000 
                                     536                  9.9931892439999792E-001                 -1.5374824571301876E-001                  6.4467231214179659E+000                  8.5754961094818114E+000                  7.2967923014621555E+017                  7.5779877673591611E-001                  2.5699893039968769E-005                  2.2997552337104377E-001                  2.1025988500795565E-003                  6.1630907196950024E-004                  5.7221218635412205E-003                  1.2718648985637726E-003                  2.4871053158459660E-003                  3.9995632547206951E-006                  2.8556479543558680E-019                  0.0000000000000000E+000 
                                     537                  9.9780083569842237E-001                 -1.5710782868796214E-001                  6.4516129797513218E+000                  8.5754429268065397E+000                  1.0889863299201804E+018                  7.5779863001182601E-001                  2.5846617130278828E-005                  2.2997552337104371E-001                  2.1025988500795547E-003                  6.1630907196949980E-004                  5.7221218635412170E-003                  1.2718648985637717E-003                  2.4871053158459643E-003                  4.5342353399006257E-006                  4.2614135962729369E-019                  0.0000000000000000E+000 
                                     538                  9.9624084033974469E-001                 -1.6049318700886020E-001                  6.4564958217883763E+000                  8.5753295733986317E+000                  1.6246423230270876E+018                  7.5779846604286405E-001                  2.6010586091986636E-005                  2.2997552337104368E-001                  2.1025988500795565E-003                  6.1630907196950078E-004                  5.7221218635412205E-003                  1.2718648985637726E-003                  2.4871053158459660E-003                  5.1388780593641837E-006                  6.3484289335483926E-019                  0.0000000000000000E+000 
                                     539                  9.9463794056335020E-001                 -1.6390424798189265E-001                  6.4607699876849036E+000                  8.4545910721016249E+000                  1.7477310742530673E+018                  7.5779830637058454E-001                  2.6170258371414194E-005                  2.2997552337104388E-001                  2.1025988500795578E-003                  6.1630907196950360E-004                  5.7221218635412231E-003                  1.2718648985637732E-003                  2.4871053158459673E-003                  5.7342081257038435E-006                  8.9921274164407958E-019                  0.0000000000000000E+000 
                                     540                  9.9339442956976209E-001                 -1.6650535086433776E-001                  6.4644231505782548E+000                  8.4456476670471954E+000                  2.3115727931426299E+018                  7.5779815702797559E-001                  2.6319600980567733E-005                  2.2997552337104382E-001                  2.1025988500795560E-003                  6.1630907196950436E-004                  5.7221218635412196E-003                  1.2718648985637724E-003                  2.4871053158459656E-003                  6.2962471419100850E-006                  1.2098850129496136E-018                  0.0000000000000000E+000 
                                     541                  9.9215091857617421E-001                 -1.6906863256049603E-001                  6.4692980186656914E+000                  8.6716891434714558E+000                  5.8067504159982520E+018                  7.5779793773162851E-001                  2.6538897327665100E-005                  2.2997552337104379E-001                  2.1025988500795586E-003                  6.1630907196950631E-004                  5.7221218635412248E-003                  1.2718648985637737E-003                  2.4871053158459682E-003                  7.1297743952323660E-006                  1.7953367336315774E-018                  0.0000000000000000E+000 
                                     542                  9.9000038426869008E-001                 -1.7341666007779938E-001                  6.4747509097221494E+000                  8.5743864215847196E+000                  7.2800157152729467E+018                  7.5779766050784048E-001                  2.6816121115555196E-005                  2.2997552337104391E-001                  2.1025988500795573E-003                  6.1630907196950945E-004                  5.7221218635412231E-003                  1.2718648985637732E-003                  2.4871053158459673E-003                  8.1968378836573851E-006                  2.7896475674428712E-018                  0.0000000000000000E+000 
                                     543                  9.8822739944016957E-001                 -1.7692351368328252E-001                  6.4796055127338281E+000                  8.5740014143197509E+000                  1.0868026978429141E+019                  7.5779738307006761E-001                  2.7093558888666225E-005                  2.2997552337104363E-001                  2.1025988500795499E-003                  6.1630907196951216E-004                  5.7221218635412187E-003                  1.2718648985637722E-003                  2.4871053158459651E-003                  9.2776765648782599E-006                  4.1244370179723035E-018                  0.0000000000000000E+000 
                                     544                  9.8640652315356592E-001                 -1.8045576964570570E-001                  6.4844550137504040E+000                  8.5735622961055036E+000                  1.6235531522371396E+019                  7.5779707332362178E-001                  2.7403305334316084E-005                  2.2997552337104379E-001                  2.1025988500795408E-003                  6.1630907196951791E-004                  5.7221218635412205E-003                  1.2718648985637726E-003                  2.4871053158459660E-003                  1.0498252437223047E-005                  6.0886365950607605E-018                  0.0000000000000000E+000 
                                     545                  9.8453665164622650E-001                 -1.8401337657944652E-001                  6.4892996506007901E+000                  8.5730701944800884E+000                  2.4275761602474447E+019                  7.5779672753232474E-001                  2.7749096631395714E-005                  2.2997552337104379E-001                  2.1025988500795361E-003                  6.1630907196952582E-004                  5.7221218635412213E-003                  1.2718648985637728E-003                  2.4871053158459664E-003                  1.1876297556626495E-005                  8.9748120878100977E-018                  0.0000000000000000E+000 
                                     546                  9.8261666174200202E-001                 -1.8759628826303368E-001                  6.4941396480633955E+000                  8.5725262719784183E+000                  3.6338205032371036E+019                  7.5779634165893661E-001                  2.8134970019370219E-005                  2.2997552337104385E-001                  2.1025988500795313E-003                  6.1630907196953656E-004                  5.7221218635412239E-003                  1.2718648985637735E-003                  2.4871053158459677E-003                  1.3431752170451868E-005                  1.3209609810588730E-017                  0.0000000000000000E+000 
                                     547                  9.8064541051202880E-001                 -1.9120446421034942E-001                  6.4989752227891442E+000                  8.5719317284625109E+000                  5.4467753410131550E+019                  7.5779591109608602E-001                  2.8565532870156568E-005                  2.2997552337104393E-001                  2.1025988500795153E-003                  6.1630907196955141E-004                  5.7221218635412239E-003                  1.2718648985637735E-003                  2.4871053158459677E-003                  1.5187035266248394E-005                  1.9414354107359173E-017                  0.0000000000000000E+000 
                                     548                  9.7862173492227045E-001                 -1.9483787027767496E-001                  6.5038065890413082E+000                  8.5712878052878150E+000                  8.1771993790054121E+019                  7.5779543075833011E-001                  2.9045870626007791E-005                  2.2997552337104393E-001                  2.1025988500794944E-003                  6.1630907196957212E-004                  5.7221218635412205E-003                  1.2718648985637726E-003                  2.4871053158459660E-003                  1.7167348271789812E-005                  2.8492664865326316E-017                  0.0000000000000000E+000 
                                     549                  9.7654445146334534E-001                 -1.9849647932345663E-001                  6.5086339725208422E+000                  8.5705957976332563E+000                  1.2298894674590089E+020                  7.5779489499107811E-001                  2.9581637878038845E-005                  2.2997552337104377E-001                  2.1025988500794697E-003                  6.1630907196960215E-004                  5.7221218635412187E-003                  1.2718648985637722E-003                  2.4871053158459651E-003                  1.9401018062445578E-005                  4.1757012680572198E-017                  0.0000000000000000E+000 
                                     550                  9.7441235576236984E-001                 -2.0218027199251598E-001                  6.5134576237520001E+000                  8.5698570636728562E+000                  1.8536778709961261E+020                  7.5779429750779970E-001                  3.0179121155562129E-005                  2.2997552337104446E-001                  2.1025988500794402E-003                  6.1630907196964357E-004                  5.7221218635412248E-003                  1.2718648985637737E-003                  2.4871053158459682E-003                  2.1919883271697538E-005                  6.1111319696669663E-017                  0.0000000000000000E+000 
                                     551                  9.7222422219137961E-001                 -2.0588923760332620E-001                  6.5182778184314287E+000                  8.5690730208117554E+000                  2.8004100394425605E+020                  7.5779363132039357E-001                  3.0845308561354182E-005                  2.2997552337104499E-001                  2.1025988500793873E-003                  6.1630907196970125E-004                  5.7221218635412222E-003                  1.2718648985637730E-003                  2.4871053158459669E-003                  2.4759725552165113E-005                  8.9314106852908447E-017                  0.0000000000000000E+000 
                                     552                  9.6997880347375365E-001                 -2.0962337503116996E-001                  6.5230948527756603E+000                  8.5682451382185558E+000                  4.2417351267503342E+020                  7.5779288859221083E-001                  3.1588036743825847E-005                  2.2997552337104521E-001                  2.1025988500793192E-003                  6.1630907196978137E-004                  5.7221218635412248E-003                  1.2718648985637737E-003                  2.4871053158459682E-003                  2.7960751881217585E-005                  1.3035729670772649E-016                  0.0000000000000000E+000 
                                     553                  9.6767483028362211E-001                 -2.1338269355412701E-001                  6.5279090392214423E+000                  8.5673749285907501E+000                  6.4433173983416091E+020                  7.5779206082014428E-001                  3.2415808810046628E-005                  2.2997552337104565E-001                  2.1025988500792234E-003                  6.1630907196989554E-004                  5.7221218635412300E-003                  1.2718648985637750E-003                  2.4871053158459708E-003                  3.1568135129589593E-005                  1.9001092625083384E-016                  0.0000000000000000E+000 
                                     554                  9.6531101084614324E-001                 -2.1716721365280797E-001                  6.5327207024927620E+000                  8.5664639376567262E+000                  9.8182138361090041E+020                  7.5779113835331668E-001                  3.3338275637448038E-005                  2.2997552337104571E-001                  2.1025988500790846E-003                  6.1630907197005231E-004                  5.7221218635412231E-003                  1.2718648985637732E-003                  2.4871053158459673E-003                  3.5632619802609227E-005                  2.7660563248794149E-016                  0.0000000000000000E+000 
                                     555                  9.6288603055338862E-001                 -2.2097696774121678E-001                  6.5375301760331039E+000                  8.5655137349741519E+000                  1.5011367944148563E+021                  7.5779011053437895E-001                  3.4366094573696113E-005                  2.2997552337104712E-001                  2.1025988500789003E-003                  6.1630907197027078E-004                  5.7221218635412257E-003                  1.2718648985637739E-003                  2.4871053158459686E-003                  4.0211200737889973E-005                  4.0215554257071810E-016                  0.0000000000000000E+000 
                                     556                  9.6039855159740606E-001                 -2.2481200083661126E-001                  6.5423377988236409E+000                  8.5645259068582167E+000                  2.3034336664058984E+021                  7.5778896552067054E-001                  3.5511108281459204E-005                  2.2997552337104790E-001                  2.1025988500786340E-003                  6.1630907197057696E-004                  5.7221218635412205E-003                  1.2718648985637726E-003                  2.4871053158459660E-003                  4.5367883388114416E-005                  5.8396804326729863E-016                  0.0000000000000000E+000 
                                     557                  9.5784721261493044E-001                 -2.2867237118429320E-001                  6.5471439126023325E+000                  8.5635020491781706E+000                  3.5480930699250924E+021                  7.5778769015227110E-001                  3.6786476679466336E-005                  2.2997552337104937E-001                  2.1025988500782710E-003                  6.1630907197100326E-004                  5.7221218635412274E-003                  1.2718648985637743E-003                  2.4871053158459695E-003                  5.1174535397620954E-005                  8.4694931863956540E-016                  0.0000000000000000E+000 
                                     558                  9.5523062835156280E-001                 -2.3255815083397077E-001                  6.5519488596669193E+000                  8.5624437590210594E+000                  5.4873931076096848E+021                  7.5778626980574038E-001                  3.8206823207655044E-005                  2.2997552337105159E-001                  2.1025988500777619E-003                  6.1630907197159546E-004                  5.7221218635412239E-003                  1.2718648985637735E-003                  2.4871053158459677E-003                  5.7711840444001201E-005                  1.2269031650268115E-015                  0.0000000000000000E+000 
                                     559                  9.5254738936053374E-001                 -2.3646942615521083E-001                  6.5567529883347344E+000                  8.5613526343917634E+000                  8.5225038614412195E+021                  7.5778468823158085E-001                  3.9788397363791061E-005                  2.2997552337105479E-001                  2.1025988500770593E-003                  6.1630907197241967E-004                  5.7221218635412265E-003                  1.2718648985637741E-003                  2.4871053158459690E-003                  6.5070372590442506E-005                  1.7752474912331616E-015                  0.0000000000000000E+000 
                                     560                  9.4979606174042808E-001                 -2.4040629836241392E-001                  6.5615566691745091E+000                  8.5602302881018684E+000                  1.3294411322834630E+022                  7.5778292722831830E-001                  4.1549400621952277E-005                  2.2997552337105906E-001                  2.1025988500760757E-003                  6.1630907197356513E-004                  5.7221218635412239E-003                  1.2718648985637735E-003                  2.4871053158459677E-003                  7.3351812872113218E-005                  2.5657539260732338E-015                  0.0000000000000000E+000 
                                     561                  9.4697518690013294E-001                 -2.4436888418012803E-001                  6.5663603063743912E+000                  8.5590783576956309E+000                  2.0831576682472782E+022                  7.5778096700041908E-001                  4.3509628515282997E-005                  2.2997552337106489E-001                  2.1025988500747131E-003                  6.1630907197515652E-004                  5.7221218635412239E-003                  1.2718648985637735E-003                  2.4871053158459677E-003                  8.2670317043250587E-005                  3.7041712755853066E-015                  0.0000000000000000E+000 
                                     562                  9.4408328135458597E-001                 -2.4835731661927041E-001                  6.5711643398493909E+000                  8.5578985032304544E+000                  3.2792358432169714E+022                  7.5777878512867203E-001                  4.5691500253272570E-005                  2.2997552337107360E-001                  2.1025988500728184E-003                  6.1630907197736319E-004                  5.7221218635412291E-003                  1.2718648985637748E-003                  2.4871053158459703E-003                  9.3154046812762823E-005                  5.3419571188548566E-015                  0.0000000000000000E+000 
                                     563                  9.4111883657170503E-001                 -2.5237174575710475E-001                  6.5759692464837878E+000                  8.5566924045364541E+000                  5.1862218244318281E+022                  7.5777635684053235E-001                  4.8119788380019062E-005                  2.2997552337108582E-001                  2.1025988500701955E-003                  6.1630907198042498E-004                  5.7221218635412283E-003                  1.2718648985637745E-003                  2.4871053158459699E-003                  1.0494689098404220E-004                  7.6958601307882743E-015                  0.0000000000000000E+000 
                                     564                  9.3808031887664678E-001                 -2.5641233951650894E-001                  6.5807755411160125E+000                  8.5554617623785720E+000                  8.2408940992026707E+022                  7.5777365460952972E-001                  5.0822019364265178E-005                  2.2997552337110377E-001                  2.1025988500665582E-003                  6.1630907198466844E-004                  5.7221218635412239E-003                  1.2718648985637735E-003                  2.4871053158459677E-003                  1.1821040061359759E-004                  1.1075831948965393E-014                  0.0000000000000000E+000 
                                     565                  9.3496616939325827E-001                 -2.6047928448149849E-001                  6.5855837772437393E+000                  8.5542082994705666E+000                  1.3156659929108175E+023                  7.5777064784899184E-001                  5.3828779875077996E-005                  2.2997552337113006E-001                  2.1025988500615140E-003                  6.1630907199054829E-004                  5.7221218635412239E-003                  1.2718648985637735E-003                  2.4871053158459677E-003                  1.3312596554943104E-004                  1.5924793700749359E-014                  0.0000000000000000E+000 
                                     566                  9.3177480402509649E-001                 -2.6457278674971646E-001                  6.5903945473921617E+000                  8.5529337585478089E+000                  2.1103638491923219E+023                  7.5776730241269707E-001                  5.7174216129850275E-005                  2.2997552337116892E-001                  2.1025988500545400E-003                  6.1630907199868956E-004                  5.7221218635412231E-003                  1.2718648985637732E-003                  2.4871053158459673E-003                  1.4989726280926010E-004                  2.2875268820884820E-014                  0.0000000000000000E+000 
                                     567                  9.2850461349973312E-001                 -2.6869307279604793E-001                  6.5939955159170367E+000                  8.2535164355080575E+000                  1.5165453632813326E+023                  7.5776456100258394E-001                  5.9915626201423883E-005                  2.2997552337120916E-001                  2.1025988500477516E-003                  6.1630907200660619E-004                  5.7221218635412222E-003                  1.2718648985637728E-003                  2.4871053158459669E-003                  1.6383489215604090E-004                  2.9984700385358522E-014                  0.0000000000000000E+000 
                                     568                  9.2682928849218427E-001                 -2.7077570565649589E-001                  6.5964033298138425E+000                  8.2475966334556325E+000                  1.9046383960232344E+023                  7.5776259128013213E-001                  6.1885348616281819E-005                  2.2997552337124530E-001                  2.1025988500419429E-003                  6.1630907201338278E-004                  5.7221218635412222E-003                  1.2718648985637732E-003                  2.4871053158459677E-003                  1.7382710484111278E-004                  3.5913470517176448E-014                  0.0000000000000000E+000 
                                     569                  9.2515396348463552E-001                 -2.7283997504765517E-001                  6.5994308720215340E+000                  8.4294395460172744E+000                  3.9231886639304449E+023                  7.5775999520920756E-001                  6.4481419486286508E-005                  2.2997552337129848E-001                  2.1025988500337281E-003                  6.1630907202296756E-004                  5.7221218635412231E-003                  1.2718648985637730E-003                  2.4871053158459673E-003                  1.8722209820662761E-004                  4.5035475058970613E-014                  0.0000000000000000E+000 
                                     570                  9.2256372704366763E-001                 -2.7599657228189162E-001                  6.6030463016893641E+000                  8.4205821172675961E+000                  5.5440125437481631E+023                  7.5775662879109007E-001                  6.7847837511924371E-005                  2.2997552337138802E-001                  2.1025988500207814E-003                  6.1630907203806843E-004                  5.7221218635412257E-003                  1.2718648985637741E-003                  2.4871053158459686E-003                  2.0457789746484601E-004                  5.8985775748657000E-014                  0.0000000000000000E+000 
                                     571                  9.1997349060269973E-001                 -2.7911185674124084E-001                  6.6072616711542054E+000                  8.5483325594970996E+000                  1.1434023044359525E+024                  7.5775234384810097E-001                  7.2132780353278015E-005                  2.2997552337153263E-001                  2.1025988500013131E-003                  6.1630907206079006E-004                  5.7221218635412291E-003                  1.2718648985637748E-003                  2.4871053158459703E-003                  2.2677544869509694E-004                  8.0715608372801746E-014                  0.0000000000000000E+000 
                                     572                  9.1641437883041488E-001                 -2.8332797786714148E-001                  6.6108678679447737E+000                  8.2462492349513106E+000                  8.2602087866004043E+023                  7.5774835549607200E-001                  7.6121132206053747E-005                  2.2997552337170538E-001                  2.1025988499798237E-003                  6.1630907208586332E-004                  5.7221218635412309E-003                  1.2718648985637752E-003                  2.4871053158459712E-003                  2.4772094248301377E-004                  1.0552562392887980E-013                  0.0000000000000000E+000 
                                     573                  9.1460254110969252E-001                 -2.8544633054726265E-001                  6.6132846500956282E+000                  8.2455723947680983E+000                  1.0578014943328371E+024                  7.5774550934080975E-001                  7.8967287315124903E-005                  2.2997552337185537E-001                  2.1025988499622492E-003                  6.1630907210635756E-004                  5.7221218635412248E-003                  1.2718648985637737E-003                  2.4871053158459682E-003                  2.6276162087818613E-004                  1.2622034563057701E-013                  0.0000000000000000E+000 
                                     574                  9.1276889294393482E-001                 -2.8757174341853647E-001                  6.6169288273591151E+000                  8.5456264932198991E+000                  3.0748622915547302E+024                  7.5774093764933348E-001                  8.3538978490162023E-005                  2.2997552337215135E-001                  2.1025988499298281E-003                  6.1630907214418060E-004                  5.7221218635412248E-003                  1.2718648985637737E-003                  2.4871053158459682E-003                  2.8707251578280463E-004                  1.6521137721249180E-013                  0.0000000000000000E+000 
                                     575                  9.0903528876402140E-001                 -2.9184437166472943E-001                  6.6217723680202321E+000                  8.5442579947078272E+000                  5.0724343675900286E+024                  7.5773425988346110E-001                  9.0216743775784565E-005                  2.2997552337272825E-001                  2.1025988498725732E-003                  6.1630907221097721E-004                  5.7221218635412248E-003                  1.2718648985637737E-003                  2.4871053158459682E-003                  3.2292688147687805E-004                  2.3612279713136405E-013                  0.0000000000000000E+000 
                                     576                  9.0521179876456348E-001                 -2.9614580917426864E-001                  6.6266234419813008E+000                  8.5428813960826524E+000                  8.3987775975369935E+024                  7.5772683526785878E-001                  9.7641358471460343E-005                  2.2997552337362206E-001                  2.1025988497935365E-003                  6.1630907230318275E-004                  5.7221218635412213E-003                  1.2718648985637728E-003                  2.4871053158459664E-003                  3.6321483615445752E-004                  3.3725821503590675E-013                  0.0000000000000000E+000 
                                     577                  9.0129663260883541E-001                 -3.0047645870415518E-001                  6.6314826449775870E+000                  8.5414982716179697E+000                  1.3955181538316338E+025                  7.5771858095434397E-001                  1.0589567057608594E-004                  2.2997552337501390E-001                  2.1025988496844732E-003                  6.1630907243042331E-004                  5.7221218635412231E-003                  1.2718648985637732E-003                  2.4871053158459673E-003                  4.0848132718584513E-004                  4.8142472441653190E-013                  0.0000000000000000E+000 
                                     578                  8.9728797777012670E-001                 -3.0483674854629422E-001                  6.6351245233267155E+000                  8.2419188896369437E+000                  1.0284884944761597E+025                  7.5771182435205420E-001                  1.1265227136573229E-004                  2.2997552337649632E-001                  2.1025988495786438E-003                  6.1630907255389312E-004                  5.7221218635412300E-003                  1.2718648985637750E-003                  2.4871053158459708E-003                  4.4608820798740901E-004                  6.2827338912720810E-013                  0.0000000000000000E+000 
                                     579                  8.9523598901005530E-001                 -3.0704078868887630E-001                  6.6375607073557852E+000                  8.2361308276006557E+000                  1.3136260560126423E+025                  7.5770698338847420E-001                  1.1749323353492025E-004                  2.2997552337789237E-001                  2.1025988494893398E-003                  6.1630907265807769E-004                  5.7221218635412317E-003                  1.2718648985637754E-003                  2.4871053158459716E-003                  4.7303040151408174E-004                  7.5032532861892106E-013                  0.0000000000000000E+000 
                                     580                  8.9318400024998368E-001                 -3.0922666913978597E-001                  6.6412278323904044E+000                  8.5387187166201883E+000                  3.8901647371289750E+025                  7.5769920497363785E-001                  1.2527164561736346E-004                  2.2997552338061905E-001                  2.1025988493265082E-003                  6.1630907284803511E-004                  5.7221218635412248E-003                  1.2718648985637735E-003                  2.4871053158459677E-003                  5.1647083655029138E-004                  9.7935514869214728E-013                  0.0000000000000000E+000 
                                     581                  8.8898284537683214E-001                 -3.1364762620369174E-001                  6.6461147477390261E+000                  8.5373250577458943E+000                  6.5236398251756924E+025                  7.5768786808566546E-001                  1.3660852813115492E-004                  2.2997552338603025E-001                  2.1025988490404133E-003                  6.1630907318180285E-004                  5.7221218635412699E-003                  1.2718648985637737E-003                  2.4871053158459682E-003                  5.8065078635031520E-004                  1.3957527101300602E-012                  0.0000000000000000E+000 
                                     582                  8.8468263868205943E-001                 -3.1809966674585571E-001                  6.6510119710300666E+000                  8.5359307755902947E+000                  1.0968835197128044E+026                  7.5767526830483667E-001                  1.4920830031261241E-004                  2.2997552339461147E-001                  2.1025988486460655E-003                  6.1630907364186723E-004                  5.7221218635412803E-003                  1.2718648985637743E-003                  2.4871053158459695E-003                  6.5274225217672188E-004                  1.9882400514108293E-012                  0.0000000000000000E+000 
                                     583                  8.8028148686467944E-001                 -3.2258332653135879E-001                  6.6559200066435844E+000                  8.5345372655017560E+000                  1.8488021254132301E+026                  7.5766126576269877E-001                  1.6321082870134193E-004                  2.2997552340827057E-001                  2.1025988481026239E-003                  6.1630907427586291E-004                  5.7221218635412872E-003                  1.2718648985637745E-003                  2.4871053158459699E-003                  7.3371544079763712E-004                  2.8309511614203076E-012                  0.0000000000000000E+000 
                                     584                  8.7577747886872181E-001                 -3.2709916984854537E-001                  6.6596007355807263E+000                  8.2348983441669326E+000                  1.3761159261920344E+026                  7.5764980690905326E-001                  1.7466966747597059E-004                  2.2997552342305347E-001                  2.1025988475756540E-003                  6.1630907489064121E-004                  5.7221218635413237E-003                  1.2718648985637745E-003                  2.4871053158459699E-003                  8.0097993789888383E-004                  3.6879508204072294E-012                  0.0000000000000000E+000 
                                     585                  8.7347308296456316E-001                 -3.2938214302331781E-001                  6.6620633016596997E+000                  8.2292203367713430E+000                  1.7693139709130340E+026                  7.5764159983655555E-001                  1.8287672577989341E-004                  2.2997552343717320E-001                  2.1025988471316424E-003                  6.1630907540863365E-004                  5.7221218635413445E-003                  1.2718648985637737E-003                  2.4871053158459682E-003                  8.4915232374468345E-004                  4.3992558358239362E-012                  0.0000000000000000E+000 
                                     586                  8.7116868706040440E-001                 -3.3164729252053282E-001                  6.6657706648643318E+000                  8.5317583127463550E+000                  5.2866098542658393E+026                  7.5762841679721615E-001                  1.9605973711486771E-004                  2.2997552346504274E-001                  2.1025988463225440E-003                  6.1630907635254971E-004                  5.7221218635413748E-003                  1.2718648985637730E-003                  2.4871053158459669E-003                  9.2679456032455541E-004                  5.7321161415552374E-012                  0.0000000000000000E+000 
                                     587                  8.6645316848893805E-001                 -3.3622931176148346E-001                  6.6707141452058965E+000                  8.5303754012831181E+000                  8.9653904893887628E+026                  7.5760920739654170E-001                  2.1526908137872505E-004                  2.2997552352121656E-001                  2.1025988449021810E-003                  6.1630907800958772E-004                  5.7221218635414442E-003                  1.2718648985637743E-003                  2.4871053158459695E-003                  1.0414943075471321E-003                  8.1517837000581736E-012                  0.0000000000000000E+000 
                                     588                  8.6162896623887997E-001                 -3.4084538844690676E-001                  6.6756704876719821E+000                  8.5289987702367789E+000                  1.5229758048996423E+027                  7.5758786606824635E-001                  2.3661031883854910E-004                  2.2997552361172621E-001                  2.1025988429464056E-003                  6.1630908029124002E-004                  5.7221218635415353E-003                  1.2718648985637730E-003                  2.4871053158459669E-003                  1.1702973393748421E-003                  1.1588761705858802E-011                  0.0000000000000000E+000 
                                     589                  8.5669411090569159E-001                 -3.4549621135395853E-001                  6.6806402127959199E+000                  8.5276297908707122E+000                  2.5910697740129698E+027                  7.5756415756225171E-001                  2.6031867819546203E-004                  2.2997552375791519E-001                  2.1025988402538593E-003                  6.1630908343243468E-004                  5.7221218635416671E-003                  1.2718648985637741E-003                  2.4871053158459690E-003                  1.3149312175884482E-003                  1.6469435696195728E-011                  0.0000000000000000E+000 
                                     590                  8.5164662218290821E-001                 -3.5018250339136275E-001                  6.6843694398054065E+000                  8.2279527161576418E+000                  1.9408368833130613E+027                  7.5754475957160627E-001                  2.7971650833044670E-004                  2.2997552391799048E-001                  2.1025988376437554E-003                  6.1630908647744358E-004                  5.7221218635417894E-003                  1.2718648985637743E-003                  2.4871053158459695E-003                  1.4350744585406902E-003                  2.1427458443753945E-011                  0.0000000000000000E+000 
                                     591                  8.4906556635980657E-001                 -3.5255214030859600E-001                  6.6868648099863801E+000                  8.2224111240104722E+000                  2.5061746466458933E+027                  7.5753087143511766E-001                  2.9360449038234177E-004                  2.2997552407206112E-001                  2.1025988354473968E-003                  6.1630908903976276E-004                  5.7221218635418987E-003                  1.2718648985637739E-003                  2.4871053158459686E-003                  1.5210903485301549E-003                  2.5538432077288017E-011                  0.0000000000000000E+000 
                                     592                  8.4648451053670504E-001                 -3.5490448637977162E-001                  6.6893639867430776E+000                  8.2265876878701434E+000                  3.3095078465023354E+027                  7.5751627543790745E-001                  3.0820030515059458E-004                  2.2997552425408749E-001                  2.1025988329549895E-003                  6.1630909194745496E-004                  5.7221218635420280E-003                  1.2718648985637730E-003                  2.4871053158459669E-003                  1.6122354222307040E-003                  3.0436260342794063E-011                  0.0000000000000000E+000 
                                     593                  8.4384514475557992E-001                 -3.5729256143714549E-001                  6.6918666852798063E+000                  8.2210768188053613E+000                  4.2762506871703545E+027                  7.5750084983454669E-001                  3.2362565785995848E-004                  2.2997552450423542E-001                  2.1025988299323470E-003                  6.1630909547373471E-004                  5.7221218635421928E-003                  1.2718648985637737E-003                  2.4871053158459682E-003                  1.7088134630402659E-003                  3.6270698827047744E-011                  0.0000000000000000E+000 
                                     594                  8.4120577897445481E-001                 -3.5966347984247127E-001                  6.6956350213050211E+000                  8.5235829748426717E+000                  1.2857665853246000E+028                  7.5747608076777462E-001                  3.4839422590608591E-004                  2.2997552500204343E-001                  2.1025988244265863E-003                  6.1630910189686941E-004                  5.7221218635424903E-003                  1.2718648985637750E-003                  2.4871053158459708E-003                  1.8644142609365692E-003                  4.7190105836314260E-011                  0.0000000000000000E+000 
                                     595                  8.3580842494305230E-001                 -3.6446087233087876E-001                  6.7006633950252823E+000                  8.5222583773670397E+000                  2.1977239792883801E+028                  7.5743999890807800E-001                  3.8447506892703938E-004                  2.2997552601710941E-001                  2.1025988147672994E-003                  6.1630911316557348E-004                  5.7221218635430150E-003                  1.2718648985637748E-003                  2.4871053158459703E-003                  2.0942791876010594E-003                  6.6991759935709443E-011                  0.0000000000000000E+000 
                                     596                  8.3029044234211780E-001                 -3.6929699574817670E-001                  6.7057077357763921E+000                  8.5209483309933844E+000                  3.7597489805756525E+028                  7.5739992994284544E-001                  4.2454237740905846E-004                  2.2997552767164481E-001                  2.1025988014774333E-003                  6.1630912866975681E-004                  5.7221218635437618E-003                  1.2718648985637735E-003                  2.4871053158459677E-003                  2.3523518978395318E-003                  9.5082067944493002E-011                  0.0000000000000000E+000 
                                     597                  8.2464982362722605E-001                 -3.7417276606422356E-001                  6.7107685512092852E+000                  8.5196542428455349E+000                  6.4368829935504517E+028                  7.5735543587118848E-001                  4.6903374553197453E-004                  2.2997553037213150E-001                  2.1025987831938386E-003                  6.1630914999968563E-004                  5.7221218635448295E-003                  1.2718648985637737E-003                  2.4871053158459682E-003                  2.6420889255739165E-003                  1.3492478115220188E-010                  0.0000000000000000E+000 
                                     598                  8.1888456201267212E-001                 -3.7908914315662073E-001                  6.7145688101044048E+000                  8.2199571982211754E+000                  4.8414207099208812E+028                  7.5731903983638782E-001                  5.0542679305468899E-004                  2.2997553335645504E-001                  2.1025987654698704E-003                  6.1630917067672297E-004                  5.7221218635458834E-003                  1.2718648985637730E-003                  2.4871053158459669E-003                  2.8827858987747995E-003                  1.7537192353084067E-010                  0.0000000000000000E+000 
                                     599                  8.1593860791143447E-001                 -3.8157600401234715E-001                  6.7171120611235606E+000                  8.2146185227024375E+000                  6.2704176849171614E+028                  7.5729299284549600E-001                  5.3147089841388542E-004                  2.2997553623950487E-001                  2.1025987505735267E-003                  6.1630918805499269E-004                  5.7221218635467924E-003                  1.2718648985637726E-003                  2.4871053158459660E-003                  3.0550638769876646E-003                  2.0888272632347866E-010                  0.0000000000000000E+000 
                                     600                  8.1299265381019681E-001                 -3.8404654189711351E-001                  6.7196598650262738E+000                  8.2186800776938966E+000                  8.2977099527090853E+028                  7.5726562290771904E-001                  5.5883740640244085E-004                  2.2997553966647438E-001                  2.1025987336592785E-003                  6.1630920778737053E-004                  5.7221218635478384E-003                  1.2718648985637741E-003                  2.4871053158459690E-003                  3.2376052971381740E-003                  2.4878925961962264E-010                  0.0000000000000000E+000 
                                     601                  8.0998237734681700E-001                 -3.8655462756720432E-001                  6.7222119878011171E+000                  8.2133797856108117E+000                  1.0750467841465118E+029                  7.5723670491088502E-001                  5.8775068118491495E-004                  2.2997554438511045E-001                  2.1025987131683514E-003                  6.1630923169232364E-004                  5.7221218635491360E-003                  1.2718648985637743E-003                  2.4871053158459695E-003                  3.4310238725723018E-003                  2.9630767539965662E-010                  0.0000000000000000E+000 
                                     602                  8.0697210088343729E-001                 -3.8904659354278648E-001                  6.7260551641715578E+000                  8.5158827884589741E+000                  3.2419806780506951E+029                  7.5719028856229897E-001                  6.3415758328841062E-004                  2.2997555382537277E-001                  2.1025986758475236E-003                  6.1630927523119406E-004                  5.7221218635515299E-003                  1.2718648985637739E-003                  2.4871053158459686E-003                  3.7425750653688455E-003                  3.8517393492258114E-010                  0.0000000000000000E+000 
                                     603                  8.0082091319869597E-001                 -3.9409101610967717E-001                  6.7311870358022290E+000                  8.5146671869931936E+000                  5.5624844557780835E+029                  7.5712268987614872E-001                  7.0173688399805759E-004                  2.2997557319990122E-001                  2.1025986103779906E-003                  6.1630935160853547E-004                  5.7221218635558485E-003                  1.2718648985637737E-003                  2.4871053158459682E-003                  4.2029515631883873E-003                  5.4626353410594025E-010                  0.0000000000000000E+000 
                                     604                  7.9453711149282003E-001                 -3.9918037061537504E-001                  6.7363380877118804E+000                  8.5134750702289885E+000                  9.5473570036746293E+029                  7.5704765541250785E-001                  7.7673955370968924E-004                  2.2997560497881989E-001                  2.1025985203185615E-003                  6.1630945667250927E-004                  5.7221218635619782E-003                  1.2718648985637745E-003                  2.4871053158459699E-003                  4.7199388188007277E-003                  7.7465782444213970E-010                  0.0000000000000000E+000 
                                     605                  7.8811873008630440E-001                 -4.0431587341009778E-001                  6.7415089235885493E+000                  8.5123080895486005E+000                  1.6391767768971653E+030                  7.5696437421894636E-001                  8.5996856439470688E-004                  2.2997565714104681E-001                  2.1025983964288188E-003                  6.1630960120292804E-004                  5.7221218635706709E-003                  1.2718648985637726E-003                  2.4871053158459660E-003                  5.3006181410779887E-003                  1.0984749812199254E-009                  0.0000000000000000E+000 
                                     606                  7.8156381982140732E-001                 -4.0949880119278370E-001                  6.7453947476569853E+000                  8.2126195314954842E+000                  1.2352599848787634E+030                  7.5689616080875199E-001                  9.2812269836779716E-004                  2.2997571639710196E-001                  2.1025982754382189E-003                  6.1630974235100922E-004                  5.7221218635793835E-003                  1.2718648985637739E-003                  2.4871053158459690E-003                  5.7834376943100172E-003                  1.4272154907660964E-009                  0.0000000000000000E+000 
                                     607                  7.7821713546875826E-001                 -4.1212175993814920E-001                  6.7479956316826595E+000                  8.2075330381984593E+000                  1.6022098446943259E+030                  7.5684745887671323E-001                  9.7676956820609627E-004                  2.2997577144255907E-001                  2.1025981749856777E-003                  6.1630985953917150E-004                  5.7221218635867717E-003                  1.2718648985637741E-003                  2.4871053158459682E-003                  6.1291713544108376E-003                  1.6994963468737315E-009                  0.0000000000000000E+000 
                                     608                  7.7487045111610919E-001                 -4.1472983743668723E-001                  6.7519126512837788E+000                  8.5100568652603048E+000                  4.8348319295100382E+030                  7.5676939077010497E-001                  1.0547254820679050E-003                  2.2997588360472204E-001                  2.1025979914939814E-003                  6.1631007360078813E-004                  5.7221218636005272E-003                  1.2718648985637745E-003                  2.4871053158459699E-003                  6.6864484004905351E-003                  2.2085795001004347E-009                  0.0000000000000000E+000 
                                     609                  7.6803671716989186E-001                 -4.2001170206663041E-001                  6.7571467505890013E+000                  8.5089758644973337E+000                  8.3047607678068943E+030                  7.5665560454125969E-001                  1.1682801876134563E-003                  2.2997611507424126E-001                  2.1025976688306661E-003                  6.1631045001956926E-004                  5.7221218636253780E-003                  1.2718648985637722E-003                  2.4871053158459651E-003                  7.5115238529905488E-003                  3.1316736331942850E-009                  0.0000000000000000E+000 
                                     610                  7.6106073733217017E-001                 -4.2534522178678275E-001                  6.7610819303199854E+000                  8.2093039055456991E+000                  6.2625950755260945E+030                  7.5656208263601255E-001                  1.2615349202344992E-003                  2.2997638219366701E-001                  2.1025973496470495E-003                  6.1631082237836431E-004                  5.7221218636506225E-003                  1.2718648985637730E-003                  2.4871053158459669E-003                  8.1990277243282634E-003                  4.0691426509511525E-009                  0.0000000000000000E+000 
                                     611                  7.5750069897673589E-001                 -4.2804520290136444E-001                  6.7637161299941688E+000                  8.2043650731377067E+000                  8.1244269249802800E+030                  7.5649563865550662E-001                  1.3277365938326011E-003                  2.2997662445730441E-001                  2.1025970900389094E-003                  6.1631112523621477E-004                  5.7221218636715667E-003                  1.2718648985637739E-003                  2.4871053158459686E-003                  8.6922410877127536E-003                  4.8456718042285924E-009                  0.0000000000000000E+000 
                                     612                  7.5394066062130138E-001                 -4.3073125801418960E-001                  6.7663563569168170E+000                  8.2082634595719526E+000                  1.0755741087021778E+031                  7.5642567246266834E-001                  1.3973919987736172E-003                  2.2997693519443371E-001                  2.1025967854501337E-003                  6.1631148056796089E-004                  5.7221218636965138E-003                  1.2718648985637750E-003                  2.4871053158459708E-003                  9.2162382219876000E-003                  5.7705383981404592E-009                  0.0000000000000000E+000 
                                     613                  7.5030766501262314E-001                 -4.3345847643193769E-001                  6.7690025201004715E+000                  8.2033774929615362E+000                  1.3952947160693545E+031                  7.5635200287496696E-001                  1.4706629626099093E-003                  2.2997733375873392E-001                  2.1025964280832134E-003                  6.1631189747001847E-004                  5.7221218637262374E-003                  1.2718648985637743E-003                  2.4871053158459695E-003                  9.7733108577617543E-003                  6.8720945543318446E-009                  0.0000000000000000E+000 
                                     614                  7.4667466940394467E-001                 -4.3617212996175264E-001                  6.7729883413623897E+000                  8.5059369689148543E+000                  4.2060986969695108E+031                  7.5623427353440342E-001                  1.5875736614367035E-003                  2.2997815229114418E-001                  2.1025957721671367E-003                  6.1631266265674831E-004                  5.7221218637818812E-003                  1.2718648985637722E-003                  2.4871053158459651E-003                  1.0675053200941028E-002                  8.9320388312585045E-009                  0.0000000000000000E+000 
                                     615                  7.3926098326902778E-001                 -4.4167029267047103E-001                  6.7769721973193642E+000                  8.2041410016711787E+000                  3.1515686736535021E+031                  7.5610708670832527E-001                  1.7135733636053699E-003                  2.2997933927648107E-001                  2.1025949407839999E-003                  6.1631363254058117E-004                  5.7221218638540674E-003                  1.2718648985637728E-003                  2.4871053158459664E-003                  1.1668307240954823E-002                  1.1604321585729770E-008                  0.0000000000000000E+000 
                                     616                  7.3549820940530530E-001                 -4.4444079242329554E-001                  6.7809934948197288E+000                  8.5045457846617545E+000                  9.4511142466659583E+031                  7.5596964407868117E-001                  1.8492871400524959E-003                  2.2998106795273551E-001                  2.1025938792015161E-003                  6.1631487097091688E-004                  5.7221218639484268E-003                  1.2718648985637739E-003                  2.4871053158459686E-003                  1.2763972261095368E-002                  1.5092104633414550E-008                  0.0000000000000000E+000 
                                     617                  7.2785973411745475E-001                 -4.5002728384894675E-001                  6.7850145219070290E+000                  8.2049192532007940E+000                  7.1133593316092541E+031                  7.5582126839665620E-001                  1.9951555345929317E-003                  2.2998357501573849E-001                  2.1025925324041047E-003                  6.1631644212737041E-004                  5.7221218640709460E-003                  1.2718648985637750E-003                  2.4871053158459708E-003                  1.3979266193705413E-002                  1.9621181316389433E-008                  0.0000000000000000E+000 
                                     618                  7.2396451853359434E-001                 -4.5285686966455524E-001                  6.7877069083757107E+000                  8.2002344275074517E+000                  9.2161839931856811E+031                  7.5571608069427409E-001                  2.0980719896259753E-003                  2.2998584608040160E-001                  2.1025914363628686E-003                  6.1631772075320865E-004                  5.7221218641725783E-003                  1.2718648985637739E-003                  2.4871053158459686E-003                  1.4862775052672365E-002                  2.3375015401603117E-008                  0.0000000000000000E+000 
                                     619                  7.2006930294973381E-001                 -4.5567435449161336E-001                  6.7897233709788356E+000                  7.9020688220322697E+000                  5.6736183170008357E+031                  7.5563390819369181E-001                  2.1781384686162938E-003                  2.2998795194497373E-001                  2.1025904943094541E-003                  6.1631881973804603E-004                  5.7221218642611194E-003                  1.2718648985637732E-003                  2.4871053158459673E-003                  1.5567632207180455E-002                  2.6644546193098497E-008                  0.0000000000000000E+000 
                                     620                  7.1809294973165050E-001                 -4.5709936410586360E-001                  6.7910750432092275E+000                  7.8997498129844761E+000                  6.4556707887408595E+031                  7.5557726393010771E-001                  2.2331407963571831E-003                  2.2998959376475359E-001                  2.1025897979810235E-003                  6.1631963206339136E-004                  5.7221218643272002E-003                  1.2718648985637719E-003                  2.4871053158459647E-003                  1.6061461314743699E-002                  2.9083574095061324E-008                  0.0000000000000000E+000 
                                     621                  7.1611659651356740E-001                 -4.5852143853811161E-001                  6.7931136337015561E+000                  8.2036471079439153E+000                  1.5905255332374773E+032                  7.5548942049483159E-001                  2.3180986226948872E-003                  2.2999247918045801E-001                  2.1025886386594589E-003                  6.1632098450800112E-004                  5.7221218644383119E-003                  1.2718648985637745E-003                  2.4871053158459703E-003                  1.6841189489173410E-002                  3.3182445985099779E-008                  0.0000000000000000E+000 
                                     622                  7.1210590721254619E-001                 -4.6139862928930048E-001                  6.7958281961346865E+000                  8.1990569800768753E+000                  2.0570831739215030E+032                  7.5536752379017669E-001                  2.4352306097162602E-003                  2.2999724360236720E-001                  2.1025868644434691E-003                  6.1632305427581019E-004                  5.7221218646107009E-003                  1.2718648985637730E-003                  2.4871053158459673E-003                  1.7954564331581602E-002                  3.9540612346613828E-008                  0.0000000000000000E+000 
                                     623                  7.0809521791152485E-001                 -4.6426445677156336E-001                  6.7985505804940889E+000                  8.2028599934775919E+000                  2.7081963909292201E+032                  7.5524053354731746E-001                  2.5562687714545699E-003                  2.3000319534390107E-001                  2.1025848270708738E-003                  6.1632543103501706E-004                  5.7221218648112601E-003                  1.2718648985637737E-003                  2.4871053158459682E-003                  1.9165724506609340E-002                  4.7121773593566431E-008                  0.0000000000000000E+000 
                                     624                  7.0400658428127083E-001                 -4.6717477920386036E-001                  6.8012808380507312E+000                  8.1983360489328057E+000                  3.4963756500626976E+032                  7.5510612329195848E-001                  2.6827801883911920E-003                  2.3001109376766779E-001                  2.1025823393257636E-003                  6.1632833318567704E-004                  5.7221218650611227E-003                  1.2718648985637730E-003                  2.4871053158459669E-003                  2.0490338185553302E-002                  5.6162316939502877E-008                  0.0000000000000000E+000 
                                     625                  6.9991795065101681E-001                 -4.7007427228017551E-001                  6.8040192934235515E+000                  8.2021250634833098E+000                  4.5927915799329154E+032                  7.5496642079693677E-001                  2.8129460900798643E-003                  2.3002062989281513E-001                  2.1025795304235114E-003                  6.1633160998894154E-004                  5.7221218653461308E-003                  1.2718648985637752E-003                  2.4871053158459712E-003                  2.1945196985082526E-002                  6.6945032184677937E-008                  0.0000000000000000E+000 
                                     626                  6.9575064078198090E-001                 -4.7301891857027784E-001                  6.8067660160205925E+000                  8.1976702570209774E+000                  5.9101921799842154E+032                  7.5481953594078643E-001                  2.9470274731541995E-003                  2.3003343279859284E-001                  2.1025761268999368E-003                  6.1633558045802960E-004                  5.7221218656986024E-003                  1.2718648985637743E-003                  2.4871053158459695E-003                  2.3552248821941516E-002                  7.9807558755138138E-008                  0.0000000000000000E+000 
                                     627                  6.9158333091294488E-001                 -4.7595330869531999E-001                  6.8095148101315823E+000                  8.1994131499243057E+000                  7.6973291204645552E+032                  7.5466578565361897E-001                  3.0845533550434528E-003                  2.3004965653612569E-001                  2.1025721207428190E-003                  6.1634025393955487E-004                  5.7221218661196597E-003                  1.2718648985637719E-003                  2.4871053158459647E-003                  2.5333565005001214E-002                  9.5114351296772144E-008                  0.0000000000000000E+000 
                                     628                  6.8735657557972252E-001                 -4.7891958128556211E-001                  6.8122788047992957E+000                  8.1991065646235342E+000                  9.9534865216497409E+032                  7.5450614912844638E-001                  3.2238621212425673E-003                  2.3006998351782529E-001                  2.1025674574710273E-003                  6.1634569398794905E-004                  5.7221218666172399E-003                  1.2718648985637750E-003                  2.4871053158459708E-003                  2.7326485867974058E-002                  1.1341964432356370E-007                  0.0000000000000000E+000 
                                     629                  6.8308996552553991E-001                 -4.8190413828660639E-001                  6.8150516986477019E+000                  8.1988156470774705E+000                  1.2831881904458285E+033                  7.5434012145454166E-001                  3.3641969555466391E-003                  2.3009567544379117E-001                  2.1025619761098225E-003                  6.1635208838952608E-004                  5.7221218672113229E-003                  1.2718648985637737E-003                  2.4871053158459682E-003                  2.9563951194827704E-002                  1.3526743306727276E-007                  0.0000000000000000E+000 
                                     630                  6.7878333861157847E-001                 -4.8490732838258416E-001                  6.8178336797880474E+000                  8.1985409794495325E+000                  1.6482569826438709E+033                  7.5416786556551563E-001                  3.5040928162042304E-003                  2.3012803439806720E-001                  2.1025555320869052E-003                  6.1635960579549572E-004                  5.7221218679207762E-003                  1.2718648985637743E-003                  2.4871053158459695E-003                  3.2087948635711148E-002                  1.6134822001696395E-007                  0.0000000000000000E+000 
                                     631                  6.7443653787100410E-001                 -4.8792951189010991E-001                  6.8206249354888557E+000                  8.1982831862926808E+000                  2.1080348583281169E+033                  7.5398964699794557E-001                  3.6417253181559662E-003                  2.3016861920074078E-001                  2.1025479550544203E-003                  6.1636844492526824E-004                  5.7221218687681557E-003                  1.2718648985637741E-003                  2.4871053158459690E-003                  3.4946201323149732E-002                  1.9248827018614269E-007                  0.0000000000000000E+000 
                                     632                  6.7004941171277066E-001                 -4.9097106142172164E-001                  6.8234256523562511E+000                  8.1980429380220858E+000                  2.6822894943884233E+033                  7.5380584210860690E-001                  3.7748812954372783E-003                  2.3021926662753711E-001                  2.1025390442472864E-003                  6.1637883998114725E-004                  5.7221218697804700E-003                  1.2718648985637739E-003                  2.4871053158459686E-003                  3.8191434610276513E-002                  2.2967656897563827E-007                  0.0000000000000000E+000 
                                     633                  6.6562181413182231E-001                 -4.9403236260147532E-001                  6.8255319375998607E+000                  7.8978157218240135E+000                  1.6043352552024725E+033                  7.5366472943980789E-001                  3.8704252850689600E-003                  2.3026483403128714E-001                  2.1025313924031550E-003                  6.1638776636207724E-004                  5.7221218706610989E-003                  1.2718648985637730E-003                  2.4871053158459669E-003                  4.0915546109580883E-002                  2.6224823516449100E-007                  0.0000000000000000E+000 
                                     634                  6.6338770952890247E-001                 -4.9557399553978659E-001                  6.8269395799860639E+000                  7.8957323984940393E+000                  1.7929775444456338E+033                  7.5356912625452444E-001                  3.9310598021135680E-003                  2.3029980175042170E-001                  2.1025256982744995E-003                  6.1639440893243829E-004                  5.7221218713236618E-003                  1.2718648985637735E-003                  2.4871053158459677E-003                  4.2879776376549869E-002                  2.8650110977584039E-007                  0.0000000000000000E+000 
                                     635                  6.6115360492598274E-001                 -4.9711370340570149E-001                  6.8290562237260657E+000                  8.1976180738609390E+000                  4.2609628868907405E+033                  7.5342353615113966E-001                  4.0169384262912214E-003                  2.3035951165181795E-001                  2.1025162322439233E-003                  6.1640545166173481E-004                  5.7221218724357176E-003                  1.2718648985637750E-003                  2.4871053158459708E-003                  4.6067536821681340E-002                  3.2716814191636457E-007                  0.0000000000000000E+000 
                                     636                  6.5664464991978788E-001                 -5.0021572038395223E-001                  6.8318864353968589E+000                  8.1974349434644616E+000                  5.3089028193455560E+033                  7.5322630372818500E-001                  4.1195527389422991E-003                  2.3045412734367543E-001                  2.1025017228630933E-003                  6.1642237776063033E-004                  5.7221218741637962E-003                  1.2718648985637748E-003                  2.4871053158459703E-003                  5.0807711987999563E-002                  3.9058821447910300E-007                  0.0000000000000000E+000 
                                     637                  6.5209482119534479E-001                 -5.0333873158340336E-001                  6.8340153194291240E+000                  7.8972342854947337E+000                  3.1192205469963645E+033                  7.5307637659839555E-001                  4.1858119707453229E-003                  2.3053779315998860E-001                  2.1024892339536042E-003                  6.1643694683608983E-004                  5.7221218756711599E-003                  1.2718648985637743E-003                  2.4871053158459695E-003                  5.4755775190714610E-002                  4.4617057127184261E-007                  0.0000000000000000E+000 
                                     638                  6.4979940926259305E-001                 -5.0491170569405885E-001                  6.8354381288282537E+000                  7.8952164427412850E+000                  3.4417675422175295E+033                  7.5297555968667518E-001                  4.2237729458987098E-003                  2.3060064755099993E-001                  2.1024799614693147E-003                  6.1644776374479679E-004                  5.7221218768021675E-003                  1.2718648985637745E-003                  2.4871053158459699E-003                  5.7577613204233727E-002                  4.8757284135366553E-007                  0.0000000000000000E+000 
                                     639                  6.4750399732984121E-001                 -5.0648306643997598E-001                  6.8375776687726750E+000                  8.1971315746256721E+000                  8.0103251968953043E+033                  7.5282318023281447E-001                  4.2707286092687705E-003                  2.3070606877188485E-001                  2.1024645452582067E-003                  6.1646574766299560E-004                  5.7221218787009290E-003                  1.2718648985637730E-003                  2.4871053158459669E-003                  6.2102892565911283E-002                  5.5702245574078162E-007                  0.0000000000000000E+000 
                                     640                  6.4287206364033389E-001                 -5.0964941821940424E-001                  6.8404390466164218E+000                  8.1970128928576198E+000                  9.6801524285392947E+033                  7.5261854913321791E-001                  4.3125949665698089E-003                  2.3086882956929050E-001                  2.1024408781346918E-003                  6.1649335672082147E-004                  5.7221218816566775E-003                  1.2718648985637732E-003                  2.4871053158459673E-003                  6.8690999969862873E-002                  6.6540204903033049E-007                  0.0000000000000000E+000 
                                     641                  6.3819891243652727E-001                 -5.1283815014132494E-001                  6.8425917886239134E+000                  7.8968435610606562E+000                  5.5473772294520477E+033                  7.5246413824975023E-001                  4.3270478647283424E-003                  2.3100878415278406E-001                  2.1024204691811169E-003                  6.1651716490601464E-004                  5.7221218842402784E-003                  1.2718648985637739E-003                  2.4871053158459686E-003                  7.4038246108976441E-002                  7.6045296810394442E-007                  0.0000000000000000E+000 
                                     642                  6.3584167785923029E-001                 -5.1444452522462236E-001                  6.8440306026988118E+000                  7.8948962691580853E+000                  6.0156171890795981E+033                  7.5236072874152071E-001                  4.3279022073888082E-003                  2.3111133679628262E-001                  2.1024053382077538E-003                  6.1653481601491424E-004                  5.7221218861755498E-003                  1.2718648985637739E-003                  2.4871053158459686E-003                  7.7779529527548352E-002                  8.3128371005538206E-007                  0.0000000000000000E+000 
                                     643                  6.3348444328193321E-001                 -5.1604963748216048E-001                  6.8461942928806669E+000                  8.1968454698103397E+000                  1.3622279412573998E+034                  7.5220484614729377E-001                  4.3158894865486276E-003                  2.3127922791747105E-001                  2.1023801773731102E-003                  6.1656416747827940E-004                  5.7221218894255082E-003                  1.2718648985637745E-003                  2.4871053158459699E-003                  8.3638406942144403E-002                  9.5014699148885767E-007                  0.0000000000000000E+000 
                                     644                  6.2872856326371862E-001                 -5.1928463468727981E-001                  6.8490885222426074E+000                  8.1967978489510891E+000                  1.5845479529087684E+034                  7.5199544803435792E-001                  4.2748699208065150E-003                  2.3152963914918498E-001                  2.1023414993888330E-003                  6.1660928736014897E-004                  5.7221218944919165E-003                  1.2718648985637730E-003                  2.4871053158459669E-003                  9.1871152673700107E-002                  1.1357729170797188E-006                  0.0000000000000000E+000 
                                     645                  6.2393118727189845E-001                 -5.2254355117053863E-001                  6.8512663993795684E+000                  7.8966635016225633E+000                  8.8164995123708433E+033                  7.5183674630854092E-001                  4.2257352871603870E-003                  2.3173746994098776E-001                  2.1023080967548648E-003                  6.1664825321837739E-004                  5.7221218989278030E-003                  1.2718648985637722E-003                  2.4871053158459651E-003                  9.8312074597310187E-002                  1.2986892741356193E-006                  0.0000000000000000E+000 
                                     646                  6.2151171277996720E-001                 -5.2418561537568742E-001                  6.8527220704058047E+000                  7.8947909929668025E+000                  9.3742060747578475E+033                  7.5172984117971620E-001                  4.1844761175260734E-003                  2.3188563011512572E-001                  2.1022833533185211E-003                  6.1667711765615136E-004                  5.7221219022473933E-003                  1.2718648985637741E-003                  2.4871053158459690E-003                  1.0270094092602178E-001                  1.4201455312034303E-006                  0.0000000000000000E+000 
                                     647                  6.1909223828803595E-001                 -5.2582680685523819E-001                  6.8549111920179220E+000                  8.1967770322665299E+000                  2.0607668380639290E+034                  7.5156736012193504E-001                  4.1108281251530619E-003                  2.3212175230537294E-001                  2.1022421980587077E-003                  6.1672512724630197E-004                  5.7221219078241190E-003                  1.2718648985637756E-003                  2.4871053158459721E-003                  1.0939831556768556E-001                  1.6240548514202555E-006                  0.0000000000000000E+000 
                                     648                  6.1421164768211778E-001                 -5.2913521667997865E-001                  6.8578400182388837E+000                  8.1968041377747269E+000                  2.3064483726333626E+034                  7.5134558908182503E-001                  3.9930399797395745E-003                  2.3246130093372455E-001                  2.1021788615548371E-003                  6.1679901221764857E-004                  5.7221219165286856E-003                  1.2718648985637735E-003                  2.4871053158459677E-003                  1.1850550638545629E-001                  1.9427379255475313E-006                  0.0000000000000000E+000 
                                     649                  6.0928935551895658E-001                 -5.3246923209634356E-001                  6.8600443800657773E+000                  7.8967058764077134E+000                  1.2483225477000125E+034                  7.5117423216546286E-001                  3.8922754909911316E-003                  2.3273341320982213E-001                  2.1021240932021651E-003                  6.1686290195077983E-004                  5.7221219241610517E-003                  1.2718648985637741E-003                  2.4871053158459690E-003                  1.2543533019923006E-001                  2.2226497609315433E-006                  0.0000000000000000E+000 
                                     650                  6.0680733319686575E-001                 -5.3414949514637411E-001                  6.8615178201043747E+000                  7.8949107955507491E+000                  1.3043871852997579E+034                  7.5105705750815499E-001                  3.8201959285382114E-003                  2.3292266067053588E-001                  2.1020835432004848E-003                  6.1691020529099311E-004                  5.7221219298697274E-003                  1.2718648985637750E-003                  2.4871053158459708E-003                  1.3008339417461515E-001                  2.4314246459666375E-006                  0.0000000000000000E+000 
                                     651                  6.0432531087477492E-001                 -5.3582931317081395E-001                  6.8637337633894377E+000                  8.1969338381209713E+000                  2.7976309167317189E+034                  7.5087619229961466E-001                  3.7063077269827108E-003                  2.3321740283509443E-001                  2.1020160771724672E-003                  6.1698890726194586E-004                  5.7221219394640753E-003                  1.2718648985637739E-003                  2.4871053158459686E-003                  1.3709507605607194E-001                  2.7820953006659448E-006                  0.0000000000000000E+000 
                                     652                  5.9931947216438752E-001                 -5.3921633401241797E-001                  6.8666991308536360E+000                  8.1970362874129670E+000                  3.0409194103831791E+034                  7.5062384470683230E-001                  3.5468475787620735E-003                  2.3362919325156542E-001                  2.1019121412249415E-003                  6.1711015274811725E-004                  5.7221219544575331E-003                  1.2718648985637743E-003                  2.4871053158459695E-003                  1.4655572515999074E-001                  3.3305946471353492E-006                  0.0000000000000000E+000 
                                     653                  5.9427180747942343E-001                 -5.4263078620982141E-001                  6.8689315098426729E+000                  7.8969732997884909E+000                  1.6148919083186538E+034                  7.5042486603696623E-001                  3.4239923957803953E-003                  2.3395101210521982E-001                  2.1018221559389655E-003                  6.1721512406225695E-004                  5.7221219676226861E-003                  1.2718648985637752E-003                  2.4871053158459712E-003                  1.5376096206953280E-001                  3.8127644207127150E-006                  0.0000000000000000E+000 
                                     654                  5.9172705120923219E-001                 -5.4435196783299356E-001                  6.8711740766142997E+000                  8.1972335782687438E+000                  3.4056459466419306E+034                  7.5021603955034744E-001                  3.2999641064542528E-003                  2.3428384978327066E-001                  2.1017195799724964E-003                  6.1733478272467781E-004                  5.7221219828209203E-003                  1.2718648985637741E-003                  2.4871053158459690E-003                  1.6107081092216460E-001                  4.3656430032096546E-006                  0.0000000000000000E+000 
                                     655                  5.8661660899525914E-001                 -5.4780877465998234E-001                  6.8734180461093874E+000                  7.8954235683913314E+000                  1.7915177877716278E+034                  7.4999817799692114E-001                  3.1769670978011662E-003                  2.3462468918673096E-001                  2.1016046411805917E-003                  6.1746886290544353E-004                  5.7221220000511479E-003                  1.2718648985637745E-003                  2.4871053158459699E-003                  1.6854344965126453E-001                  4.9983269332765785E-006                  0.0000000000000000E+000 
                                     656                  5.8405092305147754E-001                 -5.4954442479746535E-001                  6.8756722656709490E+000                  8.1974947767841062E+000                  3.7779857783647778E+034                  7.4976885332195475E-001                  3.0554416486669560E-003                  2.3497551749495110E-001                  2.1014737608010714E-003                  6.1762153929678719E-004                  5.7221220199194520E-003                  1.2718648985637737E-003                  2.4871053158459682E-003                  1.7619650539987813E-001                  5.7238662103400968E-006                  0.0000000000000000E+000 
                                     657                  5.7887769108654796E-001                 -5.5304509071876429E-001                  6.8786898683662825E+000                  8.1976984566363384E+000                  4.0363283790357613E+034                  7.4944465623858725E-001                  2.8976028081965565E-003                  2.3545751976667295E-001                  2.1012718714272629E-003                  6.1785704968896776E-004                  5.7221220510172656E-003                  1.2718648985637730E-003                  2.4871053158459669E-003                  1.8679290453511918E-001                  6.8600681032562493E-006                  0.0000000000000000E+000 
                                     658                  5.7366260946041359E-001                 -5.5657586575060447E-001                  6.8809623607595727E+000                  7.8976820290291556E+000                  2.1233387909132644E+034                  7.4918679335766658E-001                  2.7831641509472394E-003                  2.3582979212957286E-001                  2.1010968403219455E-003                  6.1806122871193745E-004                  5.7221220783695475E-003                  1.2718648985637737E-003                  2.4871053158459682E-003                  1.9509074564183268E-001                  7.8600843910190186E-006                  0.0000000000000000E+000 
                                     659                  5.7103415479677111E-001                 -5.5835623499472942E-001                  6.8832451842232434E+000                  8.1980491636961865E+000                  4.4481963734742785E+034                  7.4891538993449858E-001                  2.6724175369429964E-003                  2.3621190896820141E-001                  2.1008976727004882E-003                  6.1829356335552099E-004                  5.7221221098912060E-003                  1.2718648985637743E-003                  2.4871053158459695E-003                  2.0370803582087862E-001                  9.0076172020115826E-006                  0.0000000000000000E+000 
                                     660                  5.6575634857628587E-001                 -5.6193353306205651E-001                  6.8855306129195100E+000                  7.8963463123787854E+000                  2.3293910519012148E+034                  7.4863135631130517E-001                  2.5659503671908389E-003                  2.3660237238215465E-001                  2.1006734256974243E-003                  6.1855515341585165E-004                  5.7221221458263385E-003                  1.2718648985637739E-003                  2.4871053158459686E-003                  2.1269977101324133E-001                  1.0322471153645782E-005                  0.0000000000000000E+000 
                                     661                  5.6310699701944322E-001                 -5.6373050099663402E-001                  6.8878264461207301E+000                  8.1984670960913739E+000                  4.8982024910842754E+034                  7.4833279505768213E-001                  2.4634315437352637E-003                  2.3700340995193481E-001                  2.1004184129492366E-003                  6.1885263207230588E-004                  5.7221221872165431E-003                  1.2718648985637732E-003                  2.4871053158459673E-003                  2.2207675234648197E-001                  1.1831484112658931E-005                  0.0000000000000000E+000 
                                     662                  5.5776654641374634E-001                 -5.6735603020715053E-001                  6.8909009189569970E+000                  8.1987773634269097E+000                  5.2241871267705854E+034                  7.4791153075686534E-001                  2.3329556380806732E-003                  2.3755508450446200E-001                  2.1000245379577806E-003                  6.1931209610955142E-004                  5.7221222521149752E-003                  1.2718648985637748E-003                  2.4871053158459703E-003                  2.3527387234304864E-001                  1.4197699517004822E-005                  0.0000000000000000E+000 
                                     663                  5.5238440742952510E-001                 -5.7101470454716230E-001                  6.8939904141334347E+000                  8.1991154311844650E+000                  5.5732640438704347E+034                  7.4746246166008112E-001                  2.2093488425108604E-003                  2.3812768260279649E-001                  2.0995578325237753E-003                  6.1985651731794478E-004                  5.7221223303602258E-003                  1.2718648985637724E-003                  2.4871053158459660E-003                  2.4929819354190144E-001                  1.7042720208846534E-005                  0.0000000000000000E+000 
                                     664                  5.4696065245288084E-001                 -5.7470734869405882E-001                  6.8970952745678957E+000                  8.1994822897317139E+000                  5.9471482299948788E+034                  7.4698562825743053E-001                  2.0922392163612185E-003                  2.3872153385908246E-001                  2.0990072678787369E-003                  6.2049876055790673E-004                  5.7221224242793830E-003                  1.2718648985637732E-003                  2.4871053158459673E-003                  2.6420433099988572E-001                  2.0464700058957709E-005                  0.0000000000000000E+000 
                                     665                  5.4149536761124994E-001                 -5.7843482034541738E-001                  6.9002158546233767E+000                  8.1998781370187892E+000                  6.3473392744605594E+034                  7.4647851897366180E-001                  1.9812196764732214E-003                  2.3933955390182932E-001                  2.0983546674141376E-003                  6.2126002860497592E-004                  5.7221225376069568E-003                  1.2718648985637735E-003                  2.4871053158459673E-003                  2.8004242177740407E-001                  2.4582090327391579E-005                  0.0000000000000000E+000 
                                     666                  5.3598865325804257E-001                 -5.8219800473762817E-001                  6.9033525194911229E+000                  8.2003038865929021E+000                  6.7752755475996240E+034                  7.4594074304345726E-001                  1.8759011072917707E-003                  2.3998251982270519E-001                  2.0975832986442778E-003                  6.2215983949893505E-004                  5.7221226739927198E-003                  1.2718648985637732E-003                  2.4871053158459673E-003                  2.9686294238222333E-001                  2.9538035453847036E-005                  0.0000000000000000E+000 
                                     667                  5.3044062447389517E-001                 -5.8599782209892748E-001                  6.9065056417948885E+000                  8.2007598437383180E+000                  7.2323930514734341E+034                  7.4536993656355310E-001                  1.7759231789685071E-003                  2.4065315183293032E-001                  2.0966690341202143E-003                  6.2322633737095696E-004                  5.7221228386472598E-003                  1.2718648985637735E-003                  2.4871053158459677E-003                  3.1471710935375879E-001                  3.5505387073896142E-005                  0.0000000000000000E+000 
                                     668                  5.2485141158519633E-001                 -5.8983522378315534E-001                  6.9088823942539266E+000                  7.9008605346381255E+000                  3.8048438330989005E+034                  7.4491903169480356E-001                  1.7042245066345107E-003                  2.4117562285481553E-001                  2.0958740280779551E-003                  6.2415371708254678E-004                  5.7221229841760623E-003                  1.2718648985637726E-003                  2.4871053158459660E-003                  3.2884335863528719E-001                  4.0773343154768955E-005                  0.0000000000000000E+000 
                                     669                  5.2203628614276931E-001                 -5.9177176156933797E-001                  6.9112698924400302E+000                  8.2014979239922088E+000                  7.9765702709703931E+034                  7.4444824559108624E-001                  1.6352024000376023E-003                  2.4171528037837725E-001                  2.0949700334706453E-003                  6.2520823056413943E-004                  5.7221231520544671E-003                  1.2718648985637732E-003                  2.4871053158459677E-003                  3.4357626880177206E-001                  4.6829219014954191E-005                  0.0000000000000000E+000 
                                     670                  5.1638559748264967E-001                 -5.9566739743384778E-001                  6.9136633043187148E+000                  7.9000670648737321E+000                  4.1806881180228205E+034                  7.4395745436831995E-001                  1.5688819614269693E-003                  2.4227222135662582E-001                  2.0939460794262839E-003                  6.2640267476946185E-004                  5.7221233450218270E-003                  1.2718648985637739E-003                  2.4871053158459686E-003                  3.5898831520750607E-001                  5.3789480175747548E-005                  0.0000000000000000E+000 
                                     671                  5.1355003426495693E-001                 -5.9762658490896770E-001                  6.9160675412481831E+000                  8.2023157003276772E+000                  8.7949282536792661E+034                  7.4344541689320276E-001                  1.5050294636195991E-003                  2.4284791727698141E-001                  2.0927819310386717E-003                  6.2776065302413064E-004                  5.7221235677237733E-003                  1.2718648985637732E-003                  2.4871053158459673E-003                  3.7505571545108873E-001                  6.1791478658468606E-005                  0.0000000000000000E+000 
                                     672                  5.0783821163700249E-001                 -6.0158281193176610E-001                  6.9192902964887635E+000                  8.2028987967753064E+000                  9.3856618743468036E+034                  7.4272729618641864E-001                  1.4235709067881282E-003                  2.4364719596105425E-001                  2.0909787172332570E-003                  6.2986409510369787E-004                  5.7221239189924437E-003                  1.2718648985637732E-003                  2.4871053158459673E-003                  3.9764355271076895E-001                  7.4375821244292302E-005                  0.0000000000000000E+000 
                                     673                  5.0208588968263390E-001                 -6.0558079892272421E-001                  6.9225314379737819E+000                  8.2035150042440375E+000                  1.0014881952796055E+035                  7.4196732849223779E-001                  1.3461722196047813E-003                  2.4448420570909746E-001                  2.0888392366183277E-003                  6.3235978329403346E-004                  5.7221243447376797E-003                  1.2718648985637728E-003                  2.4871053158459660E-003                  4.2159075031551702E-001                  8.9551524569479892E-005                  0.0000000000000000E+000 
                                     674                  4.9629328339374040E-001                 -6.0962168855956889E-001                  6.9257913668208770E+000                  8.2041651474179460E+000                  1.0685039242265180E+035                  7.4116422249165592E-001                  1.2726452824939648E-003                  2.4536041588517504E-001                  2.0863030539547867E-003                  6.3531821153544384E-004                  5.7221248607750774E-003                  1.2718648985637730E-003                  2.4871053158459669E-003                  4.4698037206251640E-001                  1.0785627894973821E-004                  0.0000000000000000E+000 
                                     675                  4.9046062652824879E-001                 -6.1370666948923214E-001                  6.9290704902516724E+000                  8.2048495510975368E+000                  1.1398764760421547E+035                  7.4031504153798267E-001                  1.2028109437564182E-003                  2.4627892942225255E-001                  2.0832929921214471E-003                  6.3882940181350081E-004                  5.7221254876636592E-003                  1.2718648985637735E-003                  2.4871053158459677E-003                  4.7390053855731407E-001                  1.2993866461983905E-004                  0.0000000000000000E+000 
                                     676                  4.8458817227373263E-001                 -6.1783697373686308E-001                  6.9315441382963572E+000                  7.9050558947591476E+000                  5.9926409233548660E+034                  7.3964598256873570E-001                  1.1527264673925994E-003                  2.4699763577816497E-001                  2.0806708722879265E-003                  6.4188805353677860E-004                  5.7221260454722103E-003                  1.2718648985637726E-003                  2.4871053158459660E-003                  4.9519290560434248E-001                  1.4946585059075974E-004                  0.0000000000000000E+000 
                                     677                  4.8163218310475370E-001                 -6.1992289407778867E-001                  6.9331985218557346E+000                  7.9039777687463859E+000                  6.1685064717110719E+034                  7.3918476033565106E-001                  1.1204244742587883E-003                  2.4749083587180523E-001                  2.0787263920045112E-003                  6.4415624615068025E-004                  5.7221264657199358E-003                  1.2718648985637737E-003                  2.4871053158459682E-003                  5.0989081819586313E-001                  1.6408434358049389E-004                  0.0000000000000000E+000 
                                     678                  4.7867619393577471E-001                 -6.2201367216824832E-001                  6.9356879695404610E+000                  8.2063237369234052E+000                  1.2968543386338636E+035                  7.3846964183284680E-001                  1.0735540757065311E-003                  2.4825228378597661E-001                  2.0754810038195498E-003                  6.4794190828597244E-004                  5.7221271789547881E-003                  1.2718648985637722E-003                  2.4871053158459651E-003                  5.3271908225500542E-001                  1.8872502419576257E-004                  0.0000000000000000E+000 
                                     679                  4.7272498565302290E-001                 -6.2623851371511419E-001                  6.9390271776965866E+000                  8.2071143577959269E+000                  1.3830940040027626E+035                  7.3746815353223705E-001                  1.0138145816594457E-003                  2.4931267247577507E-001                  2.0704472250393279E-003                  6.5381365809942537E-004                  5.7221283127797022E-003                  1.2718648985637724E-003                  2.4871053158459656E-003                  5.6482762986448709E-001                  2.2750461758036042E-004                  0.0000000000000000E+000 
                                     680                  4.6673486314002749E-001                 -6.3051267105602016E-001                  6.9423872771228528E+000                  8.2079413360775693E+000                  1.4749557978798855E+035                  7.3641022693190439E-001                  9.5713271077543132E-004                  2.5042628445782289E-001                  2.0644693304252941E-003                  6.6078665468239869E-004                  5.7221296999797880E-003                  1.2718648985637728E-003                  2.4871053158459664E-003                  5.9888592148255482E-001                  2.7427965868737189E-004                  0.0000000000000000E+000 
                                     681                  4.6070616445929180E-001                 -6.3483758006671176E-001                  6.9457687103955701E+000                  8.2088054525162946E+000                  1.5728098177564306E+035                  7.3529376259625956E-001                  9.0336524803590263E-004                  2.5159533369446330E-001                  2.0573752350282973E-003                  6.6906161173537577E-004                  5.7221314000676067E-003                  1.2718648985637722E-003                  2.4871053158459651E-003                  6.3501648345708317E-001                  3.3067998979301400E-004                  0.0000000000000000E+000 
                                     682                  4.5463925082405182E-001                 -6.3921473662773487E-001                  6.9491719281660655E+000                  8.2097069657762507E+000                  1.6770422269419417E+035                  7.3411493014692653E-001                  8.5237216266357055E-004                  2.5282375513541994E-001                  2.0489522402553878E-003                  6.7888660996209241E-004                  5.7221334903628674E-003                  1.2718648985637730E-003                  2.4871053158459669E-003                  6.7334708114817310E-001                  3.9864987656609244E-004                  0.0000000000000000E+000 
                                     683                  4.4853450743328865E-001                 -6.4364569434289454E-001                  6.9525973896233761E+000                  8.2106463940097498E+000                  1.7880625460337957E+035                  7.3287057299945402E-001                  8.0401983736175242E-004                  2.5411479795488578E-001                  2.0389542536037026E-003                  6.9054867232471134E-004                  5.7221360679602044E-003                  1.2718648985637713E-003                  2.4871053158459630E-003                  7.1401378866656939E-001                  4.8050193997100998E-004                  0.0000000000000000E+000 
                                     684                  4.4239234434036812E-001                 -6.4813207018248020E-001                  6.9560455654353461E+000                  8.2116243626554546E+000                  1.9063033434860572E+035                  7.3155771404981107E-001                  7.5818032001981361E-004                  2.5547151935651397E-001                  2.0270942527223024E-003                  7.0438255021698550E-004                  5.7221392563061475E-003                  1.2718648985637724E-003                  2.4871053158459656E-003                  7.5716096318875270E-001                  5.7897327711141497E-004                  0.0000000000000000E+000 
                                     685                  4.3621319735754094E-001                 -6.5267554891611468E-001                  6.9595169417546829E+000                  8.2126411526999306E+000                  2.0322158435411780E+035                  7.3017216299876830E-001                  7.1472987032326744E-004                  2.5689817590104835E-001                  2.0130274854922464E-003                  7.2079031365327839E-004                  5.7221432163047474E-003                  1.2718648985637726E-003                  2.4871053158459660E-003                  8.0293964531899542E-001                  6.9727934511071060E-004                  0.0000000000000000E+000 
                                     686                  4.2999752899841348E-001                 -6.5727788303700363E-001                  6.9621383808980726E+000                  7.9129947842221986E+000                  1.0676132558873858E+035                  7.2908149159986790E-001                  6.8360983371884359E-004                  2.5801792570248583E-001                  2.0007803828407228E-003                  7.3507544803554071E-004                  5.7221468186413370E-003                  1.2718648985637728E-003                  2.4871053158459660E-003                  8.3917725046641356E-001                  8.0140997818413579E-004                  0.0000000000000000E+000 
                                     687                  4.2687167922948671E-001                 -6.5960489148473977E-001                  6.9647711000349402E+000                  8.2142347630725254E+000                  2.2365849977916392E+035                  7.2794836897881388E-001                  6.5375028815003403E-004                  2.5917859197739884E-001                  1.9868882264909948E-003                  7.5127923754804231E-004                  5.7221510771885897E-003                  1.2718648985637726E-003                  2.4871053158459660E-003                  8.7693121631943061E-001                  9.2040873029717240E-004                  0.0000000000000000E+000 
                                     688                  4.2060222355555477E-001                 -6.6429893238063642E-001                  6.9683026788283433E+000                  8.2153506065385731E+000                  2.3838161621644111E+035                  7.2636444762542618E-001                  6.1577133393621764E-004                  2.6079691297517127E-001                  1.9654175725874177E-003                  7.7632226118749868E-004                  5.7221580172815917E-003                  1.2718648985637719E-003                  2.4871053158459643E-003                  9.3001250347441722E-001                  1.1059969816260894E-003                  0.0000000000000000E+000 
                                     689                  4.1429752995220648E-001                 -6.6905653843636592E-001                  6.9709680402867882E+000                  7.9145671264058821E+000                  1.2485809096224100E+035                  7.2511908289521443E-001                  5.8860097834992678E-004                  2.6206634212063795E-001                  1.9467867120657029E-003                  7.9805268675157677E-004                  5.7221643925706419E-003                  1.2718648985637724E-003                  2.4871053158459656E-003                  9.7199430031616951E-001                  1.2682857483250827E-003                  0.0000000000000000E+000 
                                     690                  4.1113644225386353E-001                 -6.7145639535049395E-001                  6.9736447670404740E+000                  8.2171064711045112E+000                  2.6224751994621946E+035                  7.2382579300991456E-001                  5.6254414593739054E-004                  2.6338217604619679E-001                  1.9257156656983369E-003                  8.2262891653436495E-004                  5.7221720013087103E-003                  1.2718648985637719E-003                  2.4871053158459647E-003                  1.0157174207298745E+000                  1.4525778044722974E-003                  0.0000000000000000E+000 
                                     691                  4.0477988285236555E-001                 -6.7631320762468206E-001                  6.9772400593067934E+000                  8.2183243542834248E+000                  2.7943820451965963E+035                  7.2201637023964127E-001                  5.2937732119510614E-004                  2.6521935097185589E-001                  1.8932370757425759E-003                  8.6050960760199571E-004                  5.7221845695533758E-003                  1.2718648985637717E-003                  2.4871053158459643E-003                  1.0772493436265880E+000                  1.7378600522482187E-003                  0.0000000000000000E+000 
                                     692                  3.9838955109154256E-001                 -6.8123882133027891E-001                  6.9808618618315670E+000                  8.2195836324204770E+000                  2.9771881071821678E+035                  7.2010810160936689E-001                  4.9796964295901298E-004                  2.6715266173900398E-001                  1.8550559103178849E-003                  9.0504020405514027E-004                  5.7222006798874738E-003                  1.2718648985637724E-003                  2.4871053158459651E-003                  1.1425204442258321E+000                  2.0737325178570476E-003                  0.0000000000000000E+000 
                                     693                  3.9196609190073084E-001                 -6.8623549171807663E-001                  6.9845108010971293E+000                  8.2208848827911680E+000                  3.1715238519001321E+035                  7.1809638370375972E-001                  4.6823334253008944E-004                  2.6918665710805112E-001                  1.8103184740008785E-003                  9.5721569654018380E-004                  5.7222214607081916E-003                  1.2718648985637724E-003                  2.4871053158459656E-003                  1.2117540375940672E+000                  2.4664368418511767E-003                  0.0000000000000000E+000 
                                     694                  3.8551018476987475E-001                 -6.9130557693383443E-001                  6.9881875286451240E+000                  8.2222282833416021E+000                  3.3780380545491993E+035                  7.1597518135553095E-001                  4.4008414821241715E-004                  2.7132730058465299E-001                  1.7580903179694998E-003                  1.0181249323351388E-003                  5.7222484468891282E-003                  1.2718648985637715E-003                  2.4871053158459638E-003                  1.2851827625282919E+000                  2.9215906232148195E-003                  0.0000000000000000E+000 
                                     695                  3.7902254508640165E-001                 -6.9645153933605808E-001                  6.9918927227508290E+000                  8.2236142175809288E+000                  3.5974081852400458E+035                  7.1373885902212353E-001                  4.1344238371698915E-004                  2.7358014644554518E-001                  1.6974073501667534E-003                  1.0888908647987787E-003                  5.7222837192390935E-003                  1.2718648985637706E-003                  2.4871053158459617E-003                  1.3630532356165523E+000                  3.4433654449590226E-003                  0.0000000000000000E+000 
                                     696                  3.7250392553600115E-001                 -7.0167595416658235E-001                  6.9956270904847582E+000                  8.2250431180735379E+000                  3.8303370228860999E+035                  7.1138168210461583E-001                  3.8823238152096024E-004                  2.7595084558886035E-001                  1.6273154837832104E-003                  1.1706241183074633E-003                  5.7223301085024807E-003                  1.2718648985637728E-003                  2.4871053158459664E-003                  1.4456256461081027E+000                  4.0332640522812140E-003                  0.0000000000000000E+000 
                                     697                  3.6595511757177712E-001                 -7.0698151698449008E-001                  6.9993913700320336E+000                  8.2265153443392602E+000                  4.0775485243045118E+035                  7.0889743464935340E-001                  3.6438207414228211E-004                  2.7844553866145283E-001                  1.5469333663803400E-003                  1.2643495619072843E-003                  5.7223914723541222E-003                  1.2718648985637715E-003                  2.4871053158459638E-003                  1.5331732703198835E+000                  4.6884424616085701E-003                  0.0000000000000000E+000 
                                     698                  3.5937695295572392E-001                 -7.1237105015331248E-001                  7.0031863320715084E+000                  8.2280311673189388E+000                  4.3397848254154031E+035                  7.0627936444670492E-001                  3.4182282966000593E-004                  2.8107094561595380E-001                  1.4556032369518821E-003                  1.3708957488307817E-003                  5.7223979074890255E-003                  1.2718648985637719E-003                  2.4871053158459647E-003                  1.6259826271699154E+000                  5.3971999364379542E-003                  7.0846519919188633E-053 
                                     699                  3.5277030537679649E-001                 -7.1784750962106147E-001                  7.0070127730013780E+000                  8.2295909574585444E+000                  4.6178081938118184E+035                  7.0352076697927213E-001                  3.2048963103189620E-004                  2.8383376291827223E-001                  1.3529054038824752E-003                  1.4907304797970712E-003                  5.7223743733343796E-003                  1.2718648985637711E-003                  2.4871053158459621E-003                  1.7243556694348732E+000                  6.1454138185432546E-003                  1.2661956958716157E-052 
                                     700                  3.4613609215140567E-001                 -7.2341399464179856E-001                  7.0108715047979242E+000                  8.2311951522708764E+000                  4.9123971805269327E+035                  7.0061489368522945E-001                  3.0032086973480633E-004                  2.8674080720307693E-001                  1.2389002409897753E-003                  1.6237581328008947E-003                  5.7223496537583719E-003                  1.2718648985637724E-003                  2.4871053158459651E-003                  1.8286100841183297E+000                  6.9010731331465239E-003                  2.2725051096655654E-052 
                                     701                  3.3947527601215255E-001                 -7.2907375787008166E-001                  7.0147631885408472E+000                  8.2328442222828677E+000                  5.2243281327107453E+035                  6.9755461310271027E-001                  2.8125870202186013E-004                  2.8979938699718438E-001                  1.1143247239839109E-003                  1.7690936462744760E-003                  5.7223526134154244E-003                  1.2718648985637717E-003                  2.4871053158459643E-003                  1.9390747507947106E+000                  7.6199842410850788E-003                  4.0961526135147579E-052 
                                     702                  3.3278886699108906E-001                 -7.3483021583792363E-001                  7.0186884374908125E+000                  8.2345388595221998E+000                  5.5543721745825033E+035                  6.9433239123142620E-001                  2.6324829870383212E-004                  2.9301737270480793E-001                  9.8083249459253062E-004                  1.9248495460053095E-003                  5.7223355100544217E-003                  1.2718648985637724E-003                  2.4871053158459656E-003                  2.0560905778496692E+000                  8.2433000750403024E-003                  7.4157946775391611E-052 
                                     703                  3.2607792440447220E-001                 -7.4068696286678182E-001                  7.0226480268602902E+000                  8.2362795907273529E+000                  5.9033112591157836E+035                  6.9094074507938585E-001                  2.4623697358008866E-004                  2.9640274146736562E-001                  8.4109401819402248E-004                  2.0878849886913644E-003                  5.7223272583731251E-003                  1.2718648985637719E-003                  2.4871053158459643E-003                  2.1800193442327638E+000                  8.6991190942228187E-003                  1.3486542767987181E-051 
                                     704                  3.1934355894662125E-001                 -7.4664778086385530E-001                  7.0266427849483595E+000                  8.2380671704139594E+000                  6.2719240406043078E+035                  6.8737245105148148E-001                  2.3017463531355820E-004                  2.9996340579719533E-001                  6.9894371808136113E-004                  2.2537247678971438E-003                  5.7223298156215026E-003                  1.2718648985637713E-003                  2.4871053158459638E-003                  2.3112420097593858E+000                  8.9094314760810710E-003                  2.4640880648052956E-051 
                                     705                  3.1258693490013678E-001                 -7.5271665545062560E-001                  7.0306735508262426E+000                  8.2399021666972629E+000                  6.6609608026704322E+035                  6.8361938702145830E-001                  2.1501344856520720E-004                  3.0370835382594857E-001                  5.5926639721729638E-004                  2.4166982004538476E-003                  5.7223108919468770E-003                  1.2718648985637717E-003                  2.4871053158459643E-003                  2.4501533600506815E+000                  8.8025339075418520E-003                  4.5235497528387130E-051 
                                     706                  3.0580927247185669E-001                 -7.5889778762766691E-001                  7.0347411746020407E+000                  8.2417854036486649E+000                  7.0711494118288595E+035                  6.7967384211891568E-001                  2.0070815651449745E-004                  3.0764626971791459E-001                  4.2765472862303958E-004                  2.5702519754478015E-003                  5.7223030881746921E-003                  1.2718648985637706E-003                  2.4871053158459621E-003                  2.5971685074407702E+000                  8.3316967316038621E-003                  8.3449082994298390E-051 
                                     707                  2.9901185026460914E-001                 -7.6519561288896043E-001                  7.0388465174543331E+000                  8.2437175328506562E+000                  7.5031639961395641E+035                  6.7552725167502659E-001                  1.8721553175198377E-004                  3.1178671264842306E-001                  3.0978963652278119E-004                  2.7077895566796312E-003                  5.7222707371862823E-003                  1.2718648985637711E-003                  2.4871053158459630E-003                  2.7527169301241741E+000                  7.4976096981886602E-003                  1.5471656406314681E-050 
                                     708                  2.9219600789571348E-001                 -7.7161481576769253E-001                  7.0419569023550554E+000                  7.9443878746728691E+000                  3.9238453854871256E+035                  6.7227239704766839E-001                  1.7758555691649566E-004                  3.1503844235788259E-001                  2.3325193201678471E-004                  2.7970932847229779E-003                  5.7222596063828393E-003                  1.2718648985637722E-003                  2.4871053158459651E-003                  2.8756664080514382E+000                  6.6695687719985144E-003                  2.4691330227290253E-050 
                                     709                  2.8877957833500278E-001                 -7.7487313129163726E-001                  7.0450783024280375E+000                  8.2466974748701869E+000                  8.1933154932109398E+035                  6.6890986742663172E-001                  1.6840774957789390E-004                  3.1839942626026652E-001                  1.6888480371298473E-004                  2.8722185688243207E-003                  5.7222249765768425E-003                  1.2718648985637713E-003                  2.4871053158459630E-003                  3.0030648162965612E+000                  5.7295504242970748E-003                  3.9443111760319274E-050 
                                     710                  2.8193894591262197E-001                 -7.8148362610823097E-001                  7.0482324433516039E+000                  7.9469408192598339E+000                  4.2773405365168069E+035                  6.6540739133931837E-001                  1.5960055907740208E-004                  3.2190204701423442E-001                  1.1689356393446642E-004                  2.9328937947203410E-003                  5.7222035143051284E-003                  1.2718648985637706E-003                  2.4871053158459621E-003                  3.1367090348345981E+000                  4.7464010281227801E-003                  6.3313831961049785E-050 
                                     711                  2.7851474305095197E-001                 -7.8483684794315312E-001                  7.0513974949424592E+000                  8.2498140019959827E+000                  8.9357837982316550E+035                  6.6179045398428604E-001                  1.5121258647246509E-004                  3.2552079345183627E-001                  7.7385166631237107E-005                  2.9790278248465521E-003                  5.7221567715175755E-003                  1.2718648985637713E-003                  2.4871053158459634E-003                  3.2750922588647455E+000                  3.8078546407353990E-003                  1.0172610551985742E-049 
                                     712                  2.7165233075421086E-001                 -7.9165106260057627E-001                  7.0556624845767928E+000                  8.2519470419268934E+000                  9.4601952403656964E+035                  6.5674485574826535E-001                  1.4057835101864412E-004                  3.3057109343075197E-001                  4.1748916670975638E-005                  3.0206516268414629E-003                  5.7221017120418381E-003                  1.2718648985637719E-003                  2.4871053158459647E-003                  3.4693850319990860E+000                  2.7539620236262004E-003                  1.9264665406950586E-049 
                                     713                  2.6477752513011438E-001                 -7.9860826066912949E-001                  7.0588960405595245E+000                  7.9526600232110889E+000                  4.9370748767881297E+035                  6.5278540078054548E-001                  1.3299791969591178E-004                  3.3453542306471695E-001                  2.5479255741440968E-005                  3.0396738134667793E-003                  5.7220549514237105E-003                  1.2718648985637722E-003                  2.4871053158459656E-003                  3.6228094159968665E+000                  2.1869850165226173E-003                  3.1252845179694053E-049 
                                     714                  2.6133477066683608E-001                 -8.0214332176003567E-001                  7.0621399623473531E+000                  8.2552278735959632E+000                  1.0290959232387813E+036                  6.4869885574726249E-001                  1.2578799563905962E-004                  3.3862757816356276E-001                  1.5837385256636090E-005                  3.0509725018065437E-003                  5.7219979920627717E-003                  1.2718648985637735E-003                  2.4871053158459669E-003                  3.7814531237333755E+000                  1.8428428510588294E-003                  5.0742971023372355E-049 
                                     715                  2.5444479539268522E-001                 -8.0932655835646439E-001                  7.0665119627678425E+000                  8.2574868360252118E+000                  1.0874254390830180E+036                  6.4299979585119249E-001                  1.1665741162302399E-004                  3.4433474308065248E-001                  9.5932563221510614E-006                  3.0583631950136256E-003                  5.7218769907863591E-003                  1.2718648985637709E-003                  2.4871053158459625E-003                  4.0039606726936636E+000                  1.7130572836381959E-003                  9.7471810863032642E-049 
                                     716                  2.4754681505252721E-001                 -8.1666902126736141E-001                  7.0709284915562556E+000                  8.2597964058206159E+000                  1.1480420581855869E+036                  6.3701761796253531E-001                  1.0807424816338377E-004                  3.5032515806907671E-001                  7.4191288597366176E-006                  3.0610137132429834E-003                  5.7217466637122308E-003                  1.2718648985637726E-003                  2.4871053158459660E-003                  4.2386737488565069E+000                  1.8958491172942230E-003                  1.8834168284684636E-048 
                                     717                  2.4064272941010503E-001                 -8.2417792920106203E-001                  7.0742787632277553E+000                  7.9604325281350432E+000                  5.9750960201153764E+035                  6.3232466497452700E-001                  1.0196418988175071E-004                  3.5502415959835232E-001                  6.9592686159472384E-006                  3.0616561013773243E-003                  5.7216256528361221E-003                  1.2718648985637717E-003                  2.4871053158459643E-003                  4.4237950769654972E+000                  2.1918672505979236E-003                  3.1031688912850087E-048 
                                     718                  2.3718940329696817E-001                 -8.2799632165134518E-001                  7.0776386892587269E+000                  8.2633730405810741E+000                  1.2430984006079725E+036                  6.2748651620233220E-001                  9.6164426292998334E-005                  3.5986811320465856E-001                  6.8893652488098031E-006                  3.0618547028953605E-003                  5.7214918841621623E-003                  1.2718648985637704E-003                  2.4871053158459617E-003                  4.6148036037492179E+000                  2.5969159482819469E-003                  5.1162283566706917E-048 
                                     719                  2.3027965586252039E-001                 -8.3576974976869922E-001                  7.0821710691535475E+000                  8.2658108650801445E+000                  1.3089749956098570E+036                  6.2074106453606848E-001                  8.8827901107323696E-005                  3.6662094851574190E-001                  6.9967518568855182E-006                  3.0619339715797075E-003                  5.7212581092359587E-003                  1.2718648985637717E-003                  2.4871053158459638E-003                  4.8824581122764847E+000                  3.3034715449466760E-003                  1.0038409188469768E-047 
                                     720                  2.2336894990223083E-001                 -8.4372981961757676E-001                  7.0867515577240123E+000                  8.2683003242543069E+000                  1.3766514054161111E+036                  6.1366801874166321E-001                  8.1945016044185310E-005                  3.7370093474640875E-001                  7.1601886961483707E-006                  3.0619554773444113E-003                  5.7210156154334649E-003                  1.2718648985637704E-003                  2.4871053158459617E-003                  5.1642944532497328E+000                  4.2216195492910565E-003                  1.9820992837976891E-047 
                                     721                  2.1645952624352988E-001                 -8.5188557038358870E-001                  7.0913812337039230E+000                  8.2708417409840695E+000                  1.4458704081174568E+036                  6.0625387837589095E-001                  7.5491750420004510E-005                  3.8112159522292838E-001                  7.3340149927698443E-006                  3.0620177985140728E-003                  5.7207126228440734E-003                  1.2718648985637715E-003                  2.4871053158459638E-003                  5.4609053428701015E+000                  5.4040441346094956E-003                  3.9389873361408536E-047 
                                     722                  2.0955373571333463E-001                 -8.6024667125044918E-001                  7.0948964776270236E+000                  7.9715768218366723E+000                  7.4923828323388960E+035                  6.0044270045590531E-001                  7.0906866475428356E-005                  3.8693741560905970E-001                  7.4674450368624991E-006                  3.0621095371513173E-003                  5.7204298719617666E-003                  1.2718648985637719E-003                  2.4871053158459647E-003                  5.6945168580456880E+000                  6.5130734255204300E-003                  6.6324315032902826E-047 
                                     723                  2.0610389059298037E-001                 -8.6450572959882876E-001                  7.0984195283340537E+000                  8.2747328501105635E+000                  1.5517617201459402E+036                  5.9446499844874312E-001                  6.6568762253018860E-005                  3.9291952054604212E-001                  7.6021630005201048E-006                  3.0622489113083700E-003                  5.7200909542430836E-003                  1.2718648985637722E-003                  2.4871053158459643E-003                  5.9347658013421904E+000                  7.8453207767835015E-003                  1.1170517440851840E-046 
                                     724                  1.9920854567938068E-001                 -8.7319408995887082E-001                  7.1031767653493301E+000                  8.2774132442668371E+000                  1.6231955876562589E+036                  5.8613872610992968E-001                  6.1092189221204641E-005                  4.0125137069853761E-001                  7.7859075299111626E-006                  3.0625289091563246E-003                  5.7195259712154879E-003                  1.2718648985637732E-003                  2.4871053158459673E-003                  6.2708697846074273E+000                  1.0075046753733937E-002                  2.2569541455049104E-046 
                                     725                  1.9232325193812883E-001                 -8.8211527606898388E-001                  7.1067919193218527E+000                  7.9785944325970561E+000                  8.3900294521968151E+035                  5.7961442615213177E-001                  5.7205023008949142E-005                  4.0777964752888174E-001                  7.9271531362348013E-006                  3.0628274446953332E-003                  5.7189964837363301E-003                  1.2718648985637719E-003                  2.4871053158459651E-003                  6.5353888781681304E+000                  1.2173641996845574E-002                  3.8497576942663083E-046 
                                     726                  1.8888345799012263E-001                 -8.8666879120887299E-001                  7.1104138461511317E+000                  8.2815753433042634E+000                  1.7302457488751735E+036                  5.7291179965307049E-001                  5.3534289889306922E-005                  4.1448604809756029E-001                  8.0702106655811869E-006                  3.0632168475775794E-003                  5.7183606868267903E-003                  1.2718648985637711E-003                  2.4871053158459630E-003                  6.8068771108539643E+000                  1.4699759832322412E-002                  6.5667292308384307E-046 
                                     727                  1.8201814163169064E-001                 -8.9596371028717081E-001                  7.1153064699564776E+000                  8.2844148990241209E+000                  1.8003925923248793E+036                  5.6358293691671180E-001                  4.8907245303180280E-005                  4.2381970340975589E-001                  8.2662427532879541E-006                  3.0639181581275611E-003                  5.7172978129384627E-003                  1.2718648985637732E-003                  2.4871053158459673E-003                  7.1863004887994064E+000                  1.8941538156132379E-002                  1.3499917975060128E-045 
                                     728                  1.7517010436377001E-001                 -9.0552491794189471E-001                  7.1202554525694968E+000                  8.2873210496385141E+000                  1.8686223522060175E+036                  5.5382694121461229E-001                  4.4587782251200940E-005                  4.3358022372617766E-001                  8.4681493279860905E-006                  3.0648831016769841E-003                  5.7159258115442807E-003                  1.2718648985637735E-003                  2.4871053158459669E-003                  7.5841822664515508E+000                  2.4441676952140501E-002                  2.7952663785236061E-045 
                                     729                  1.6834251119367719E-001                 -9.1536775737224152E-001                  7.1240181437039576E+000                  7.9880323775616411E+000                  9.5824877992219264E+035                  5.4619117122299854E-001                  4.1529062208962111E-005                  4.4121923983759509E-001                  8.6243703900466015E-006                  3.0658303841977989E-003                  5.7146349081996393E-003                  1.2718648985637719E-003                  2.4871053158459651E-003                  7.8968732752939390E+000                  2.9642205023395863E-002                  4.8584719406359627E-045 
                                     730                  1.6494060324663395E-001                 -9.2039434563611500E-001                  7.1277849903025521E+000                  8.2917792872813454E+000                  1.9649206166776459E+036                  5.3836341689238243E-001                  3.8649978179027350E-005                  4.4905009398038143E-001                  8.7833104069664562E-006                  3.0670046211383022E-003                  5.7130810031022165E-003                  1.2718648985637715E-003                  2.4871053158459638E-003                  8.2168144404738381E+000                  3.5918799686329592E-002                  8.4403014094775256E-045 
                                     731                  1.5815043257431624E-001                 -9.3069047126476179E-001                  7.1328809263861706E+000                  8.2948598371115843E+000                  2.0234997653160708E+036                  5.2747052296627173E-001                  3.5026124499390391E-005                  4.5994697467615570E-001                  9.0028536324608208E-006                  3.0690327655020395E-003                  5.7104703995287222E-003                  1.2718648985637724E-003                  2.4871053158459660E-003                  8.6637279748889160E+000                  4.6518788935433895E-002                  1.7803234613276064E-044 
                                     732                  1.5138940546289417E-001                 -9.4131263206879190E-001                  7.1380386488277425E+000                  8.2980153370360146E+000                  2.0758045935779803E+036                  5.1609284454318349E-001                  3.1653125353493546E-005                  4.7132848720876325E-001                  9.2309618785839608E-006                  3.0717282948542306E-003                  5.7070856515572628E-003                  1.2718648985637724E-003                  2.4871053158459660E-003                  9.1314255943885172E+000                  6.0340653288839377E-002                  3.7844743193736768E-044 
                                     733                  1.4466133194365144E-001                 -9.5228153479590516E-001                  7.1419678871099084E+000                  7.9999480821605928E+000                  1.0566986989056047E+036                  5.0718399969610251E-001                  2.9267687718558187E-005                  4.8024014751831279E-001                  9.4092382578049827E-006                  3.0743224624805621E-003                  5.7038831827179422E-003                  1.2718648985637724E-003                  2.4871053158459660E-003                  9.4989056396644838E+000                  7.3497089515483074E-002                  6.7177258182738500E-044 
                                     734                  1.4130602281055640E-001                 -9.5791017130855072E-001                  7.1458986444369508E+000                  8.3029361966740023E+000                  2.1389365002913644E+036                  4.9806861011205467E-001                  2.7030517541135504E-005                  4.8935828765824924E-001                  9.5919160389314935E-006                  3.0774899329812713E-003                  5.7000196487247794E-003                  1.2718648985637728E-003                  2.4871053158459669E-003                  9.8735370499783510E+000                  8.9429826711438440E-002                  1.1912436787685454E-043 
                                     735                  1.3463445266954474E-001                 -9.6944371285655961E-001                  7.1512175268641256E+000                  8.3063070384958504E+000                  2.1675976511305371E+036                  4.8539593227780298E-001                  2.4223570996272239E-005                  5.0203462928552001E-001                  9.8469937323159243E-006                  3.0828926770152974E-003                  5.6935049805232826E-003                  1.2718648985637732E-003                  2.4871053158459664E-003                  1.0395127357197261E+001                  1.1647594754441373E-001                  2.5837069420680164E-043 
                                     736                  1.2800631020231013E-001                 -9.8138552635445642E-001                  7.1566020096628478E+000                  8.3097841556128955E+000                  2.1829710762833998E+036                  4.7217101601695199E-001                  2.1620950528574649E-005                  5.1526325284735486E-001                  1.0115910825526796E-005                  3.0899979674117715E-003                  5.6850260925173143E-003                  1.2718648985637724E-003                  2.4871053158459656E-003                  1.0938057982632952E+001                  1.5195096784896256E-001                  5.6495635833131009E-043 
                                     737                  1.2142623728960295E-001                 -9.9376514006860650E-001                  7.1620538332198915E+000                  8.3133735662934214E+000                  2.1826291796791104E+036                  4.5837261717866223E-001                  1.9210614570479831E-005                  5.2906549004021919E-001                  1.0401238303360027E-005                  3.0993283336107707E-003                  5.6739823802242073E-003                  1.2718648985637717E-003                  2.4871053158459643E-003                  1.1501847673060810E+001                  1.9857646325715073E-001                  1.2456999894114631E-042 
                                     738                  1.1489916120549606E-001                 -1.0066153516256595E+000                  7.1662070940959071E+000                  8.0139726083759157E+000                  1.0828341112207661E+036                  4.4757995950453899E-001                  1.7514446458737908E-005                  5.3986119217382567E-001                  1.0629067193873103E-005                  3.1082347724658474E-003                  5.6634998211072610E-003                  1.2718648985637737E-003                  2.4871053158459686E-003                  1.1941003081439872E+001                  2.4326778403703050E-001                  2.2736902082670466E-042 
                                     739                  1.1166474101251811E-001                 -1.0132107922484914E+000                  7.1703536278875477E+000                  8.3189235562521890E+000                  2.1468050748632485E+036                  4.3657026540362287E-001                  1.5934050928767307E-005                  5.5087408684732730E-001                  1.0867096422854896E-005                  3.1190206103206761E-003                  5.6508557769678527E-003                  1.2718648985637728E-003                  2.4871053158459664E-003                  1.2382774173867256E+001                  2.9760315140019217E-001                  4.1403992980587515E-042 
                                     740                  1.0522780867827418E-001                 -1.0268343529184090E+000                  7.1759786582893978E+000                  8.3228148251216130E+000                  2.0959326171528221E+036                  4.2124013759889600E-001                  1.3957184348588746E-005                  5.6620892463751404E-001                  1.1210163175978932E-005                  3.1373518721247535E-003                  5.6294483295307078E-003                  1.2718648985637724E-003                  2.4871053158459656E-003                  1.2990461048684331E+001                  3.9081759565292462E-001                  9.3290217301144734E-042 
                                     741                  9.8857670629905359E-002                 -1.0410278331917082E+000                  7.1809750558013503E+000                  8.2015274980739434E+000                  1.5242704057579938E+036                  4.0723949553645966E-001                  1.2351020124300932E-005                  5.8021423749685785E-001                  1.1538370948001254E-005                  3.1580385999194585E-003                  5.6053687612808460E-003                  1.2718648985637728E-003                  2.4871053158459660E-003                  1.3533344765852974E+001                  4.9738124204041179E-001                  1.9179241939720477E-041 
                                     742                  9.4125267928696646E-002                 -1.0520796023593160E+000                  7.1852918950892226E+000                  8.2051635902661975E+000                  1.4724861087653265E+036                  3.9485249594140348E-001                  1.1068860999323334E-005                  5.9260575980333108E-001                  1.1843474919950880E-005                  3.1800105949138149E-003                  5.5798511100226579E-003                  1.2718648985637726E-003                  2.4871053158459660E-003                  1.3998818563044509E+001                  6.1215047217155327E-001                  3.5716880207928071E-041 
                                     743                  8.9430937546379680E-002                 -1.0635165844798444E+000                  7.1903603128695091E+000                  8.3332640583446977E+000                  1.8575546803281995E+036                  3.7996093344970933E-001                  9.6800650955691350E-006                  6.0750336761388479E-001                  1.2232439288685583E-005                  3.2116985979759511E-003                  5.5431176196359582E-003                  1.2718648985637730E-003                  2.4871053158459664E-003                  1.4533377645167670E+001                  7.8056677915944994E-001                  7.4039663360679690E-041 
                                     744                  8.3254809440465455E-002                 -1.0793671265015574E+000                  7.1962327145925924E+000                  8.3377594773782402E+000                  1.7142427606368678E+036                  3.6222239276700080E-001                  8.2175504103470415E-006                  6.2525017463133736E-001                  1.2733933636027289E-005                  3.2581551849113731E-003                  5.4893557182942422E-003                  1.2718648985637717E-003                  2.4871053158459643E-003                  1.5125739607890605E+001                  1.0339024100282923E+000                  1.7215563949579609E-040 
                                     745                  7.7169011708830490E-002                 -1.0959926432068412E+000                  7.2014268619422523E+000                  8.2134021854246484E+000                  1.1680361822380535E+036                  3.4635197844030480E-001                  7.0538948820062123E-006                  6.4112897685164361E-001                  1.3223989320630860E-005                  3.3075813882198499E-003                  5.4322152212193733E-003                  1.2718648985637728E-003                  2.4871053158459660E-003                  1.5624598369662509E+001                  1.3251304409945523E+000                  3.6228764463533503E-040 
                                     746                  7.2705074747163992E-002                 -1.1089107895266861E+000                  7.2059069545409038E+000                  8.2227767311470128E+000                  1.0772333123520160E+036                  3.3206134081429461E-001                  6.1290402544491119E-006                  6.5542859867510195E-001                  1.3709921795963814E-005                  3.3628629455219943E-003                  5.3683883886212437E-003                  1.2718648985637732E-003                  2.4871053158459677E-003                  1.5992081592410765E+001                  1.6419489107821763E+000                  6.8916244138010741E-040 
                                     747                  6.8241137785497494E-002                 -1.1225201188627441E+000                  7.2096882270749649E+000                  8.0452721450542253E+000                  6.4704271854388992E+035                  3.1959896762108869E-001                  5.4043756952410909E-006                  6.6789961594425939E-001                  1.4162093923642934E-005                  3.4172437569708340E-003                  5.3056359936523353E-003                  1.2718648985637735E-003                  2.4871053158459677E-003                  1.6247188890456361E+001                  1.9670453935374430E+000                  1.1871265102056507E-039 
                                     748                  6.5329848443801936E-002                 -1.1318052678112858E+000                  7.2127121513621013E+000                  8.0522194177544542E+000                  6.0066858818464660E+035                  3.0959247736290968E-001                  4.8662928834286936E-006                  6.7791393004511558E-001                  1.4558798881890779E-005                  3.4673184311249153E-003                  5.2478788546747738E-003                  1.2718648985637737E-003                  2.4871053158459682E-003                  1.6419802120718803E+001                  2.2736475941340109E+000                  1.8320327403321574E-039 
                                     749                  6.2418559102106488E-002                 -1.1414479850409960E+000                  7.2164780962261572E+000                  8.2250817148839435E+000                  7.8914423080212809E+035                  2.9713535290414778E-001                  4.2469359457572739E-006                  6.9038142511843070E-001                  1.5083092262444249E-005                  3.5343538832134933E-003                  5.1705678515899462E-003                  1.2718648985637728E-003                  2.4871053158459669E-003                  1.6591480990639951E+001                  2.7215269318984974E+000                  3.1401273667818979E-039 
                                     750                  5.8175612179684574E-002                 -1.1562136815818098E+000                  7.2210454764252185E+000                  8.2367604101285146E+000                  6.7912473078552734E+035                  2.8144111384380766E-001                  3.5558124647254543E-006                  7.0609096676734928E-001                  1.5819665297350440E-005                  3.6349154684791043E-003                  5.0546582281922334E-003                  1.2718648985637732E-003                  2.4871053158459677E-003                  1.6674955320959523E+001                  3.3881277254457078E+000                  6.0487356354715441E-039 
                                     751                  5.3932665257262646E-002                 -1.1719233698148284E+000                  7.2264029907802101E+000                  8.3640954418806057E+000                  7.0967328517005811E+035                  2.6229988650818775E-001                  2.8304338100242057E-006                  7.2525353730376163E-001                  1.6818720742769168E-005                  3.7769090940713373E-003                  4.8910477250167367E-003                  1.2718648985637735E-003                  2.4871053158459677E-003                  1.6560368494566795E+001                  4.3776244487645233E+000                  1.3074975242820888E-038 
                                     752                  4.8435343787892333E-002                 -1.1939187978828636E+000                  7.2325809483044115E+000                  8.3741198412391284E+000                  5.1514770186165876E+035                  2.3993854643588083E-001                  2.1187133800464699E-006                  7.4764372672484580E-001                  1.8153020635042751E-005                  3.9707591260857772E-003                  4.6677257647629146E-003                  1.2718648985637735E-003                  2.4871053158459677E-003                  1.6154207303793530E+001                  5.8741181750963740E+000                  3.1774375950972184E-038 
                                     753                  4.3047459671526005E-002                 -1.2176439789307283E+000                  7.2374384807690282E+000                  8.1202215907331361E+000                  2.0849612335835056E+035                  2.2200204285967784E-001                  1.6469398753471568E-006                  7.6560642163794912E-001                  1.9357577479292420E-005                  4.1479854372211350E-003                  4.4635753333873264E-003                  1.2718648985637737E-003                  2.4871053158459682E-003                  1.5584739577797968E+001                  7.3848804532844525E+000                  6.3929301855051805E-038 
                                     754                  4.0152501490522040E-002                 -1.2314514235295166E+000                  7.2406727405574820E+000                  8.0744050978313542E+000                  1.4645483065173932E+035                  2.0956409089892844E-001                  1.3700975163008844E-006                  7.7806423097500343E-001                  2.0262154598395494E-005                  4.2829384948962924E-003                  4.3081371646473913E-003                  1.2718648985637739E-003                  2.4871053158459682E-003                  1.5027348104512452E+001                  8.5784062488197694E+000                  1.0198302042124984E-037 
                                     755                  3.7616454997120255E-002                 -1.2442631885300066E+000                  7.2434568744298007E+000                  7.9974887357906583E+000                  9.6901386890348092E+034                  1.9869314188922618E-001                  1.1573207976167756E-006                  7.8895344101694986E-001                  2.1096433080477926E-005                  4.4073296337850320E-003                  4.1648634917508115E-003                  1.2718648985637737E-003                  2.4871053158459677E-003                  1.4442986092151850E+001                  9.7333812704511686E+000                  1.5240020693338034E-037 
                                     756                  3.5544670186415848E-002                 -1.2552942701651160E+000                  7.2459879417360922E+000                  8.0082124173024951E+000                  7.8534940740509325E+034                  1.8865927409333980E-001                  9.8354289495767784E-007                  7.9900483986220183E-001                  2.1900547474384045E-005                  4.5269542671058710E-003                  4.0270774725732136E-003                  1.2718648985637732E-003                  2.4871053158459669E-003                  1.3825986583742067E+001                  1.0889078420888497E+001                  2.1956529262955330E-037 
                                     757                  3.3472885375711331E-002                 -1.2668996338712724E+000                  7.2481646781953284E+000                  7.8637343106079038E+000                  4.5308761561277296E+034                  1.7995753855054519E-001                  8.4897848496648548E-007                  8.0772223642308183E-001                  2.2623629045316555E-005                  4.6339522525010376E-003                  3.9038299519317792E-003                  1.2718648985637732E-003                  2.4871053158459673E-003                  1.3239805060395206E+001                  1.1967150574996547E+001                  3.0064576943750998E-037 
                                     758                  3.2020429155324055E-002                 -1.2754158644095286E+000                  7.2499709360533000E+000                  7.8722868930041505E+000                  3.8098621682116041E+034                  1.7263899618175443E-001                  7.4693798360923049E-007                  8.1505413777519609E-001                  2.3244666739093514E-005                  4.7253017643027360E-003                  3.7986024596143256E-003                  1.2718648985637735E-003                  2.4871053158459677E-003                  1.2710991429370967E+001                  1.2918241324584725E+001                  3.9049226452629665E-037 
                                     759                  3.0567972934936669E-002                 -1.2842769735711739E+000                  7.2512870347882821E+000                  7.5285890497163788E+000                  1.4874676224126296E+034                  1.6719793141552397E-001                  6.7749026557878971E-007                  8.2050542734109300E-001                  2.3719117583651259E-005                  4.7952821759724091E-003                  3.7179922451514762E-003                  1.2718648985637730E-003                  2.4871053158459669E-003                  1.2297189638367016E+001                  1.3646390904996727E+001                  4.7292716449324506E-037 
                                     760                  2.9919278278552786E-002                 -1.2883532617658831E+000                  7.2521015277952472E+000                  7.5326460086099658E+000                  1.3635439903082209E+034                  1.6378171841699940E-001                  6.3653656832343228E-007                  8.2392804013309362E-001                  2.4017480605292943E-005                  4.8390978740383154E-003                  3.6675193442853955E-003                  1.2718648985637732E-003                  2.4871053158459673E-003                  1.2028602954167255E+001                  1.4107980536367776E+001                  5.3265863386247814E-037 
                                     761                  2.9270583622168906E-002                 -1.2925069775891112E+000                  7.2529998341178601E+000                  7.6163435836921280E+000                  1.4788659116248965E+034                  1.5990004484873890E-001                  5.9261714096162017E-007                  8.2781706601407046E-001                  2.4358722984676622E-005                  4.8894603948428025E-003                  3.6095071878125208E-003                  1.2718648985637732E-003                  2.4871053158459673E-003                  1.1712950673178458E+001                  1.4625969689407881E+001                  6.0784818866907482E-037 
                                     762                  2.8492150034508296E-002                 -1.2975974208936178E+000                  7.2539829378227676E+000                  7.6214023178113299E+000                  1.3197021346639017E+034                  1.5565251520204940E-001                  5.4710331476637368E-007                  8.3207263751359872E-001                  2.4734598894227973E-005                  4.9445577241421885E-003                  3.5460376435909663E-003                  1.2718648985637732E-003                  2.4871053158459673E-003                  1.1361809324092997E+001                  1.5204958862062870E+001                  7.0250428277302285E-037 
                                     763                  2.7713716446847569E-002                 -1.3028089504563163E+000                  7.2551329642181379E+000                  7.7523820499862897E+000                  1.5281925206345545E+034                  1.5055381153238107E-001                  4.9625209635599619E-007                  8.3718109695230980E-001                  2.5189830728672439E-005                  5.0114299413001806E-003                  3.4690052767740024E-003                  1.2718648985637735E-003                  2.4871053158459682E-003                  1.0927272615627553E+001                  1.5893636833171161E+001                  8.3299307416161458E-037 
                                     764                  2.6675804996633381E-002                 -1.3099559193560364E+000                  7.2564519857746275E+000                  7.7595500044291308E+000                  1.2909422901063325E+034                  1.4468777695161966E-001                  4.4211099925290091E-007                  8.4305821153548699E-001                  2.5712854479825621E-005                  5.0873905817761834E-003                  3.3814957512284657E-003                  1.2718648985637739E-003                  2.4871053158459690E-003                  1.0417642380987459E+001                  1.6695121882611968E+001                  1.0132468548419205E-036 
                                     765                  2.5637893546419082E-002                 -1.3173444359423203E+000                  7.2577746501090123E+000                  7.7669951171046261E+000                  1.0770008898792485E+034                  1.3864645452004942E-001                  3.9131115864359648E-007                  8.4911092071189209E-001                  2.6252054577388174E-005                  5.1654840631766554E-003                  3.2915271247359345E-003                  1.2718648985637737E-003                  2.4871053158459682E-003                  9.8773963595716641E+000                  1.7500666028419236E+001                  1.2347179400609250E-036 
                                     766                  2.4599982096204894E-002                 -1.3249919450789742E+000                  7.2588656564239953E+000                  7.5835114946834414E+000                  5.9241418639930576E+033                  1.3349674406476253E-001                  3.5177771240576267E-007                  8.5427034301147242E-001                  2.6711994710621321E-005                  5.2321170454622846E-003                  3.2147618914699534E-003                  1.2718648985637737E-003                  2.4871053158459682E-003                  9.4051965151337846E+000                  1.8157893429897033E+001                  1.4552398634336633E-036 
                                     767                  2.3929535138520489E-002                 -1.3300782974262053E+000                  7.2597224895936172E+000                  7.5887251999257170E+000                  5.2056602183312255E+033                  1.2950149530079330E-001                  3.2305060610587716E-007                  8.5827304484759981E-001                  2.7069584870395876E-005                  5.2832530837852686E-003                  3.1558439179354184E-003                  1.2718648985637741E-003                  2.4871053158459682E-003                  9.0372887577625960E+000                  1.8673050400951773E+001                  1.6553293122076924E-036 
                                     768                  2.3259088180835965E-002                 -1.3352874584501597E+000                  7.2605797116442279E+000                  7.5941472787363349E+000                  4.5573312071700434E+033                  1.2551946463869287E-001                  2.9610406923767840E-007                  8.6226244121113949E-001                  2.7426323470812027E-005                  5.3337919780341815E-003                  3.0976095301837219E-003                  1.2718648985637737E-003                  2.4871053158459677E-003                  8.6689597962865204E+000                  1.9184629572252927E+001                  1.8830940017618973E-036 
                                     769                  2.2588641223151441E-002                 -1.3406265065608614E+000                  7.2614369304998680E+000                  7.5997501804032490E+000                  3.9656037513672524E+033                  1.2148402889808479E-001                  2.7055872581121440E-007                  8.6630533076170579E-001                  2.7788411046845337E-005                  5.3849449593278229E-003                  3.0386661966991324E-003                  1.2718648985637732E-003                  2.4871053158459669E-003                  8.2924946543503140E+000                  1.9685911306271240E+001                  2.1432226269685477E-036 
                                     770                  2.1918194265466918E-002                 -1.3461026420597970E+000                  7.2627214622700693E+000                  7.9096430548249730E+000                  6.3665955834382712E+033                  1.1536726445711903E-001                  2.3498038091559138E-007                  8.7243334277107176E-001                  2.8337968287798178E-005                  5.4621465894866342E-003                  2.9497030192439833E-003                  1.2718648985637737E-003                  2.4871053158459677E-003                  7.7178795081825422E+000                  2.0410618595969147E+001                  2.6033933491858998E-036 
                                     771                  2.0577300350097871E-002                 -1.3574997349836917E+000                  7.2644300065957008E+000                  7.9221582574700058E+000                  4.6362509979687322E+033                  1.0705757912072274E-001                  1.9231692792838007E-007                  8.8075810455850578E-001                  2.9081079489454476E-005                  5.5656491764428306E-003                  2.8304235335013576E-003                  1.2718648985637730E-003                  2.4871053158459664E-003                  6.9343850056024730E+000                  2.1301418341868466E+001                  3.3786816320630896E-036 
                                     772                  1.9236406434728827E-002                 -1.3695509820530687E+000                  7.2657561743097556E+000                  7.6812780132438343E+000                  1.9835350336553516E+033                  1.0042172799569436E-001                  1.6256729871292828E-007                  8.8740591844602990E-001                  2.9673725757222940E-005                  5.6477974252157658E-003                  2.7357496255943203E-003                  1.2718648985637739E-003                  2.4871053158459686E-003                  6.3095533598078104E+000                  2.1908023523603124E+001                  4.1446341231583208E-036 
                                     773                  1.8484536460568357E-002                 -1.3766259419233426E+000                  7.2667041480515886E+000                  7.6892436852614869E+000                  1.6149469338525008E+033                  9.5645700095473879E-002                  1.4326948416051432E-007                  8.9219033073547904E-001                  3.0094751763782197E-005                  5.7053706711007058E-003                  2.6693902622884963E-003                  1.2718648985637735E-003                  2.4871053158459677E-003                  5.8634928316609756E+000                  2.2284193402115722E+001                  4.7989308201936217E-036 
                                     774                  1.7732666486407891E-002                 -1.3839523310217743E+000                  7.2681167695144069E+000                  8.0031295627794972E+000                  2.3206914415184729E+033                  8.8417304657566392E-002                  1.1722039868178619E-007                  8.9943113981295464E-001                  3.0724530883338137E-005                  5.7906143198651538E-003                  2.5711292439221027E-003                  1.2718648985637737E-003                  2.4871053158459682E-003                  5.1961429302326883E+000                  2.2726328979859552E+001                  5.9777609581508377E-036 
                                     775                  1.6228926538086833E-002                 -1.3994464987629731E+000                  7.2704340932387455E+000                  8.2031841729978794E+000                  1.8734865222010359E+033                  7.6243666138995372E-002                  8.1072067973670108E-008                  9.1162506215363737E-001                  3.1768787052506906E-005                  5.9299114386048386E-003                  2.4105401952321387E-003                  1.2718648985637732E-003                  2.4871053158459673E-003                  4.1074676423165632E+000                  2.3056528418969346E+001                  8.6090703126627334E-036 
                                     776                  1.3973316615605311E-002                 -1.4251981562427420E+000                  7.2729515736672168E+000                  8.1759299707043525E+000                  7.2673154961974327E+032                  6.2683656302759627E-002                  5.0583122854360870E-008                  9.2520655237705285E-001                  3.2902974473657574E-005                  6.0774142889320508E-003                  2.2404532592490280E-003                  1.2718648985637737E-003                  2.4871053158459677E-003                  2.9763612007420881E+000                  2.2674267002568765E+001                  1.2895840182367352E-035 
                                     777                  1.2002756849747161E-002                 -1.4508581935947575E+000                  7.2751168239217421E+000                  8.1776560320799838E+000                  2.8531011856984389E+032                  5.0852129143397748E-002                  3.1046974694879438E-008                  9.3705581410551608E-001                  3.3867747481309074E-005                  6.1991683825855289E-003                  2.1000193596348560E-003                  1.2718648985637745E-003                  2.4871053158459695E-003                  2.0857946669638299E+000                  2.1505580254315472E+001                  1.8380653840472076E-035 
                                     778                  1.0174722162200408E-002                 -1.4782421744123591E+000                  7.2765976960156946E+000                  7.9058131724796148E+000                  6.9533750949857369E+031                  4.2640000145365849E-002                  2.0801786138135961E-008                  9.4527968245269833E-001                  3.4522319717236856E-005                  6.2797447751009143E-003                  2.0070592909217440E-003                  1.2718648985637745E-003                  2.4871053158459695E-003                  1.5350110115289504E+000                  2.0114318077279549E+001                  2.3564040141539995E-035 
                                     779                  9.2607048184271470E-003                 -1.4936268118460911E+000                  7.2775527223953063E+000                  7.9285718799139770E+000                  4.0785628092820986E+031                  3.7394211821174909E-002                  1.5507283372588838E-008                  9.5053276023229938E-001                  3.4937709050131009E-005                  6.3297646596746811E-003                  1.9493398561078647E-003                  1.2718648985637745E-003                  2.4871053158459695E-003                  1.2168810284782534E+000                  1.8938806335785550E+001                  2.7704595694713797E-035 
                                     780                  8.3466874746538858E-003                 -1.5104514669288847E+000                  7.2783160653146384E+000                  7.7675327786051902E+000                  1.6550515182071035E+031                  3.3191455226380152E-002                  1.1915580917931406E-008                  9.5474117028940686E-001                  3.5265542877006995E-005                  6.3685488083503961E-003                  1.9045780029950275E-003                  1.2718648985637739E-003                  2.4871053158459686E-003                  9.8319330381451064E-001                  1.7807857799899324E+001                  3.1597752732215792E-035 
                                     781                  7.7455993877064431E-003                 -1.5224557119351856E+000                  7.2789061207164911E+000                  7.7860531222626257E+000                  1.0987995090422774E+031                  2.9991526356014927E-002                  9.5424923472170759E-009                  9.5794538709711208E-001                  3.5517232551746650E-005                  6.3979604822041701E-003                  1.8706290752148655E-003                  1.2718648985637737E-003                  2.4871053158459682E-003                  8.1892986845861115E-001                  1.6831186767461148E+001                  3.5007274877925627E-035 
                                     782                  7.1445113007590003E-003                 -1.5353471364566948E+000                  7.2793198295517394E+000                  7.4449690953103209E+000                  3.5722570019548637E+030                  2.7806111641449013E-002                  8.0922427776047750E-009                  9.6013364819732039E-001                  3.5688366383021477E-005                  6.4174757176809621E-003                  1.8480977705139724E-003                  1.2718648985637745E-003                  2.4871053158459695E-003                  7.1409744358341432E-001                  1.6108040441204690E+001                  3.7636731856194040E-035 
                                     783                  6.8793752442226587E-003                 -1.5413544281916085E+000                  7.2795698509802120E+000                  7.4543596532082335E+000                  2.9366733192668678E+030                  2.6486199095071696E-002                  7.2823689922558876E-009                  9.6145529313737255E-001                  3.5792552523009352E-005                  6.4293537032953105E-003                  1.8343840149585406E-003                  1.2718648985637741E-003                  2.4871053158459686E-003                  6.5362954596961997E-001                  1.5642807613197602E+001                  3.9330440482610164E-035 
                                     784                  6.6142391876863162E-003                 -1.5475800896611189E+000                  7.2799399937214266E+000                  7.7704333206625993E+000                  4.3439238256749085E+030                  2.4573841985967609E-002                  6.1933978266790289E-009                  9.6337014132136234E-001                  3.5944366512336892E-005                  6.4464293720535625E-003                  1.8146665462966795E-003                  1.2718648985637745E-003                  2.4871053158459703E-003                  5.7008560060917013E-001                  1.4935412131019376E+001                  4.1984501900553964E-035 
                                     785                  6.0839670746135168E-003                 -1.5607611263220853E+000                  7.2806605132329336E+000                  8.1054506545578366E+000                  4.5606941854795848E+030                  2.0932424055665904E-002                  4.3894922986770655E-009                  9.6701625902233668E-001                  3.6235611282732543E-005                  6.4786355682931260E-003                  1.7774711385195119E-003                  1.2718648985637745E-003                  2.4871053158459699E-003                  4.2465163858218119E-001                  1.3460298292878672E+001                  4.7734253648197212E-035 
                                     786                  5.0234228484680342E-003                 -1.5907158535590560E+000                  7.2813109246155365E+000                  7.7789656796806534E+000                  1.0065430959861312E+030                  1.7688582219511778E-002                  3.0684690816693165E-009                  9.7026423160299236E-001                  3.6496416244912782E-005                  6.5069329877315094E-003                  1.7447834906403632E-003                  1.2718648985637750E-003                  2.4871053158459708E-003                  3.1107999249066143E-001                  1.1990965645187519E+001                  5.3803228354735123E-035 
                                     787                  4.5639667092701114E-003                 -1.6055909629194007E+000                  7.2816938916102938E+000                  7.8049444134494381E+000                  6.4495791250939955E+029                  1.5826139885908658E-002                  2.4257918004759373E-009                  9.7212904885738072E-001                  3.6648567111507595E-005                  6.5231979157965971E-003                  1.7259921336009974E-003                  1.2718648985637754E-003                  2.4871053158459716E-003                  2.5290998261576503E-001                  1.1071979833277071E+001                  5.7779878588699892E-035 
                                     788                  4.1045105700721887E-003                 -1.6219612815645448E+000                  7.2820902040134472E+000                  7.8873404151989606E+000                  4.3782555303148947E+029                  1.3946714955263137E-002                  1.8596563775582674E-009                  9.7401078281170028E-001                  3.6800995437431126E-005                  6.5390014524743080E-003                  1.7077277110585680E-003                  1.2718648985637743E-003                  2.4871053158459690E-003                  1.9969769566604123E-001                  1.0085378984136959E+001                  6.2272555490226485E-035 
                                     789                  3.5876199452405215E-003                 -1.6426126469786460E+000                  7.2824977029624867E+000                  7.9254759491199431E+000                  2.4717258105364940E+029                  1.2085152997372148E-002                  1.3779480482590859E-009                  9.7587470314442126E-001                  3.6957990520715910E-005                  6.5551403824640085E-003                  1.6890738928640511E-003                  1.2718648985637748E-003                  2.4871053158459699E-003                  1.5264262997307448E-001                  9.0489480519719052E+000                  6.7351164449604252E-035 
                                     790                  3.0707293204088534E-003                 -1.6663406332298363E+000                  7.2828168129173552E+000                  7.7469136954453095E+000                  9.2238623987006784E+028                  1.0678431127396587E-002                  1.0647275717041954E-009                  9.7728315952429423E-001                  3.7077282517690026E-005                  6.5670014112092900E-003                  1.6753593754448939E-003                  1.2718648985637739E-003                  2.4871053158459686E-003                  1.2093709550679609E-001                  8.2221807876522792E+000                  7.1715302011620076E-035 
                                     791                  2.7548495223592745E-003                 -1.6828157365710317E+000                  7.2830549374147928E+000                  7.7777831375843336E+000                  6.1747464856485299E+028                  9.6549761626230270E-003                  8.6370932141871368E-010                  9.7830789664507745E-001                  3.7166209865109946E-005                  6.5757675990048090E-003                  1.6652223053106030E-003                  1.2718648985637739E-003                  2.4871053158459690E-003                  9.9990302766226224E-002                  7.5936352578042055E+000                  7.5207254976005297E-035 
                                     792                  2.4389697243096960E-003                 -1.7012291957275796E+000                  7.2832895122521277E+000                  7.8129278201934147E+000                  4.0230482200146708E+028                  8.6698388576047607E-003                  6.9116195862670241E-010                  9.7929425655673996E-001                  3.7252618600911098E-005                  6.5841230172991160E-003                  1.6555580441836540E-003                  1.2718648985637750E-003                  2.4871053158459708E-003                  8.1563116997745364E-002                  6.9657613052552225E+000                  7.8878052048005714E-035 
                                     793                  2.1230899262601171E-003                 -1.7221184081433993E+000                  7.2835211153130430E+000                  7.8536462144753045E+000                  2.5474205256633115E+028                  7.7290642614462344E-003                  5.4519268398993371E-010                  9.8023621118197890E-001                  3.7337281172044129E-005                  6.5921846530787994E-003                  1.6462318627215541E-003                  1.2718648985637743E-003                  2.4871053158459695E-003                  6.5595074706533446E-002                  6.3449181377359141E+000                  8.2749822921380614E-035 
                                     794                  1.8072101282106548E-003                 -1.7462814975623324E+000                  7.2838008273949857E+000                  8.0724809137005114E+000                  2.0032728531343263E+028                  6.6404061245581101E-003                  3.9879873772494414E-010                  9.8132623474902458E-001                  3.7437738503111814E-005                  6.6015072389847673E-003                  1.6354435357209358E-003                  1.2718648985637739E-003                  2.4871053158459682E-003                  4.9144750539861871E-002                  5.5979704239695964E+000                  8.7779803740788303E-035 
                                     795                  1.3529349572100593E-003                 -1.7894879760077484E+000                  7.2841298213790218E+000                  8.1681294984934567E+000                  8.9189916696434216E+027                  5.4167863710788992E-003                  2.6255503281217581E-010                  9.8255144401697814E-001                  3.7556276905013029E-005                  6.6123562969942250E-003                  1.6228865610790223E-003                  1.2718648985637748E-003                  2.4871053158459699E-003                  3.3322691669401328E-002                  4.7179441418978687E+000                  9.4335247587338736E-035 
                                     796                  8.9865978620946342E-004                 -1.8501561320077573E+000                  7.2844471975905822E+000                  8.2537667388572764E+000                  3.1881492637137959E+027                  4.3090406811449209E-003                  1.6444915559814306E-010                  9.8366062172834257E-001                  3.7667867233971502E-005                  6.6221193828319884E-003                  1.6115799615877293E-003                  1.2718648985637745E-003                  2.4871053158459699E-003                  2.1506791235680101E-002                  3.8794058961262006E+000                  1.0144366114514113E-034 
                                     797                  4.9591836062095349E-004                 -1.9377215197000135E+000                  7.2847055997828862E+000                  8.2117287355312278E+000                  8.2771724780705371E+026                  3.4848935586822495E-003                  1.0666302978386572E-010                  9.8448590915335354E-001                  3.7758842235897358E-005                  6.6298888211638743E-003                  1.6025793034915737E-003                  1.2718648985637748E-003                  2.4871053158459703E-003                  1.4315702789150456E-002                  3.2283672057512742E+000                  1.0795156932359968E-034 
                                     798                  2.5320951133288316E-004                 -2.0361441312613846E+000                  7.2848721076284582E+000                  8.1001893297436496E+000                  2.2518698500973794E+026                  2.9890731553967468E-003                  7.8048200939169273E-011                  9.8498245391824091E-001                  3.7817656802637316E-005                  6.6348219180834755E-003                  1.5968630590182825E-003                  1.2718648985637743E-003                  2.4871053158459695E-003                  1.0660274449956784E-002                  2.8229865547228625E+000                  1.1255103626220926E-034 
                                     799                  1.3185508668890627E-004                 -2.1312925928016555E+000                  7.2849698580189433E+000                  7.9819388528568176E+000                  7.6651068755421708E+025                  2.7127928716368299E-003                  6.4083449185871471E-011                  9.8525915045245060E-001                  3.7852066663891315E-005                  6.6376552838018970E-003                  1.5935790469536520E-003                  1.2718648985637739E-003                  2.4871053158459686E-003                  8.8461483700184550E-003                  2.5921163364509323E+000                  1.1541594140602445E-034 
                                     800                  7.1177874366859555E-005                 -2.2209649833481664E+000                  7.2850278063597163E+000                  7.8507083778613005E+000                  3.0192784459882895E+025                  2.5543928953284910E-003                  5.6711514973360952E-011                  9.8541779420053255E-001                  3.7872437856354689E-005                  6.6393141018322790E-003                  1.5916560933289740E-003                  1.2718648985637735E-003                  2.4871053158459677E-003                  7.8788186837304170E-003                  2.4580182482487474E+000                  1.1717759344967020E-034 
                                     801                  4.0839268205836189E-005                 -2.3016420138001750E+000                  7.2850619379901609E+000                  7.6981967138892093E+000                  1.3066608017572512E+025                  2.4630228386738375E-003                  5.2668569433163072E-011                  9.8550930682850491E-001                  3.7884429716228602E-005                  6.6402840917489988E-003                  1.5905315442776571E-003                  1.2718648985637743E-003                  2.4871053158459695E-003                  7.3451239068586301E-003                  2.3800645603424675E+000                  1.1823851823446944E-034 
                                     802                  2.5669965125382788E-005                 -2.3690093501887319E+000                  7.2850816112483807E+000                  7.5162171388737260E+000                  6.0032811651273444E+024                  2.4110106608994969E-003                  5.0435401971086500E-011                  9.8556139939730780E-001                  3.7891282744346850E-005                  6.6408308229174654E-003                  1.5898975712857328E-003                  1.2718648985637748E-003                  2.4871053158459703E-003                  7.0492890508645836E-003                  2.3354827962424336E+000                  1.1885812325623356E-034 
                                     803                  1.8085313585132413E-005                 -2.4197941548502362E+000                  7.2850962456379982E+000                  7.6425791626302386E+000                  5.6338027980269051E+024                  2.3726832393923644E-003                  4.8821419435875454E-011                  9.8559978856908226E-001                  3.7896462239990734E-005                  6.6412509780022933E-003                  1.5894104880517300E-003                  1.2718648985637737E-003                  2.4871053158459682E-003                  6.8350030004864001E-003                  2.3025424208172023E+000                  1.1932263485607681E-034 
                                     804                  1.0500662044905713E-005                 -2.4985969065637650E+000                  7.2851109642560692E+000                  7.6586525088381530E+000                  3.6561437867483582E+024                  2.3343641892542791E-003                  4.7234626815522377E-011                  9.8563816965932360E-001                  3.7901674738649890E-005                  6.6416730851186871E-003                  1.5889211299204974E-003                  1.2718648985637739E-003                  2.4871053158459686E-003                  6.6239191995329395E-003                  2.2695264193232680E+000                  1.1979369346816532E-034 
                                     805                  5.2503310232278882E-006                 -2.5990258691036061E+000                  7.2851222611976283E+000                  7.5581015754906362E+000                  1.7389561396856602E+024                  2.3051168271394275E-003                  4.6041530446678036E-011                  9.8566746458738330E-001                  3.7905677286781248E-005                  6.6419966991025084E-003                  1.5885459486367178E-003                  1.2718648985637739E-003                  2.4871053158459686E-003                  6.4649336662757897E-003                  2.2442704179077633E+000                  1.2015785221220741E-034 
                                     806                  2.6251655122724017E-006                 -2.6994231041745929E+000                  7.2851293455493593E+000                  7.4576275150374229E+000                  8.4249698521412459E+023                  2.2868575301491557E-003                  4.5304581254023201E-011                  9.8568575367888345E-001                  3.7908187476824995E-005                  6.6421993984026664E-003                  1.5883109453736258E-003                  1.2718648985637743E-003                  2.4871053158459695E-003                  6.3666121621148517E-003                  2.2284781633137420E+000                  1.2038729551752774E-034 
                                     807                  1.3125827567363718E-006                 -2.7998003609237605E+000                  7.2851337956565949E+000                  7.3572018045637204E+000                  4.1295924704597996E+023                  2.2754201257634220E-003                  4.4846059939454275E-011                  9.8569720978559650E-001                  3.7909764356793394E-005                  6.6423266320972960E-003                  1.5881634329302848E-003                  1.2718648985637750E-003                  2.4871053158459708E-003                  6.3053908247856123E-003                  2.2185763188702308E+000                  1.2053185079323091E-034 
                                     808                  6.5629137902664356E-007                 -2.9001650196465634E+000                  7.2851365940078603E+000                  7.2568064771307057E+000                  2.0390937550710736E+023                  2.2682407979709128E-003                  4.4559460780459006E-011                  9.8570440086863742E-001                  3.7910755974505429E-005                  6.6424066030556905E-003                  1.5880707153923042E-003                  1.2718648985637741E-003                  2.4871053158459690E-003                  6.2671059532100554E-003                  2.2123570137502004E+000                  1.2062292098521677E-034 
                                     809                  3.2814569017177941E-007                 -3.0005217053831736E+000                  7.2851383548732223E+000                  7.1564301693562857E+000                  1.0115308483830403E+023                  2.2637283102552724E-003                  4.4379802488607292E-011                  9.8570892075122185E-001                  3.7911379961737966E-005                  6.6424569099087331E-003                  1.5880123898630038E-003                  1.2718648985637745E-003                  2.4871053158459699E-003                  6.2430993309677968E-003                  2.2084464117728468E+000                  1.2068029414334160E-034 
                                     810                  1.6407284574434739E-007                 -3.1008732903241225E+000                  7.2851394633768178E+000                  7.0560656148920620E+000                  5.0325622868279531E+022                  2.2608896614993140E-003                  4.4266975713006512E-011                  9.8571176405430971E-001                  3.7911772776885624E-005                  6.6424885728736810E-003                  1.5879756798638190E-003                  1.2718648985637754E-003                  2.4871053158459716E-003                  6.2280201162432103E-003                  2.2059857845245405E+000                  1.2071643812421147E-034 
                                     811                  8.2036423472344647E-008                 -3.2012215039658609E+000                  7.2851403940783959E+000                  7.6412004993917879E+000                  5.0115793498407273E+022                  2.2585077301207632E-003                  4.4172415057777434E-011                  9.8571414989268913E-001                  3.7912102572611495E-005                  6.6425151516948536E-003                  1.5879448643405557E-003                  1.2718648985637748E-003                  2.4871053158459703E-003                  6.2153804473029277E-003                  2.2039206961493858E+000                  1.2074679863459676E-034 
