                                       1                                        2                                        3                                        4                                        5                                        6                                        7                                        8                                        9                                       10                                       11                                       12                                       13                                       14                                       15                                       16                                       17                                       18                                       19                                       20                                       21                                       22                                       23                                       24                                       25                                       26                                       27                                       28                                       29                                       30                                       31                                       32                                       33                                       34                                       35                                       36                                       37                                       38                                       39                                       40                                       41                                       42                                       43                                       44                                       45                                       46                                       47                                       48                                       49 
                            model_number                                num_zones                             initial_mass                                initial_z                                 star_age                                time_step                                     Teff                            photosphere_L                            photosphere_r                               center_eta                                center_h1                               center_he3                               center_he4                               center_c12                               center_n14                               center_o16                              center_ne20                                star_mass                                star_mdot                             star_mass_h1                            star_mass_he3                            star_mass_he4                            star_mass_c12                            star_mass_n14                            star_mass_o16                           star_mass_ne20                             he_core_mass                             co_core_mass                             fe_core_mass                   neutron_rich_core_mass                             dynamic_time                             kh_timescale                            nuc_timescale                           power_nuc_burn                             power_h_burn                            power_he_burn                                power_neu                                burn_min1                                burn_min2                             time_seconds                           version_number                                 compiler                                    build                         MESA_SDK_version                             math_backend                                     date                                     msun                                     rsun                                     lsun 
                                     350                                      889                  9.5000000000000018E-001                  1.2200000000000001E-002                  9.9836498636946297E+009                  7.6504092153879911E+007                  5.7597537899157078E+003                  2.2954888566676042E+000                  1.5215383982930084E+000                  7.8442986797532155E-001                  1.4073941859406989E-011                  0.0000000000000000E+000                  9.8795469041467499E-001                  3.7782801583309290E-005                  6.5170461863696310E-003                  1.7315103688884143E-003                  1.2718648985637724E-003                  9.5000000000000018E-001                  0.0000000000000000E+000                  5.5148117681050945E-001                  8.6034513242126231E-004                  3.8600478395701776E-001                  1.3039931371531248E-003                  1.7577450489899018E-003                  5.0209342102201264E-003                  1.2082716536355822E-003                  8.4105552429706645E-002                  0.0000000000000000E+000                  0.0000000000000000E+000                  0.0000000000000000E+000                  1.9271682367968591E+004                  6.0851321341410214E+006                  4.1385520005491533E+009                  2.2975172308119052E+000                  2.2975172308119038E+000                  1.8227980952215736E-034                  1.1658018932782083E-001                  5.0000000000000000E+001                  1.0000000000000000E+003                  3.1506002893852966E+017                               "r24.08.1"                               "gfortran"                                 "13.3.0"                    "x86_64-linux-24.7.1"                                 "CRMATH"                               "20251006"                  1.9884098706980504E+033                  6.9570000000000000E+010                  3.8280000000000003E+033 

                                       1                                        2                                        3                                        4                                        5                                        6                                        7                                        8                                        9                                       10                                       11                                       12                                       13                                       14                                       15                                       16                                       17 
                                    zone                                     mass                                     logR                                     logT                                   log_dr          raw_rate_r_he3_he3_to_h1_h1_he4                                       h1                                      he3                                      he4                                      c12                                      n14                                      o16                                     ne20                                     mg24                                       pp                                      cno                                tri_alpha 
                                       1                  9.5000000000000018E-001                  1.8228291690210063E-001                  3.7605095988421637E+000                  5.1071686764590405E+000                  6.4539467956911695E-051                  7.0779999999999998E-001                  2.9797635251137371E-005                  2.7997020236474890E-001                  2.1025988500795508E-003                  6.1630907196949883E-004                  5.7221218635412092E-003                  1.2718648985637698E-003                  2.4871053158459604E-003                  1.5724104787882803E-026                  0.0000000000000000E+000                  0.0000000000000000E+000 
                                       2                  9.4999999999905016E-001                  1.8228239179446915E-001                  3.7607478617622139E+000                  5.2024225930272383E+000                  8.0982777866071842E-051                  7.0779999999999998E-001                  2.9797635251137371E-005                  2.7997020236474890E-001                  2.1025988500795508E-003                  6.1630907196949883E-004                  5.7221218635412092E-003                  1.2718648985637698E-003                  2.4871053158459604E-003                  1.5784241704848065E-026                  0.0000000000000000E+000                  0.0000000000000000E+000 
                                       3                  9.4999999999786267E-001                  1.8228173790726898E-001                  3.7610140521839273E+000                  5.2005935954248521E+000                  8.1324794046440488E-051                  7.0779999999999998E-001                  2.9797635251137371E-005                  2.7997020236474890E-001                  2.1025988500795508E-003                  6.1630907196949883E-004                  5.7221218635412083E-003                  1.2718648985637698E-003                  2.4871053158459608E-003                  1.5850924504023413E-026                  0.0000000000000000E+000                  0.0000000000000000E+000 
                                       4                  9.4999999999667528E-001                  1.8228108676709529E-001                  3.7614154626968670E+000                  5.4989010731165768E+000                  1.6367314649957864E-050                  7.0779999999999998E-001                  2.9797635251137374E-005                  2.7997020236474890E-001                  2.1025988500795508E-003                  6.1630907196949883E-004                  5.7221218635412092E-003                  1.2718648985637698E-003                  2.4871053158459604E-003                  1.5950706197893424E-026                  0.0000000000000000E+000                  0.0000000000000000E+000 
                                       5                  9.4999999999430029E-001                  1.8227979262208752E-001                  3.7622270224173358E+000                  5.7945614639742162E+000                  3.3142165557128399E-050                  7.0779999999999998E-001                  2.9797635251137368E-005                  2.7997020236474890E-001                  2.1025988500795508E-003                  6.1630907196949883E-004                  5.7221218635412083E-003                  1.2718648985637698E-003                  2.4871053158459604E-003                  1.6149350635164593E-026                  0.0000000000000000E+000                  0.0000000000000000E+000 
                                       6                  9.4999999998955020E-001                  1.8227723612526345E-001                  3.7631262918809916E+000                  5.5847424253409024E+000                  2.0987663339003261E-050                  7.0779999999999998E-001                  2.9797635251137357E-005                  2.7997020236474879E-001                  2.1025988500795499E-003                  6.1630907196949883E-004                  5.7221218635412066E-003                  1.2718648985637693E-003                  2.4871053158459591E-003                  1.6362891920266941E-026                  0.0000000000000000E+000                  0.0000000000000000E+000 
                                       7                  9.4999999998658158E-001                  1.8227565913763724E-001                  3.7641777365416695E+000                  5.8793331042490848E+000                  4.2602794413193405E-050                  7.0779999999999998E-001                  2.9797635251137459E-005                  2.7997020236474879E-001                  2.1025988500795499E-003                  6.1630907196949872E-004                  5.7221218635412083E-003                  1.2718648985637691E-003                  2.4871053158459595E-003                  1.6607571123626839E-026                  0.0000000000000000E+000                  0.0000000000000000E+000 
                                       8                  9.4999999998064411E-001                  1.8227255156487057E-001                  3.7656201630700723E+000                  5.8709850017149705E+000                  4.3430251553124376E-050                  7.0779999999999987E-001                  2.9797635251137601E-005                  2.7997020236474879E-001                  2.1025988500795499E-003                  6.1630907196949872E-004                  5.7221218635412066E-003                  1.2718648985637693E-003                  2.4871053158459595E-003                  1.6930238250876524E-026                  0.0000000000000000E+000                  0.0000000000000000E+000 
                                       9                  9.4999999997470652E-001                  1.8226950313448184E-001                  3.7671040770936366E+000                  5.8628946274620883E+000                  4.4260847249296718E-050                  7.0779999550686123E-001                  2.9802128389768520E-005                  2.7997020236474879E-001                  2.1025988500795499E-003                  6.1630907196949861E-004                  5.7221218635412074E-003                  1.2718648985637691E-003                  2.4871053158459595E-003                  1.7248928066260589E-026                  0.0000000000000000E+000                  0.0000000000000000E+000 
                                      10                  9.4999999996876905E-001                  1.8226651094612720E-001                  3.7690124889491359E+000                  6.0292164192002122E+000                  6.7904939149566891E-050                  7.0779999504247870E-001                  2.9802592772301053E-005                  2.7997020236474890E-001                  2.1025988500795508E-003                  6.1630907196949883E-004                  5.7221218635412092E-003                  1.2718648985637698E-003                  2.4871053158459599E-003                  1.7641770547203423E-026                  0.0000000000000000E+000                  0.0000000000000000E+000 
                                      11                  9.4999999995986284E-001                  1.8226212246322726E-001                  3.7718055066484735E+000                  6.1411106058061415E+000                  9.3303031595311032E-050                  7.0779999500688240E-001                  2.9802628368673735E-005                  2.7997020236474890E-001                  2.1025988500795508E-003                  6.1630907196949883E-004                  5.7221218635412100E-003                  1.2718648985637698E-003                  2.4871053158459604E-003                  1.8180303525981415E-026                  0.0000000000000000E+000                  0.0000000000000000E+000 
                                      12                  9.4999999994798778E-001                  1.8225644422472215E-001                  3.7743520782090911E+000                  5.8294985741738099E+000                  4.7803162841788656E-050                  7.0779999499358259E-001                  2.9802641668453242E-005                  2.7997020236474890E-001                  2.1025988500795508E-003                  6.1630907196949883E-004                  5.7221218635412092E-003                  1.2718648985637698E-003                  2.4871053158459604E-003                  1.8629242100511269E-026                  0.0000000000000000E+000                  0.0000000000000000E+000 
                                      13                  9.4999999994205031E-001                  1.8225367342061130E-001                  3.7774098707514847E+000                  6.2156666338367419E+000                  1.2279484960948682E-049                  7.0779999492327705E-001                  2.9802711974008423E-005                  2.7997020236474890E-001                  2.1025988500795508E-003                  6.1630907196949883E-004                  5.7221218635412092E-003                  1.2718648985637700E-003                  2.4871053158459599E-003                  1.9141707393485629E-026                  0.0000000000000000E+000                  0.0000000000000000E+000 
                                      14                  9.4999999992720663E-001                  1.8224693157754046E-001                  3.7826321871663255E+000                  6.2777483656861062E+000                  1.5328135450907958E-049                  7.0779999444640862E-001                  2.9803188842331569E-005                  2.7997020236474890E-001                  2.1025988500795508E-003                  6.1630907196949883E-004                  5.7221218635412092E-003                  1.2718648985637698E-003                  2.4871053158459604E-003                  1.9911347443691045E-026                  0.0000000000000000E+000                  0.0000000000000000E+000 
                                      15                  9.4999999990939410E-001                  1.8223915358305245E-001                  3.7873770820718620E+000                  5.9640223096275902E+000                  7.8920320696270414E-050                  7.0779999369524305E-001                  2.9803940007997218E-005                  2.7997020236474895E-001                  2.1025988500795512E-003                  6.1630907196949893E-004                  5.7221218635412100E-003                  1.2718648985637700E-003                  2.4871053158459608E-003                  2.0502780166501846E-026                  0.0000000000000000E+000                  0.0000000000000000E+000 
                                      16                  9.4999999990048789E-001                  1.8223537657985495E-001                  3.7901544851672662E+000                  5.7813159312979847E+000                  5.3426250449155306E-050                  7.0779999246895253E-001                  2.9805166298497942E-005                  2.7997020236474895E-001                  2.1025988500795512E-003                  6.1630907196949893E-004                  5.7221218635412100E-003                  1.2718648985637700E-003                  2.4871053158459608E-003                  2.0817879715045413E-026                  0.0000000000000000E+000                  0.0000000000000000E+000 
                                      17                  9.4999999989455042E-001                  1.8223289662312914E-001                  3.7927468243380749E+000                  5.8725370969276067E+000                  6.7673846947549743E-050                  7.0779999034931096E-001                  2.9807285940096980E-005                  2.7997020236474895E-001                  2.1025988500795512E-003                  6.1630907196949893E-004                  5.7221218635412100E-003                  1.2718648985637700E-003                  2.4871053158459608E-003                  2.1092736543395336E-026                  0.0000000000000000E+000                  0.0000000000000000E+000 
                                      18                  9.4999999988712858E-001                  1.8222983699927606E-001                  3.7965250561107786E+000                  6.0411642105030650E+000                  1.0330332793497061E-049                  7.0779998587156479E-001                  2.9811763686113347E-005                  2.7997020236474890E-001                  2.1025988500795508E-003                  6.1630907196949883E-004                  5.7221218635412092E-003                  1.2718648985637698E-003                  2.4871053158459604E-003                  2.1458894638295977E-026                  0.0000000000000000E+000                  0.0000000000000000E+000 
                                      19                  9.4999999987599570E-001                  1.8222532572806455E-001                  3.8006072915344213E+000                  5.8582017808590354E+000                  6.9968360177605043E-050                  7.0779998587156479E-001                  2.9811763686113347E-005                  2.7997020236474890E-001                  2.1025988500795508E-003                  6.1630907196949883E-004                  5.7221218635412092E-003                  1.2718648985637698E-003                  2.4871053158459604E-003                  2.1801606838651815E-026                  0.0000000000000000E+000                  0.0000000000000000E+000 
                                      20                  9.4999999986857386E-001                  1.8222236539726760E-001                  3.8044726345484023E+000                  5.9493546887158759E+000                  8.8628913676280453E-050                  7.0779998587156479E-001                  2.9811763686113350E-005                  2.7997020236474890E-001                  2.1025988500795508E-003                  6.1630907196949883E-004                  5.7221218635412092E-003                  1.2718648985637698E-003                  2.4871053158459604E-003                  2.2092982210657615E-026                  0.0000000000000000E+000                  0.0000000000000000E+000 
                                      21                  9.4999999985929651E-001                  1.8221871368578507E-001                  3.8095273915830279E+000                  6.0221204344408577E+000                  1.0793943529823259E-049                  7.0779998587156479E-001                  2.9811763686113350E-005                  2.7997020236474890E-001                  2.1025988500795508E-003                  6.1630907196949883E-004                  5.7221218635412092E-003                  1.2718648985637698E-003                  2.4871053158459604E-003                  2.2422301786523919E-026                  0.0000000000000000E+000                  0.0000000000000000E+000 
                                      22                  9.4999999984816375E-001                  1.8221439584934099E-001                  3.8140241650092106E+000                  5.7164316434723732E+000                  5.4552592648076264E-050                  7.0779998587156479E-001                  2.9811763686113354E-005                  2.7997020236474890E-001                  2.1025988500795508E-003                  6.1630907196949883E-004                  5.7221218635412092E-003                  1.2718648985637698E-003                  2.4871053158459604E-003                  2.2664554326988102E-026                  0.0000000000000000E+000                  0.0000000000000000E+000 
                                      23                  9.4999999984259731E-001                  1.8221225995077817E-001                  3.8176590443564860E+000                  5.8380211877204662E+000                  7.3300727675545742E-050                  7.0779998587156479E-001                  2.9811763686113357E-005                  2.7997020236474890E-001                  2.1025988500795508E-003                  6.1630907196949883E-004                  5.7221218635412092E-003                  1.2718648985637698E-003                  2.4871053158459604E-003                  2.2840341578921379E-026                  0.0000000000000000E+000                  0.0000000000000000E+000 
                                      24                  9.4999999983517525E-001                  1.8220943394758182E-001                  3.8220510701277970E+000                  5.8345749234776108E+000                  7.3885663897137832E-050                  7.0779998587156479E-001                  2.9811763686113360E-005                  2.7997020236474890E-001                  2.1025988500795508E-003                  6.1630907196949883E-004                  5.7221218635412092E-003                  1.2718648985637698E-003                  2.4871053158459604E-003                  2.3022675238081316E-026                  0.0000000000000000E+000                  0.0000000000000000E+000 
                                      25                  9.4999999982775341E-001                  1.8220663026270328E-001                  3.8266922630399445E+000                  5.8315273298071588E+000                  7.4406925835569991E-050                  7.0779998587156479E-001                  2.9811763686113364E-005                  2.7997020236474890E-001                  2.1025988500795508E-003                  6.1630907196949883E-004                  5.7221218635412092E-003                  1.2718648985637698E-003                  2.4871053158459604E-003                  2.3185161325822875E-026                  0.0000000000000000E+000                  0.0000000000000000E+000 
                                      26                  9.4999999982033156E-001                  1.8220384616546484E-001                  3.8315992948809643E+000                  5.8288923181690748E+000                  7.4860706970061703E-050                  7.0779998587156479E-001                  2.9811763686113367E-005                  2.7997020236474890E-001                  2.1025988500795508E-003                  6.1630907196949883E-004                  5.7221218635412092E-003                  1.2718648985637698E-003                  2.4871053158459604E-003                  2.3326613040309163E-026                  0.0000000000000000E+000                  0.0000000000000000E+000 
                                      27                  9.4999999981290961E-001                  1.8220107889145909E-001                  3.8354956355740013E+000                  5.5261977534058770E+000                  3.7574451032359725E-050                  7.0779998587156479E-001                  2.9811763686113377E-005                  2.7997020236474890E-001                  2.1025988500795508E-003                  6.1630907196949883E-004                  5.7221218635412092E-003                  1.2718648985637698E-003                  2.4871053158459604E-003                  2.3416448870741986E-026                  0.0000000000000000E+000                  0.0000000000000000E+000 
                                      28                  9.4999999980919869E-001                  1.8219970054094797E-001                  3.8381622824999715E+000                  5.5252017454428541E+000                  3.7660961592263661E-050                  7.0779998587156479E-001                  2.9811763686113388E-005                  2.7997020236474890E-001                  2.1025988500795508E-003                  6.1630907196949883E-004                  5.7221218635412092E-003                  1.2718648985637698E-003                  2.4871053158459604E-003                  2.3470382901622254E-026                  0.0000000000000000E+000                  0.0000000000000000E+000 
                                      29                  9.4999999980548788E-001                  1.8219832534355476E-001                  3.8422706129853625E+000                  5.8249126798983761E+000                  7.5551758842304386E-050                  7.0779998587156479E-001                  2.9811763686113394E-005                  2.7997020236474890E-001                  2.1025988500795508E-003                  6.1630907196949883E-004                  5.7221218635412092E-003                  1.2718648985637698E-003                  2.4871053158459604E-003                  2.3542027232465801E-026                  0.0000000000000000E+000                  0.0000000000000000E+000 
                                      30                  9.4999999979806582E-001                  1.8219558327673568E-001                  3.8480684162490011E+000                  5.8236006787020012E+000                  7.5781300906749324E-050                  7.0779998587156479E-001                  2.9811763686113401E-005                  2.7997020236474890E-001                  2.1025988500795508E-003                  6.1630907196949883E-004                  5.7221218635412092E-003                  1.2718648985637698E-003                  2.4871053158459604E-003                  2.3613580168585435E-026                  0.0000000000000000E+000                  0.0000000000000000E+000 
                                      31                  9.4999999979064398E-001                  1.8219284946395028E-001                  3.8541575720248198E+000                  5.8227246135523467E+000                  7.5935277390815300E-050                  7.0779998587156479E-001                  2.9811763686113408E-005                  2.7997020236474890E-001                  2.1025988500795508E-003                  6.1630907196949883E-004                  5.7221218635412092E-003                  1.2718648985637698E-003                  2.4871053158459604E-003                  2.3661577843831612E-026                  0.0000000000000000E+000                  0.0000000000000000E+000 
                                      32                  9.4999999978322214E-001                  1.8219012114313637E-001                  3.8604818380451289E+000                  5.8222289246113252E+000                  7.6022951391109529E-050                  7.0779998587156479E-001                  2.9811763686113411E-005                  2.7997020236474890E-001                  2.1025988500795508E-003                  6.1630907196949883E-004                  5.7221218635412092E-003                  1.2718648985637698E-003                  2.4871053158459604E-003                  2.3688907679620817E-026                  0.0000000000000000E+000                  0.0000000000000000E+000 
                                      33                  9.4999999977580019E-001                  1.8218739591744790E-001                  3.8701433207796190E+000                  6.1229600572419676E+000                  1.5215343334698643E-049                  7.0779998587156479E-001                  2.9811763686113421E-005                  2.7997020236474890E-001                  2.1025988500795508E-003                  6.1630907196949883E-004                  5.7221218635412092E-003                  1.2718648985637698E-003                  2.4871053158459604E-003                  2.3705667461497812E-026                  0.0000000000000000E+000                  0.0000000000000000E+000 
                                      34                  9.4999999976095650E-001                  1.8218194916430541E-001                  3.8827984903438550E+000                  6.1228253790950644E+000                  1.5220444183043389E-049                  7.0779998587156479E-001                  2.9811763686113425E-005                  2.7997020236474890E-001                  2.1025988500795508E-003                  6.1630907196949883E-004                  5.7221218635412092E-003                  1.2718648985637698E-003                  2.4871053158459604E-003                  2.3713617678381293E-026                  0.0000000000000000E+000                  0.0000000000000000E+000 
                                      35                  9.4999999974611271E-001                  1.8217650403170207E-001                  3.8915362007598233E+000                  5.8212748715910783E+000                  7.6194918219782445E-050                  7.0779998587156479E-001                  2.9811763686113432E-005                  2.7997020236474890E-001                  2.1025988500795508E-003                  6.1630907196949883E-004                  5.7221218635412092E-003                  1.2718648985637698E-003                  2.4871053158459604E-003                  2.3742513420961786E-026                  0.0000000000000000E+000                  0.0000000000000000E+000 
                                      36                  9.4999999973869087E-001                  1.8217378470094284E-001                  3.8970313851649734E+000                  5.8207513885874178E+000                  7.6287771078455310E-050                  7.0779998587156479E-001                  2.9811763686113442E-005                  2.7997020236474890E-001                  2.1025988500795508E-003                  6.1630907196949883E-004                  5.7221218635412092E-003                  1.2718648985637698E-003                  2.4871053158459604E-003                  2.3771457673297793E-026                  0.0000000000000000E+000                  0.0000000000000000E+000 
                                      37                  9.4999999973126903E-001                  1.8217106862899632E-001                  3.9047775938843237E+000                  6.1207179033714789E+000                  1.5295248498830564E-049                  7.0779998587156479E-001                  2.9811763686113449E-005                  2.7997020236474890E-001                  2.1025988500795508E-003                  6.1630907196949883E-004                  5.7221218635412092E-003                  1.2718648985637698E-003                  2.4871053158459604E-003                  2.3830208368306840E-026                  0.0000000000000000E+000                  0.0000000000000000E+000 
                                      38                  9.4999999971642535E-001                  1.8216564972006880E-001                  3.9139548513726901E+000                  6.1185041047484772E+000                  1.5373797145477099E-049                  7.0779998587156479E-001                  2.9811763686113455E-005                  2.7997020236474890E-001                  2.1025988500795508E-003                  6.1630907196949883E-004                  5.7221218635412092E-003                  1.2718648985637698E-003                  2.4871053158459604E-003                  2.3952635358860820E-026                  0.0000000000000000E+000                  0.0000000000000000E+000 
                                      39                  9.4999999970158167E-001                  1.8216025829642746E-001                  3.9261283754736791E+000                  6.4153661259764663E+000                  3.1045251885290481E-049                  7.0779998587156479E-001                  2.9811763686113459E-005                  2.7997020236474890E-001                  2.1025988500795508E-003                  6.1630907196949883E-004                  5.7221218635412092E-003                  1.2718648985637698E-003                  2.4871053158459604E-003                  2.4184602935884808E-026                  0.0000000000000000E+000                  0.0000000000000000E+000 
                                      40                  9.4999999967189408E-001                  1.8214957824077779E-001                  3.9360397937596372E+000                  6.1086013626618412E+000                  1.5729535932178502E-049                  7.0779998587156479E-001                  2.9811763686113469E-005                  2.7997020236474890E-001                  2.1025988500795508E-003                  6.1630907196949883E-004                  5.7221218635412092E-003                  1.2718648985637698E-003                  2.4871053158459604E-003                  2.4507099171346148E-026                  0.0000000000000000E+000                  0.0000000000000000E+000 
                                      41                  9.4999999965705040E-001                  1.8214430816660826E-001                  3.9420219409216863E+000                  6.1045559568003291E+000                  1.5877122926424413E-049                  7.0779998587156479E-001                  2.9811763686113476E-005                  2.7997020236474890E-001                  2.1025988500795508E-003                  6.1630907196949883E-004                  5.7221218635412092E-003                  1.2718648985637698E-003                  2.4871053158459604E-003                  2.4737134282706063E-026                  0.0000000000000000E+000                  0.0000000000000000E+000 
                                      42                  9.4999999964220672E-001                  1.8213908689161437E-001                  3.9474913089423134E+000                  6.1002791988970051E+000                  1.6034630498837561E-049                  7.0779998587156479E-001                  2.9811763686113482E-005                  2.7997020236474890E-001                  2.1025988500795508E-003                  6.1630907196949883E-004                  5.7221218635412092E-003                  1.2718648985637698E-003                  2.4871053158459604E-003                  2.4982633391409295E-026                  0.0000000000000000E+000                  0.0000000000000000E+000 
                                      43                  9.4999999962736303E-001                  1.8213391671945134E-001                  3.9550131703586495E+000                  6.3947297934613934E+000                  3.2559948438678062E-049                  7.0779998587156479E-001                  2.9811763686113489E-005                  2.7997020236474890E-001                  2.1025988500795508E-003                  6.1630907196949883E-004                  5.7221218635412092E-003                  1.2718648985637698E-003                  2.4871053158459604E-003                  2.5365041094621881E-026                  0.0000000000000000E+000                  0.0000000000000000E+000 
                                      44                  9.4999999959767556E-001                  1.8212373166682846E-001                  3.9636500790282669E+000                  6.3853586795585882E+000                  3.3271698763548861E-049                  7.0779998587156479E-001                  2.9811763686113496E-005                  2.7997020236474890E-001                  2.1025988500795508E-003                  6.1630907196949883E-004                  5.7221218635412092E-003                  1.2718648985637698E-003                  2.4871053158459604E-003                  2.5919735910801823E-026                  0.0000000000000000E+000                  0.0000000000000000E+000 
                                      45                  9.4999999956798797E-001                  1.8211376379971045E-001                  3.9693240314292684E+000                  6.0770398755819430E+000                  1.6917985825499907E-049                  7.0779998587156479E-001                  2.9811763686113506E-005                  2.7997020236474890E-001                  2.1025988500795508E-003                  6.1630907196949883E-004                  5.7221218635412092E-003                  1.2718648985637698E-003                  2.4871053158459604E-003                  2.6359500853784521E-026                  0.0000000000000000E+000                  0.0000000000000000E+000 
                                      46                  9.4999999955314429E-001                  1.8210886273010712E-001                  3.9728715418772338E+000                  6.0722089639851458E+000                  1.7107609036085312E-049                  7.0779998587156479E-001                  2.9811763686113516E-005                  2.7997020236474890E-001                  2.1025988500795508E-003                  6.1630907196949883E-004                  5.7221218635412092E-003                  1.2718648985637698E-003                  2.4871053158459604E-003                  2.6655068281114202E-026                  0.0000000000000000E+000                  0.0000000000000000E+000 
                                      47                  9.4999999953830061E-001                  1.8210401582147920E-001                  3.9778781687333566E+000                  6.3660464215625776E+000                  3.4787741305320808E-049                  7.0779998587156479E-001                  2.9811763686113523E-005                  2.7997020236474890E-001                  2.1025988500795508E-003                  6.1630907196949883E-004                  5.7221218635412092E-003                  1.2718648985637698E-003                  2.4871053158459604E-003                  2.7101270636204232E-026                  0.0000000000000000E+000                  0.0000000000000000E+000 
                                      48                  9.4999999950861302E-001                  1.8209448106773218E-001                  3.9838710404528377E+000                  6.3563487950144832E+000                  3.5574820507726564E-049                  7.0779998587156479E-001                  2.9811763686113530E-005                  2.7997020236474890E-001                  2.1025988500795508E-003                  6.1630907196949883E-004                  5.7221218635412092E-003                  1.2718648985637698E-003                  2.4871053158459604E-003                  2.7714696902688165E-026                  0.0000000000000000E+000                  0.0000000000000000E+000 
                                      49                  9.4999999947892566E-001                  1.8208515665939345E-001                  3.9892926161178641E+000                  6.3467121942281892E+000                  3.6374561187473619E-049                  7.0779998587156479E-001                  2.9811763686113537E-005                  2.7997020236474890E-001                  2.1025988500795508E-003                  6.1630907196949883E-004                  5.7221218635412092E-003                  1.2718648985637698E-003                  2.4871053158459604E-003                  2.8337999752166556E-026                  0.0000000000000000E+000                  0.0000000000000000E+000 
                                      50                  9.4999999944923808E-001                  1.8207603667898259E-001                  3.9942369836216889E+000                  6.3371771834535293E+000                  3.7183547017966285E-049                  7.0779998587156479E-001                  2.9811763686113543E-005                  2.7997020236474890E-001                  2.1025988500795508E-003                  6.1630907196949883E-004                  5.7221218635412092E-003                  1.2718648985637698E-003                  2.4871053158459604E-003                  2.8968516821711032E-026                  0.0000000000000000E+000                  0.0000000000000000E+000 
                                      51                  9.4999999941955060E-001                  1.8206711456194741E-001                  3.9987773623772931E+000                  6.3277706152617013E+000                  3.7999251067531948E-049                  7.0779998587156479E-001                  2.9811763686113547E-005                  2.7997020236474890E-001                  2.1025988500795508E-003                  6.1630907196949883E-004                  5.7221218635412092E-003                  1.2718648985637698E-003                  2.4871053158459604E-003                  2.9604278802801750E-026                  0.0000000000000000E+000                  0.0000000000000000E+000 
                                      52                  9.4999999938986313E-001                  1.8205838343758440E-001                  4.0029717427445259E+000                  6.3185099350817984E+000                  3.8819773351192521E-049                  7.0779998587156479E-001                  2.9811763686113557E-005                  2.7997020236474890E-001                  2.1025988500795508E-003                  6.1630907196949883E-004                  5.7221218635412092E-003                  1.2718648985637698E-003                  2.4871053158459604E-003                  3.0243804932362650E-026                  0.0000000000000000E+000                  0.0000000000000000E+000 
                                      53                  9.4999999936017565E-001                  1.8204983635041716E-001                  4.0068667832256226E+000                  6.3094058695527115E+000                  3.9643681467250297E-049                  7.0779998587156479E-001                  2.9811763686113567E-005                  2.7997020236474890E-001                  2.1025988500795508E-003                  6.1630907196949883E-004                  5.7221218635412092E-003                  1.2718648985637698E-003                  2.4871053158459604E-003                  3.0885978814623365E-026                  0.0000000000000000E+000                  0.0000000000000000E+000 
                                      54                  9.4999999933048807E-001                  1.8204146640692209E-001                  4.0105005496347372E+000                  6.3004645886240880E+000                  4.0469871781809016E-049                  7.0779998587156479E-001                  2.9811763686113574E-005                  2.7997020236474890E-001                  2.1025988500795508E-003                  6.1630907196949883E-004                  5.7221218635412092E-003                  1.2718648985637698E-003                  2.4871053158459604E-003                  3.1529940248597291E-026                  0.0000000000000000E+000                  0.0000000000000000E+000 
                                      55                  9.4999999930080059E-001                  1.8203326686614638E-001                  4.0155964606566137E+000                  6.5885022734068581E+000                  8.3402342862090666E-049                  7.0779998587156479E-001                  2.9811763686113581E-005                  2.7997020236474890E-001                  2.1025988500795508E-003                  6.1630907196949883E-004                  5.7221218635412092E-003                  1.2718648985637698E-003                  2.4871053158459604E-003                  3.2489674039505941E-026                  0.0000000000000000E+000                  0.0000000000000000E+000 
                                      56                  9.4999999924142553E-001                  1.8201735067036881E-001                  4.0201321219680519E+000                  6.2746516386782583E+000                  4.2952904571543222E-049                  7.0779998587156479E-001                  2.9811763686113594E-005                  2.7997020236474890E-001                  2.1025988500795508E-003                  6.1630907196949883E-004                  5.7221218635412092E-003                  1.2718648985637698E-003                  2.4871053158459604E-003                  3.3465354118749203E-026                  0.0000000000000000E+000                  0.0000000000000000E+000 
                                      57                  9.4999999921173817E-001                  1.8200962385634523E-001                  4.0229878213939605E+000                  6.2663725874903538E+000                  4.3781122900214491E-049                  7.0779998587156479E-001                  2.9811763686113604E-005                  2.7997020236474890E-001                  2.1025988500795508E-003                  6.1630907196949883E-004                  5.7221218635412092E-003                  1.2718648985637698E-003                  2.4871053158459604E-003                  3.4110930571852207E-026                  0.0000000000000000E+000                  0.0000000000000000E+000 
                                      58                  9.4999999918205058E-001                  1.8200204281156279E-001                  4.0256967767148648E+000                  6.2582545511682888E+000                  4.4608739787738516E-049                  7.0779998587156479E-001                  2.9811763686113611E-005                  2.7997020236474890E-001                  2.1025988500795508E-003                  6.1630907196949883E-004                  5.7221218635412092E-003                  1.2718648985637698E-003                  2.4871053158459604E-003                  3.4756046584049385E-026                  0.0000000000000000E+000                  0.0000000000000000E+000 
                                      59                  9.4999999915236322E-001                  1.8199460203031806E-001                  4.0282728357620963E+000                  6.2502940778729466E+000                  4.5435485622229409E-049                  7.0779998587156479E-001                  2.9811763686113625E-005                  2.7997020236474890E-001                  2.1025988500795508E-003                  6.1630907196949883E-004                  5.7221218635412092E-003                  1.2718648985637698E-003                  2.4871053158459604E-003                  3.5400491895915122E-026                  0.0000000000000000E+000                  0.0000000000000000E+000 
                                      60                  9.4999999912267563E-001                  1.8198729626972138E-001                  4.0319504525300056E+000                  6.5397338422087570E+000                  9.3333367131961114E-049                  7.0779998587156479E-001                  2.9811763686113635E-005                  2.7997020236474890E-001                  2.1025988500795508E-003                  6.1630907196949883E-004                  5.7221218635412092E-003                  1.2718648985637698E-003                  2.4871053158459604E-003                  3.6360221290261623E-026                  0.0000000000000000E+000                  0.0000000000000000E+000 
                                      61                  9.4999999906330068E-001                  1.8197306918337217E-001                  4.0364377334059132E+000                  6.5247085234334792E+000                  9.6625159432233444E-049                  7.0779998587156479E-001                  2.9811763686113642E-005                  2.7997020236474890E-001                  2.1025988500795508E-003                  6.1630907196949883E-004                  5.7221218635412092E-003                  1.2718648985637698E-003                  2.4871053158459604E-003                  3.7643239467207977E-026                  0.0000000000000000E+000                  0.0000000000000000E+000 
                                      62                  9.4999999900392551E-001                  1.8195932545276061E-001                  4.0395384686370823E+000                  6.2127304299902644E+000                  4.9548301363256023E-049                  7.0779998587156479E-001                  2.9811763686113655E-005                  2.7997020236474890E-001                  2.1025988500795508E-003                  6.1630907196949883E-004                  5.7221218635412092E-003                  1.2718648985637698E-003                  2.4871053158459604E-003                  3.8606536843071976E-026                  0.0000000000000000E+000                  0.0000000000000000E+000 
                                      63                  9.4999999897423815E-001                  1.8195262449681179E-001                  4.0415237440090257E+000                  6.2056322838539515E+000                  5.0366318776420386E-049                  7.0779998587156479E-001                  2.9811763686113669E-005                  2.7997020236474890E-001                  2.1025988500795508E-003                  6.1630907196949883E-004                  5.7221218635412092E-003                  1.2718648985637698E-003                  2.4871053158459604E-003                  3.9244225725264910E-026                  0.0000000000000000E+000                  0.0000000000000000E+000 
                                      64                  9.4999999894455056E-001                  1.8194603207081217E-001                  4.0448635767800747E+000                  6.5915319319665082E+000                  1.2946226541133855E-048                  7.0779998587156479E-001                  2.9811763686113686E-005                  2.7997020236474890E-001                  2.1025988500795508E-003                  6.1630907196949883E-004                  5.7221218635412092E-003                  1.2718648985637698E-003                  2.4871053158459604E-003                  4.0350109452609423E-026                  0.0000000000000000E+000                  0.0000000000000000E+000 
                                      65                  9.4999999887033193E-001                  1.8193000123289091E-001                  4.0492357204097784E+000                  6.5748715129635276E+000                  1.3453493715560241E-048                  7.0779998587156479E-001                  2.9811763686113689E-005                  2.7997020236474890E-001                  2.1025988500795508E-003                  6.1630907196949883E-004                  5.7221218635412092E-003                  1.2718648985637698E-003                  2.4871053158459604E-003                  4.1931943362776250E-026                  0.0000000000000000E+000                  0.0000000000000000E+000 
                                      66                  9.4999999879611308E-001                  1.8191457316527060E-001                  4.0532635499589622E+000                  6.5589199687397697E+000                  1.3957798510297529E-048                  7.0779998587156479E-001                  2.9811763686113696E-005                  2.7997020236474890E-001                  2.1025988500795508E-003                  6.1630907196949883E-004                  5.7221218635412092E-003                  1.2718648985637698E-003                  2.4871053158459604E-003                  4.3504584481817687E-026                  0.0000000000000000E+000                  0.0000000000000000E+000 
                                      67                  9.4999999872189445E-001                  1.8189970096792665E-001                  4.0560662638477858E+000                  6.2463170790064160E+000                  7.1677349269767870E-049                  7.0779998587156479E-001                  2.9811763686113709E-005                  2.7997020236474890E-001                  2.1025988500795508E-003                  6.1630907196949883E-004                  5.7221218635412092E-003                  1.2718648985637698E-003                  2.4871053158459604E-003                  4.4682356407101020E-026                  0.0000000000000000E+000                  0.0000000000000000E+000 
                                      68                  9.4999999868478502E-001                  1.8189246022203784E-001                  4.0578667153693626E+000                  6.2388257243470528E+000                  7.2926882514312353E-049                  7.0779998587156479E-001                  2.9811763686113726E-005                  2.7997020236474890E-001                  2.1025988500795508E-003                  6.1630907196949883E-004                  5.7221218635412092E-003                  1.2718648985637698E-003                  2.4871053158459604E-003                  4.5461706230020041E-026                  0.0000000000000000E+000                  0.0000000000000000E+000 
                                      69                  9.4999999864767559E-001                  1.8188534318656288E-001                  4.0604724659756481E+000                  6.5289337773924849E+000                  1.4957554182428179E-048                  7.0779998587156479E-001                  2.9811763686113740E-005                  2.7997020236474890E-001                  2.1025988500795508E-003                  6.1630907196949883E-004                  5.7221218635412092E-003                  1.2718648985637698E-003                  2.4871053158459604E-003                  4.6622385609390122E-026                  0.0000000000000000E+000                  0.0000000000000000E+000 
                                      70                  9.4999999857345696E-001                  1.8187146228473883E-001                  4.0637273983361100E+000                  6.5148112282100490E+000                  1.5452916292344096E-048                  7.0779998587156479E-001                  2.9811763686113747E-005                  2.7997020236474890E-001                  2.1025988500795508E-003                  6.1630907196949883E-004                  5.7221218635412092E-003                  1.2718648985637698E-003                  2.4871053158459604E-003                  4.8167265792246307E-026                  0.0000000000000000E+000                  0.0000000000000000E+000 
                                      71                  9.4999999849923833E-001                  1.8185802508439297E-001                  4.0667859912334627E+000                  6.5012131831529754E+000                  1.5945383087937214E-048                  7.0779998587156479E-001                  2.9811763686113757E-005                  2.7997020236474890E-001                  2.1025988500795508E-003                  6.1630907196949883E-004                  5.7221218635412092E-003                  1.2718648985637698E-003                  2.4871053158459604E-003                  4.9703156348342456E-026                  0.0000000000000000E+000                  0.0000000000000000E+000 
                                      72                  9.4999999842501948E-001                  1.8184500169644707E-001                  4.0696704027792858E+000                  6.4881034452459678E+000                  1.6435024488863333E-048                  7.0779998587156479E-001                  2.9811763686113767E-005                  2.7997020236474890E-001                  2.1025988500795508E-003                  6.1630907196949883E-004                  5.7221218635412092E-003                  1.2718648985637698E-003                  2.4871053158459604E-003                  5.1230274027439979E-026                  0.0000000000000000E+000                  0.0000000000000000E+000 
                                      73                  9.4999999835080084E-001                  1.8183236518864837E-001                  4.0723992853610449E+000                  6.4754493200804735E+000                  1.6921910400311079E-048                  7.0779998587156479E-001                  2.9811763686113774E-005                  2.7997020236474890E-001                  2.1025988500795508E-003                  6.1630907196949883E-004                  5.7221218635412092E-003                  1.2718648985637698E-003                  2.4871053158459604E-003                  5.2748835609178854E-026                  0.0000000000000000E+000                  0.0000000000000000E+000 
                                      74                  9.4999999827658221E-001                  1.8182009120897255E-001                  4.0749884795438103E+000                  6.4632211930991872E+000                  1.7406110073106675E-048                  7.0779998587156479E-001                  2.9811763686113784E-005                  2.7997020236474890E-001                  2.1025988500795508E-003                  6.1630907196949883E-004                  5.7221218635412092E-003                  1.2718648985637698E-003                  2.4871053158459604E-003                  5.4259055902232925E-026                  0.0000000000000000E+000                  0.0000000000000000E+000 
                                      75                  9.4999999820236336E-001                  1.8180815766668001E-001                  4.0774515462939886E+000                  6.4513921666062668E+000                  1.7887691613176061E-048                  7.0779998587156479E-001                  2.9811763686113794E-005                  2.7997020236474890E-001                  2.1025988500795508E-003                  6.1630907196949883E-004                  5.7221218635412092E-003                  1.2718648985637698E-003                  2.4871053158459604E-003                  5.5761146209549074E-026                  0.0000000000000000E+000                  0.0000000000000000E+000 
                                      76                  9.4999999812814473E-001                  1.8179654446084945E-001                  4.0798001802241126E+000                  6.4399377461380540E+000                  1.8366721632410720E-048                  7.0779998587156479E-001                  2.9811763686113804E-005                  2.7997020236474890E-001                  2.1025988500795508E-003                  6.1630907196949883E-004                  5.7221218635412092E-003                  1.2718648985637698E-003                  2.4871053158459604E-003                  5.7255313234888744E-026                  0.0000000000000000E+000                  0.0000000000000000E+000 
                                      77                  9.4999999805392610E-001                  1.8178523324825038E-001                  4.0820445344667249E+000                  6.4288355283927361E+000                  1.8843266864070212E-048                  7.0779998587156479E-001                  2.9811763686113818E-005                  2.7997020236474890E-001                  2.1025988500795508E-003                  6.1630907196949883E-004                  5.7221218635412092E-003                  1.2718648985637698E-003                  2.4871053158459604E-003                  5.8741764117521970E-026                  0.0000000000000000E+000                  0.0000000000000000E+000 
                                      78                  9.4999999797970736E-001                  1.8177420724500232E-001                  4.0841934800117148E+000                  6.4180648134099627E+000                  1.9317401028808001E-048                  7.0779998587156479E-001                  2.9811763686113828E-005                  2.7997020236474890E-001                  2.1025988500795508E-003                  6.1630907196949883E-004                  5.7221218635412092E-003                  1.2718648985637698E-003                  2.4871053158459604E-003                  6.0220727846384419E-026                  0.0000000000000000E+000                  0.0000000000000000E+000 
                                      79                  9.4999999790548861E-001                  1.8176345105928493E-001                  4.0867686279045934E+000                  6.5811540293315556E+000                  2.9858529345874969E-048                  7.0779998587156479E-001                  2.9811763686113838E-005                  2.7997020236474890E-001                  2.1025988500795508E-003                  6.1630907196949883E-004                  5.7221218635412092E-003                  1.2718648985637698E-003                  2.4871053158459604E-003                  6.2055808019037705E-026                  0.0000000000000000E+000                  0.0000000000000000E+000 
                                      80                  9.4999999779416056E-001                  1.8174779217857559E-001                  4.0896825097913396E+000                  6.5661196306794256E+000                  3.0912462126885566E-048                  7.0779998587156479E-001                  2.9811763686113848E-005                  2.7997020236474890E-001                  2.1025988500795508E-003                  6.1630907196949883E-004                  5.7221218635412092E-003                  1.2718648985637698E-003                  2.4871053158459604E-003                  6.4247612215396164E-026                  0.0000000000000000E+000                  0.0000000000000000E+000 
                                      81                  9.4999999768283239E-001                  1.8173266556509840E-001                  4.0919797527205146E+000                  6.3779430926341840E+000                  2.1191053687987195E-048                  7.0779998587156479E-001                  2.9811763686113862E-005                  2.7997020236474890E-001                  2.1025988500795508E-003                  6.1630907196949883E-004                  5.7221218635412092E-003                  1.2718648985637698E-003                  2.4871053158459604E-003                  6.6065519927006895E-026                  0.0000000000000000E+000                  0.0000000000000000E+000 
                                      82                  9.4999999760861376E-001                  1.8172285762874377E-001                  4.0946358522517707E+000                  6.6650530989441386E+000                  4.3765444364052633E-048                  7.0779998587156479E-001                  2.9811763686113875E-005                  2.7997020236474890E-001                  2.1025988500795508E-003                  6.1630907196949883E-004                  5.7221218635412092E-003                  1.2718648985637698E-003                  2.4871053158459604E-003                  6.8223280425137791E-026                  0.0000000000000000E+000                  0.0000000000000000E+000 
                                      83                  9.4999999746017616E-001                  1.8170385988400187E-001                  4.0971232236896808E+000                  6.3505430921812511E+000                  2.2574054256283018E-048                  7.0779998587156479E-001                  2.9811763686113889E-005                  2.7997020236474890E-001                  2.1025988500795508E-003                  6.1630907196949883E-004                  5.7221218635412092E-003                  1.2718648985637698E-003                  2.4871053158459604E-003                  7.0380057318292035E-026                  0.0000000000000000E+000                  0.0000000000000000E+000 
                                      84                  9.4999999738595753E-001                  1.8169465101818949E-001                  4.0987275038306574E+000                  6.3418547450988942E+000                  2.3031177758084930E-048                  7.0779998587156479E-001                  2.9811763686113906E-005                  2.7997020236474890E-001                  2.1025988500795508E-003                  6.1630907196949883E-004                  5.7221218635412092E-003                  1.2718648985637698E-003                  2.4871053158459604E-003                  7.1806199853486802E-026                  0.0000000000000000E+000                  0.0000000000000000E+000 
                                      85                  9.4999999731173879E-001                  1.8168562436170629E-001                  4.1010581404866793E+000                  6.6302686834413942E+000                  4.7422971549755735E-048                  7.0779998587156479E-001                  2.9811763686113920E-005                  2.7997020236474890E-001                  2.1025988500795508E-003                  6.1630907196949883E-004                  5.7221218635412092E-003                  1.2718648985637698E-003                  2.4871053158459604E-003                  7.3928689549714176E-026                  0.0000000000000000E+000                  0.0000000000000000E+000 
                                      86                  9.4999999716330119E-001                  1.8166808740881032E-001                  4.1032582014348460E+000                  6.3169891239375717E+000                  2.4391268882563336E-048                  7.0779998587156479E-001                  2.9811763686113936E-005                  2.7997020236474890E-001                  2.1025988500795508E-003                  6.1630907196949883E-004                  5.7221218635412092E-003                  1.2718648985637698E-003                  2.4871053158459604E-003                  7.6049602788489090E-026                  0.0000000000000000E+000                  0.0000000000000000E+000 
                                      87                  9.4999999708908256E-001                  1.8165956254191262E-001                  4.1046826477720346E+000                  6.3090692878811856E+000                  2.4841117308638197E-048                  7.0779998587156479E-001                  2.9811763686113953E-005                  2.7997020236474890E-001                  2.1025988500795508E-003                  6.1630907196949883E-004                  5.7221218635412092E-003                  1.2718648985637698E-003                  2.4871053158459604E-003                  7.7453156437628905E-026                  0.0000000000000000E+000                  0.0000000000000000E+000 
                                      88                  9.4999999701486393E-001                  1.8165119156356152E-001                  4.1067595319741113E+000                  6.5985658463500512E+000                  5.1022206140683613E-048                  7.0779998587156479E-001                  2.9811763686113970E-005                  2.7997020236474890E-001                  2.1025988500795508E-003                  6.1630907196949883E-004                  5.7221218635412092E-003                  1.2718648985637698E-003                  2.4871053158459604E-003                  7.9543600012576121E-026                  0.0000000000000000E+000                  0.0000000000000000E+000 
                                      89                  9.4999999686642644E-001                  1.8163488790338705E-001                  4.1093880696903344E+000                  6.5837098937342846E+000                  5.2801619757443389E-048                  7.0779998587156479E-001                  2.9811763686113981E-005                  2.7997020236474890E-001                  2.1025988500795508E-003                  6.1630907196949883E-004                  5.7221218635412092E-003                  1.2718648985637698E-003                  2.4871053158459604E-003                  8.2319690519102499E-026                  0.0000000000000000E+000                  0.0000000000000000E+000 
                                      90                  9.4999999671798885E-001                  1.8161913193169965E-001                  4.1118879686856298E+000                  6.5694464935528227E+000                  5.4568453895909559E-048                  7.0779998587156479E-001                  2.9811763686113991E-005                  2.7997020236474890E-001                  2.1025988500795508E-003                  6.1630907196949883E-004                  5.7221218635412092E-003                  1.2718648985637698E-003                  2.4871053158459604E-003                  8.5076253819795644E-026                  0.0000000000000000E+000                  0.0000000000000000E+000 
                                      91                  9.4999999656955136E-001                  1.8160388447905279E-001                  4.1142714332486108E+000                  6.5557304631036750E+000                  5.6323249221122000E-048                  7.0779998587156479E-001                  2.9811763686114001E-005                  2.7997020236474890E-001                  2.1025988500795508E-003                  6.1630907196949883E-004                  5.7221218635412092E-003                  1.2718648985637698E-003                  2.4871053158459604E-003                  8.7814129803303079E-026                  0.0000000000000000E+000                  0.0000000000000000E+000 
                                      92                  9.4999999642111388E-001                  1.8158911054100593E-001                  4.1165490130423086E+000                  6.5425216173663694E+000                  5.8066500391085243E-048                  7.0779998587156479E-001                  2.9811763686114011E-005                  2.7997020236474890E-001                  2.1025988500795508E-003                  6.1630907196949883E-004                  5.7221218635412092E-003                  1.2718648985637698E-003                  2.4871053158459604E-003                  9.0534086843644968E-026                  0.0000000000000000E+000                  0.0000000000000000E+000 
                                      93                  9.4999999627267628E-001                  1.8157477870002936E-001                  4.1187298879564036E+000                  6.5297840544047494E+000                  5.9798661781410629E-048                  7.0779998587156479E-001                  2.9811763686114018E-005                  2.7997020236474890E-001                  2.1025988500795508E-003                  6.1630907196949883E-004                  5.7221218635412092E-003                  1.2718648985637698E-003                  2.4871053158459604E-003                  9.3236830702776510E-026                  0.0000000000000000E+000                  0.0000000000000000E+000 
                                      94                  9.4999999612423880E-001                  1.8156086064521229E-001                  4.1208220944613823E+000                  6.5174855630796014E+000                  6.1520152651080306E-048                  7.0779998587156479E-001                  2.9811763686114031E-005                  2.7997020236474890E-001                  2.1025988500795508E-003                  6.1630907196949883E-004                  5.7221218635412092E-003                  1.2718648985637698E-003                  2.4871053158459604E-003                  9.5923012565445335E-026                  0.0000000000000000E+000                  0.0000000000000000E+000 
                                      95                  9.4999999597580131E-001                  1.8154733077049126E-001                  4.1228327076671372E+000                  6.5055970418893958E+000                  6.3231374212712946E-048                  7.0779998587156479E-001                  2.9811763686114041E-005                  2.7997020236474890E-001                  2.1025988500795508E-003                  6.1630907196949883E-004                  5.7221218635412092E-003                  1.2718648985637698E-003                  2.4871053158459604E-003                  9.8593255654247088E-026                  0.0000000000000000E+000                  0.0000000000000000E+000 
                                      96                  9.4999999582736383E-001                  1.8153416583905821E-001                  4.1257324090865088E+000                  6.7895593924847608E+000                  1.3154330283064137E-047                  7.0779998587156479E-001                  2.9811763686114055E-005                  2.7997020236474890E-001                  2.1025988500795508E-003                  6.1630907196949883E-004                  5.7221218635412092E-003                  1.2718648985637698E-003                  2.4871053158459604E-003                  1.0255733708794176E-025                  0.0000000000000000E+000                  0.0000000000000000E+000 
                                      97                  9.4999999553048875E-001                  1.8150884954143526E-001                  4.1284362986746661E+000                  6.4721441129097945E+000                  6.8306422008786795E-048                  7.0779998587156479E-001                  2.9811763686114069E-005                  2.7997020236474890E-001                  2.1025988500795508E-003                  6.1630907196949883E-004                  5.7221218635412092E-003                  1.2718648985637698E-003                  2.4871053158459604E-003                  1.0651300603803678E-025                  0.0000000000000000E+000                  0.0000000000000000E+000 
                                      98                  9.4999999538205127E-001                  1.8149665954253896E-001                  4.1301766898901233E+000                  6.4616547850154324E+000                  6.9980163730812742E-048                  7.0779998587156479E-001                  2.9811763686114082E-005                  2.7997020236474890E-001                  2.1025988500795508E-003                  6.1630907196949883E-004                  5.7221218635412092E-003                  1.2718648985637698E-003                  2.4871053158459604E-003                  1.0912508246353451E-025                  0.0000000000000000E+000                  0.0000000000000000E+000 
                                      99                  9.4999999523361378E-001                  1.8148476010638595E-001                  4.1318607656296003E+000                  6.4514654262438400E+000                  7.1645321585648170E-048                  7.0779998587156479E-001                  2.9811763686114096E-005                  2.7997020236474890E-001                  2.1025988500795508E-003                  6.1630907196949883E-004                  5.7221218635412092E-003                  1.2718648985637698E-003                  2.4871053158459604E-003                  1.1172383834457063E-025                  0.0000000000000000E+000                  0.0000000000000000E+000 
                                     100                  9.4999999508517619E-001                  1.8147313628879810E-001                  4.1343055545928342E+000                  6.7377761235129032E+000                  1.4824198706411508E-047                  7.0779998587156479E-001                  2.9811763686114113E-005                  2.7997020236474890E-001                  2.1025988500795508E-003                  6.1630907196949883E-004                  5.7221218635412092E-003                  1.2718648985637698E-003                  2.4871053158459604E-003                  1.1558767384057324E-025                  0.0000000000000000E+000                  0.0000000000000000E+000 
                                     101                  9.4999999478830122E-001                  1.8145066248774402E-001                  4.1373766991325773E+000                  6.7190037852724513E+000                  1.5480591973460041E-047                  7.0779998587156479E-001                  2.9811763686114116E-005                  2.7997020236474890E-001                  2.1025988500795508E-003                  6.1630907196949883E-004                  5.7221218635412092E-003                  1.2718648985637698E-003                  2.4871053158459604E-003                  1.2071015988666106E-025                  0.0000000000000000E+000                  0.0000000000000000E+000 
                                     102                  9.4999999449142614E-001                  1.8142913832868346E-001                  4.1395545324659162E+000                  6.4044866238453562E+000                  7.9850325685618234E-048                  7.0779998587156479E-001                  2.9811763686114133E-005                  2.7997020236474890E-001                  2.1025988500795508E-003                  6.1630907196949883E-004                  5.7221218635412092E-003                  1.2718648985637698E-003                  2.4871053158459604E-003                  1.2453018481570895E-025                  0.0000000000000000E+000                  0.0000000000000000E+000 
                                     103                  9.4999999434298865E-001                  1.8141870494904899E-001                  4.1409662907645162E+000                  6.3957909359408749E+000                  8.1469122753526756E-048                  7.0779998587156479E-001                  2.9811763686114153E-005                  2.7997020236474890E-001                  2.1025988500795508E-003                  6.1630907196949883E-004                  5.7221218635412092E-003                  1.2718648985637698E-003                  2.4871053158459604E-003                  1.2705700383647880E-025                  0.0000000000000000E+000                  0.0000000000000000E+000 
                                     104                  9.4999999419455117E-001                  1.8140847815164979E-001                  4.1430270713014057E+000                  6.6841908118695867E+000                  1.6775800392023028E-047                  7.0779998587156479E-001                  2.9811763686114167E-005                  2.7997020236474890E-001                  2.1025988500795508E-003                  6.1630907196949883E-004                  5.7221218635412092E-003                  1.2718648985637698E-003                  2.4871053158459604E-003                  1.3081876396420523E-025                  0.0000000000000000E+000                  0.0000000000000000E+000 
                                     105                  9.4999999389767609E-001                  1.8138861013223856E-001                  4.1456409743799671E+000                  6.6679854144052753E+000                  1.7415167529873732E-047                  7.0779998587156479E-001                  2.9811763686114177E-005                  2.7997020236474890E-001                  2.1025988500795508E-003                  6.1630907196949883E-004                  5.7221218635412092E-003                  1.2718648985637698E-003                  2.4871053158459604E-003                  1.3580916527514114E-025                  0.0000000000000000E+000                  0.0000000000000000E+000 
                                     106                  9.4999999360080101E-001                  1.8136946895331971E-001                  4.1475106723762547E+000                  6.3552461329510246E+000                  8.9461341117964328E-048                  7.0779998587156479E-001                  2.9811763686114197E-005                  2.7997020236474890E-001                  2.1025988500795508E-003                  6.1630907196949883E-004                  5.7221218635412092E-003                  1.2718648985637698E-003                  2.4871053158459604E-003                  1.3953320371757186E-025                  0.0000000000000000E+000                  0.0000000000000000E+000 
                                     107                  9.4999999345236352E-001                  1.8136015264978006E-001                  4.1493349960789656E+000                  6.6449833747872447E+000                  1.8364775556444257E-047                  7.0779998587156479E-001                  2.9811763686114214E-005                  2.7997020236474890E-001                  2.1025988500795508E-003                  6.1630907196949883E-004                  5.7221218635412092E-003                  1.2718648985637698E-003                  2.4871053158459604E-003                  1.4322152319056971E-025                  0.0000000000000000E+000                  0.0000000000000000E+000 
                                     108                  9.4999999315548855E-001                  1.8134199771857726E-001                  4.1510820643369559E+000                  6.3329685534712246E+000                  9.4181902949648351E-048                  7.0779998587156479E-001                  2.9811763686114235E-005                  2.7997020236474890E-001                  2.1025988500795508E-003                  6.1630907196949883E-004                  5.7221218635412092E-003                  1.2718648985637698E-003                  2.4871053158459604E-003                  1.4690293145206842E-025                  0.0000000000000000E+000                  0.0000000000000000E+000 
                                     109                  9.4999999300705096E-001                  1.8133314669924769E-001                  4.1527896374339308E+000                  6.6233808694234364E+000                  1.9303731237785348E-047                  7.0779998587156490E-001                  2.9811763686114258E-005                  2.7997020236474890E-001                  2.1025988500795508E-003                  6.1630907196949883E-004                  5.7221218635412092E-003                  1.2718648985637698E-003                  2.4871053158459604E-003                  1.5055125788569090E-025                  0.0000000000000000E+000                  0.0000000000000000E+000 
                                     110                  9.4999999271017599E-001                  1.8131587167489993E-001                  4.1549749877347404E+000                  6.6096769340397001E+000                  1.9924122897826084E-047                  7.0779998587156490E-001                  2.9811763686114269E-005                  2.7997020236474890E-001                  2.1025988500795508E-003                  6.1630907196949883E-004                  5.7221218635412092E-003                  1.2718648985637698E-003                  2.4871053158459604E-003                  1.5539447861266457E-025                  0.0000000000000000E+000                  0.0000000000000000E+000 
                                     111                  9.4999999241330091E-001                  1.8129913258893116E-001                  4.1570749788917665E+000                  6.5964826708144084E+000                  2.0540284421039029E-047                  7.0779998587156490E-001                  2.9811763686114279E-005                  2.7997020236474890E-001                  2.1025988500795508E-003                  6.1630907196949883E-004                  5.7221218635412092E-003                  1.2718648985637698E-003                  2.4871053158459604E-003                  1.6020489265035180E-025                  0.0000000000000000E+000                  0.0000000000000000E+000 
                                     112                  9.4999999211642605E-001                  1.8128289378771412E-001                  4.1590962720610598E+000                  6.5837617389580947E+000                  2.1152387518565882E-047                  7.0779998587156490E-001                  2.9811763686114292E-005                  2.7997020236474890E-001                  2.1025988500795508E-003                  6.1630907196949883E-004                  5.7221218635412092E-003                  1.2718648985637698E-003                  2.4871053158459604E-003                  1.6498383293317627E-025                  0.0000000000000000E+000                  0.0000000000000000E+000 
                                     113                  9.4999999181955097E-001                  1.8126712315787119E-001                  4.1610447739460135E+000                  6.5714815579067531E+000                  2.1760590562411531E-047                  7.0779998587156490E-001                  2.9811763686114302E-005                  2.7997020236474890E-001                  2.1025988500795508E-003                  6.1630907196949883E-004                  5.7221218635412092E-003                  1.2718648985637698E-003                  2.4871053158459604E-003                  1.6973252877917613E-025                  0.0000000000000000E+000                  0.0000000000000000E+000 
                                     114                  9.4999999152267600E-001                  1.8125179166630581E-001                  4.1629257467526717E+000                  6.5596127608537023E+000                  2.2365042339084088E-047                  7.0779998587156490E-001                  2.9811763686114316E-005                  2.7997020236474890E-001                  2.1025988500795508E-003                  6.1630907196949883E-004                  5.7221218635412092E-003                  1.2718648985637698E-003                  2.4871053158459604E-003                  1.7445213514416773E-025                  0.0000000000000000E+000                  0.0000000000000000E+000 
                                     115                  9.4999999122580092E-001                  1.8123687297470004E-001                  4.1656501300943916E+000                  6.8435998006412593E+000                  4.6524989643323337E-047                  7.0779998587156490E-001                  2.9811763686114329E-005                  2.7997020236474890E-001                  2.1025988500795508E-003                  6.1630907196949883E-004                  5.7221218635412092E-003                  1.2718648985637698E-003                  2.4871053158459604E-003                  1.8145987470826867E-025                  0.0000000000000000E+000                  0.0000000000000000E+000 
                                     116                  9.4999999063205087E-001                  1.8120818237799088E-001                  4.1690597163768812E+000                  6.8220241522305578E+000                  4.8901020912134855E-047                  7.0779998587156490E-001                  2.9811763686114336E-005                  2.7997020236474890E-001                  2.1025988500795508E-003                  6.1630907196949883E-004                  5.7221218635412092E-003                  1.2718648985637698E-003                  2.4871053158459604E-003                  1.9073712129361248E-025                  0.0000000000000000E+000                  0.0000000000000000E+000 
                                     117                  9.4999999003830082E-001                  1.8118088053727044E-001                  4.1714698517442272E+000                  6.5055979788010534E+000                  2.5335214550558092E-047                  7.0779998587156490E-001                  2.9811763686114350E-005                  2.7997020236474890E-001                  2.1025988500795508E-003                  6.1630907196949883E-004                  5.7221218635412092E-003                  1.2718648985637698E-003                  2.4871053158459604E-003                  1.9764627124848783E-025                  0.0000000000000000E+000                  0.0000000000000000E+000 
                                     118                  9.4999998974142574E-001                  1.8116770446421226E-001                  4.1730297833589090E+000                  6.4957172916315606E+000                  2.5919781114424794E-047                  7.0779998587156490E-001                  2.9811763686114367E-005                  2.7997020236474890E-001                  2.1025988500795508E-003                  6.1630907196949883E-004                  5.7221218635412092E-003                  1.2718648985637698E-003                  2.4871053158459604E-003                  2.0221169593346174E-025                  0.0000000000000000E+000                  0.0000000000000000E+000 
                                     119                  9.4999998944455077E-001                  1.8115482439089609E-001                  4.1754271104982434E+000                  6.8158089898057890E+000                  5.8057142024320925E-047                  7.0779998587156490E-001                  2.9811763686114380E-005                  2.7997020236474890E-001                  2.1025988500795508E-003                  6.1630907196949883E-004                  5.7221218635412092E-003                  1.2718648985637698E-003                  2.4871053158459604E-003                  2.0936752724014769E-025                  0.0000000000000000E+000                  0.0000000000000000E+000 
                                     120                  9.4999998880228942E-001                  1.8112790718776758E-001                  4.1777537497673576E+000                  6.4999108338258598E+000                  3.0042338937558851E-047                  7.0779998587156490E-001                  2.9811763686114397E-005                  2.7997020236474890E-001                  2.1025988500795508E-003                  6.1630907196949883E-004                  5.7221218635412092E-003                  1.2718648985637698E-003                  2.4871053158459604E-003                  2.1668773838207178E-025                  0.0000000000000000E+000                  0.0000000000000000E+000 
                                     121                  9.4999998848115874E-001                  1.8111490094854507E-001                  4.1800136022204120E+000                  6.7867364378644819E+000                  6.2087805688030973E-047                  7.0779998587156490E-001                  2.9811763686114414E-005                  2.7997020236474890E-001                  2.1025988500795508E-003                  6.1630907196949883E-004                  5.7221218635412092E-003                  1.2718648985637698E-003                  2.4871053158459604E-003                  2.2392024181810247E-025                  0.0000000000000000E+000                  0.0000000000000000E+000 
                                     122                  9.4999998783889739E-001                  1.8108972438604690E-001                  4.1821617830568325E+000                  6.4719937538773307E+000                  3.2042498927406356E-047                  7.0779998587156490E-001                  2.9811763686114431E-005                  2.7997020236474890E-001                  2.1025988500795508E-003                  6.1630907196949883E-004                  5.7221218635412092E-003                  1.2718648985637698E-003                  2.4871053158459604E-003                  2.3113171788273378E-025                  0.0000000000000000E+000                  0.0000000000000000E+000 
                                     123                  9.4999998751776682E-001                  1.8107752684084533E-001                  4.1842533309793515E+000                  6.7598777440465945E+000                  6.6059950738268839E-047                  7.0779998587156490E-001                  2.9811763686114448E-005                  2.7997020236474890E-001                  2.1025988500795508E-003                  6.1630907196949883E-004                  5.7221218635412092E-003                  1.2718648985637698E-003                  2.4871053158459604E-003                  2.3826328249041509E-025                  0.0000000000000000E+000                  0.0000000000000000E+000 
                                     124                  9.4999998687550546E-001                  1.8105385814332928E-001                  4.1862496255260231E+000                  6.4461248026828146E+000                  3.4014677505639224E-047                  7.0779998587156490E-001                  2.9811763686114465E-005                  2.7997020236474890E-001                  2.1025988500795508E-003                  6.1630907196949883E-004                  5.7221218635412092E-003                  1.2718648985637698E-003                  2.4871053158459604E-003                  2.4537519162480639E-025                  0.0000000000000000E+000                  0.0000000000000000E+000 
                                     125                  9.4999998655437490E-001                  1.8104236499533477E-001                  4.1881972720450662E+000                  6.7349212377307843E+000                  6.9978359241978724E-047                  7.0779998587156490E-001                  2.9811763686114482E-005                  2.7997020236474890E-001                  2.1025988500795508E-003                  6.1630907196949883E-004                  5.7221218635412092E-003                  1.2718648985637698E-003                  2.4871053158459604E-003                  2.5241380082531343E-025                  0.0000000000000000E+000                  0.0000000000000000E+000 
                                     126                  9.4999998591211354E-001                  1.8102001629074324E-001                  4.1906827218427063E+000                  6.7192151281187833E+000                  7.2562756108708366E-047                  7.0779998587156490E-001                  2.9811763686114496E-005                  2.7997020236474890E-001                  2.1025988500795508E-003                  6.1630907196949883E-004                  5.7221218635412092E-003                  1.2718648985637698E-003                  2.4871053158459604E-003                  2.6174761562731687E-025                  0.0000000000000000E+000                  0.0000000000000000E+000 
                                     127                  9.4999998526985230E-001                  1.8099846028961145E-001                  4.1930647786747013E+000                  6.7041799913271118E+000                  7.5126176495109471E-047                  7.0779998587156490E-001                  2.9811763686114506E-005                  2.7997020236474890E-001                  2.1025988500795508E-003                  6.1630907196949883E-004                  5.7221218635412092E-003                  1.2718648985637698E-003                  2.4871053158459604E-003                  2.7100628829903325E-025                  0.0000000000000000E+000                  0.0000000000000000E+000 
                                     128                  9.4999998462759094E-001                  1.8097763676451237E-001                  4.1947814260148020E+000                  6.3922633099284729E+000                  3.8519350400245519E-047                  7.0779998587156490E-001                  2.9811763686114526E-005                  2.7997020236474890E-001                  2.1025988500795508E-003                  6.1630907196949883E-004                  5.7221218635412092E-003                  1.2718648985637698E-003                  2.4871053158459604E-003                  2.7791441990843950E-025                  0.0000000000000000E+000                  0.0000000000000000E+000 
                                     129                  9.4999998430646015E-001                  1.8096748239277480E-001                  4.1964625388983956E+000                  6.6827671979230265E+000                  7.8934167886850222E-047                  7.0779998587156490E-001                  2.9811763686114546E-005                  2.7997020236474890E-001                  2.1025988500795508E-003                  6.1630907196949883E-004                  5.7221218635412092E-003                  1.2718648985637698E-003                  2.4871053158459604E-003                  2.8476126718895903E-025                  0.0000000000000000E+000                  0.0000000000000000E+000 
                                     130                  9.4999998366419902E-001                  1.8094765927619819E-001                  4.1986218849880839E+000                  6.6691842788023816E+000                  8.1449231490609920E-047                  7.0779998587156490E-001                  2.9811763686114560E-005                  2.7997020236474890E-001                  2.1025988500795508E-003                  6.1630907196949883E-004                  5.7221218635412092E-003                  1.2718648985637698E-003                  2.4871053158459604E-003                  2.9384673044799785E-025                  0.0000000000000000E+000                  0.0000000000000000E+000 
                                     131                  9.4999998302193767E-001                  1.8092844568552569E-001                  4.2007039850065082E+000                  6.6561071394527840E+000                  8.3946382983517989E-047                  7.0779998587156490E-001                  2.9811763686114570E-005                  2.7997020236474890E-001                  2.1025988500795508E-003                  6.1630907196949883E-004                  5.7221218635412092E-003                  1.2718648985637698E-003                  2.4871053158459604E-003                  3.0286803926850966E-025                  0.0000000000000000E+000                  0.0000000000000000E+000 
                                     132                  9.4999998237967631E-001                  1.8090980120343703E-001                  4.2027144794361293E+000                  6.6434997443266948E+000                  8.6426343579339404E-047                  7.0779998587156490E-001                  2.9811763686114580E-005                  2.7997020236474890E-001                  2.1025988500795508E-003                  6.1630907196949883E-004                  5.7221218635412092E-003                  1.2718648985637698E-003                  2.4871053158459604E-003                  3.1182777929375329E-025                  0.0000000000000000E+000                  0.0000000000000000E+000 
                                     133                  9.4999998173741507E-001                  1.8089168941623590E-001                  4.2056271237724392E+000                  6.9264781115867660E+000                  1.8021072166549801E-046                  7.0779998587156490E-001                  2.9811763686114597E-005                  2.7997020236474890E-001                  2.1025988500795508E-003                  6.1630907196949883E-004                  5.7221218635412092E-003                  1.2718648985637698E-003                  2.4871053158459604E-003                  3.2512050493441927E-025                  0.0000000000000000E+000                  0.0000000000000000E+000 
                                     134                  9.4999998045289258E-001                  1.8085693851233473E-001                  4.2083658670479176E+000                  6.6081924932211935E+000                  9.3768658773688608E-047                  7.0779998587156490E-001                  2.9811763686114611E-005                  2.7997020236474890E-001                  2.1025988500795508E-003                  6.1630907196949883E-004                  5.7221218635412092E-003                  1.2718648985637698E-003                  2.4871053158459604E-003                  3.3835756121153552E-025                  0.0000000000000000E+000                  0.0000000000000000E+000 
                                     135                  9.4999997981063122E-001                  1.8084023890681039E-001                  4.2101354724901610E+000                  6.5971710591194004E+000                  9.6186056491077836E-047                  7.0779998587156490E-001                  2.9811763686114621E-005                  2.7997020236474890E-001                  2.1025988500795508E-003                  6.1630907196949883E-004                  5.7221218635412092E-003                  1.2718648985637698E-003                  2.4871053158459604E-003                  3.4709325374080880E-025                  0.0000000000000000E+000                  0.0000000000000000E+000 
                                     136                  9.4999997916836987E-001                  1.8082395714980065E-001                  4.2127495132746642E+000                  6.8917880414068833E+000                  2.0416491002197875E-046                  7.0779998587156490E-001                  2.9811763686114638E-005                  2.7997020236474890E-001                  2.1025988500795508E-003                  6.1630907196949883E-004                  5.7221218635412092E-003                  1.2718648985637698E-003                  2.4871053158459604E-003                  3.6026320273714874E-025                  0.0000000000000000E+000                  0.0000000000000000E+000 
                                     137                  9.4999997785486856E-001                  1.8079186916552939E-001                  4.2152422039428616E+000                  6.5751811915492366E+000                  1.0582189351793016E-046                  7.0779998587156490E-001                  2.9811763686114655E-005                  2.7997020236474890E-001                  2.1025988500795508E-003                  6.1630907196949883E-004                  5.7221218635412092E-003                  1.2718648985637698E-003                  2.4871053158459604E-003                  3.7348014998482296E-025                  0.0000000000000000E+000                  0.0000000000000000E+000 
                                     138                  9.4999997719811780E-001                  1.8077638957850439E-001                  4.2168579693936747E+000                  6.5651917705481946E+000                  1.0829179615380247E-046                  7.0779998587156490E-001                  2.9811763686114668E-005                  2.7997020236474890E-001                  2.1025988500795508E-003                  6.1630907196949883E-004                  5.7221218635412092E-003                  1.2718648985637698E-003                  2.4871053158459604E-003                  3.8221052978284244E-025                  0.0000000000000000E+000                  0.0000000000000000E+000 
                                     139                  9.4999997654136703E-001                  1.8076126144832688E-001                  4.2192165401613781E+000                  6.8517844091724704E+000                  2.2392743521427928E-046                  7.0779998587156490E-001                  2.9811763686114682E-005                  2.7997020236474890E-001                  2.1025988500795508E-003                  6.1630907196949883E-004                  5.7221218635412092E-003                  1.2718648985637698E-003                  2.4871053158459604E-003                  3.9519052344261910E-025                  0.0000000000000000E+000                  0.0000000000000000E+000 
                                     140                  9.4999997522786561E-001                  1.8073199297364967E-001                  4.2222095418172838E+000                  6.8333809267141374E+000                  2.3365125218376265E-046                  7.0779998587156490E-001                  2.9811763686114692E-005                  2.7997020236474890E-001                  2.1025988500795508E-003                  6.1630907196949883E-004                  5.7221218635412092E-003                  1.2718648985637698E-003                  2.4871053158459604E-003                  4.1237854349169565E-025                  0.0000000000000000E+000                  0.0000000000000000E+000 
                                     141                  9.4999997391436442E-001                  1.8070393700487028E-001                  4.2250633367713215E+000                  6.8159005287889309E+000                  2.4327838137184228E-046                  7.0779998587156490E-001                  2.9811763686114702E-005                  2.7997020236474890E-001                  2.1025988500795508E-003                  6.1630907196949883E-004                  5.7221218635412092E-003                  1.2718648985637698E-003                  2.4871053158459604E-003                  4.2939731032116520E-025                  0.0000000000000000E+000                  0.0000000000000000E+000 
                                     142                  9.4999997260086300E-001                  1.8067698616056874E-001                  4.2277911215363462E+000                  6.7992558865280044E+000                  2.5281395910643068E-046                  7.0779998587156490E-001                  2.9811763686114709E-005                  2.7997020236474890E-001                  2.1025988500795508E-003                  6.1630907196949883E-004                  5.7221218635412092E-003                  1.2718648985637698E-003                  2.4871053158459604E-003                  4.4625582274228987E-025                  0.0000000000000000E+000                  0.0000000000000000E+000 
                                     143                  9.4999997128736169E-001                  1.8065104710391075E-001                  4.2297524563112923E+000                  6.4862244909167988E+000                  1.2996039128146658E-046                  7.0779998587156490E-001                  2.9811763686114729E-005                  2.7997020236474890E-001                  2.1025988500795508E-003                  6.1630907196949883E-004                  5.7221218635412092E-003                  1.2718648985637698E-003                  2.4871053158459604E-003                  4.5882140726844748E-025                  0.0000000000000000E+000                  0.0000000000000000E+000 
                                     144                  9.4999997063061092E-001                  1.8063843051187808E-001                  4.2316707610421744E+000                  6.7756928349044356E+000                  2.6695609757646366E-046                  7.0779998587156490E-001                  2.9811763686114750E-005                  2.7997020236474890E-001                  2.1025988500795508E-003                  6.1630907196949883E-004                  5.7221218635412092E-003                  1.2718648985637698E-003                  2.4871053158459604E-003                  4.7126139453768082E-025                  0.0000000000000000E+000                  0.0000000000000000E+000 
                                     145                  9.4999996931710950E-001                  1.8061385916302133E-001                  4.2341301242470175E+000                  6.7608279839462737E+000                  2.7628226854262545E-046                  7.0779998587156490E-001                  2.9811763686114760E-005                  2.7997020236474890E-001                  2.1025988500795508E-003                  6.1630907196949883E-004                  5.7221218635412092E-003                  1.2718648985637698E-003                  2.4871053158459604E-003                  4.8775338437331343E-025                  0.0000000000000000E+000                  0.0000000000000000E+000 
                                     146                  9.4999996800360820E-001                  1.8059011328100644E-001                  4.2370871166870350E+000                  6.9192182245010594E+000                  4.3172106010641927E-046                  7.0779998587156490E-001                  2.9811763686114773E-005                  2.7997020236474890E-001                  2.1025988500795508E-003                  6.1630907196949883E-004                  5.7221218635412092E-003                  1.2718648985637698E-003                  2.4871053158459604E-003                  5.0814762006079974E-025                  0.0000000000000000E+000                  0.0000000000000000E+000 
                                     147                  9.4999996603335601E-001                  1.8055591474472987E-001                  4.2410083051439216E+000                  7.0208007946682782E+000                  6.0754094209994402E-046                  7.0779998587156490E-001                  2.9811763686114777E-005                  2.7997020236474890E-001                  2.1025988500795508E-003                  6.1630907196949883E-004                  5.7221218635412092E-003                  1.2718648985637698E-003                  2.4871053158459604E-003                  5.3637047509358738E-025                  0.0000000000000000E+000                  0.0000000000000000E+000 
                                     148                  9.4999996340635329E-001                  1.8051270031414379E-001                  4.2441559311549444E+000                  6.7008571921593880E+000                  3.1733871948383837E-046                  7.0779998587156490E-001                  2.9811763686114790E-005                  2.7997020236474890E-001                  2.1025988500795508E-003                  6.1630907196949883E-004                  5.7221218635412092E-003                  1.2718648985637698E-003                  2.4871053158459604E-003                  5.6037236262511646E-025                  0.0000000000000000E+000                  0.0000000000000000E+000 
                                     149                  9.4999996209285198E-001                  1.8049201237911056E-001                  4.2461861382588371E+000                  6.6888313140321651E+000                  3.2627947506226303E-046                  7.0779998587156490E-001                  2.9811763686114804E-005                  2.7997020236474890E-001                  2.1025988500795508E-003                  6.1630907196949883E-004                  5.7221218635412092E-003                  1.2718648985637698E-003                  2.4871053158459604E-003                  5.7618986633457318E-025                  0.0000000000000000E+000                  0.0000000000000000E+000 
                                     150                  9.4999996077935056E-001                  1.8047188850130871E-001                  4.2491360889558774E+000                  6.9726158884227925E+000                  6.7908475093249015E-046                  7.0779998587156490E-001                  2.9811763686114817E-005                  2.7997020236474890E-001                  2.1025988500795508E-003                  6.1630907196949883E-004                  5.7221218635412092E-003                  1.2718648985637698E-003                  2.4871053158459604E-003                  5.9965607862309037E-025                  0.0000000000000000E+000                  0.0000000000000000E+000 
                                     151                  9.4999995815234772E-001                  1.8043320501126298E-001                  4.2528674108620637E+000                  6.9545683148862985E+000                  7.2061166013415922E-046                  7.0779998587156490E-001                  2.9811763686114824E-005                  2.7997020236474890E-001                  2.1025988500795508E-003                  6.1630907196949883E-004                  5.7221218635412092E-003                  1.2718648985637698E-003                  2.4871053158459604E-003                  6.3080423162388622E-025                  0.0000000000000000E+000                  0.0000000000000000E+000 
                                     152                  9.4999995550209371E-001                  1.8039609287331981E-001                  4.2555306013458374E+000                  6.6378968267701293E+000                  3.7356638999879446E-046                  7.0779998587156490E-001                  2.9811763686114841E-005                  2.7997020236474890E-001                  2.1025988500795508E-003                  6.1630907196949883E-004                  5.7221218635412092E-003                  1.2718648985637698E-003                  2.4871053158459604E-003                  6.5406633915678610E-025                  0.0000000000000000E+000                  0.0000000000000000E+000 
                                     153                  9.4999995417696659E-001                  1.8037819209179198E-001                  4.2581196722526826E+000                  6.9240299202923037E+000                  7.7329853952170647E-046                  7.0779998587156490E-001                  2.9811763686114855E-005                  2.7997020236474890E-001                  2.1025988500795508E-003                  6.1630907196949883E-004                  5.7221218635412092E-003                  1.2718648985637698E-003                  2.4871053158459604E-003                  6.7701913507552093E-025                  0.0000000000000000E+000                  0.0000000000000000E+000 
                                     154                  9.4999995152671268E-001                  1.8034359565797478E-001                  4.2614063729778255E+000                  6.9050821217581619E+000                  8.0790948538229443E-046                  7.0779998587156490E-001                  2.9811763686114865E-005                  2.7997020236474890E-001                  2.1025988500795508E-003                  6.1630907196949883E-004                  5.7221218635412092E-003                  1.2718648985637698E-003                  2.4871053158459604E-003                  7.0738367330884857E-025                  0.0000000000000000E+000                  0.0000000000000000E+000 
                                     155                  9.4999994887645844E-001                  1.8031047359374816E-001                  4.2645412599516961E+000                  6.8871262140515155E+000                  8.4213849495449625E-046                  7.0779998587156490E-001                  2.9811763686114872E-005                  2.7997020236474890E-001                  2.1025988500795508E-003                  6.1630907196949883E-004                  5.7221218635412092E-003                  1.2718648985637698E-003                  2.4871053158459604E-003                  7.3741704597125449E-025                  0.0000000000000000E+000                  0.0000000000000000E+000 
                                     156                  9.4999994622620454E-001                  1.8027869066313509E-001                  4.2675388848676183E+000                  6.8700648828358251E+000                  8.7600622996777958E-046                  7.0779998587156490E-001                  2.9811763686114882E-005                  2.7997020236474890E-001                  2.1025988500795508E-003                  6.1630907196949883E-004                  5.7221218635412092E-003                  1.2718648985637698E-003                  2.4871053158459604E-003                  7.6713717563116399E-025                  0.0000000000000000E+000                  0.0000000000000000E+000 
                                     157                  9.4999994357595052E-001                  1.8024812992916397E-001                  4.2704117702363948E+000                  6.8538143767090522E+000                  9.0953141075640590E-046                  7.0779998587156490E-001                  2.9811763686114892E-005                  2.7997020236474890E-001                  2.1025988500795508E-003                  6.1630907196949883E-004                  5.7221218635412092E-003                  1.2718648985637698E-003                  2.4871053158459604E-003                  7.9656030098430100E-025                  0.0000000000000000E+000                  0.0000000000000000E+000 
                                     158                  9.4999994092569640E-001                  1.8021868955841766E-001                  4.2724826518237311E+000                  6.5410653772094491E+000                  4.6725125883962897E-046                  7.0779998587156490E-001                  2.9811763686114909E-005                  2.7997020236474890E-001                  2.1025988500795508E-003                  6.1630907196949883E-004                  5.7221218635412092E-003                  1.2718648985637698E-003                  2.4871053158459604E-003                  8.1847829344430572E-025                  0.0000000000000000E+000                  0.0000000000000000E+000 
                                     159                  9.4999993960056950E-001                  1.8020436054926520E-001                  4.2745103260395130E+000                  6.8308021291466634E+000                  9.5921502273959816E-046                  7.0779998587156490E-001                  2.9811763686114929E-005                  2.7997020236474890E-001                  2.1025988500795508E-003                  6.1630907196949883E-004                  5.7221218635412092E-003                  1.2718648985637698E-003                  2.4871053158459604E-003                  8.4017119480718836E-025                  0.0000000000000000E+000                  0.0000000000000000E+000 
                                     160                  9.4999993695031537E-001                  1.8017643678015513E-001                  4.2771331945302462E+000                  6.8219310026631828E+000                  1.0053808270845020E-045                  7.0779998587156490E-001                  2.9811763686114939E-005                  2.7997020236474890E-001                  2.1025988500795508E-003                  6.1630907196949883E-004                  5.7221218635412092E-003                  1.2718648985637698E-003                  2.4871053158459604E-003                  8.6910311466130220E-025                  0.0000000000000000E+000                  0.0000000000000000E+000 
                                     161                  9.4999993426477547E-001                  1.8014907586910520E-001                  4.2803128132433805E+000                  6.9805065559775583E+000                  1.5703785191116219E-045                  7.0779998587156490E-001                  2.9811763686114950E-005                  2.7997020236474890E-001                  2.1025988500795508E-003                  6.1630907196949883E-004                  5.7221218635412092E-003                  1.2718648985637698E-003                  2.4871053158459604E-003                  9.0509480471683131E-025                  0.0000000000000000E+000                  0.0000000000000000E+000 
                                     162                  9.4999993023646556E-001                  1.8010965379237184E-001                  4.2833357851764235E+000                  6.7877103767983398E+000                  1.0881348540065716E-045                  7.0779998587156490E-001                  2.9811763686114963E-005                  2.7997020236474890E-001                  2.1025988500795508E-003                  6.1630907196949883E-004                  5.7221218635412092E-003                  1.2718648985637698E-003                  2.4871053158459604E-003                  9.4081205834027369E-025                  0.0000000000000000E+000                  0.0000000000000000E+000 
                                     163                  9.4999992755092577E-001                  1.8008436222893998E-001                  4.2856742418068468E+000                  6.7749319175273248E+000                  1.1207558951738101E-045                  7.0779998587156490E-001                  2.9811763686114973E-005                  2.7997020236474890E-001                  2.1025988500795508E-003                  6.1630907196949883E-004                  5.7221218635412092E-003                  1.2718648985637698E-003                  2.4871053158459604E-003                  9.6908451429761217E-025                  0.0000000000000000E+000                  0.0000000000000000E+000 
                                     164                  9.4999992486538587E-001                  1.8005980258065726E-001                  4.2885044401324333E+000                  6.9357190434894420E+000                  1.7416727202777466E-045                  7.0779998587156490E-001                  2.9811763686114987E-005                  2.7997020236474890E-001                  2.1025988500795508E-003                  6.1630907196949883E-004                  5.7221218635412092E-003                  1.2718648985637698E-003                  2.4871053158459604E-003                  1.0040676838564925E-024                  0.0000000000000000E+000                  0.0000000000000000E+000 
                                     165                  9.4999992083707607E-001                  1.8002423622787730E-001                  4.2912127690787472E+000                  6.7449492720180206E+000                  1.2011916216018715E-045                  7.0779998587156490E-001                  2.9811763686115000E-005                  2.7997020236474890E-001                  2.1025988500795508E-003                  6.1630907196949883E-004                  5.7221218635412092E-003                  1.2718648985637698E-003                  2.4871053158459604E-003                  1.0388101071911380E-024                  0.0000000000000000E+000                  0.0000000000000000E+000 
                                     166                  9.4999991815153617E-001                  1.8000131178416057E-001                  4.2938408124212364E+000                  6.9070068797497228E+000                  1.8612016295288830E-045                  7.0779998587156490E-001                  2.9811763686115014E-005                  2.7997020236474890E-001                  2.1025988500795508E-003                  6.1630907196949883E-004                  5.7221218635412092E-003                  1.2718648985637698E-003                  2.4871053158459604E-003                  1.0731518772730219E-024                  0.0000000000000000E+000                  0.0000000000000000E+000 
                                     167                  9.4999991412322626E-001                  1.7996801636217427E-001                  4.2968682019022078E+000                  6.8908835781696371E+000                  1.9318887146562902E-045                  7.0779998587156490E-001                  2.9811763686115024E-005                  2.7997020236474890E-001                  2.1025988500795508E-003                  6.1630907196949883E-004                  5.7221218635412092E-003                  1.2718648985637698E-003                  2.4871053158459604E-003                  1.1140147888058619E-024                  0.0000000000000000E+000                  0.0000000000000000E+000 
                                     168                  9.4999991009491624E-001                  1.7993593196293162E-001                  4.3002615966005946E+000                  6.9979571239211333E+000                  2.6844738360522706E-045                  7.0779998587156490E-001                  2.9811763686115034E-005                  2.7997020236474890E-001                  2.1025988500795508E-003                  6.1630907196949883E-004                  5.7221218635412092E-003                  1.2718648985637698E-003                  2.4871053158459604E-003                  1.1611162440847148E-024                  0.0000000000000000E+000                  0.0000000000000000E+000 
                                     169                  9.4999990472383655E-001                  1.7989487337312784E-001                  4.3039533962889642E+000                  6.9786178347247798E+000                  2.8072351774767543E-045                  7.0779998587156490E-001                  2.9811763686115044E-005                  2.7997020236474890E-001                  2.1025988500795508E-003                  6.1630907196949883E-004                  5.7221218635412092E-003                  1.2718648985637698E-003                  2.4871053158459604E-003                  1.2143577174953266E-024                  0.0000000000000000E+000                  0.0000000000000000E+000 
                                     170                  9.4999989935275675E-001                  1.7985559939389556E-001                  4.3065979407660304E+000                  6.6637548549208558E+000                  1.4492392358485553E-045                  7.0779998587156490E-001                  2.9811763686115058E-005                  2.7997020236474890E-001                  2.1025988500795508E-003                  6.1630907196949883E-004                  5.7221218635412092E-003                  1.2718648985637698E-003                  2.4871053158459604E-003                  1.2539358561081596E-024                  0.0000000000000000E+000                  0.0000000000000000E+000 
                                     171                  9.4999989666721685E-001                  1.7983657674138059E-001                  4.3083200082666933E+000                  6.6548572205432412E+000                  1.4793651313276819E-045                  7.0779998587156490E-001                  2.9811763686115078E-005                  2.7997020236474890E-001                  2.1025988500795508E-003                  6.1630907196949883E-004                  5.7221218635412092E-003                  1.2718648985637698E-003                  2.4871053158459604E-003                  1.2800737326755893E-024                  0.0000000000000000E+000                  0.0000000000000000E+000 
                                     172                  9.4999989398167706E-001                  1.7981793904336810E-001                  4.3108746059331411E+000                  6.9504959232487407E+000                  3.1035353634604873E-045                  7.0779998587156490E-001                  2.9811763686115095E-005                  2.7997020236474890E-001                  2.1025988500795508E-003                  6.1630907196949883E-004                  5.7221218635412092E-003                  1.2718648985637698E-003                  2.4871053158459604E-003                  1.3193809066973864E-024                  0.0000000000000000E+000                  0.0000000000000000E+000 
                                     173                  9.4999988851511974E-001                  1.7978112116989120E-001                  4.3141605191858776E+000                  6.9337345727091977E+000                  3.2261926225453889E-045                  7.0779998587156490E-001                  2.9811763686115102E-005                  2.7997020236474890E-001                  2.1025988500795508E-003                  6.1630907196949883E-004                  5.7221218635412092E-003                  1.2718648985637698E-003                  2.4871053158459604E-003                  1.3716745086215059E-024                  0.0000000000000000E+000                  0.0000000000000000E+000 
                                     174                  9.4999988304856253E-001                  1.7974569424367434E-001                  4.3181008273684860E+000                  7.0900262039052908E+000                  5.0660256425845642E-045                  7.0779998587156490E-001                  2.9811763686115112E-005                  2.7997020236474890E-001                  2.1025988500795508E-003                  6.1630907196949883E-004                  5.7221218635412092E-003                  1.2718648985637698E-003                  2.4871053158459604E-003                  1.4361305364143497E-024                  0.0000000000000000E+000                  0.0000000000000000E+000 
                                     175                  9.4999987484872694E-001                  1.7969491710716506E-001                  4.3225698162584392E+000                  7.0676874108478458E+000                  5.3346409079127209E-045                  7.0779998587156490E-001                  2.9811763686115119E-005                  2.7997020236474890E-001                  2.1025988500795508E-003                  6.1630907196949883E-004                  5.7221218635412092E-003                  1.2718648985637698E-003                  2.4871053158459604E-003                  1.5125077632970262E-024                  0.0000000000000000E+000                  0.0000000000000000E+000 
                                     176                  9.4999986664889113E-001                  1.7964668025933542E-001                  4.3261027411670874E+000                  6.8740386082950335E+000                  3.7038262034543343E-045                  7.0779998587156490E-001                  2.9811763686115129E-005                  2.7997020236474890E-001                  2.1025988500795508E-003                  6.1630907196949883E-004                  5.7221218635412092E-003                  1.2718648985637698E-003                  2.4871053158459604E-003                  1.5753869817591078E-024                  0.0000000000000000E+000                  0.0000000000000000E+000 
                                     177                  9.4999986118233393E-001                  1.7961579368953118E-001                  4.3288329295323988E+000                  6.8606524940619202E+000                  3.8203007340244869E-045                  7.0779998587156490E-001                  2.9811763686115143E-005                  2.7997020236474890E-001                  2.1025988500795508E-003                  6.1630907196949883E-004                  5.7221218635412092E-003                  1.2718648985637698E-003                  2.4871053158459604E-003                  1.6250820954844559E-024                  0.0000000000000000E+000                  0.0000000000000000E+000 
                                     178                  9.4999985571577672E-001                  1.7958584250631296E-001                  4.3314760169232995E+000                  6.8477872644208544E+000                  3.9356984129783023E-045                  7.0779998587156490E-001                  2.9811763686115153E-005                  2.7997020236474890E-001                  2.1025988500795508E-003                  6.1630907196949883E-004                  5.7221218635412092E-003                  1.2718648985637698E-003                  2.4871053158459604E-003                  1.6743246052930919E-024                  0.0000000000000000E+000                  0.0000000000000000E+000 
                                     179                  9.4999985024921951E-001                  1.7955676358654191E-001                  4.3337399452189374E+000                  6.7214507672398156E+000                  3.0950906833165539E-045                  7.0779998587156490E-001                  2.9811763686115170E-005                  2.7997020236474890E-001                  2.1025988500795508E-003                  6.1630907196949883E-004                  5.7221218635412092E-003                  1.2718648985637698E-003                  2.4871053158459604E-003                  1.7174881528098229E-024                  0.0000000000000000E+000                  0.0000000000000000E+000 
                                     180                  9.4999984605794596E-001                  1.7953502320399420E-001                  4.3366159750788329E+000                  7.0087609894968965E+000                  6.3897963678661695E-045                  7.0779998587156490E-001                  2.9811763686115187E-005                  2.7997020236474890E-001                  2.1025988500795508E-003                  6.1630907196949883E-004                  5.7221218635412092E-003                  1.2718648985637698E-003                  2.4871053158459604E-003                  1.7730514760325138E-024                  0.0000000000000000E+000                  0.0000000000000000E+000 
                                     181                  9.4999983767539864E-001                  1.7949289146937891E-001                  4.3402886954367208E+000                  6.9912814746957759E+000                  6.6534843294357889E-045                  7.0779998587156490E-001                  2.9811763686115193E-005                  2.7997020236474890E-001                  2.1025988500795508E-003                  6.1630907196949883E-004                  5.7221218635412092E-003                  1.2718648985637698E-003                  2.4871053158459604E-003                  1.8464623608705503E-024                  0.0000000000000000E+000                  0.0000000000000000E+000 
                                     182                  9.4999982929285143E-001                  1.7945241793531028E-001                  4.3438105346184903E+000                  6.9746851825227623E+000                  6.9139281773050709E-045                  7.0779998587156490E-001                  2.9811763686115204E-005                  2.7997020236474890E-001                  2.1025988500795508E-003                  6.1630907196949883E-004                  5.7221218635412092E-003                  1.2718648985637698E-003                  2.4871053158459604E-003                  1.9189840051239680E-024                  0.0000000000000000E+000                  0.0000000000000000E+000 
                                     183                  9.4999982091030410E-001                  1.7941345832966948E-001                  4.3471947768508166E+000                  6.9588889004859364E+000                  7.1712964639275339E-045                  7.0779998587156490E-001                  2.9811763686115214E-005                  2.7997020236474890E-001                  2.1025988500795508E-003                  6.1630907196949883E-004                  5.7221218635412092E-003                  1.2718648985637698E-003                  2.4871053158459604E-003                  1.9906625756178066E-024                  0.0000000000000000E+000                  0.0000000000000000E+000 
                                     184                  9.4999981252775678E-001                  1.7937588700256266E-001                  4.3512637323023222E+000                  7.1162802458699144E+000                  1.1232602937499672E-044                  7.0779998587156490E-001                  2.9811763686115224E-005                  2.7997020236474890E-001                  2.1025988500795508E-003                  6.1630907196949883E-004                  5.7221218635412092E-003                  1.2718648985637698E-003                  2.4871053158459604E-003                  2.0789961641230285E-024                  0.0000000000000000E+000                  0.0000000000000000E+000 
                                     185                  9.4999979995393591E-001                  1.7932189944746157E-001                  4.3551267839013432E+000                  6.9224497655120736E+000                  7.8021970241249157E-045                  7.0779998587156490E-001                  2.9811763686115234E-005                  2.7997020236474890E-001                  2.1025988500795508E-003                  6.1630907196949883E-004                  5.7221218635412092E-003                  1.2718648985637698E-003                  2.4871053158459604E-003                  2.1664266037890971E-024                  0.0000000000000000E+000                  0.0000000000000000E+000 
                                     186                  9.4999979157138859E-001                  1.7928734472164823E-001                  4.3573671897003026E+000                  6.6112228080745092E+000                  3.9942506271198430E-045                  7.0779998587156490E-001                  2.9811763686115254E-005                  2.7997020236474890E-001                  2.1025988500795508E-003                  6.1630907196949883E-004                  5.7221218635412092E-003                  1.2718648985637698E-003                  2.4871053158459604E-003                  2.2183439832422614E-024                  0.0000000000000000E+000                  0.0000000000000000E+000 
                                     187                  9.4999978738011503E-001                  1.7927046729574522E-001                  4.3595868936652593E+000                  6.9080825394256946E+000                  8.2839274343973061E-045                  7.0779998587156490E-001                  2.9811763686115282E-005                  2.7997020236474890E-001                  2.1025988500795508E-003                  6.1630907196949883E-004                  5.7221218635412092E-003                  1.2718648985637698E-003                  2.4871053158459604E-003                  2.2701820701916607E-024                  0.0000000000000000E+000                  0.0000000000000000E+000 
                                     188                  9.4999977888535292E-001                  1.7923703308334801E-001                  4.3632131608063078E+000                  7.0737533221951541E+000                  1.3068605307755934E-044                  7.0779998587156490E-001                  2.9811763686115288E-005                  2.7997020236474890E-001                  2.1025988500795508E-003                  6.1630907196949883E-004                  5.7221218635412092E-003                  1.2718648985637698E-003                  2.4871053158459604E-003                  2.3567972960215557E-024                  0.0000000000000000E+000                  0.0000000000000000E+000 
                                     189                  9.4999976597488789E-001                  1.7918806613038246E-001                  4.3673913114688085E+000                  7.0552930070213566E+000                  1.3639091985658421E-044                  7.0779998587156490E-001                  2.9811763686115302E-005                  2.7997020236474890E-001                  2.1025988500795508E-003                  6.1630907196949883E-004                  5.7221218635412092E-003                  1.2718648985637698E-003                  2.4871053158459604E-003                  2.4600710463797967E-024                  0.0000000000000000E+000                  0.0000000000000000E+000 
                                     190                  9.4999975306442308E-001                  1.7914113179030863E-001                  4.3720515738607366E+000                  7.1599731148943073E+000                  1.9058534005917969E-044                  7.0779998587156490E-001                  2.9811763686115309E-005                  2.7997020236474890E-001                  2.1025988500795508E-003                  6.1630907196949883E-004                  5.7221218635412092E-003                  1.2718648985637698E-003                  2.4871053158459604E-003                  2.5786391503379675E-024                  0.0000000000000000E+000                  0.0000000000000000E+000 
                                     191                  9.4999973585046971E-001                  1.7908139743816209E-001                  4.3764673189795271E+000                  7.0159295330351066E+000                  1.4940261997234707E-044                  7.0779998587156490E-001                  2.9811763686115315E-005                  2.7997020236474890E-001                  2.1025988500795508E-003                  6.1630907196949883E-004                  5.7221218635412092E-003                  1.2718648985637698E-003                  2.4871053158459604E-003                  2.6957082454614162E-024                  0.0000000000000000E+000                  0.0000000000000000E+000 
                                     192                  9.4999972294000468E-001                  1.7903851969858275E-001                  4.3795000811958102E+000                  6.8268554777998363E+000                  1.0264088185115069E-044                  7.0779998587156490E-001                  2.9811763686115329E-005                  2.7997020236474890E-001                  2.1025988500795508E-003                  6.1630907196949883E-004                  5.7221218635412092E-003                  1.2718648985637698E-003                  2.4871053158459604E-003                  2.7782934052735622E-024                  0.0000000000000000E+000                  0.0000000000000000E+000 
                                     193                  9.4999971433302799E-001                  1.7901077416132907E-001                  4.3827201392713500E+000                  7.0504731565760048E+000                  1.8285684518337854E-044                  7.0779998587156490E-001                  2.9811763686115346E-005                  2.7997020236474890E-001                  2.1025988500795508E-003                  6.1630907196949883E-004                  5.7221218635412092E-003                  1.2718648985637698E-003                  2.4871053158459604E-003                  2.8671912397342023E-024                  0.0000000000000000E+000                  0.0000000000000000E+000 
                                     194                  9.4999969947306262E-001                  1.7896433889852853E-001                  4.3866358374246657E+000                  7.0340716389677587E+000                  1.8993451609255089E-044                  7.0779998587156490E-001                  2.9811763686115356E-005                  2.7997020236474890E-001                  2.1025988500795508E-003                  6.1630907196949883E-004                  5.7221218635412092E-003                  1.2718648985637698E-003                  2.4871053158459604E-003                  2.9786323351995870E-024                  0.0000000000000000E+000                  0.0000000000000000E+000 
                                     195                  9.4999968461309725E-001                  1.7891961991047717E-001                  4.3908676235929054E+000                  7.1134972579295424E+000                  2.4722746689122823E-044                  7.0779998587156490E-001                  2.9811763686115366E-005                  2.7997020236474890E-001                  2.1025988500795508E-003                  6.1630907196949883E-004                  5.7221218635412092E-003                  1.2718648985637698E-003                  2.4871053158459604E-003                  3.1022238528990093E-024                  0.0000000000000000E+000                  0.0000000000000000E+000 
                                     196                  9.4999966603814034E-001                  1.7886592083665787E-001                  4.3944622294608946E+000                  6.8768369883946159E+000                  1.5351270773972684E-044                  7.0779998587156490E-001                  2.9811763686115376E-005                  2.7997020236474890E-001                  2.1025988500795508E-003                  6.1630907196949883E-004                  5.7221218635412092E-003                  1.2718648985637698E-003                  2.4871053158459604E-003                  3.2109448094282479E-024                  0.0000000000000000E+000                  0.0000000000000000E+000 
                                     197                  9.4999965489316629E-001                  1.7883477866125258E-001                  4.3975191329963552E+000                  6.9893863985010629E+000                  2.1064147890646270E-044                  7.0779998587156490E-001                  2.9811763686115393E-005                  2.7997020236474890E-001                  2.1025988500795508E-003                  6.1630907196949883E-004                  5.7221218635412092E-003                  1.2718648985637698E-003                  2.4871053158459604E-003                  3.3048174403856249E-024                  0.0000000000000000E+000                  0.0000000000000000E+000 
                                     198                  9.4999964003320103E-001                  1.7879442024578562E-001                  4.4008954873866335E+000                  6.9757836732225957E+000                  2.1738325957940736E-044                  7.0779998587156490E-001                  2.9811763686115404E-005                  2.7997020236474890E-001                  2.1025988500795508E-003                  6.1630907196949883E-004                  5.7221218635412092E-003                  1.2718648985637698E-003                  2.4871053158459604E-003                  3.4110621051498624E-024                  0.0000000000000000E+000                  0.0000000000000000E+000 
                                     199                  9.4999962517323544E-001                  1.7875530274323770E-001                  4.4049740257311347E+000                  7.1356748373762144E+000                  3.3854242502414935E-044                  7.0779998587156490E-001                  2.9811763686115414E-005                  2.7997020236474890E-001                  2.1025988500795508E-003                  6.1630907196949883E-004                  5.7221218635412092E-003                  1.2718648985637698E-003                  2.4871053158459604E-003                  3.5420768834295248E-024                  0.0000000000000000E+000                  0.0000000000000000E+000 
                                     200                  9.4999960288328744E-001                  1.7869876869185436E-001                  4.4093855955590877E+000                  7.0667489580099199E+000                  3.1308837578978269E-044                  7.0779998587156490E-001                  2.9811763686115424E-005                  2.7997020236474890E-001                  2.1025988500795508E-003                  6.1630907196949883E-004                  5.7221218635412092E-003                  1.2718648985637698E-003                  2.4871053158459604E-003                  3.6887557028869165E-024                  0.0000000000000000E+000                  0.0000000000000000E+000 
                                     201                  9.4999958308531796E-001                  1.7865052543502716E-001                  4.4138661589451225E+000                  7.1460191409451648E+000                  4.0730489429917705E-044                  7.0779998587156490E-001                  2.9811763686115434E-005                  2.7997020236474890E-001                  2.1025988500795508E-003                  6.1630907196949883E-004                  5.7221218635412092E-003                  1.2718648985637698E-003                  2.4871053158459604E-003                  3.8415409780828597E-024                  0.0000000000000000E+000                  0.0000000000000000E+000 
                                     202                  9.4999955834934446E-001                  1.7859261459314607E-001                  4.4174326437567331E+000                  6.8311221743547321E+000                  2.1030159426939450E-044                  7.0779998587156490E-001                  2.9811763686115448E-005                  2.7997020236474890E-001                  2.1025988500795508E-003                  6.1630907196949883E-004                  5.7221218635412092E-003                  1.2718648985637698E-003                  2.4871053158459604E-003                  3.9675660591050450E-024                  0.0000000000000000E+000                  0.0000000000000000E+000 
                                     203                  9.4999954598135761E-001                  1.7856456633526477E-001                  4.4203317117541854E+000                  6.9961392064118240E+000                  3.2365112061593343E-044                  7.0779998587156490E-001                  2.9811763686115465E-005                  2.7997020236474890E-001                  2.1025988500795508E-003                  6.1630907196949883E-004                  5.7221218635412092E-003                  1.2718648985637698E-003                  2.4871053158459604E-003                  4.0711839025260485E-024                  0.0000000000000000E+000                  0.0000000000000000E+000 
                                     204                  9.4999952742937743E-001                  1.7852354994317202E-001                  4.4236994124329394E+000                  6.9833321686186212E+000                  3.3339954096177928E-044                  7.0779998587156490E-001                  2.9811763686115475E-005                  2.7997020236474890E-001                  2.1025988500795508E-003                  6.1630907196949883E-004                  5.7221218635412092E-003                  1.2718648985637698E-003                  2.4871053158459604E-003                  4.1944115270774143E-024                  0.0000000000000000E+000                  0.0000000000000000E+000 
                                     205                  9.4999950887739737E-001                  1.7848372172838206E-001                  4.4271166218095033E+000                  7.0101057799844213E+000                  3.7633807117727505E-044                  7.0779998587156490E-001                  2.9811763686115488E-005                  2.7997020236474890E-001                  2.1025988500795508E-003                  6.1630907196949883E-004                  5.7221218635412092E-003                  1.2718648985637698E-003                  2.4871053158459604E-003                  4.3221079477999076E-024                  0.0000000000000000E+000                  0.0000000000000000E+000 
                                     206                  9.4999948855183547E-001                  1.7844135689053722E-001                  4.4308722730727519E+000                  7.0659417117681942E+000                  4.5661654989596557E-044                  7.0779998587156490E-001                  2.9811763686115498E-005                  2.7997020236474890E-001                  2.1025988500795508E-003                  6.1630907196949883E-004                  5.7221218635412092E-003                  1.2718648985637698E-003                  2.4871053158459604E-003                  4.4656027896463650E-024                  0.0000000000000000E+000                  0.0000000000000000E+000 
                                     207                  9.4999946467911034E-001                  1.7839317467637000E-001                  4.4347796848114731E+000                  7.0514588327115506E+000                  4.7220362493074050E-044                  7.0779998587156490E-001                  2.9811763686115509E-005                  2.7997020236474890E-001                  2.1025988500795508E-003                  6.1630907196949883E-004                  5.7221218635412092E-003                  1.2718648985637698E-003                  2.4871053158459604E-003                  4.6188267621691327E-024                  0.0000000000000000E+000                  0.0000000000000000E+000 
                                     208                  9.4999944080638510E-001                  1.7834656766347950E-001                  4.4381951079079096E+000                  6.9485099181537482E+000                  3.9483342883536519E-044                  7.0779998587156490E-001                  2.9811763686115522E-005                  2.7997020236474890E-001                  2.1025988500795508E-003                  6.1630907196949883E-004                  5.7221218635412092E-003                  1.2718648985637698E-003                  2.4871053158459604E-003                  4.7561472018405565E-024                  0.0000000000000000E+000                  0.0000000000000000E+000 
                                     209                  9.4999942141860216E-001                  1.7830979339474443E-001                  4.4414348005755357E+000                  7.0082669951923053E+000                  4.7846234846619051E-044                  7.0779998587156490E-001                  2.9811763686115532E-005                  2.7997020236474890E-001                  2.1025988500795508E-003                  6.1630907196949883E-004                  5.7221218635412092E-003                  1.2718648985637698E-003                  2.4871053158459604E-003                  4.8887198903763156E-024                  0.0000000000000000E+000                  0.0000000000000000E+000 
                                     210                  9.4999939855818638E-001                  1.7826759065837641E-001                  4.4448301592100403E+000                  6.9959762156780823E+000                  4.9229086722662212E-044                  7.0779998587156490E-001                  2.9811763686115546E-005                  2.7997020236474890E-001                  2.1025988500795508E-003                  6.1630907196949883E-004                  5.7221218635412092E-003                  1.2718648985637698E-003                  2.4871053158459604E-003                  5.0307718853167392E-024                  0.0000000000000000E+000                  0.0000000000000000E+000 
                                     211                  9.4999937569777060E-001                  1.7822656160969549E-001                  4.4489400851448417E+000                  7.1573755388768836E+000                  7.6402136765336646E-044                  7.0779998587156490E-001                  2.9811763686115559E-005                  2.7997020236474890E-001                  2.1025988500795508E-003                  6.1630907196949883E-004                  5.7221218635412092E-003                  1.2718648985637698E-003                  2.4871053158459604E-003                  5.2060284862060414E-024                  0.0000000000000000E+000                  0.0000000000000000E+000 
                                     212                  9.4999934140714681E-001                  1.7816705831181398E-001                  4.4533840262614595E+000                  7.0871492672005401E+000                  6.9926796548688041E-044                  7.0779998587156490E-001                  2.9811763686115570E-005                  2.7997020236474890E-001                  2.1025988500795508E-003                  6.1630907196949883E-004                  5.7221218635412092E-003                  1.2718648985637698E-003                  2.4871053158459604E-003                  5.4017052242228191E-024                  0.0000000000000000E+000                  0.0000000000000000E+000 
                                     213                  9.4999931115360337E-001                  1.7811643275308209E-001                  4.4567288543958874E+000                  6.8992239672196796E+000                  4.7914822960020310E-044                  7.0779998587156490E-001                  2.9811763686115583E-005                  2.7997020236474890E-001                  2.1025988500795508E-003                  6.1630907196949883E-004                  5.7221218635412092E-003                  1.2718648985637698E-003                  2.4871053158459604E-003                  5.5528318945168790E-024                  0.0000000000000000E+000                  0.0000000000000000E+000 
                                     214                  9.4999929098457447E-001                  1.7808358646743114E-001                  4.4599886808874967E+000                  7.0639406673776550E+000                  7.3793235294084763E-044                  7.0779998587156490E-001                  2.9811763686115600E-005                  2.7997020236474890E-001                  2.1025988500795508E-003                  6.1630907196949883E-004                  5.7221218635412092E-003                  1.2718648985637698E-003                  2.4871053158459604E-003                  5.7020934501100641E-024                  0.0000000000000000E+000                  0.0000000000000000E+000 
                                     215                  9.4999926073103114E-001                  1.7803558622965174E-001                  4.4642755110202703E+000                  7.1527713940791209E+000                  9.6973801343744964E-044                  7.0779998587156490E-001                  2.9811763686115614E-005                  2.7997020236474890E-001                  2.1025988500795508E-003                  6.1630907196949883E-004                  5.7221218635412092E-003                  1.2718648985637698E-003                  2.4871053158459604E-003                  5.9030530200929356E-024                  0.0000000000000000E+000                  0.0000000000000000E+000 
                                     216                  9.4999922231989997E-001                  1.7797668456533899E-001                  4.4688744976890984E+000                  7.1369486222085454E+000                  1.0059882212415309E-043                  7.0779998587156490E-001                  2.9811763686115620E-005                  2.7997020236474890E-001                  2.1025988500795508E-003                  6.1630907196949883E-004                  5.7221218635412092E-003                  1.2718648985637698E-003                  2.4871053158459604E-003                  6.1250222184019711E-024                  0.0000000000000000E+000                  0.0000000000000000E+000 
                                     217                  9.4999918390876892E-001                  1.7791988269368300E-001                  4.4732908960330615E+000                  7.1218984230970923E+000                  1.0417290401245125E-043                  7.0779998587156490E-001                  2.9811763686115627E-005                  2.7997020236474890E-001                  2.1025988500795508E-003                  6.1630907196949883E-004                  5.7221218635412092E-003                  1.2718648985637698E-003                  2.4871053158459604E-003                  6.3439402113362707E-024                  0.0000000000000000E+000                  0.0000000000000000E+000 
                                     218                  9.4999914549763775E-001                  1.7786500848315040E-001                  4.4775399286856361E+000                  7.1075504509672847E+000                  1.0769876299937460E-043                  7.0779998587156490E-001                  2.9811763686115641E-005                  2.7997020236474890E-001                  2.1025988500795508E-003                  6.1630907196949883E-004                  5.7221218635412092E-003                  1.2718648985637698E-003                  2.4871053158459604E-003                  6.5599693779288930E-024                  0.0000000000000000E+000                  0.0000000000000000E+000 
                                     219                  9.4999910708650670E-001                  1.7781191095560125E-001                  4.4813369498443842E+000                  7.0261733575374077E+000                  9.4709469849981656E-044                  7.0779998587156490E-001                  2.9811763686115654E-005                  2.7997020236474890E-001                  2.1025988500795508E-003                  6.1630907196949883E-004                  5.7221218635412092E-003                  1.2718648985637698E-003                  2.4871053158459604E-003                  6.7578486539499735E-024                  0.0000000000000000E+000                  0.0000000000000000E+000 
                                     220                  9.4999907429122765E-001                  1.7776788125125981E-001                  4.4855730728277647E+000                  7.1882579821983477E+000                  1.4675715483276466E-043                  7.0779998587156490E-001                  2.9811763686115664E-005                  2.7997020236474890E-001                  2.1025988500795508E-003                  6.1630907196949883E-004                  5.7221218635412092E-003                  1.2718648985637698E-003                  2.4871053158459604E-003                  6.9824914300154921E-024                  0.0000000000000000E+000                  0.0000000000000000E+000 
                                     221                  9.4999902509830914E-001                  1.7770392479578778E-001                  4.4904455837622690E+000                  7.1722355978139172E+000                  1.5231661282497863E-043                  7.0779998587156490E-001                  2.9811763686115675E-005                  2.7997020236474890E-001                  2.1025988500795508E-003                  6.1630907196949883E-004                  5.7221218635412092E-003                  1.2718648985637698E-003                  2.4871053158459604E-003                  7.2486980305999597E-024                  0.0000000000000000E+000                  0.0000000000000000E+000 
                                     222                  9.4999897590539062E-001                  1.7764227597057999E-001                  4.4960070396913325E+000                  7.2944206106750462E+000                  2.1933040865205212E-043                  7.0779998587156490E-001                  2.9811763686115681E-005                  2.7997020236474890E-001                  2.1025988500795508E-003                  6.1630907196949883E-004                  5.7221218635412092E-003                  1.2718648985637698E-003                  2.4871053158459604E-003                  7.5601670405929509E-024                  0.0000000000000000E+000                  0.0000000000000000E+000 
                                     223                  9.4999890796950948E-001                  1.7756058360198862E-001                  4.5011386874523422E+000                  7.1068762321549759E+000                  1.5375701835158995E-043                  7.0779998587156490E-001                  2.9811763686115692E-005                  2.7997020236474890E-001                  2.1025988500795508E-003                  6.1630907196949883E-004                  5.7221218635412092E-003                  1.2718648985637698E-003                  2.4871053158459604E-003                  7.8586554692252989E-024                  0.0000000000000000E+000                  0.0000000000000000E+000 
                                     224                  9.4999886214184748E-001                  1.7750753126954552E-001                  4.5051532134086099E+000                  7.0991620673823661E+000                  1.6024130691779182E-043                  7.0779998587156490E-001                  2.9811763686115705E-005                  2.7997020236474890E-001                  2.1025988500795508E-003                  6.1630907196949883E-004                  5.7221218635412092E-003                  1.2718648985637698E-003                  2.4871053158459604E-003                  8.0967977719727210E-024                  0.0000000000000000E+000                  0.0000000000000000E+000 
                                     225                  9.4999881577711121E-001                  1.7745540664903967E-001                  4.5096027705970823E+000                  7.1920961584191128E+000                  2.1174508747315217E-043                  7.0779998587156490E-001                  2.9811763686115715E-005                  2.7997020236474890E-001                  2.1025988500795508E-003                  6.1630907196949883E-004                  5.7221218635412092E-003                  1.2718648985637698E-003                  2.4871053158459604E-003                  8.3660264412614389E-024                  0.0000000000000000E+000                  0.0000000000000000E+000 
                                     226                  9.4999875646874976E-001                  1.7739083597132560E-001                  4.5141974873361868E+000                  7.1385387181302935E+000                  2.0002427376655525E-043                  7.0779998587156490E-001                  2.9811763686115725E-005                  2.7997020236474890E-001                  2.1025988500795508E-003                  6.1630907196949883E-004                  5.7221218635412092E-003                  1.2718648985637698E-003                  2.4871053158459604E-003                  8.6515252780506222E-024                  0.0000000000000000E+000                  0.0000000000000000E+000 
                                     227                  9.4999870227975980E-001                  1.7733374877250382E-001                  4.5184333852147152E+000                  7.1254524208142982E+000                  2.0619659380070893E-043                  7.0779998587156490E-001                  2.9811763686115736E-005                  2.7997020236474890E-001                  2.1025988500795508E-003                  6.1630907196949883E-004                  5.7221218635412092E-003                  1.2718648985637698E-003                  2.4871053158459604E-003                  8.9203796901671015E-024                  0.0000000000000000E+000                  0.0000000000000000E+000 
                                     228                  9.4999864809076984E-001                  1.7727834891092342E-001                  4.5220411121465522E+000                  6.9952794734792256E+000                  1.6081968725875742E-043                  7.0779998587156490E-001                  2.9811763686115749E-005                  2.7997020236474890E-001                  2.1025988500795508E-003                  6.1630907196949883E-004                  5.7221218635412092E-003                  1.2718648985637698E-003                  2.4871053158459604E-003                  9.1543111471157244E-024                  0.0000000000000000E+000                  0.0000000000000000E+000 
                                     229                  9.4999860689949656E-001                  1.7723729221835458E-001                  4.5261658535252671E+000                  7.2177300397755157E+000                  2.8432072336423501E-043                  7.0779998587156490E-001                  2.9811763686115766E-005                  2.7997020236474890E-001                  2.1025988500795508E-003                  6.1630907196949883E-004                  5.7221218635412092E-003                  1.2718648985637698E-003                  2.4871053158459604E-003                  9.4249628897359059E-024                  0.0000000000000000E+000                  0.0000000000000000E+000 
                                     230                  9.4999853615211716E-001                  1.7716876086304426E-001                  4.5318130540261574E+000                  7.2989009459378611E+000                  3.7059964527994817E-043                  7.0779998587156490E-001                  2.9811763686115773E-005                  2.7997020236474890E-001                  2.1025988500795508E-003                  6.1630907196949883E-004                  5.7221218635412092E-003                  1.2718648985637698E-003                  2.4871053158459604E-003                  9.8048698845950842E-024                  0.0000000000000000E+000                  0.0000000000000000E+000 
                                     231                  9.4999844748379847E-001                  1.7708613123321434E-001                  4.5377539410544658E+000                  7.2729921517488636E+000                  3.7869050103324160E-043                  7.0779998587156490E-001                  2.9811763686115786E-005                  2.7997020236474890E-001                  2.1025988500795508E-003                  6.1630907196949883E-004                  5.7221218635412092E-003                  1.2718648985637698E-003                  2.4871053158459604E-003                  1.0216390556162195E-023                  0.0000000000000000E+000                  0.0000000000000000E+000 
                                     232                  9.4999836050297060E-001                  1.7700827251364248E-001                  4.5440230874998742E+000                  7.3436337971515577E+000                  4.8472680066388592E-043                  7.0779998587156490E-001                  2.9811763686115793E-005                  2.7997020236474890E-001                  2.1025988500795508E-003                  6.1630907196949883E-004                  5.7221218635412092E-003                  1.2718648985637698E-003                  2.4871053158459604E-003                  1.0661211321515216E-023                  0.0000000000000000E+000                  0.0000000000000000E+000 
                                     233                  9.4999825377802838E-001                  1.7691664336606697E-001                  4.5493018159547862E+000                  7.1083249150006651E+000                  3.0251954040291331E-043                  7.0779998587156490E-001                  2.9811763686115803E-005                  2.7997020236474890E-001                  2.1025988500795508E-003                  6.1630907196949883E-004                  5.7221218635412092E-003                  1.2718648985637698E-003                  2.4871053158459604E-003                  1.1047904058669910E-023                  0.0000000000000000E+000                  0.0000000000000000E+000 
                                     234                  9.4999818948450654E-001                  1.7686333477141297E-001                  4.5531545036591208E+000                  7.0974131604255968E+000                  3.1029193478642410E-043                  7.0779998587156490E-001                  2.9811763686115817E-005                  2.7997020236474890E-001                  2.1025988500795508E-003                  6.1630907196949883E-004                  5.7221218635412092E-003                  1.2718648985637698E-003                  2.4871053158459604E-003                  1.1333995165853872E-023                  0.0000000000000000E+000                  0.0000000000000000E+000 
                                     235                  9.4999812519098492E-001                  1.7681134257921161E-001                  4.5577796930338543E+000                  7.2516481485834143E+000                  4.6984162431080174E-043                  7.0779998587156490E-001                  2.9811763686115830E-005                  2.7997020236474890E-001                  2.1025988500795508E-003                  6.1630907196949883E-004                  5.7221218635412092E-003                  1.2718648985637698E-003                  2.4871053158459604E-003                  1.1682137694731838E-023                  0.0000000000000000E+000                  0.0000000000000000E+000 
                                     236                  9.4999803071702271E-001                  1.7673717122658572E-001                  4.5636716448934571E+000                  7.3227485016221401E+000                  5.9658792229959794E-043                  7.0779998587156490E-001                  2.9811763686115841E-005                  2.7997020236474890E-001                  2.1025988500795508E-003                  6.1630907196949883E-004                  5.7221218635412092E-003                  1.2718648985637698E-003                  2.4871053158459604E-003                  1.2135182471495074E-023                  0.0000000000000000E+000                  0.0000000000000000E+000 
                                     237                  9.4999791520079047E-001                  1.7664979016268165E-001                  4.5699825657547359E+000                  7.3195924647108086E+000                  6.4111725307783279E-043                  7.0779998587156490E-001                  2.9811763686115847E-005                  2.7997020236474890E-001                  2.1025988500795508E-003                  6.1630907196949883E-004                  5.7221218635412092E-003                  1.2718648985637698E-003                  2.4871053158459604E-003                  1.2632366145222993E-023                  0.0000000000000000E+000                  0.0000000000000000E+000 
                                     238                  9.4999779590931066E-001                  1.7656302440479257E-001                  4.5756622886393563E+000                  7.2320971516957613E+000                  5.6228726492051285E-043                  7.0779998587156490E-001                  2.9811763686115858E-005                  2.7997020236474890E-001                  2.1025988500795508E-003                  6.1630907196949883E-004                  5.7221218635412092E-003                  1.2718648985637698E-003                  2.4871053158459604E-003                  1.3090300813008823E-023                  0.0000000000000000E+000                  0.0000000000000000E+000 
                                     239                  9.4999769491583830E-001                  1.7649207775241280E-001                  4.5815416656813532E+000                  7.3434441021119197E+000                  7.8026189218525797E-043                  7.0779998587156490E-001                  2.9811763686115868E-005                  2.7997020236474890E-001                  2.1025988500795508E-003                  6.1630907196949883E-004                  5.7221218635412092E-003                  1.2718648985637698E-003                  2.4871053158459604E-003                  1.3571584729301561E-023                  0.0000000000000000E+000                  0.0000000000000000E+000 
                                     240                  9.4999755970032129E-001                  1.7640037968547342E-001                  4.5871906094741659E+000                  7.2028272888710605E+000                  6.0397067615322100E-043                  7.0779998587156490E-001                  2.9811763686115878E-005                  2.7997020236474890E-001                  2.1025988500795508E-003                  6.1630907196949883E-004                  5.7221218635412092E-003                  1.2718648985637698E-003                  2.4871053158459604E-003                  1.4045373132280345E-023                  0.0000000000000000E+000                  0.0000000000000000E+000 
                                     241                  9.4999745853612616E-001                  1.7633403251741767E-001                  4.5921908444814692E+000                  7.2449224372859637E+000                  7.0572318306192825E-043                  7.0779998587156490E-001                  2.9811763686115891E-005                  2.7997020236474890E-001                  2.1025988500795508E-003                  6.1630907196949883E-004                  5.7221218635412092E-003                  1.2718648985637698E-003                  2.4871053158459604E-003                  1.4470288084726839E-023                  0.0000000000000000E+000                  0.0000000000000000E+000 
                                     242                  9.4999734376994227E-001                  1.7626092075246910E-001                  4.5982815477317960E+000                  7.3663539953240722E+000                  1.0013813365853354E-042                  7.0779998587156490E-001                  2.9811763686115898E-005                  2.7997020236474890E-001                  2.1025988500795508E-003                  6.1630907196949883E-004                  5.7221218635412092E-003                  1.2718648985637698E-003                  2.4871053158459604E-003                  1.4995658387133297E-023                  0.0000000000000000E+000                  0.0000000000000000E+000 
                                     243                  9.4999718657905630E-001                  1.7616420354686230E-001                  4.6061228369167342E+000                  7.4691316325026040E+000                  1.3863944147435909E-042                  7.0779998587156490E-001                  2.9811763686115905E-005                  2.7997020236474890E-001                  2.1025988500795508E-003                  6.1630907196949883E-004                  5.7221218635412092E-003                  1.2718648985637698E-003                  2.4871053158459604E-003                  1.5685766284191122E-023                  0.0000000000000000E+000                  0.0000000000000000E+000 
                                     244                  9.4999697844162456E-001                  1.7604163161772826E-001                  4.6145334171642789E+000                  7.4407715640794878E+000                  1.4256383467946614E-042                  7.0779998587156490E-001                  2.9811763686115915E-005                  2.7997020236474890E-001                  2.1025988500795508E-003                  6.1630907196949883E-004                  5.7221218635412092E-003                  1.2718648985637698E-003                  2.4871053158459604E-003                  1.6445785140224157E-023                  0.0000000000000000E+000                  0.0000000000000000E+000 
                                     245                  9.4999677421482709E-001                  1.7592677668107837E-001                  4.6204593937145928E+000                  7.1162340037549470E+000                  7.2037480207028091E-043                  7.0779998587156490E-001                  2.9811763686115929E-005                  2.7997020236474890E-001                  2.1025988500795508E-003                  6.1630907196949883E-004                  5.7221218635412092E-003                  1.2718648985637698E-003                  2.4871053158459604E-003                  1.6994803431057364E-023                  0.0000000000000000E+000                  0.0000000000000000E+000 
                                     246                  9.4999667432209700E-001                  1.7587236442405216E-001                  4.6252269782905557E+000                  7.2852066711492318E+000                  1.1183858301727403E-042                  7.0779998587156490E-001                  2.9811763686115942E-005                  2.7997020236474890E-001                  2.1025988500795508E-003                  6.1630907196949883E-004                  5.7221218635412092E-003                  1.2718648985637698E-003                  2.4871053158459604E-003                  1.7438940769610264E-023                  0.0000000000000000E+000                  0.0000000000000000E+000 
                                     247                  9.4999652315076843E-001                  1.7579206050029408E-001                  4.6308721120177818E+000                  7.2850155823823961E+000                  1.1863302992811164E-042                  7.0779998587156490E-001                  2.9811763686115952E-005                  2.7997020236474890E-001                  2.1025988500795508E-003                  6.1630907196949883E-004                  5.7221218635412092E-003                  1.2718648985637698E-003                  2.4871053158459604E-003                  1.7973349176437064E-023                  0.0000000000000000E+000                  0.0000000000000000E+000 
                                     248                  9.4999636751816741E-001                  1.7571177706066748E-001                  4.6355427982446109E+000                  7.1086157747447807E+000                  8.2966970896385220E-043                  7.0779998587156490E-001                  2.9811763686115969E-005                  2.7997020236474890E-001                  2.1025988500795508E-003                  6.1630907196949883E-004                  5.7221218635412092E-003                  1.2718648985637698E-003                  2.4871053158459604E-003                  1.8422563491379220E-023                  0.0000000000000000E+000                  0.0000000000000000E+000 
                                     249                  9.4999626130372139E-001                  1.7565828454142043E-001                  4.6411874856618818E+000                  7.4086466956492982E+000                  1.7534101590750560E-042                  7.0779998587156490E-001                  2.9811763686115983E-005                  2.7997020236474890E-001                  2.1025988500795508E-003                  6.1630907196949883E-004                  5.7221218635412092E-003                  1.2718648985637698E-003                  2.4871053158459604E-003                  1.8968323895577233E-023                  0.0000000000000000E+000                  0.0000000000000000E+000 
                                     250                  9.4999604322762310E-001                  1.7555152563968437E-001                  4.6476508477518159E+000                  7.2809999991644823E+000                  1.3949439728627757E-042                  7.0779998587156490E-001                  2.9811763686115996E-005                  2.7997020236474890E-001                  2.1025988500795508E-003                  6.1630907196949883E-004                  5.7221218635412092E-003                  1.2718648985637698E-003                  2.4871053158459604E-003                  1.9607680947413171E-023                  0.0000000000000000E+000                  0.0000000000000000E+000 
                                     251                  9.4999587533633256E-001                  1.7547193709286563E-001                  4.6541270506853714E+000                  7.4073618924305151E+000                  1.9891861473997407E-042                  7.0779998587156490E-001                  2.9811763686116010E-005                  2.7997020236474890E-001                  2.1025988500795508E-003                  6.1630907196949883E-004                  5.7221218635412092E-003                  1.2718648985637698E-003                  2.4871053158459604E-003                  2.0255414468223915E-023                  0.0000000000000000E+000                  0.0000000000000000E+000 
                                     252                  9.4999564350325094E-001                  1.7536544790699540E-001                  4.6614741999575182E+000                  7.4071636133211420E+000                  2.1354845069457019E-042                  7.0779998587156490E-001                  2.9811763686116013E-005                  2.7997020236474890E-001                  2.1025988500795508E-003                  6.1630907196949883E-004                  5.7221218635412092E-003                  1.2718648985637698E-003                  2.4871053158459604E-003                  2.1004881921227432E-023                  0.0000000000000000E+000                  0.0000000000000000E+000 
                                     253                  9.4999540340981337E-001                  1.7525898122843270E-001                  4.6669342145924579E+000                  7.1100140878202831E+000                  1.1353993366914457E-042                  7.0779998587156490E-001                  2.9811763686116034E-005                  2.7997020236474890E-001                  2.1025988500795508E-003                  6.1630907196949883E-004                  5.7221218635412092E-003                  1.2718648985637698E-003                  2.4871053158459604E-003                  2.1573610498521082E-023                  0.0000000000000000E+000                  0.0000000000000000E+000 
                                     254                  9.4999527908679793E-001                  1.7520526020537081E-001                  4.6705775415374662E+000                  7.1025775751021838E+000                  1.1552917856274259E-042                  7.0779998587156490E-001                  2.9811763686116051E-005                  2.7997020236474890E-001                  2.1025988500795508E-003                  6.1630907196949883E-004                  5.7221218635412092E-003                  1.2718648985637698E-003                  2.4871053158459604E-003                  2.1955666539816730E-023                  0.0000000000000000E+000                  0.0000000000000000E+000 
                                     255                  9.4999515476378238E-001                  1.7515244474979275E-001                  4.6751322498982395E+000                  7.2846819684567041E+000                  1.8335726717579642E-042                  7.0779998587156490E-001                  2.9811763686116068E-005                  2.7997020236474890E-001                  2.1025988500795508E-003                  6.1630907196949883E-004                  5.7221218635412092E-003                  1.2718648985637698E-003                  2.4871053158459604E-003                  2.2437005285911227E-023                  0.0000000000000000E+000                  0.0000000000000000E+000 
                                     256                  9.4999496163794628E-001                  1.7507210471766912E-001                  4.6805793351311031E+000                  7.2839822387867645E+000                  1.9254605451058418E-042                  7.0779998587156490E-001                  2.9811763686116078E-005                  2.7997020236474890E-001                  2.1025988500795508E-003                  6.1630907196949883E-004                  5.7221218635412092E-003                  1.2718648985637698E-003                  2.4871053158459604E-003                  2.3021519528745360E-023                  0.0000000000000000E+000                  0.0000000000000000E+000 
                                     257                  9.4999476392801863E-001                  1.7499187919519371E-001                  4.6869179575505058E+000                  7.4091102724369824E+000                  2.7214850751318588E-042                  7.0779998587156490E-001                  2.9811763686116088E-005                  2.7997020236474890E-001                  2.1025988500795508E-003                  6.1630907196949883E-004                  5.7221218635412092E-003                  1.2718648985637698E-003                  2.4871053158459604E-003                  2.3710430226662118E-023                  0.0000000000000000E+000                  0.0000000000000000E+000 
                                     258                  9.4999449251258994E-001                  1.7488484212364616E-001                  4.6940993651514873E+000                  7.4103240855435279E+000                  2.9119450747690141E-042                  7.0779998587156490E-001                  2.9811763686116101E-005                  2.7997020236474890E-001                  2.1025988500795508E-003                  6.1630907196949883E-004                  5.7221218635412092E-003                  1.2718648985637698E-003                  2.4871053158459604E-003                  2.4506861297863571E-023                  0.0000000000000000E+000                  0.0000000000000000E+000 
                                     259                  9.4999421143718232E-001                  1.7477747897691945E-001                  4.6994087185143183E+000                  7.1065649934214097E+000                  1.5173883406589059E-042                  7.0779998587156490E-001                  2.9811763686116118E-005                  2.7997020236474890E-001                  2.1025988500795508E-003                  6.1630907196949883E-004                  5.7221218635412092E-003                  1.2718648985637698E-003                  2.4871053158459604E-003                  2.5108626378158289E-023                  0.0000000000000000E+000                  0.0000000000000000E+000 
                                     260                  9.4999406844255430E-001                  1.7472412380793817E-001                  4.7047777417546417E+000                  7.4126097838031368E+000                  3.2183907896421740E-042                  7.0779998587156490E-001                  2.9811763686116139E-005                  2.7997020236474890E-001                  2.1025988500795508E-003                  6.1630907196949883E-004                  5.7221218635412092E-003                  1.2718648985637698E-003                  2.4871053158459604E-003                  2.5720011054613989E-023                  0.0000000000000000E+000                  0.0000000000000000E+000 
                                     261                  9.4999377227841231E-001                  1.7461615409376377E-001                  4.7118758700342127E+000                  7.4144258908349290E+000                  3.4387222225480200E-042                  7.0779998587156490E-001                  2.9811763686116146E-005                  2.7997020236474890E-001                  2.1025988500795508E-003                  6.1630907196949883E-004                  5.7221218635412092E-003                  1.2718648985637698E-003                  2.4871053158459604E-003                  2.6546596683337526E-023                  0.0000000000000000E+000                  0.0000000000000000E+000 
                                     262                  9.4999346558003450E-001                  1.7450770491487602E-001                  4.7189405507282549E+000                  7.4164539164724115E+000                  3.6722899338123371E-042                  7.0779998587156490E-001                  2.9811763686116156E-005                  2.7997020236474890E-001                  2.1025988500795508E-003                  6.1630907196949883E-004                  5.7221218635412092E-003                  1.2718648985637698E-003                  2.4871053158459604E-003                  2.7386193906994413E-023                  0.0000000000000000E+000                  0.0000000000000000E+000 
                                     263                  9.4999314797548962E-001                  1.7439872084792843E-001                  4.7259713419692755E+000                  7.4186787527549294E+000                  3.9198870543832636E-042                  7.0779998587156490E-001                  2.9811763686116162E-005                  2.7997020236474890E-001                  2.1025988500795508E-003                  6.1630907196949883E-004                  5.7221218635412092E-003                  1.2718648985637698E-003                  2.4871053158459604E-003                  2.8239365422086939E-023                  0.0000000000000000E+000                  0.0000000000000000E+000 
                                     264                  9.4999281907982813E-001                  1.7428914946970236E-001                  4.7329675844586951E+000                  7.4210862180052288E+000                  4.1823571230985930E-042                  7.0779998587156490E-001                  2.9811763686116176E-005                  2.7997020236474890E-001                  2.1025988500795508E-003                  6.1630907196949883E-004                  5.7221218635412092E-003                  1.2718648985637698E-003                  2.4871053158459604E-003                  2.9106700837468186E-023                  0.0000000000000000E+000                  0.0000000000000000E+000 
                                     265                  9.4999247849463142E-001                  1.7417894112499382E-001                  4.7399284372136066E+000                  7.4236630433396984E+000                  4.4605967969233248E-042                  7.0779998587156490E-001                  2.9811763686116183E-005                  2.7997020236474890E-001                  2.1025988500795508E-003                  6.1630907196949883E-004                  5.7221218635412092E-003                  1.2718648985637698E-003                  2.4871053158459604E-003                  2.9988812727747658E-023                  0.0000000000000000E+000                  0.0000000000000000E+000 
                                     266                  9.4999212580754611E-001                  1.7406804870652037E-001                  4.7468529014676379E+000                  7.4263968086842622E+000                  4.7555591743001694E-042                  7.0779998587156490E-001                  2.9811763686116196E-005                  2.7997020236474890E-001                  2.1025988500795508E-003                  6.1630907196949883E-004                  5.7221218635412092E-003                  1.2718648985637698E-003                  2.4871053158459604E-003                  3.0886336161275072E-023                  0.0000000000000000E+000                  0.0000000000000000E+000 
                                     267                  9.4999176059179968E-001                  1.7395642745763623E-001                  4.7537398481126729E+000                  7.4292758050462337E+000                  5.0682582512115818E-042                  7.0779998587156490E-001                  2.9811763686116207E-005                  2.7997020236474890E-001                  2.1025988500795508E-003                  6.1630907196949883E-004                  5.7221218635412092E-003                  1.2718648985637698E-003                  2.4871053158459604E-003                  3.1799934177729014E-023                  0.0000000000000000E+000                  0.0000000000000000E+000 
                                     268                  9.4999138240570336E-001                  1.7384403481553309E-001                  4.7605880440859414E+000                  7.4322890417168850E+000                  5.3997722261182259E-042                  7.0779998587156490E-001                  2.9811763686116217E-005                  2.7997020236474890E-001                  2.1025988500795508E-003                  6.1630907196949883E-004                  5.7221218635412092E-003                  1.2718648985637698E-003                  2.4871053158459604E-003                  3.2730293724547077E-023                  0.0000000000000000E+000                  0.0000000000000000E+000 
                                     269                  9.4999099079213511E-001                  1.7373083025687652E-001                  4.7673961718067117E+000                  7.4354261898102258E+000                  5.7512476977695209E-042                  7.0779998587156490E-001                  2.9811763686116223E-005                  2.7997020236474890E-001                  2.1025988500795508E-003                  6.1630907196949883E-004                  5.7221218635412092E-003                  1.2718648985637698E-003                  2.4871053158459604E-003                  3.3678126225965110E-023                  0.0000000000000000E+000                  0.0000000000000000E+000 
                                     270                  9.4999058527800617E-001                  1.7361677516103333E-001                  4.7741628567762815E+000                  7.4386775019078684E+000                  6.1239045682793930E-042                  7.0779998587156490E-001                  2.9811763686116234E-005                  2.7997020236474890E-001                  2.1025988500795508E-003                  6.1630907196949883E-004                  5.7221218635412092E-003                  1.2718648985637698E-003                  2.4871053158459604E-003                  3.4644170625722864E-023                  0.0000000000000000E+000                  0.0000000000000000E+000 
                                     271                  9.4999016537370917E-001                  1.7350183269653907E-001                  4.7808866925868285E+000                  7.4420338212656549E+000                  6.5190401360114908E-042                  7.0779998587156490E-001                  2.9811763686116247E-005                  2.7997020236474890E-001                  2.1025988500795508E-003                  6.1630907196949883E-004                  5.7221218635412092E-003                  1.2718648985637698E-003                  2.4871053158459604E-003                  3.5629189830084668E-023                  0.0000000000000000E+000                  0.0000000000000000E+000 
                                     272                  9.4998973057254810E-001                  1.7338596770674355E-001                  4.7875662594780373E+000                  7.4454865400465140E+000                  6.9380341058090835E-042                  7.0779998587156490E-001                  2.9811763686116257E-005                  2.7997020236474890E-001                  2.1025988500795508E-003                  6.1630907196949883E-004                  5.7221218635412092E-003                  1.2718648985637698E-003                  2.4871053158459604E-003                  3.6633971198440712E-023                  0.0000000000000000E+000                  0.0000000000000000E+000 
                                     273                  9.4998928035014740E-001                  1.7326914660721782E-001                  4.7942001564679950E+000                  7.4490275599191884E+000                  7.3823539529146156E-042                  7.0779998587156490E-001                  2.9811763686116264E-005                  2.7997020236474890E-001                  2.1025988500795508E-003                  6.1630907196949883E-004                  5.7221218635412092E-003                  1.2718648985637698E-003                  2.4871053158459604E-003                  3.7659327205428838E-023                  0.0000000000000000E+000                  0.0000000000000000E+000 
                                     274                  9.4998881416384262E-001                  1.7315133729390522E-001                  4.8007870286121141E+000                  7.4526493027891325E+000                  7.8535598007687252E-042                  7.0779998587156490E-001                  2.9811763686116278E-005                  2.7997020236474890E-001                  2.1025988500795508E-003                  6.1630907196949883E-004                  5.7221218635412092E-003                  1.2718648985637698E-003                  2.4871053158459604E-003                  3.8706091939029309E-023                  0.0000000000000000E+000                  0.0000000000000000E+000 
                                     275                  9.4998833145204953E-001                  1.7303250904802317E-001                  4.8073255840207620E+000                  7.4563446801087565E+000                  8.3533102191381003E-042                  7.0779998587156490E-001                  2.9811763686116288E-005                  2.7997020236474890E-001                  2.1025988500795508E-003                  6.1630907196949883E-004                  5.7221218635412092E-003                  1.2718648985637698E-003                  2.4871053158459604E-003                  3.9775121102955617E-023                  0.0000000000000000E+000                  0.0000000000000000E+000 
                                     276                  9.4998783163361122E-001                  1.7291263244825680E-001                  4.8138146297598468E+000                  7.4601070752495842E+000                  8.8833681568881012E-042                  7.0779998587156490E-001                  2.9811763686116298E-005                  2.7997020236474890E-001                  2.1025988500795508E-003                  6.1630907196949883E-004                  5.7221218635412092E-003                  1.2718648985637698E-003                  2.4871053158459604E-003                  4.0867291021986081E-023                  0.0000000000000000E+000                  0.0000000000000000E+000 
                                     277                  9.4998731410712478E-001                  1.7279167928636915E-001                  4.8202531013651653E+000                  7.4639303632250371E+000                  9.4456064018387654E-042                  7.0779998587156490E-001                  2.9811763686116308E-005                  2.7997020236474890E-001                  2.1025988500795508E-003                  6.1630907196949883E-004                  5.7221218635412092E-003                  1.2718648985637698E-003                  2.4871053158459604E-003                  4.1983494053395378E-023                  0.0000000000000000E+000                  0.0000000000000000E+000 
                                     278                  9.4998677825024325E-001                  1.7266962247537535E-001                  4.8266400745277700E+000                  7.4678088833011005E+000                  1.0042014192322093E-041                  7.0779998587156490E-001                  2.9811763686116322E-005                  2.7997020236474890E-001                  2.1025988500795508E-003                  6.1630907196949883E-004                  5.7221218635412092E-003                  1.2718648985637698E-003                  2.4871053158459604E-003                  4.3124638242437999E-023                  0.0000000000000000E+000                  0.0000000000000000E+000 
                                     279                  9.4998622341895522E-001                  1.7254643596277139E-001                  4.8329747984527058E+000                  7.4717374180313962E+000                  1.0674704085060544E-041                  7.0779998587156490E-001                  2.9811763686116332E-005                  2.7997020236474890E-001                  2.1025988500795508E-003                  6.1630907196949883E-004                  5.7221218635412092E-003                  1.2718648985637698E-003                  2.4871053158459604E-003                  4.4291646495161237E-023                  0.0000000000000000E+000                  0.0000000000000000E+000 
                                     280                  9.4998564894683801E-001                  1.7242209464686981E-001                  4.8392567249192968E+000                  7.4757112316786536E+000                  1.1345917660773654E-041                  7.0779998587156490E-001                  2.9811763686116342E-005                  2.7997020236474890E-001                  2.1025988500795508E-003                  6.1630907196949883E-004                  5.7221218635412092E-003                  1.2718648985637698E-003                  2.4871053158459604E-003                  4.5485449537238212E-023                  0.0000000000000000E+000                  0.0000000000000000E+000 
                                     281                  9.4998505414428780E-001                  1.7229657427892650E-001                  4.8454855112498620E+000                  7.4797260455827406E+000                  1.2058032815849679E-041                  7.0779998587156490E-001                  2.9811763686116352E-005                  2.7997020236474890E-001                  2.1025988500795508E-003                  6.1630907196949883E-004                  5.7221218635412092E-003                  1.2718648985637698E-003                  2.4871053158459604E-003                  4.6706984847019863E-023                  0.0000000000000000E+000                  0.0000000000000000E+000 
                                     282                  9.4998443829772161E-001                  1.7216985136837640E-001                  4.8516610408718659E+000                  7.4837779818399026E+000                  1.2813572379282613E-041                  7.0779998587156490E-001                  2.9811763686116366E-005                  2.7997020236474890E-001                  2.1025988500795508E-003                  6.1630907196949883E-004                  5.7221218635412092E-003                  1.2718648985637698E-003                  2.4871053158459604E-003                  4.7957199246032363E-023                  0.0000000000000000E+000                  0.0000000000000000E+000 
                                     283                  9.4998380066875332E-001                  1.7204190310048303E-001                  4.8577834460992468E+000                  7.4878636193552746E+000                  1.3615209987036897E-041                  7.0779998587156490E-001                  2.9811763686116379E-005                  2.7997020236474890E-001                  2.1025988500795508E-003                  6.1630907196949883E-004                  5.7221218635412092E-003                  1.2718648985637698E-003                  2.4871053158459604E-003                  4.9237039290029113E-023                  0.0000000000000000E+000                  0.0000000000000000E+000 
                                     284                  9.4998314049334154E-001                  1.7191270723353946E-001                  4.8638531037792943E+000                  7.4919799906117515E+000                  1.4465777476265383E-041                  7.0779998587156490E-001                  2.9811763686116389E-005                  2.7997020236474890E-001                  2.1025988500795508E-003                  6.1630907196949883E-004                  5.7221218635412092E-003                  1.2718648985637698E-003                  2.4871053158459604E-003                  5.0547447316021823E-023                  0.0000000000000000E+000                  0.0000000000000000E+000 
                                     285                  9.4998245698090933E-001                  1.7178224199210113E-001                  4.8698706352679171E+000                  7.4961244767723416E+000                  1.5368276012708733E-041                  7.0779998587156490E-001                  2.9811763686116400E-005                  2.7997020236474890E-001                  2.1025988500795508E-003                  6.1630907196949883E-004                  5.7221218635412092E-003                  1.2718648985637698E-003                  2.4871053158459604E-003                  5.1889369550353755E-023                  0.0000000000000000E+000                  0.0000000000000000E+000 
                                     286                  9.4998174931343238E-001                  1.7165048598678914E-001                  4.8758369143028650E+000                  7.5002948393232405E+000                  1.6325883524172795E-041                  7.0779998587156490E-001                  2.9811763686116413E-005                  2.7997020236474890E-001                  2.1025988500795508E-003                  6.1630907196949883E-004                  5.7221218635412092E-003                  1.2718648985637698E-003                  2.4871053158459604E-003                  5.3263748839179098E-023                  0.0000000000000000E+000                  0.0000000000000000E+000 
                                     287                  9.4998101664449874E-001                  1.7151741812038221E-001                  4.8817530593210954E+000                  7.5044892701918879E+000                  1.7341961164979412E-041                  7.0779998587156490E-001                  2.9811763686116423E-005                  2.7997020236474890E-001                  2.1025988500795508E-003                  6.1630907196949883E-004                  5.7221218635412092E-003                  1.2718648985637698E-003                  2.4871053158459604E-003                  5.4671514082943963E-023                  0.0000000000000000E+000                  0.0000000000000000E+000 
                                     288                  9.4998025809833508E-001                  1.7138301747362869E-001                  4.8876204174081712E+000                  7.5087062824716275E+000                  1.8420065915807135E-041                  7.0779998587156490E-001                  2.9811763686116437E-005                  2.7997020236474890E-001                  2.1025988500795508E-003                  6.1630907196949883E-004                  5.7221218635412092E-003                  1.2718648985637698E-003                  2.4871053158459604E-003                  5.6113589239550137E-023                  0.0000000000000000E+000                  0.0000000000000000E+000 
                                     289                  9.4997947276880079E-001                  1.7124726321939146E-001                  4.8934405516862602E+000                  7.5129446337631762E+000                  1.9563963397574060E-041                  7.0779998587156490E-001                  2.9811763686116444E-005                  2.7997020236474890E-001                  2.1025988500795508E-003                  6.1630907196949883E-004                  5.7221218635412092E-003                  1.2718648985637698E-003                  2.4871053158459604E-003                  5.7590899756372193E-023                  0.0000000000000000E+000                  0.0000000000000000E+000 
                                     290                  9.4997865971834894E-001                  1.7111013455659946E-001                  4.8992152279737349E+000                  7.5172034406563979E+000                  2.0777632979545414E-041                  7.0779998587156490E-001                  2.9811763686116457E-005                  2.7997020236474890E-001                  2.1025988500795508E-003                  6.1630907196949883E-004                  5.7221218635412092E-003                  1.2718648985637698E-003                  2.4871053158459604E-003                  5.9104353852752097E-023                  0.0000000000000000E+000                  0.0000000000000000E+000 
                                     291                  9.4997781797695013E-001                  1.7097161060428712E-001                  4.9049463978979411E+000                  7.5214821375644352E+000                  2.2065279077837038E-041                  7.0779998587156490E-001                  2.9811763686116471E-005                  2.7997020236474890E-001                  2.1025988500795508E-003                  6.1630907196949883E-004                  5.7221218635412092E-003                  1.2718648985637698E-003                  2.4871053158459604E-003                  6.0654843170422666E-023                  0.0000000000000000E+000                  0.0000000000000000E+000 
                                     292                  9.4997694654098286E-001                  1.7083167030345922E-001                  4.9106361731905510E+000                  7.5257802894628298E+000                  2.3431351096674296E-041                  7.0779998587156490E-001                  2.9811763686116481E-005                  2.7997020236474890E-001                  2.1025988500795508E-003                  6.1630907196949883E-004                  5.7221218635412092E-003                  1.2718648985637698E-003                  2.4871053158459604E-003                  6.2243265224178978E-023                  0.0000000000000000E+000                  0.0000000000000000E+000 
                                     293                  9.4997604437208394E-001                  1.7069029237490915E-001                  4.9162867999302353E+000                  7.5300976814966356E+000                  2.4880551268421996E-041                  7.0779998587156490E-001                  2.9811763686116495E-005                  2.7997020236474890E-001                  2.1025988500795508E-003                  6.1630907196949883E-004                  5.7221218635412092E-003                  1.2718648985637698E-003                  2.4871053158459604E-003                  6.3870508323370128E-023                  0.0000000000000000E+000                  0.0000000000000000E+000 
                                     294                  9.4997511039596139E-001                  1.7054745524548073E-001                  4.9219006453051728E+000                  7.5344343680760257E+000                  2.6417843574767224E-041                  7.0779998587156490E-001                  2.9811763686116505E-005                  2.7997020236474890E-001                  2.1025988500795508E-003                  6.1630907196949883E-004                  5.7221218635412092E-003                  1.2718648985637698E-003                  2.4871053158459604E-003                  6.5537440440387388E-023                  0.0000000000000000E+000                  0.0000000000000000E+000 
                                     295                  9.4997414350116705E-001                  1.7040313695429601E-001                  4.9274801788996578E+000                  7.5387905432841587E+000                  2.8048473342841317E-041                  7.0779998587156490E-001                  2.9811763686116518E-005                  2.7997020236474890E-001                  2.1025988500795508E-003                  6.1630907196949883E-004                  5.7221218635412092E-003                  1.2718648985637698E-003                  2.4871053158459604E-003                  6.7244924774691399E-023                  0.0000000000000000E+000                  0.0000000000000000E+000 
                                     296                  9.4997314253782772E-001                  1.7025731509776298E-001                  4.9330279391149334E+000                  7.5431664467787343E+000                  2.9777987520827784E-041                  7.0779998587156490E-001                  2.9811763686116532E-005                  2.7997020236474890E-001                  2.1025988500795508E-003                  6.1630907196949883E-004                  5.7221218635412092E-003                  1.2718648985637698E-003                  2.4871053158459604E-003                  6.8993832381534417E-023                  0.0000000000000000E+000                  0.0000000000000000E+000 
                                     297                  9.4997210631633422E-001                  1.7010996680385168E-001                  4.9385465119801619E+000                  7.5475624849503884E+000                  3.1612242094336948E-041                  7.0779998587156490E-001                  2.9811763686116542E-005                  2.7997020236474890E-001                  2.1025988500795508E-003                  6.1630907196949883E-004                  5.7221218635412092E-003                  1.2718648985637698E-003                  2.4871053158459604E-003                  7.0785021259492510E-023                  0.0000000000000000E+000                  0.0000000000000000E+000 
                                     298                  9.4997103360598623E-001                  1.6996106866373190E-001                  4.9440385270720890E+000                  7.5519792189521251E+000                  3.3557417301752024E-041                  7.0779998587156490E-001                  2.9811763686116555E-005                  2.7997020236474890E-001                  2.1025988500795508E-003                  6.1630907196949883E-004                  5.7221218635412092E-003                  1.2718648985637698E-003                  2.4871053158459604E-003                  7.2619334901075753E-023                  0.0000000000000000E+000                  0.0000000000000000E+000 
                                     299                  9.4996992313359163E-001                  1.6981059666421022E-001                  4.9495066347952603E+000                  7.5564172116221950E+000                  3.5620045054548449E-041                  7.0779998587156490E-001                  2.9811763686116566E-005                  2.7997020236474890E-001                  2.1025988500795508E-003                  6.1630907196949883E-004                  5.7221218635412092E-003                  1.2718648985637698E-003                  2.4871053158459604E-003                  7.4497625545123814E-023                  0.0000000000000000E+000                  0.0000000000000000E+000 
                                     300                  9.4996877358201837E-001                  1.6965852617049709E-001                  4.9549534759461844E+000                  7.5608770529913132E+000                  3.7807025739691170E-041                  7.0779998587156490E-001                  2.9811763686116579E-005                  2.7997020236474890E-001                  2.1025988500795508E-003                  6.1630907196949883E-004                  5.7221218635412092E-003                  1.2718648985637698E-003                  2.4871053158459604E-003                  7.6420749319290723E-023                  0.0000000000000000E+000                  0.0000000000000000E+000 
                                     301                  9.4996758358870015E-001                  1.6950483189939500E-001                  4.9603816745904039E+000                  7.5653594185423643E+000                  4.0125642136346969E-041                  7.0779998587156490E-001                  2.9811763686116589E-005                  2.7997020236474890E-001                  2.1025988500795508E-003                  6.1630907196949883E-004                  5.7221218635412092E-003                  1.2718648985637698E-003                  2.4871053158459604E-003                  7.8389554623513274E-023                  0.0000000000000000E+000                  0.0000000000000000E+000 
                                     302                  9.4996635174408894E-001                  1.6934948787058582E-001                  4.9657938366146004E+000                  7.5698650342448408E+000                  4.2583581375824285E-041                  7.0779998587156490E-001                  2.9811763686116603E-005                  2.7997020236474890E-001                  2.1025988500795508E-003                  6.1630907196949883E-004                  5.7221218635412092E-003                  1.2718648985637698E-003                  2.4871053158459604E-003                  8.0404886387463156E-023                  0.0000000000000000E+000                  0.0000000000000000E+000 
                                     303                  9.4996507659005880E-001                  1.6919246736832463E-001                  4.9711925268414507E+000                  7.5743945831994264E+000                  4.5188964831496908E-041                  7.0779998587156490E-001                  2.9811763686116616E-005                  2.7997020236474890E-001                  2.1025988500795508E-003                  6.1630907196949883E-004                  5.7221218635412092E-003                  1.2718648985637698E-003                  2.4871053158459604E-003                  8.2467602469809126E-023                  0.0000000000000000E+000                  0.0000000000000000E+000 
                                     304                  9.4996375661825394E-001                  1.6903374293560844E-001                  4.9765802488561537E+000                  7.5789487459674278E+000                  4.7950367611084286E-041                  7.0779998587156490E-001                  2.9811763686116627E-005                  2.7997020236474890E-001                  2.1025988500795508E-003                  6.1630907196949883E-004                  5.7221218635412092E-003                  1.2718648985637698E-003                  2.4871053158459604E-003                  8.4578566220672103E-023                  0.0000000000000000E+000                  0.0000000000000000E+000 
                                     305                  9.4996239026838403E-001                  1.6887328635359117E-001                  4.9819594474724944E+000                  7.5835282137666749E+000                  5.0876840927702643E-041                  7.0779998587156490E-001                  2.9811763686116640E-005                  2.7997020236474890E-001                  2.1025988500795508E-003                  6.1630907196949883E-004                  5.7221218635412092E-003                  1.2718648985637698E-003                  2.4871053158459604E-003                  8.6738643369440622E-023                  0.0000000000000000E+000                  0.0000000000000000E+000 
                                     306                  9.4996097592646056E-001                  1.6871106861540755E-001                  4.9873325052002091E+000                  7.5881336676753328E+000                  5.3977939303093845E-041                  7.0779998587156490E-001                  2.9811763686116650E-005                  2.7997020236474890E-001                  2.1025988500795508E-003                  6.1630907196949883E-004                  5.7221218635412092E-003                  1.2718648985637698E-003                  2.4871053158459604E-003                  8.8948705605523490E-023                  0.0000000000000000E+000                  0.0000000000000000E+000 
                                     307                  9.4995951192297579E-001                  1.6854705990689278E-001                  4.9927017236919093E+000                  7.5927657460182525E+000                  5.7263751373264694E-041                  7.0779998587156490E-001                  2.9811763686116664E-005                  2.7997020236474890E-001                  2.1025988500795508E-003                  6.1630907196949883E-004                  5.7221218635412092E-003                  1.2718648985637698E-003                  2.4871053158459604E-003                  9.1209637280897068E-023                  0.0000000000000000E+000                  0.0000000000000000E+000 
                                     308                  9.4995799653101909E-001                  1.6838122959919516E-001                  4.9980693140766110E+000                  7.5974250397145360E+000                  6.0744929666451938E-041                  7.0779998587156490E-001                  2.9811763686116677E-005                  2.7997020236474890E-001                  2.1025988500795508E-003                  6.1630907196949883E-004                  5.7221218635412092E-003                  1.2718648985637698E-003                  2.4871053158459604E-003                  9.3522337044746523E-023                  0.0000000000000000E+000                  0.0000000000000000E+000 
                                     309                  9.4995642796433266E-001                  1.6821354624330473E-001                  5.0034374012123113E+000                  7.6021120949604217E+000                  6.4432721117139568E-041                  7.0779998587156490E-001                  2.9811763686116691E-005                  2.7997020236474890E-001                  2.1025988500795508E-003                  6.1630907196949883E-004                  5.7221218635412092E-003                  1.2718648985637698E-003                  2.4871053158459604E-003                  9.5887718017308274E-023                  0.0000000000000000E+000                  0.0000000000000000E+000 
                                     310                  9.4995480437530155E-001                  1.6804397756377065E-001                  5.0088080185186765E+000                  7.6068274371279676E+000                  6.8338995827883388E-041                  7.0779998587156490E-001                  2.9811763686116701E-005                  2.7997020236474890E-001                  2.1025988500795508E-003                  6.1630907196949883E-004                  5.7221218635412092E-003                  1.2718648985637698E-003                  2.4871053158459604E-003                  9.8306703042836807E-023                  0.0000000000000000E+000                  0.0000000000000000E+000 
                                     311                  9.4995312385287645E-001                  1.6787249044318078E-001                  5.0141830957716209E+000                  7.6115715393710310E+000                  7.2476285495988324E-041                  7.0779998587156490E-001                  2.9811763686116715E-005                  2.7997020236474890E-001                  2.1025988500795508E-003                  6.1630907196949883E-004                  5.7221218635412092E-003                  1.2718648985637698E-003                  2.4871053158459604E-003                  1.0078023226864743E-022                  0.0000000000000000E+000                  0.0000000000000000E+000 
                                     312                  9.4995138442042881E-001                  1.6769905091886278E-001                  5.0195644560175303E+000                  7.6163447878046950E+000                  7.6857826058085793E-041                  7.0779998587156490E-001                  2.9811763686116725E-005                  2.7997020236474890E-001                  2.1025988500795508E-003                  6.1630907196949883E-004                  5.7221218635412092E-003                  1.2718648985637698E-003                  2.4871053158459604E-003                  1.0330927270523520E-022                  0.0000000000000000E+000                  0.0000000000000000E+000 
                                     313                  9.4994958403353347E-001                  1.6752362419405378E-001                  5.0249538176642021E+000                  7.6211474961439878E+000                  8.1497595352859681E-041                  7.0779998587156490E-001                  2.9811763686116738E-005                  2.7997020236474890E-001                  2.1025988500795508E-003                  6.1630907196949883E-004                  5.7221218635412092E-003                  1.2718648985637698E-003                  2.4871053158459604E-003                  1.0589481681146782E-022                  0.0000000000000000E+000                  0.0000000000000000E+000 
                                     314                  9.4994772057767907E-001                  1.6734617464433857E-001                  5.0303527903816816E+000                  7.6259799686826968E+000                  8.6410342711613330E-041                  7.0779998587156490E-001                  2.9811763686116752E-005                  2.7997020236474890E-001                  2.1025988500795508E-003                  6.1630907196949883E-004                  5.7221218635412092E-003                  1.2718648985637698E-003                  2.4871053158459604E-003                  1.0853786834224694E-022                  0.0000000000000000E+000                  0.0000000000000000E+000 
                                     315                  9.4994579186590145E-001                  1.6716666579903605E-001                  5.0357628693905010E+000                  7.6308424307833844E+000                  9.1611644558159732E-041                  7.0779998587156490E-001                  2.9811763686116766E-005                  2.7997020236474890E-001                  2.1025988500795508E-003                  6.1630907196949883E-004                  5.7221218635412092E-003                  1.2718648985637698E-003                  2.4871053158459604E-003                  1.1123946062983779E-022                  0.0000000000000000E+000                  0.0000000000000000E+000 
                                     316                  9.4994379563634013E-001                  1.6698506035117699E-001                  5.0411854345690514E+000                  7.6357349970225750E+000                  9.7117958922247368E-041                  7.0779998587156490E-001                  2.9811763686116776E-005                  2.7997020236474890E-001                  2.1025988500795508E-003                  6.1630907196949883E-004                  5.7221218635412092E-003                  1.2718648985637698E-003                  2.4871053158459604E-003                  1.1400066745045900E-022                  0.0000000000000000E+000                  0.0000000000000000E+000 
                                     317                  9.4994172954971290E-001                  1.6680132018219124E-001                  5.0466217507319806E+000                  7.6406577168774428E+000                  1.0294666712627191E-040                  7.0779998587156490E-001                  2.9811763686116789E-005                  2.7997020236474890E-001                  2.1025988500795508E-003                  6.1630907196949883E-004                  5.7221218635412092E-003                  1.2718648985637698E-003                  2.4871053158459604E-003                  1.1682259402708703E-022                  0.0000000000000000E+000                  0.0000000000000000E+000 
                                     318                  9.4993959118670790E-001                  1.6661540636914690E-001                  5.0520729675286091E+000                  7.6456106278190985E+000                  1.0911611327665838E-040                  7.0779998587156490E-001                  2.9811763686116803E-005                  2.7997020236474890E-001                  2.1025988500795508E-003                  6.1630907196949883E-004                  5.7221218635412092E-003                  1.2718648985637698E-003                  2.4871053158459604E-003                  1.1970636429561084E-022                  0.0000000000000000E+000                  0.0000000000000000E+000 
                                     319                  9.4993737804528922E-001                  1.6642727917005828E-001                  5.0575401186877400E+000                  7.6505936653820612E+000                  1.1564568030239015E-040                  7.0779998587156490E-001                  2.9811763686116816E-005                  2.7997020236474890E-001                  2.1025988500795508E-003                  6.1630907196949883E-004                  5.7221218635412092E-003                  1.2718648985637698E-003                  2.4871053158459604E-003                  1.2265314743519819E-022                  0.0000000000000000E+000                  0.0000000000000000E+000 
                                     320                  9.4993508753791334E-001                  1.6623689804838376E-001                  5.0630241206259852E+000                  7.6556066519813539E+000                  1.2255585511455434E-040                  7.0779998587156490E-001                  2.9811763686116827E-005                  2.7997020236474890E-001                  2.1025988500795508E-003                  6.1630907196949883E-004                  5.7221218635412092E-003                  1.2718648985637698E-003                  2.4871053158459604E-003                  1.2566416493784820E-022                  0.0000000000000000E+000                  0.0000000000000000E+000 
                                     321                  9.4993271698865467E-001                  1.6604422170463773E-001                  5.0685257743835512E+000                  7.6606493759420617E+000                  1.2986827210672383E-040                  7.0779998587156490E-001                  2.9811763686116843E-005                  2.7997020236474890E-001                  2.1025988500795508E-003                  6.1630907196949883E-004                  5.7221218635412092E-003                  1.2718648985637698E-003                  2.4871053158459604E-003                  1.2874067102237032E-022                  0.0000000000000000E+000                  0.0000000000000000E+000 
                                     322                  9.4993026363023536E-001                  1.6584920807509843E-001                  5.0740457705806961E+000                  7.6657215886530752E+000                  1.3760577885162873E-040                  7.0779998587156490E-001                  2.9811763686116854E-005                  2.7997020236474890E-001                  2.1025988500795508E-003                  6.1630907196949883E-004                  5.7221218635412092E-003                  1.2718648985637698E-003                  2.4871053158459604E-003                  1.3188395528358056E-022                  0.0000000000000000E+000                  0.0000000000000000E+000 
                                     323                  9.4992772460095842E-001                  1.6565181433237225E-001                  5.0795846904331938E+000                  7.6708229374195334E+000                  1.4579252748511323E-040                  7.0779998587156490E-001                  2.9811763686116867E-005                  2.7997020236474890E-001                  2.1025988500795508E-003                  6.1630907196949883E-004                  5.7221218635412092E-003                  1.2718648985637698E-003                  2.4871053158459604E-003                  1.3509536602743800E-022                  0.0000000000000000E+000                  0.0000000000000000E+000 
                                     324                  9.4992509694153959E-001                  1.6545199691754689E-001                  5.0851430046141033E+000                  7.6759529797036894E+000                  1.5445404927808698E-040                  7.0779998587156490E-001                  2.9811763686116877E-005                  2.7997020236474890E-001                  2.1025988500795508E-003                  6.1630907196949883E-004                  5.7221218635412092E-003                  1.2718648985637698E-003                  2.4871053158459604E-003                  1.3837631028384108E-022                  0.0000000000000000E+000                  0.0000000000000000E+000 
                                     325                  9.4992237759183507E-001                  1.6524971156836804E-001                  5.0907210799852365E+000                  7.6811112633136478E+000                  1.6361730812029615E-040                  7.0779998587156490E-001                  2.9811763686116891E-005                  2.7997020236474890E-001                  2.1025988500795508E-003                  6.1630907196949883E-004                  5.7221218635412092E-003                  1.2718648985637698E-003                  2.4871053158459604E-003                  1.4172823138605396E-022                  0.0000000000000000E+000                  0.0000000000000000E+000 
                                     326                  9.4991956338746175E-001                  1.6504491331199395E-001                  5.0963191876205460E+000                  7.6862972762922261E+000                  1.7331080094082181E-040                  7.0779998587156490E-001                  2.9811763686116901E-005                  2.7997020236474890E-001                  2.1025988500795508E-003                  6.1630907196949883E-004                  5.7221218635412092E-003                  1.2718648985637698E-003                  2.4871053158459604E-003                  1.4515262751353450E-022                  0.0000000000000000E+000                  0.0000000000000000E+000 
                                     327                  9.4991665105630807E-001                  1.6483755648184276E-001                  5.1019375027974005E+000                  7.6915104206266660E+000                  1.8356465975321892E-040                  7.0779998587156490E-001                  2.9811763686116918E-005                  2.7997020236474890E-001                  2.1025988500795508E-003                  6.1630907196949883E-004                  5.7221218635412092E-003                  1.2718648985637698E-003                  2.4871053158459604E-003                  1.4865106444357617E-022                  0.0000000000000000E+000                  0.0000000000000000E+000 
                                     328                  9.4991363721492805E-001                  1.6462759474884414E-001                  5.1075761076813704E+000                  7.6967500527942345E+000                  1.9441073361682384E-040                  7.0779998587156490E-001                  2.9811763686116932E-005                  2.7997020236474890E-001                  2.1025988500795508E-003                  6.1630907196949883E-004                  5.7221218635412092E-003                  1.2718648985637698E-003                  2.4871053158459604E-003                  1.5222516581712017E-022                  0.0000000000000000E+000                  0.0000000000000000E+000 
                                     329                  9.4991051836482043E-001                  1.6441498113543690E-001                  5.1132350023211837E+000                  7.7020155165099684E+000                  2.0588267474237457E-040                  7.0779998587156490E-001                  2.9811763686116945E-005                  2.7997020236474890E-001                  2.1025988500795508E-003                  6.1630907196949883E-004                  5.7221218635412092E-003                  1.2718648985637698E-003                  2.4871053158459604E-003                  1.5587660442995008E-022                  0.0000000000000000E+000                  0.0000000000000000E+000 
                                     330                  9.4990729088858405E-001                  1.6419966801480354E-001                  5.1189141115026207E+000                  7.7073061000803609E+000                  2.1801606344400120E-040                  7.0779998587156490E-001                  2.9811763686116955E-005                  2.7997020236474890E-001                  2.1025988500795508E-003                  6.1630907196949883E-004                  5.7221218635412092E-003                  1.2718648985637698E-003                  2.4871053158459604E-003                  1.5960712039857858E-022                  0.0000000000000000E+000                  0.0000000000000000E+000 
                                     331                  9.4990395104594905E-001                  1.6398160713203766E-001                  5.1246132848090218E+000                  7.7126210379943236E+000                  2.3084852326283464E-040                  7.0779998587156490E-001                  2.9811763686116969E-005                  2.7997020236474890E-001                  2.1025988500795508E-003                  6.1630907196949883E-004                  5.7221218635412092E-003                  1.2718648985637698E-003                  2.4871053158459604E-003                  1.6341852465011062E-022                  0.0000000000000000E+000                  0.0000000000000000E+000 
                                     332                  9.4990049496967788E-001                  1.6376074962643178E-001                  5.1303323049862932E+000                  7.7179595548070878E+000                  2.4441981955645931E-040                  7.0779998587156490E-001                  2.9811763686116982E-005                  2.7997020236474890E-001                  2.1025988500795508E-003                  6.1630907196949883E-004                  5.7221218635412092E-003                  1.2718648985637698E-003                  2.4871053158459604E-003                  1.6731268579021363E-022                  0.0000000000000000E+000                  0.0000000000000000E+000 
                                     333                  9.4989691866133541E-001                  1.6353704603313554E-001                  5.1360708996092139E+000                  7.7233208566538307E+000                  2.5877198879103640E-040                  7.0779998587156490E-001                  2.9811763686116996E-005                  2.7997020236474890E-001                  2.1025988500795508E-003                  6.1630907196949883E-004                  5.7221218635412092E-003                  1.2718648985637698E-003                  2.4871053158459604E-003                  1.7129153594722946E-022                  0.0000000000000000E+000                  0.0000000000000000E+000 
                                     334                  9.4989321798691895E-001                  1.6331044628985383E-001                  5.1418287443326456E+000                  7.7287041183732077E+000                  2.7394947989315434E-040                  7.0779998587156490E-001                  2.9811763686117010E-005                  2.7997020236474890E-001                  2.1025988500795508E-003                  6.1630907196949883E-004                  5.7221218635412092E-003                  1.2718648985637698E-003                  2.4871053158459604E-003                  1.7535707905723002E-022                  0.0000000000000000E+000                  0.0000000000000000E+000 
                                     335                  9.4988938867234785E-001                  1.6308089975128370E-001                  5.1476054669155893E+000                  7.7341084988283839E+000                  2.8999928782304260E-040                  7.0779998587156490E-001                  2.9811763686117020E-005                  2.7997020236474890E-001                  2.1025988500795508E-003                  6.1630907196949883E-004                  5.7221218635412092E-003                  1.2718648985637698E-003                  2.4871053158459604E-003                  1.7951138806249187E-022                  0.0000000000000000E+000                  0.0000000000000000E+000 
                                     336                  9.4988542629880568E-001                  1.6284835519677077E-001                  5.1534006589176222E+000                  7.7395331603893665E+000                  3.0697108976639201E-040                  7.0779998587156490E-001                  2.9811763686117033E-005                  2.7997020236474890E-001                  2.1025988500795508E-003                  6.1630907196949883E-004                  5.7221218635412092E-003                  1.2718648985637698E-003                  2.4871053158459604E-003                  1.8375659955085915E-022                  0.0000000000000000E+000                  0.0000000000000000E+000 
                                     337                  9.4988132629793198E-001                  1.6261276082834766E-001                  5.1592138840754744E+000                  7.7449772621452011E+000                  3.2491740543173641E-040                  7.0779998587156490E-001                  2.9811763686117047E-005                  2.7997020236474890E-001                  2.1025988500795508E-003                  6.1630907196949883E-004                  5.7221218635412092E-003                  1.2718648985637698E-003                  2.4871053158459604E-003                  1.8809491903657880E-022                  0.0000000000000000E+000                  0.0000000000000000E+000 
                                     338                  9.4987708394685777E-001                  1.6237406427280024E-001                  5.1650446805748063E+000                  7.7504399612590715E+000                  3.4389376189195282E-040                  7.0779998587156490E-001                  2.9811763686117060E-005                  2.7997020236474890E-001                  2.1025988500795508E-003                  6.1630907196949883E-004                  5.7221218635412092E-003                  1.2718648985637698E-003                  2.4871053158459604E-003                  1.9252862305692465E-022                  0.0000000000000000E+000                  0.0000000000000000E+000 
                                     339                  9.4987269436307953E-001                  1.6213221258353297E-001                  5.1708925696544492E+000                  7.7559204244193687E+000                  3.6395885952482912E-040                  7.0779998587156490E-001                  2.9811763686117074E-005                  2.7997020236474890E-001                  2.1025988500795508E-003                  6.1630907196949883E-004                  5.7221218635412092E-003                  1.2718648985637698E-003                  2.4871053158459604E-003                  1.9706005653898959E-022                  0.0000000000000000E+000                  0.0000000000000000E+000 
                                     340                  9.4986815249916889E-001                  1.6188715223649730E-001                  5.1767570660858393E+000                  7.7614178364641244E+000                  3.8517474774675150E-040                  7.0779998587156490E-001                  2.9811763686117087E-005                  2.7997020236474890E-001                  2.1025988500795508E-003                  6.1630907196949883E-004                  5.7221218635412092E-003                  1.2718648985637698E-003                  2.4871053158459604E-003                  2.0169163090767165E-022                  0.0000000000000000E+000                  0.0000000000000000E+000 
                                     341                  9.4986345313730969E-001                  1.6163882912129787E-001                  5.1826376820748816E+000                  7.7669314027422063E+000                  4.0760701468741934E-040                  7.0779998587156490E-001                  2.9811763686117101E-005                  2.7997020236474890E-001                  2.1025988500795508E-003                  6.1630907196949883E-004                  5.7221218635412092E-003                  1.2718648985637698E-003                  2.4871053158459604E-003                  2.0642582473040220E-022                  0.0000000000000000E+000                  0.0000000000000000E+000 
                                     342                  9.4985859088366031E-001                  1.6138718853070877E-001                  5.1885339315813512E+000                  7.7724603476021104E+000                  4.3132499095008141E-040                  7.0779998587156490E-001                  2.9811763686117111E-005                  2.7997020236474890E-001                  2.1025988500795508E-003                  6.1630907196949883E-004                  5.7221218635412092E-003                  1.2718648985637698E-003                  2.4871053158459604E-003                  2.1126518618648247E-022                  0.0000000000000000E+000                  0.0000000000000000E+000 
                                     343                  9.4985356016253353E-001                  1.6113217515074280E-001                  5.1944453380321596E+000                  7.7780039204496729E+000                  4.5640195723924668E-040                  7.0779998587156490E-001                  2.9811763686117125E-005                  2.7997020236474890E-001                  2.1025988500795508E-003                  6.1630907196949883E-004                  5.7221218635412092E-003                  1.2718648985637698E-003                  2.4871053158459604E-003                  2.1621233173028285E-022                  0.0000000000000000E+000                  0.0000000000000000E+000 
                                     344                  9.4984835521038946E-001                  1.6087373304681815E-001                  5.2003714394032494E+000                  7.7835614063226544E+000                  4.8291535689454411E-040                  7.0779998587156490E-001                  2.9811763686117138E-005                  2.7997020236474890E-001                  2.1025988500795508E-003                  6.1630907196949883E-004                  5.7221218635412092E-003                  1.2718648985637698E-003                  2.4871053158459604E-003                  2.2126994198235662E-022                  0.0000000000000000E+000                  0.0000000000000000E+000 
                                     345                  9.4984297006964002E-001                  1.6061180564297953E-001                  5.2063117900063487E+000                  7.7891321229672572E+000                  5.1094703305189311E-040                  7.0779998587156490E-001                  2.9811763686117152E-005                  2.7997020236474890E-001                  2.1025988500795508E-003                  6.1630907196949883E-004                  5.7221218635412092E-003                  1.2718648985637698E-003                  2.4871053158459604E-003                  2.2644076416019778E-022                  0.0000000000000000E+000                  0.0000000000000000E+000 
                                     346                  9.4983739858225169E-001                  1.6034633570187246E-001                  5.2122659622894414E+000                  7.7947154112341268E+000                  5.4058348814355809E-040                  7.0779998587156490E-001                  2.9811763686117162E-005                  2.7997020236474890E-001                  2.1025988500795508E-003                  6.1630907196949883E-004                  5.7221218635412092E-003                  1.2718648985637698E-003                  2.4871053158459604E-003                  2.3172761840385187E-022                  0.0000000000000000E+000                  0.0000000000000000E+000 
                                     347                  9.4983163438314455E-001                  1.6007726530969868E-001                  5.2182335484684295E+000                  7.8003106472459010E+000                  5.7191613250728070E-040                  7.0779998587156490E-001                  2.9811763686117176E-005                  2.7997020236474890E-001                  2.1025988500795508E-003                  6.1630907196949883E-004                  5.7221218635412092E-003                  1.2718648985637698E-003                  2.4871053158459604E-003                  2.3713339258920418E-022                  0.0000000000000000E+000                  0.0000000000000000E+000 
                                     348                  9.4982567089338088E-001                  1.5980453585291263E-001                  5.2242141615407727E+000                  7.8059172443350322E+000                  6.0504155648930266E-040                  7.0779998587156490E-001                  2.9811763686117189E-005                  2.7997020236474890E-001                  2.1025988500795508E-003                  6.1630907196949883E-004                  5.7221218635412092E-003                  1.2718648985637698E-003                  2.4871053158459604E-003                  2.4266104206380368E-022                  0.0000000000000000E+000                  0.0000000000000000E+000 
                                     349                  9.4981950131313275E-001                  1.5952808799250795E-001                  5.2302074333970419E+000                  7.8115346373139305E+000                  6.4006184262641465E-040                  7.0779998587156490E-001                  2.9811763686117203E-005                  2.7997020236474890E-001                  2.1025988500795508E-003                  6.1630907196949883E-004                  5.7221218635412092E-003                  1.2718648985637698E-003                  2.4871053158459604E-003                  2.4831359965561262E-022                  0.0000000000000000E+000                  0.0000000000000000E+000 
                                     350                  9.4981311861442719E-001                  1.5924786164713253E-001                  5.2362130112924632E+000                  7.8171622833469296E+000                  6.7708487542075057E-040                  7.0779998587156490E-001                  2.9811763686117216E-005                  2.7997020236474890E-001                  2.1025988500795508E-003                  6.1630907196949883E-004                  5.7221218635412092E-003                  1.2718648985637698E-003                  2.4871053158459604E-003                  2.5409417688174387E-022                  0.0000000000000000E+000                  0.0000000000000000E+000 
                                     351                  9.4980651553365847E-001                  1.5896379597494412E-001                  5.2422305568710517E+000                  7.8227996681129648E+000                  7.1622465939981752E-040                  7.0779998587156490E-001                  2.9811763686117230E-005                  2.7997020236474890E-001                  2.1025988500795508E-003                  6.1630907196949883E-004                  5.7221218635412092E-003                  1.2718648985637698E-003                  2.4871053158459604E-003                  2.6000596185792660E-022                  0.0000000000000000E+000                  0.0000000000000000E+000 
                                     352                  9.4979968456386177E-001                  1.5867582935061292E-001                  5.2482597449269113E+000                  7.8284462955523155E+000                  7.5760168033057939E-040                  7.0779998587156490E-001                  2.9811763686117240E-005                  2.7997020236474890E-001                  2.1025988500795508E-003                  6.1630907196949883E-004                  5.7221218635412092E-003                  1.2718648985637698E-003                  2.4871053158459604E-003                  2.6605222703187232E-022                  0.0000000000000000E+000                  0.0000000000000000E+000 
                                     353                  9.4979261794674186E-001                  1.5838389934813049E-001                  5.2543002594522390E+000                  7.8341016796326075E+000                  8.0134328893967011E-040                  7.0779998587156490E-001                  2.9811763686117257E-005                  2.7997020236474890E-001                  2.1025988500795508E-003                  6.1630907196949883E-004                  5.7221218635412092E-003                  1.2718648985637698E-003                  2.4871053158459604E-003                  2.7223633672025416E-022                  0.0000000000000000E+000                  0.0000000000000000E+000 
                                     354                  9.4978530766444258E-001                  1.5808794272856938E-001                  5.2603517912017086E+000                  7.8397653516446271E+000                  8.4758407777356836E-040                  7.0779998587156490E-001                  2.9811763686117267E-005                  2.7997020236474890E-001                  2.1025988500795508E-003                  6.1630907196949883E-004                  5.7221218635412092E-003                  1.2718648985637698E-003                  2.4871053158459604E-003                  2.7856174470610620E-022                  0.0000000000000000E+000                  0.0000000000000000E+000 
                                     355                  9.4977774543106319E-001                  1.5778789542249710E-001                  5.2664140377042159E+000                  7.8454368566743664E+000                  8.9646629876809173E-040                  7.0779998587156490E-001                  2.9811763686117281E-005                  2.7997020236474890E-001                  2.1025988500795508E-003                  6.1630907196949883E-004                  5.7221218635412092E-003                  1.2718648985637698E-003                  2.4871053158459604E-003                  2.8503199873218885E-022                  0.0000000000000000E+000                  0.0000000000000000E+000 
                                     356                  9.4976992268390681E-001                  1.5748369251419228E-001                  5.2724867028147253E+000                  7.8511157435435779E+000                  9.4814032051722422E-040                  7.0779998587156490E-001                  2.9811763686117294E-005                  2.7997020236474890E-001                  2.1025988500795508E-003                  6.1630907196949883E-004                  5.7221218635412092E-003                  1.2718648985637698E-003                  2.4871053158459604E-003                  2.9165074991345974E-022                  0.0000000000000000E+000                  0.0000000000000000E+000 
                                     357                  9.4976183057445518E-001                  1.5717526823247610E-001                  5.2785694963090819E+000                  7.8568015738939270E+000                  1.0027650740221579E-039                  7.0779998587156490E-001                  2.9811763686117308E-005                  2.7997020236474890E-001                  2.1025988500795508E-003                  6.1630907196949883E-004                  5.7221218635412092E-003                  1.2718648985637698E-003                  2.4871053158459604E-003                  2.9842174965395795E-022                  0.0000000000000000E+000                  0.0000000000000000E+000 
                                     358                  9.4975345995905847E-001                  1.5686255593494847E-001                  5.2846621342804321E+000                  7.8624939234729450E+000                  1.0605085375941634E-039                  7.0779998587156490E-001                  2.9811763686117321E-005                  2.7997020236474890E-001                  2.1025988500795508E-003                  6.1630907196949883E-004                  5.7221218635412092E-003                  1.2718648985637698E-003                  2.4871053158459604E-003                  3.0534885147515196E-022                  0.0000000000000000E+000                  0.0000000000000000E+000 
                                     359                  9.4974480138933093E-001                  1.5654548809076910E-001                  5.2907643408089688E+000                  7.8681923734303538E+000                  1.1215482743191069E-039                  7.0779998587156490E-001                  2.9811763686117335E-005                  2.7997020236474890E-001                  2.1025988500795508E-003                  6.1630907196949883E-004                  5.7221218635412092E-003                  1.2718648985637698E-003                  2.4871053158459604E-003                  3.1243602024590414E-022                  0.0000000000000000E+000                  0.0000000000000000E+000 
                                     360                  9.4973584510224507E-001                  1.5622399626927827E-001                  5.2968758501051676E+000                  7.8738965180051084E+000                  1.1860719617301991E-039                  7.0779998587156490E-001                  2.9811763686117348E-005                  2.7997020236474890E-001                  2.1025988500795508E-003                  6.1630907196949883E-004                  5.7221218635412092E-003                  1.2718648985637698E-003                  2.4871053158459604E-003                  3.1968732989525545E-022                  0.0000000000000000E+000                  0.0000000000000000E+000 
                                     361                  9.4972658100991048E-001                  1.5589801112266688E-001                  5.3029964075619969E+000                  7.8796059705127011E+000                  1.7162652490226859E-039                  7.0779998587156490E-001                  2.9811763686117358E-005                  2.7997020236474890E-001                  2.1025988500795508E-003                  6.1630907196949883E-004                  5.7221218635412092E-003                  1.2718648985637698E-003                  2.4871053158459604E-003                  3.5565795444075063E-022                  0.0000000000000000E+000                  0.0000000000000000E+000 
                                     362                  9.4971699868903503E-001                  1.5556746236349273E-001                  5.3091257709810362E+000                  7.8853203560703928E+000                  4.8088164127825204E-039                  7.0779998587156490E-001                  2.9811763686117375E-005                  2.7997020236474890E-001                  2.1025988500795508E-003                  6.1630907196949883E-004                  5.7221218635412092E-003                  1.2718648985637698E-003                  2.4871053158459604E-003                  4.7196784329162043E-022                  0.0000000000000000E+000                  0.0000000000000000E+000 
                                     363                  9.4970708737005094E-001                  1.5523227874686923E-001                  5.3152637125367770E+000                  7.8910393130368384E+000                  1.3429664288646417E-038                  7.0779998587156490E-001                  2.9811763686117386E-005                  2.7997020236474890E-001                  2.1025988500795508E-003                  6.1630907196949883E-004                  5.7221218635412092E-003                  1.2718648985637698E-003                  2.4871053158459604E-003                  6.2574498842041190E-022                  0.0000000000000000E+000                  0.0000000000000000E+000 
                                     364                  9.4969683592590248E-001                  1.5489238805093652E-001                  5.3214100200011556E+000                  7.8967625023109962E+000                  3.7381116103413346E-038                  7.0779998587156490E-001                  2.9811763686117403E-005                  2.7997020236474890E-001                  2.1025988500795508E-003                  6.1630907196949883E-004                  5.7221218635412092E-003                  1.2718648985637698E-003                  2.4871053158459604E-003                  8.2886596693786866E-022                  0.0000000000000000E+000                  0.0000000000000000E+000 
                                     365                  9.4968623286047948E-001                  1.5454771704925391E-001                  5.3275644970520268E+000                  7.9024896027243479E+000                  1.0370214834948863E-037                  7.0779998587156490E-001                  2.9811763686117413E-005                  2.7997020236474890E-001                  2.1025988500795508E-003                  6.1630907196949883E-004                  5.7221218635412092E-003                  1.2718648985637698E-003                  2.4871053158459604E-003                  1.0969085344082071E-021                  0.0000000000000000E+000                  0.0000000000000000E+000 
                                     366                  9.4967526629669230E-001                  1.5419819148564864E-001                  5.3337269632872149E+000                  7.9082203050419553E+000                  2.8672213485855213E-037                  7.0779998587156490E-001                  2.9811763686117430E-005                  2.7997020236474890E-001                  2.1025988500795508E-003                  6.1630907196949883E-004                  5.7221218635412092E-003                  1.2718648985637698E-003                  2.4871053158459604E-003                  1.4502847316339564E-021                  0.0000000000000000E+000                  0.0000000000000000E+000 
                                     367                  9.4966392396418342E-001                  1.5384373605291751E-001                  5.3398972542511540E+000                  7.9139543202711842E+000                  7.9006660092965283E-037                  7.0779998587156490E-001                  2.9811763686117440E-005                  2.7997020236474890E-001                  2.1025988500795508E-003                  6.1630907196949883E-004                  5.7221218635412092E-003                  1.2718648985637698E-003                  2.4871053158459604E-003                  1.9157145296388708E-021                  0.0000000000000000E+000                  0.0000000000000000E+000 
                                     368                  9.4965219318666449E-001                  1.5348427436390608E-001                  5.3460752213314278E+000                  7.9196913784511747E+000                  2.1696383421201834E-036                  7.0779998587156490E-001                  2.9811763686117453E-005                  2.7997020236474890E-001                  2.1025988500795508E-003                  6.1630907196949883E-004                  5.7221218635412092E-003                  1.2718648985637698E-003                  2.4871053158459604E-003                  2.5281404845560418E-021                  0.0000000000000000E+000                  0.0000000000000000E+000 
                                     369                  9.4964006086885977E-001                  1.5311972892233855E-001                  5.3522607303170968E+000                  7.9254312200659074E+000                  5.9377988273621001E-036                  7.0779998587156490E-001                  2.9811763686117467E-005                  2.7997020236474890E-001                  2.1025988500795508E-003                  6.1630907196949883E-004                  5.7221218635412092E-003                  1.2718648985637698E-003                  2.4871053158459604E-003                  3.3332127959469195E-021                  0.0000000000000000E+000                  0.0000000000000000E+000 
                                     370                  9.4962751348304664E-001                  1.5275002109971039E-001                  5.3584536598460488E+000                  7.9311736006813360E+000                  1.6194688394667776E-035                  7.0779998587156490E-001                  2.9811763686117484E-005                  2.7997020236474890E-001                  2.1025988500795508E-003                  6.1630907196949883E-004                  5.7221218635412092E-003                  1.2718648985637698E-003                  2.4871053158459604E-003                  4.3905113452828000E-021                  0.0000000000000000E+000                  0.0000000000000000E+000 
                                     371                  9.4961453705517651E-001                  1.5237507110739720E-001                  5.3646539010154433E+000                  7.9369182918848482E+000                  4.4017355798458172E-035                  7.0779998587156490E-001                  2.9811763686117497E-005                  2.7997020236474890E-001                  2.1025988500795508E-003                  6.1630907196949883E-004                  5.7221218635412092E-003                  1.2718648985637698E-003                  2.4871053158459604E-003                  5.7777193379127118E-021                  0.0000000000000000E+000                  0.0000000000000000E+000 
                                     372                  9.4960111715056839E-001                  1.5199479796684109E-001                  5.3708613558766043E+000                  7.9426650741673468E+000                  1.1922733433424165E-034                  7.0779998587156490E-001                  2.9811763686117511E-005                  2.7997020236474890E-001                  2.1025988500795508E-003                  6.1630907196949883E-004                  5.7221218635412092E-003                  1.2718648985637698E-003                  2.4871053158459604E-003                  7.5960239891324650E-021                  0.0000000000000000E+000                  0.0000000000000000E+000 
                                     373                  9.4958723885915852E-001                  1.5160911948485550E-001                  5.3770759352907369E+000                  7.9484137373134267E+000                  3.2182900829891696E-034                  7.0779998587156490E-001                  2.9811763686117528E-005                  2.7997020236474890E-001                  2.1025988500795508E-003                  6.1630907196949883E-004                  5.7221218635412092E-003                  1.2718648985637698E-003                  2.4871053158459604E-003                  9.9770975526836280E-021                  0.0000000000000000E+000                  0.0000000000000000E+000 
                                     374                  9.4957288678029528E-001                  1.5121795222777873E-001                  5.3832975582068370E+000                  7.9541640824247777E+000                  8.6570417956971451E-034                  7.0779998587156490E-001                  2.9811763686117541E-005                  2.7997020236474890E-001                  2.1025988500795508E-003                  6.1630907196949883E-004                  5.7221218635412092E-003                  1.2718648985637698E-003                  2.4871053158459604E-003                  1.3092112675797696E-020                  0.0000000000000000E+000                  0.0000000000000000E+000 
                                     375                  9.4955804500706520E-001                  1.5082121149292024E-001                  5.3895261508659029E+000                  7.9599159173531202E+000                  2.3206362719867937E-033                  7.0779998587156490E-001                  2.9811763686117558E-005                  2.7997020236474890E-001                  2.1025988500795508E-003                  6.1630907196949883E-004                  5.7221218635412092E-003                  1.2718648985637698E-003                  2.4871053158459604E-003                  1.7163373242889017E-020                  0.0000000000000000E+000                  0.0000000000000000E+000 
                                     376                  9.4954269711013572E-001                  1.5041881128321674E-001                  5.3957616452479096E+000                  7.9656690548638993E+000                  6.1992102742582198E-033                  7.0779998587156490E-001                  2.9811763686117575E-005                  2.7997020236474890E-001                  2.1025988500795508E-003                  6.1630907196949883E-004                  5.7221218635412092E-003                  1.2718648985637698E-003                  2.4871053158459604E-003                  2.2479303474031010E-020                  0.0000000000000000E+000                  0.0000000000000000E+000 
                                     377                  9.4952682612111217E-001                  1.5001066428285392E-001                  5.4020039783258280E+000                  7.9714233145245537E+000                  1.6502758836811972E-032                  7.0779998587156490E-001                  2.9811763686117592E-005                  2.7997020236474890E-001                  2.1025988500795508E-003                  6.1630907196949883E-004                  5.7221218635412092E-003                  1.2718648985637698E-003                  2.4871053158459604E-003                  2.9413746493972748E-020                  0.0000000000000000E+000                  0.0000000000000000E+000 
                                     378                  9.4951041451540630E-001                  1.4959668183042590E-001                  5.4082530918772624E+000                  7.9771785200866168E+000                  4.3779109357946889E-032                  7.0779998587156490E-001                  2.9811763686117606E-005                  2.7997020236474890E-001                  2.1025988500795508E-003                  6.1630907196949883E-004                  5.7221218635412092E-003                  1.2718648985637698E-003                  2.4871053158459604E-003                  3.8450786935033260E-020                  0.0000000000000000E+000                  0.0000000000000000E+000 
                                     379                  9.4949344419458737E-001                  1.4917677389380860E-001                  5.4145089319398618E+000                  7.9829344974519287E+000                  1.1573570837448536E-031                  7.0779998587156490E-001                  2.9811763686117626E-005                  2.7997020236474890E-001                  2.1025988500795508E-003                  6.1630907196949883E-004                  5.7221218635412092E-003                  1.2718648985637698E-003                  2.4871053158459604E-003                  5.0216646685865093E-020                  0.0000000000000000E+000                  0.0000000000000000E+000 
                                     380                  9.4947589646819930E-001                  1.4875084904636604E-001                  5.4207714484701848E+000                  7.9886910776532094E+000                  3.0490031411791030E-031                  7.0779998587156490E-001                  2.9811763686117643E-005                  2.7997020236474890E-001                  2.1025988500795508E-003                  6.1630907196949883E-004                  5.7221218635412092E-003                  1.2718648985637698E-003                  2.4871053158459604E-003                  6.5520627808663036E-020                  0.0000000000000000E+000                  0.0000000000000000E+000 
                                     381                  9.4945775203502403E-001                  1.4831881443964889E-001                  5.4270405954575400E+000                  7.9944480958279689E+000                  8.0045873346491283E-031                  7.0779998587156490E-001                  2.9811763686117660E-005                  2.7997020236474890E-001                  2.1025988500795508E-003                  6.1630907196949883E-004                  5.7221218635412092E-003                  1.2718648985637698E-003                  2.4871053158459604E-003                  8.5407619915520202E-020                  0.0000000000000000E+000                  0.0000000000000000E+000 
                                     382                  9.4943899096377793E-001                  1.4788057577635419E-001                  5.4333163312457655E+000                  8.0002053890249751E+000                  2.0941665996887746E-030                  7.0779998587156490E-001                  2.9811763686117680E-005                  2.7997020236474890E-001                  2.1025988500795508E-003                  6.1630907196949883E-004                  5.7221218635412092E-003                  1.2718648985637698E-003                  2.4871053158459604E-003                  1.1122537198344931E-019                  0.0000000000000000E+000                  0.0000000000000000E+000 
                                     383                  9.4941959267322240E-001                  1.4743603728480575E-001                  5.4395986188371861E+000                  8.0059627997536253E+000                  5.4597895669277121E-030                  7.0779998587156490E-001                  2.9811763686117697E-005                  2.7997020236474890E-001                  2.1025988500795508E-003                  6.1630907196949883E-004                  5.7221218635412092E-003                  1.2718648985637698E-003                  2.4871053158459604E-003                  1.4471059641073408E-019                  0.0000000000000000E+000                  0.0000000000000000E+000 
                                     384                  9.4939953591167325E-001                  1.4698510168916001E-001                  5.4458874261857169E+000                  8.0117201760618553E+000                  1.4185163547666937E-029                  7.0779998587156490E-001                  2.9811763686117718E-005                  2.7997020236474890E-001                  2.1025988500795508E-003                  6.1630907196949883E-004                  5.7221218635412092E-003                  1.2718648985637698E-003                  2.4871053158459604E-003                  1.8809907120482980E-019                  0.0000000000000000E+000                  0.0000000000000000E+000 
                                     385                  9.4937879873589137E-001                  1.4652767017865417E-001                  5.4521827272236845E+000                  8.0174773694039612E+000                  3.6727252456770337E-029                  7.0779998587156490E-001                  2.9811763686117735E-005                  2.7997020236474890E-001                  2.1025988500795508E-003                  6.1630907196949883E-004                  5.7221218635412092E-003                  1.2718648985637698E-003                  2.4871053158459604E-003                  2.4426630428127510E-019                  0.0000000000000000E+000                  0.0000000000000000E+000 
                                     386                  9.4935735848933556E-001                  1.4606364237822142E-001                  5.4584845030144775E+000                  8.0232342382303621E+000                  9.4763377843580183E-029                  7.0779998587156490E-001                  2.9811763686117758E-005                  2.7997020236474890E-001                  2.1025988500795508E-003                  6.1630907196949883E-004                  5.7221218635412092E-003                  1.2718648985637698E-003                  2.4871053158459604E-003                  3.1690706995932745E-019                  0.0000000000000000E+000                  0.0000000000000000E+000 
                                     387                  9.4933519177978054E-001                  1.4559291631443338E-001                  5.4647927422839366E+000                  8.0289906485911704E+000                  2.4366512046406314E-028                  7.0779998587156490E-001                  2.9811763686117779E-005                  2.7997020236474890E-001                  2.1025988500795508E-003                  6.1630907196949883E-004                  5.7221218635412092E-003                  1.2718648985637698E-003                  2.4871053158459604E-003                  4.1076434495048080E-019                  0.0000000000000000E+000                  0.0000000000000000E+000 
                                     388                  9.4931227445629807E-001                  1.4511538837968777E-001                  5.4711074427184352E+000                  8.0347464716843557E+000                  6.2438203732844428E-028                  7.0779998587156490E-001                  2.9811763686117799E-005                  2.7997020236474890E-001                  2.1025988500795508E-003                  6.1630907196949883E-004                  5.7221218635412092E-003                  1.2718648985637698E-003                  2.4871053158459604E-003                  5.3192099224628307E-019                  0.0000000000000000E+000                  0.0000000000000000E+000 
                                     389                  9.4928858158556473E-001                  1.4463095329795103E-001                  5.4774286127089784E+000                  8.0405015876669506E+000                  1.5944672271184616E-027                  7.0779998587156490E-001                  2.9811763686117819E-005                  2.7997020236474890E-001                  2.1025988500795508E-003                  6.1630907196949883E-004                  5.7221218635412092E-003                  1.2718648985637698E-003                  2.4871053158459604E-003                  6.8817105643515782E-019                  0.0000000000000000E+000                  0.0000000000000000E+000 
                                     390                  9.4926408742746593E-001                  1.4413950408516013E-001                  5.4837562721567972E+000                  8.0462558882972175E+000                  4.0578281494634035E-027                  7.0779998587156490E-001                  2.9811763686117840E-005                  2.7997020236474890E-001                  2.1025988500795508E-003                  6.1630907196949883E-004                  5.7221218635412092E-003                  1.2718648985637698E-003                  2.4871053158459604E-003                  8.8949197077144142E-019                  0.0000000000000000E+000                  0.0000000000000000E+000 
                                     391                  9.4923876540997920E-001                  1.4364093200520953E-001                  5.4900904530105237E+000                  8.0520092737590776E+000                  1.0291768438241952E-026                  7.0779998587156490E-001                  2.9811763686117860E-005                  2.7997020236474890E-001                  2.1025988500795508E-003                  6.1630907196949883E-004                  5.7221218635412092E-003                  1.2718648985637698E-003                  2.4871053158459604E-003                  1.1486445953958084E-018                  0.0000000000000000E+000                  0.0000000000000000E+000 
                                     392                  9.4921258810331277E-001                  1.4313512652798055E-001                  5.4964311999443929E+000                  8.0577616541823449E+000                  2.6014214535144361E-026                  7.0779998587156490E-001                  2.9811763686117887E-005                  2.7997020236474890E-001                  2.1025988500795508E-003                  6.1630907196949883E-004                  5.7221218635412092E-003                  1.2718648985637698E-003                  2.4871053158459604E-003                  1.4819350385625515E-018                  0.0000000000000000E+000                  0.0000000000000000E+000 
                                     393                  9.4918552719328153E-001                  1.4262197528412113E-001                  5.5027785707423158E+000                  8.0635129529877148E+000                  6.5533387538637675E-026                  7.0779998587156490E-001                  2.9811763686117911E-005                  2.7997020236474890E-001                  2.1025988500795508E-003                  6.1630907196949883E-004                  5.7221218635412092E-003                  1.2718648985637698E-003                  2.4871053158459604E-003                  1.9101810581067683E-018                  0.0000000000000000E+000                  0.0000000000000000E+000 
                                     394                  9.4915755345389596E-001                  1.4210136401417281E-001                  5.5091326355250940E+000                  8.0692631032004005E+000                  1.6453308346344222E-025                  7.0779998587156490E-001                  2.9811763686117934E-005                  2.7997020236474890E-001                  2.1025988500795508E-003                  6.1630907196949883E-004                  5.7221218635412092E-003                  1.2718648985637698E-003                  2.4871053158459604E-003                  2.4599369101882706E-018                  0.0000000000000000E+000                  0.0000000000000000E+000 
                                     395                  9.4912863671914416E-001                  1.4157317652017989E-001                  5.5154934747559521E+000                  8.0750120446881013E+000                  4.1170918789370594E-025                  7.0779998587156490E-001                  2.9811763686117958E-005                  2.7997020236474890E-001                  2.1025988500795508E-003                  6.1630907196949883E-004                  5.7221218635412092E-003                  1.2718648985637698E-003                  2.4871053158459604E-003                  3.1650443477339278E-018                  0.0000000000000000E+000                  0.0000000000000000E+000 
                                     396                  9.4909874585395682E-001                  1.4103729461895576E-001                  5.5218611779588507E+000                  8.0807597254418653E+000                  1.0267932534310253E-024                  7.0779998587156490E-001                  2.9811763686117982E-005                  2.7997020236474890E-001                  2.1025988500795508E-003                  6.1630907196949883E-004                  5.7221218635412092E-003                  1.2718648985637698E-003                  2.4871053158459604E-003                  4.0685950460481539E-018                  0.0000000000000000E+000                  0.0000000000000000E+000 
                                     397                  9.4906784872437278E-001                  1.4049359809217551E-001                  5.5282358423547020E+000                  8.0865060986344197E+000                  2.5523451984788095E-024                  7.0779998587156490E-001                  2.9811763686118006E-005                  2.7997020236474890E-001                  2.1025988500795508E-003                  6.1630907196949883E-004                  5.7221218635412092E-003                  1.2718648985637698E-003                  2.4871053158459604E-003                  5.2254115070210983E-018                  0.0000000000000000E+000                  0.0000000000000000E+000 
                                     398                  9.4903591216687455E-001                  1.3994196463845890E-001                  5.5346175694659072E+000                  8.0922511181978241E+000                  6.3236630198323442E-024                  7.0779998587156490E-001                  2.9811763686118033E-005                  2.7997020236474890E-001                  2.1025988500795508E-003                  6.1630907196949883E-004                  5.7221218635412092E-003                  1.2718648985637698E-003                  2.4871053158459604E-003                  6.7051803233789420E-018                  0.0000000000000000E+000                  0.0000000000000000E+000 
                                     399                  9.4900290195683867E-001                  1.3938226982961760E-001                  5.5410064625466449E+000                  8.0979947384782829E+000                  1.5616360958329226E-023                  7.0779998587156490E-001                  2.9811763686118056E-005                  2.7997020236474890E-001                  2.1025988500795508E-003                  6.1630907196949883E-004                  5.7221218635412092E-003                  1.2718648985637698E-003                  2.4871053158459604E-003                  8.5964061613636384E-018                  0.0000000000000000E+000                  0.0000000000000000E+000 
                                     400                  9.4896878277607988E-001                  1.3881438706618382E-001                  5.5474026255321354E+000                  8.1037369133639210E+000                  3.8439844054917895E-023                  7.0779998587156490E-001                  2.9811763686118087E-005                  2.7997020236474890E-001                  2.1025988500795508E-003                  6.1630907196949883E-004                  5.7221218635412092E-003                  1.2718648985637698E-003                  2.4871053158459604E-003                  1.1011397556516194E-017                  0.0000000000000000E+000                  0.0000000000000000E+000 
                                     401                  9.4893351817946159E-001                  1.3823818753292105E-001                  5.5538061609505043E+000                  8.1094775941813655E+000                  9.4315430368808628E-023                  7.0779998587156490E-001                  2.9811763686118114E-005                  2.7997020236474890E-001                  2.1025988500795508E-003                  6.1630907196949883E-004                  5.7221218635412092E-003                  1.2718648985637698E-003                  2.4871053158459604E-003                  1.4092547755328300E-017                  0.0000000000000000E+000                  0.0000000000000000E+000 
                                     402                  9.4889707056054717E-001                  1.3765354015604087E-001                  5.5602171681577417E+000                  8.1152167282806325E+000                  2.3067028117815732E-022                  7.0779998587156490E-001                  2.9811763686118145E-005                  2.7997020236474890E-001                  2.1025988500795508E-003                  6.1630907196949883E-004                  5.7221218635412092E-003                  1.2718648985637698E-003                  2.4871053158459604E-003                  1.8020240377756806E-017                  0.0000000000000000E+000                  0.0000000000000000E+000 
                                     403                  9.4885940111626810E-001                  1.3706031156140314E-001                  5.5666357429171640E+000                  8.1209542590048240E+000                  5.6236255481809158E-022                  7.0779998587156490E-001                  2.9811763686118168E-005                  2.7997020236474890E-001                  2.1025988500795508E-003                  6.1630907196949883E-004                  5.7221218635412092E-003                  1.2718648985637698E-003                  2.4871053158459604E-003                  2.3022792447475695E-017                  0.0000000000000000E+000                  0.0000000000000000E+000 
                                     404                  9.4882046981057944E-001                  1.3645836603192571E-001                  5.5730619773472929E+000                  8.1266901261898230E+000                  1.3666735731119498E-021                  7.0779998587156490E-001                  2.9811763686118199E-005                  2.7997020236474890E-001                  2.1025988500795508E-003                  6.1630907196949883E-004                  5.7221218635412092E-003                  1.2718648985637698E-003                  2.4871053158459604E-003                  2.9388949192689493E-017                  0.0000000000000000E+000                  0.0000000000000000E+000 
                                     405                  9.4878023533710676E-001                  1.3584756546344076E-001                  5.5794959599627880E+000                  8.1324242647777023E+000                  3.3108869875108689E-021                  7.0779998587156490E-001                  2.9811763686118229E-005                  2.7997020236474890E-001                  2.1025988500795508E-003                  6.1630907196949883E-004                  5.7221218635412092E-003                  1.2718648985637698E-003                  2.4871053158459604E-003                  3.7483572476552939E-017                  0.0000000000000000E+000                  0.0000000000000000E+000 
                                     406                  9.4873865508081157E-001                  1.3522776932160890E-001                  5.5859377758049300E+000                  8.1381566046662410E+000                  7.9958072533920864E-021                  7.0779998587156490E-001                  2.9811763686118260E-005                  2.7997020236474890E-001                  2.1025988500795508E-003                  6.1630907196949883E-004                  5.7221218635412092E-003                  1.2718648985637698E-003                  2.4871053158459604E-003                  4.7767322776119947E-017                  0.0000000000000000E+000                  0.0000000000000000E+000 
                                     407                  9.4869568507861479E-001                  1.3459883459825306E-001                  5.5923875073424334E+000                  8.1438870724281127E+000                  1.9249776889803014E-020                  7.0779998587156490E-001                  2.9811763686118290E-005                  2.7997020236474890E-001                  2.1025988500795508E-003                  6.1630907196949883E-004                  5.7221218635412092E-003                  1.2718648985637698E-003                  2.4871053158459604E-003                  6.0821332238695633E-017                  0.0000000000000000E+000                  0.0000000000000000E+000 
                                     408                  9.4865127997892307E-001                  1.3396061576436546E-001                  5.5988452355476506E+000                  8.1496155920049684E+000                  4.6199935860044718E-020                  7.0779998587156490E-001                  2.9811763686118324E-005                  2.7997020236474890E-001                  2.1025988500795508E-003                  6.1630907196949883E-004                  5.7221218635412092E-003                  1.2718648985637698E-003                  2.4871053158459604E-003                  7.7378109831961615E-017                  0.0000000000000000E+000                  0.0000000000000000E+000 
                                     409                  9.4860539300002567E-001                  1.3331296472107168E-001                  5.6053110403515776E+000                  8.1553420850254987E+000                  1.1053913613172158E-019                  7.0779998587156490E-001                  2.9811763686118358E-005                  2.7997020236474890E-001                  2.1025988500795508E-003                  6.1630907196949883E-004                  5.7221218635412092E-003                  1.2718648985637698E-003                  2.4871053158459604E-003                  9.8360220119943313E-017                  0.0000000000000000E+000                  0.0000000000000000E+000 
                                     410                  9.4855797588733504E-001                  1.3265573074900183E-001                  5.6117850016072905E+000                  8.1610664720022488E+000                  2.6366740041350085E-019                  7.0779998587156490E-001                  2.9811763686118392E-005                  2.7997020236474890E-001                  2.1025988500795508E-003                  6.1630907196949883E-004                  5.7221218635412092E-003                  1.2718648985637698E-003                  2.4871053158459604E-003                  1.2492865515273630E-016                  0.0000000000000000E+000                  0.0000000000000000E+000 
                                     411                  9.4850897886943986E-001                  1.3198876045464092E-001                  5.6182672003042091E+000                  8.1667886736266979E+000                  6.2700229747449608E-019                  7.0779998587156490E-001                  2.9811763686118422E-005                  2.7997020236474890E-001                  2.1025988500795508E-003                  6.1630907196949883E-004                  5.7221218635412092E-003                  1.2718648985637698E-003                  2.4871053158459604E-003                  1.5854328242895668E-016                  0.0000000000000000E+000                  0.0000000000000000E+000 
                                     412                  9.4845835061293815E-001                  1.3131189771330576E-001                  5.6247577191189073E+000                  8.1725086111579852E+000                  1.4864859738877403E-018                  7.0779998587156490E-001                  2.9811763686118460E-005                  2.7997020236474890E-001                  2.1025988500795508E-003                  6.1630907196949883E-004                  5.7221218635412092E-003                  1.2718648985637698E-003                  2.4871053158459604E-003                  2.0103832214411725E-016                  0.0000000000000000E+000                  0.0000000000000000E+000 
                                     413                  9.4840603817604141E-001                  1.3062498360995381E-001                  5.6312566432201274E+000                  8.1782262060422539E+000                  3.5134858791855993E-018                  7.0779998587156490E-001                  2.9811763686118494E-005                  2.7997020236474890E-001                  2.1025988500795508E-003                  6.1630907196949883E-004                  5.7221218635412092E-003                  1.2718648985637698E-003                  2.4871053158459604E-003                  2.5471652244753721E-016                  0.0000000000000000E+000                  0.0000000000000000E+000 
                                     414                  9.4835198696099710E-001                  1.2992785637895324E-001                  5.6377640613386610E+000                  8.1839413808706496E+000                  8.2795771959891846E-018                  7.0779998587156490E-001                  2.9811763686118531E-005                  2.7997020236474890E-001                  2.1025988500795508E-003                  6.1630907196949883E-004                  5.7221218635412092E-003                  1.2718648985637698E-003                  2.4871053158459604E-003                  3.2246657844176021E-016                  0.0000000000000000E+000                  0.0000000000000000E+000 
                                     415                  9.4829614066528145E-001                  1.2922035134062937E-001                  5.6442800663073243E+000                  8.1896540602837149E+000                  1.9452598875412679E-017                  7.0779998587156490E-001                  2.9811763686118568E-005                  2.7997020236474890E-001                  2.1025988500795508E-003                  6.1630907196949883E-004                  5.7221218635412092E-003                  1.2718648985637698E-003                  2.4871053158459604E-003                  4.0790941810533691E-016                  0.0000000000000000E+000                  0.0000000000000000E+000 
                                     416                  9.4823844123147727E-001                  1.2850230083447514E-001                  5.6508047557086654E+000                  8.1953641707761804E+000                  4.5567349570228286E-017                  7.0779998587156490E-001                  2.9811763686118605E-005                  2.7997020236474890E-001                  2.1025988500795508E-003                  6.1630907196949883E-004                  5.7221218635412092E-003                  1.2718648985637698E-003                  2.4871053158459604E-003                  5.1558032464894992E-016                  0.0000000000000000E+000                  0.0000000000000000E+000 
                                     417                  9.4817882879579896E-001                  1.2777353415067227E-001                  5.6573382327830117E+000                  8.2010716421298966E+000                  1.0642506396768779E-016                  7.0779998587156490E-001                  2.9811763686118646E-005                  2.7997020236474890E-001                  2.1025988500795508E-003                  6.1630907196949883E-004                  5.7221218635412092E-003                  1.2718648985637698E-003                  2.4871053158459604E-003                  6.5115551447207302E-016                  0.0000000000000000E+000                  0.0000000000000000E+000 
                                     418                  9.4811724163522826E-001                  1.2703387745710168E-001                  5.6638806069535770E+000                  8.2067764087143136E+000                  2.4783101890665579E-016                  7.0779998587156490E-001                  2.9811763686118683E-005                  2.7997020236474890E-001                  2.1025988500795508E-003                  6.1630907196949883E-004                  5.7221218635412092E-003                  1.2718648985637698E-003                  2.4871053158459604E-003                  8.2173381498177509E-016                  0.0000000000000000E+000                  0.0000000000000000E+000 
                                     419                  9.4805361611323025E-001                  1.2628315372177246E-001                  5.6704319943793964E+000                  8.2124784088375193E+000                  5.7543572787416128E-016                  7.0779998587156490E-001                  2.9811763686118724E-005                  2.7997020236474890E-001                  2.1025988500795508E-003                  6.1630907196949883E-004                  5.7221218635412092E-003                  1.2718648985637698E-003                  2.4871053158459604E-003                  1.0361866078978937E-015                  0.0000000000000000E+000                  0.0000000000000000E+000 
                                     420                  9.4798788662400990E-001                  1.2552118263379844E-001                  5.6769925187432246E+000                  8.2181775857178270E+000                  1.3322186519899236E-015                  7.0779998587156490E-001                  2.9811763686118768E-005                  2.7997020236474890E-001                  2.1025988500795508E-003                  6.1630907196949883E-004                  5.7221218635412092E-003                  1.2718648985637698E-003                  2.4871053158459604E-003                  1.3055922897478749E-015                  0.0000000000000000E+000                  0.0000000000000000E+000 
                                     421                  9.4791998553531565E-001                  1.2474778052003507E-001                  5.6835623117649590E+000                  8.2238738883984457E+000                  3.0753894922619034E-015                  7.0779998587156490E-001                  2.9811763686118809E-005                  2.7997020236474890E-001                  2.1025988500795508E-003                  6.1630907196949883E-004                  5.7221218635412092E-003                  1.2718648985637698E-003                  2.4871053158459604E-003                  1.6437752878220553E-015                  0.0000000000000000E+000                  0.0000000000000000E+000 
                                     422                  9.4784984312984233E-001                  1.2396276025721986E-001                  5.6901415136536562E+000                  8.2295672704395244E+000                  7.0791219381929171E-015                  7.0779998587156490E-001                  2.9811763686118853E-005                  2.7997020236474890E-001                  2.1025988500795508E-003                  6.1630907196949883E-004                  5.7221218635412092E-003                  1.2718648985637698E-003                  2.4871053158459604E-003                  2.0679743701475536E-015                  0.0000000000000000E+000                  0.0000000000000000E+000 
                                     423                  9.4777738754513929E-001                  1.2316593118343100E-001                  5.6967302737128795E+000                  8.2352576908687354E+000                  1.6248840351772756E-014                  7.0779998587156490E-001                  2.9811763686118897E-005                  2.7997020236474890E-001                  2.1025988500795508E-003                  6.1630907196949883E-004                  5.7221218635412092E-003                  1.2718648985637698E-003                  2.4871053158459604E-003                  2.5996707308946623E-015                  0.0000000000000000E+000                  0.0000000000000000E+000 
                                     424                  9.4770254471193660E-001                  1.2235709900475167E-001                  5.7033287507732640E+000                  8.2409451162931369E+000                  3.7191052219030232E-014                  7.0779998587156490E-001                  2.9811763686118944E-005                  2.7997020236474890E-001                  2.1025988500795508E-003                  6.1630907196949883E-004                  5.7221218635412092E-003                  1.2718648985637698E-003                  2.4871053158459604E-003                  3.2656133818933033E-015                  0.0000000000000000E+000                  0.0000000000000000E+000 
                                     425                  9.4762523829085110E-001                  1.2153606569465726E-001                  5.7099371132214820E+000                  8.2466295193605443E+000                  8.4886262143392720E-014                  7.0779998587156490E-001                  2.9811763686118992E-005                  2.7997020236474890E-001                  2.1025988500795508E-003                  6.1630907196949883E-004                  5.7221218635412092E-003                  1.2718648985637698E-003                  2.4871053158459604E-003                  4.0990880712390698E-015                  0.0000000000000000E+000                  0.0000000000000000E+000 
                                     426                  9.4754538960742740E-001                  1.2070262939263465E-001                  5.7165555387423757E+000                  8.2523108786896202E+000                  1.9320984088276847E-013                  7.0779998587156490E-001                  2.9811763686119039E-005                  2.7997020236474890E-001                  2.1025988500795508E-003                  6.1630907196949883E-004                  5.7221218635412092E-003                  1.2718648985637698E-003                  2.4871053158459604E-003                  5.1414865536591665E-015                  0.0000000000000000E+000                  0.0000000000000000E+000 
                                     427                  9.4746291758547274E-001                  1.1985658429928663E-001                  5.7231842142028135E+000                  8.2579891806164891E+000                  4.3855523605047087E-013                  7.0779998587156490E-001                  2.9811763686119083E-005                  2.7997020236474890E-001                  2.1025988500795508E-003                  6.1630907196949883E-004                  5.7221218635412092E-003                  1.2718648985637698E-003                  2.4871053158459604E-003                  6.4442461480605575E-015                  0.0000000000000000E+000                  0.0000000000000000E+000 
                                     428                  9.4737773867865394E-001                  1.1899772056418861E-001                  5.7298233349697698E+000                  8.2636644169057227E+000                  9.9273469405614976E-013                  7.0779998587156490E-001                  2.9811763686119134E-005                  2.7997020236474890E-001                  2.1025988500795508E-003                  6.1630907196949883E-004                  5.7221218635412092E-003                  1.2718648985637698E-003                  2.4871053158459604E-003                  8.0712454487230602E-015                  0.0000000000000000E+000                  0.0000000000000000E+000 
                                     429                  9.4728976680039934E-001                  1.1812582417412745E-001                  5.7364731033404812E+000                  8.2693365828758765E+000                  2.2411282497498812E-012                  7.0779998587156490E-001                  2.9811763686119185E-005                  2.7997020236474890E-001                  2.1025988500795508E-003                  6.1630907196949883E-004                  5.7221218635412092E-003                  1.2718648985637698E-003                  2.4871053158459604E-003                  1.0101761442774617E-014                  0.0000000000000000E+000                  0.0000000000000000E+000 
                                     430                  9.4719891325206562E-001                  1.1724067684112664E-001                  5.7431337275706094E+000                  8.2750056779753205E+000                  5.0458656925896121E-012                  7.0779998587156490E-001                  2.9811763686119239E-005                  2.7997020236474890E-001                  2.1025988500795508E-003                  6.1630907196949883E-004                  5.7221218635412092E-003                  1.2718648985637698E-003                  2.4871053158459604E-003                  1.2634117604724350E-014                  0.0000000000000000E+000                  0.0000000000000000E+000 
                                     431                  9.4710508664926218E-001                  1.1634205588537233E-001                  5.7498054207804961E+000                  8.2806717046134981E+000                  1.1330552281457698E-011                  7.0779998587156490E-001                  2.9811763686119290E-005                  2.7997020236474890E-001                  2.1025988500795508E-003                  6.1630907196949883E-004                  5.7221218635412092E-003                  1.2718648985637698E-003                  2.4871053158459604E-003                  1.5790181651324013E-014                  0.0000000000000000E+000                  0.0000000000000000E+000 
                                     432                  9.4700819284627269E-001                  1.1542973411643585E-001                  5.7564883988666145E+000                  8.2863346663058337E+000                  2.5376036562096853E-011                  7.0779998587156490E-001                  2.9811763686119344E-005                  2.7997020236474890E-001                  2.1025988500795508E-003                  6.1630907196949883E-004                  5.7221218635412092E-003                  1.2718648985637698E-003                  2.4871053158459604E-003                  1.9720906938206838E-014                  0.0000000000000000E+000                  0.0000000000000000E+000 
                                     433                  9.4690813485851644E-001                  1.1450347971431760E-001                  5.7631828792100306E+000                  8.2919945670480253E+000                  5.6684532631633413E-011                  7.0779998587156490E-001                  2.9811763686119402E-005                  2.7997020236474890E-001                  2.1025988500795508E-003                  6.1630907196949883E-004                  5.7221218635412092E-003                  1.2718648985637698E-003                  2.4871053158459604E-003                  2.4613156087624869E-014                  0.0000000000000000E+000                  0.0000000000000000E+000 
                                     434                  9.4680481278299200E-001                  1.1356305610784737E-001                  5.7698890798375384E+000                  8.2976514115200040E+000                  1.2629439371720424E-010                  7.0779998587156490E-001                  2.9811763686119456E-005                  2.7997020236474890E-001                  2.1025988500795508E-003                  6.1630907196949883E-004                  5.7221218635412092E-003                  1.2718648985637698E-003                  2.4871053158459604E-003                  3.0698098598980469E-014                  0.0000000000000000E+000                  0.0000000000000000E+000 
                                     435                  9.4669812371663586E-001                  1.1260822184858292E-001                  5.7766072180681869E+000                  8.3033052039716040E+000                  2.8066787493377377E-010                  7.0779998587156490E-001                  2.9811763686119513E-005                  2.7997020236474890E-001                  2.1025988500795508E-003                  6.1630907196949883E-004                  5.7221218635412092E-003                  1.2718648985637698E-003                  2.4871053158459604E-003                  3.8261538619488525E-014                  0.0000000000000000E+000                  0.0000000000000000E+000 
                                     436                  9.4658796167257064E-001                  1.1163873048294629E-001                  5.7833375097322914E+000                  8.3089559465103378E+000                  6.2215792509960652E-010                  7.0779998587156490E-001                  2.9811763686119574E-005                  2.7997020236474890E-001                  2.1025988500795508E-003                  6.1630907196949883E-004                  5.7221218635412092E-003                  1.2718648985637698E-003                  2.4871053158459604E-003                  4.7656609827421336E-014                  0.0000000000000000E+000                  0.0000000000000000E+000 
                                     437                  9.4647421749429417E-001                  1.1065433042401772E-001                  5.7900801690821293E+000                  8.3146036401468368E+000                  1.3756812326207932E-009                  7.0779998587156490E-001                  2.9811763686119635E-005                  2.7997020236474890E-001                  2.1025988500795508E-003                  6.1630907196949883E-004                  5.7221218635412092E-003                  1.2718648985637698E-003                  2.4871053158459604E-003                  5.9319371180000211E-014                  0.0000000000000000E+000                  0.0000000000000000E+000 
                                     438                  9.4635677876772273E-001                  1.0965476481683029E-001                  5.7968354088498861E+000                  8.3202482849264445E+000                  3.0342677086025901E-009                  7.0779998587156490E-001                  2.9811763686119696E-005                  2.7997020236474890E-001                  2.1025988500795508E-003                  6.1630907196949883E-004                  5.7221218635412092E-003                  1.2718648985637698E-003                  2.4871053158459604E-003                  7.3787955395313235E-014                  0.0000000000000000E+000                  0.0000000000000000E+000 
                                     439                  9.4623552973101377E-001                  1.0863977139891480E-001                  5.8036034403733545E+000                  8.3258898789541771E+000                  6.6760313997431015E-009                  7.0779998587156490E-001                  2.9811763686119761E-005                  2.7997020236474890E-001                  2.1025988500795508E-003                  6.1630907196949883E-004                  5.7221218635412092E-003                  1.2718648985637698E-003                  2.4871053158459604E-003                  9.1726066628452079E-014                  0.0000000000000000E+000                  0.0000000000000000E+000 
                                     440                  9.4611035118209807E-001                  1.0760908235851389E-001                  5.8103844742624364E+000                  8.3315284202434299E+000                  1.4652795394957520E-008                  7.0779998587156490E-001                  2.9811763686119825E-005                  2.7997020236474890E-001                  2.1025988500795508E-003                  6.1630907196949883E-004                  5.7221218635412092E-003                  1.2718648985637698E-003                  2.4871053158459604E-003                  1.1395179977395622E-013                  0.0000000000000000E+000                  0.0000000000000000E+000 
                                     441                  9.4598112038383375E-001                  1.0656242418368451E-001                  5.8171787216272328E+000                  8.3371639085748352E+000                  3.2082586951185962E-008                  7.0779998587156490E-001                  2.9811763686119889E-005                  2.7997020236474890E-001                  2.1025988500795508E-003                  6.1630907196949883E-004                  5.7221218635412092E-003                  1.2718648985637698E-003                  2.4871053158459604E-003                  1.4147296995544091E-013                  0.0000000000000000E+000                  0.0000000000000000E+000 
                                     442                  9.4584771096655040E-001                  1.0549951750164820E-001                  5.8239863949194124E+000                  8.3427963454717613E+000                  7.0076773480215678E-008                  7.0779998587156490E-001                  2.9811763686119961E-005                  2.7997020236474890E-001                  2.1025988500795508E-003                  6.1630907196949883E-004                  5.7221218635412092E-003                  1.2718648985637698E-003                  2.4871053158459604E-003                  1.7553039819545565E-013                  0.0000000000000000E+000                  0.0000000000000000E+000 
                                     443                  9.4570999282805235E-001                  1.0442007691242237E-001                  5.8308077092062929E+000                  8.3484257351831186E+000                  1.5270161032581350E-007                  7.0779998587156490E-001                  2.9811763686120032E-005                  2.7997020236474890E-001                  2.1025988500795508E-003                  6.1630907196949883E-004                  5.7221218635412092E-003                  1.2718648985637698E-003                  2.4871053158459604E-003                  2.1765092074841097E-013                  0.0000000000000000E+000                  0.0000000000000000E+000 
                                     444                  9.4556783203127681E-001                  1.0332381081394269E-001                  5.8376428841907595E+000                  8.3540520860927270E+000                  3.3196096215387710E-007                  7.0779998587156490E-001                  2.9811763686120099E-005                  2.7997020236474890E-001                  2.1025988500795508E-003                  6.1630907196949883E-004                  5.7221218635412092E-003                  1.2718648985637698E-003                  2.4871053158459604E-003                  2.6971227996545553E-013                  0.0000000000000000E+000                  0.0000000000000000E+000 
                                     445                  9.4542109069952729E-001                  1.0221042121708117E-001                  5.8444921455260550E+000                  8.3596754112072293E+000                  7.1996840594866456E-007                  7.0779998587156490E-001                  2.9811763686120174E-005                  2.7997020236474890E-001                  2.1025988500795508E-003                  6.1630907196949883E-004                  5.7221218635412092E-003                  1.2718648985637698E-003                  2.4871053158459604E-003                  3.3402251616588293E-013                  0.0000000000000000E+000                  0.0000000000000000E+000 
                                     446                  9.4526962690922633E-001                  1.0107960355232745E-001                  5.8513557267440701E+000                  8.3652957290004615E+000                  1.5578736244430550E-006                  7.0779998587156490E-001                  2.9811763686120249E-005                  2.7997020236474890E-001                  2.1025988500795508E-003                  6.1630907196949883E-004                  5.7221218635412092E-003                  1.2718648985637698E-003                  2.4871053158459604E-003                  4.1341706765567594E-013                  0.0000000000000000E+000                  0.0000000000000000E+000 
                                     447                  9.4511329458011484E-001                  9.9931046466748039E-002                  5.8582338720580571E+000                  8.3709130668656044E+000                  3.3632026439597326E-006                  7.0779998587156490E-001                  2.9811763686120326E-005                  2.7997020236474890E-001                  2.1025988500795508E-003                  6.1630907196949883E-004                  5.7221218635412092E-003                  1.2718648985637698E-003                  2.4871053158459604E-003                  5.1137748723993859E-013                  0.0000000000000000E+000                  0.0000000000000000E+000 
                                     448                  9.4495194336257682E-001                  9.8764431603651490E-002                  5.8651268380676687E+000                  8.3765274638415050E+000                  7.2441242599800703E-006                  7.0779998587156490E-001                  2.9811763686120404E-005                  2.7997020236474890E-001                  2.1025988500795508E-003                  6.1630907196949883E-004                  5.7221218635412092E-003                  1.2718648985637698E-003                  2.4871053158459604E-003                  6.3217651335546393E-013                  0.0000000000000000E+000                  0.0000000000000000E+000 
                                     449                  9.4478541852185993E-001                  9.7579433365671278E-002                  5.8720348955235639E+000                  8.3821389694055171E+000                  1.5568301620903025E-005                  7.0779998587156490E-001                  2.9811763686120482E-005                  2.7997020236474890E-001                  2.1025988500795508E-003                  6.1630907196949883E-004                  5.7221218635412092E-003                  1.2718648985637698E-003                  2.4871053158459604E-003                  7.8105529468132834E-013                  0.0000000000000000E+000                  0.0000000000000000E+000 
                                     450                  9.4461356081967796E-001                  9.6375718671022223E-002                  5.8789583314283309E+000                  8.3877476455499913E+000                  3.3383358752471973E-005                  7.0779998587156490E-001                  2.9811763686120567E-005                  2.7997020236474890E-001                  2.1025988500795508E-003                  6.1630907196949883E-004                  5.7221218635412092E-003                  1.2718648985637698E-003                  2.4871053158459604E-003                  9.6443982007290775E-013                  0.0000000000000000E+000                  0.0000000000000000E+000 
                                     451                  9.4443620639330483E-001                  9.5152946693510446E-002                  5.8858974499520782E+000                  8.3933535674936071E+000                  7.1427222419484271E-005                  7.0779998587156490E-001                  2.9811763686120652E-005                  2.7997020236474890E-001                  2.1025988500795508E-003                  6.1630907196949883E-004                  5.7221218635412092E-003                  1.2718648985637698E-003                  2.4871053158459604E-003                  1.1902051103721557E-012                  0.0000000000000000E+000                  0.0000000000000000E+000 
                                     452                  9.4425318663215874E-001                  9.3910768589128224E-002                  5.8928525715795441E+000                  8.3989568195689177E+000                  1.5249457822539295E-004                  7.0779998587156490E-001                  2.9811763686120736E-005                  2.7997020236474890E-001                  2.1025988500795508E-003                  6.1630907196949883E-004                  5.7221218635412092E-003                  1.2718648985637698E-003                  2.4871053158459604E-003                  1.4679975707376294E-012                  0.0000000000000000E+000                  0.0000000000000000E+000 
                                     453                  9.4406432805185980E-001                  9.2648827222512678E-002                  5.8998240317066637E+000                  8.4045574952461735E+000                  3.2487352265894400E-004                  7.0779998587156490E-001                  2.9811763686120828E-005                  2.7997020236474890E-001                  2.1025988500795508E-003                  6.1630907196949883E-004                  5.7221218635412092E-003                  1.2718648985637698E-003                  2.4871053158459604E-003                  1.8096281531325057E-012                  0.0000000000000000E+000                  0.0000000000000000E+000 
                                     454                  9.4386945216545060E-001                  9.1366756881619882E-002                  5.9068121796462378E+000                  8.4101556978879444E+000                  6.9064713081120081E-004                  7.0779998587156490E-001                  2.9811763686120916E-005                  2.7997020236474890E-001                  2.1025988500795508E-003                  6.1630907196949883E-004                  5.7221218635412092E-003                  1.2718648985637698E-003                  2.4871053158459604E-003                  2.2295517515138335E-012                  0.0000000000000000E+000                  0.0000000000000000E+000 
                                     455                  9.4366837535124359E-001                  9.0064182977839941E-002                  5.9138173754798711E+000                  8.4157515365944064E+000                  1.4651867710120832E-003                  7.0779998587156490E-001                  2.9811763686121011E-005                  2.7997020236474890E-001                  2.1025988500795508E-003                  6.1630907196949883E-004                  5.7221218635412092E-003                  1.2718648985637698E-003                  2.4871053158459604E-003                  2.7454513989238188E-012                  0.0000000000000000E+000                  0.0000000000000000E+000 
                                     456                  9.4346090871781563E-001                  8.8740721745701523E-002                  5.9208399865939718E+000                  8.4213451219364099E+000                  3.1019699843221563E-003                  7.0779998587156490E-001                  2.9811763686121109E-005                  2.7997020236474890E-001                  2.1025988500795508E-003                  6.1630907196949883E-004                  5.7221218635412092E-003                  1.2718648985637698E-003                  2.4871053158459604E-003                  3.3789499178851370E-012                  0.0000000000000000E+000                  0.0000000000000000E+000 
                                     457                  9.4324685796653074E-001                  8.7395979943126839E-002                  5.9278803862085159E+000                  8.4269365639996607E+000                  6.5539471206387282E-003                  7.0779998587156490E-001                  2.9811763686121204E-005                  2.7997020236474890E-001                  2.1025988500795508E-003                  6.1630907196949883E-004                  5.7221218635412092E-003                  1.2718648985637698E-003                  2.4871053158459604E-003                  4.1564766734939797E-012                  0.0000000000000000E+000                  0.0000000000000000E+000 
                                     458                  9.4302602325169882E-001                  8.6029554545650436E-002                  5.9349389513054041E+000                  8.4325259704106799E+000                  1.3819801574219156E-002                  7.0779998587156490E-001                  2.9811763686121302E-005                  2.7997020236474890E-001                  2.1025988500795508E-003                  6.1630907196949883E-004                  5.7221218635412092E-003                  1.2718648985637698E-003                  2.4871053158459604E-003                  5.1103226862982842E-012                  0.0000000000000000E+000                  0.0000000000000000E+000 
                                     459                  9.4279819903845019E-001                  8.4641032434686764E-002                  5.9420160608359502E+000                  8.4381134422776576E+000                  2.9083509444309617E-002                  7.0779998587156490E-001                  2.9811763686121407E-005                  2.7997020236474890E-001                  2.1025988500795508E-003                  6.1630907196949883E-004                  5.7221218635412092E-003                  1.2718648985637698E-003                  2.4871053158459604E-003                  6.2799246649069046E-012                  0.0000000000000000E+000                  0.0000000000000000E+000 
                                     460                  9.4256317395805533E-001                  8.3229990086674074E-002                  5.9491120956221248E+000                  8.4436990755737789E+000                  6.1087216785995248E-002                  7.0779998587156490E-001                  2.9811763686121516E-005                  2.7997020236474890E-001                  2.1025988500795508E-003                  6.1630907196949883E-004                  5.7221218635412092E-003                  1.2718648985637698E-003                  2.4871053158459604E-003                  7.7134272702837573E-012                  0.0000000000000000E+000                  0.0000000000000000E+000 
                                     461                  9.4232073065998723E-001                  8.1795993245834295E-002                  5.9562274391804664E+000                  8.4492829626126120E+000                  1.2806328194942151E-001                  7.0779998587156490E-001                  2.9811763686121624E-005                  2.7997020236474890E-001                  2.1025988500795508E-003                  6.1630907196949883E-004                  5.7221218635412092E-003                  1.2718648985637698E-003                  2.4871053158459604E-003                  9.4695833659722494E-012                  0.0000000000000000E+000                  0.0000000000000000E+000 
                                     462                  9.4207064566121357E-001                  8.0338596579218255E-002                  5.9633624785736554E+000                  8.4548651899819980E+000                  2.6796729166984523E-001                  7.0779998587156490E-001                  2.9811763686121736E-005                  2.7997020236474890E-001                  2.1025988500795508E-003                  6.1630907196949883E-004                  5.7221218635412092E-003                  1.2718648985637698E-003                  2.4871053158459604E-003                  1.1620064697349713E-011                  0.0000000000000000E+000                  0.0000000000000000E+000 
                                     463                  9.4181268919324823E-001                  7.8857343325016552E-002                  5.9705176060585341E+000                  8.4604458409643311E+000                  5.5967234801094534E-001                  7.0779998587156490E-001                  2.9811763686121848E-005                  2.7997020236474890E-001                  2.1025988500795508E-003                  6.1630907196949883E-004                  5.7221218635412092E-003                  1.2718648985637698E-003                  2.4871053158459604E-003                  1.4252270988407025E-011                  0.0000000000000000E+000                  0.0000000000000000E+000 
                                     464                  9.4154662504716202E-001                  7.7351764918600588E-002                  5.9776932221227099E+000                  8.4660249973262918E+000                  1.1667905125095195E+000                  7.0779998587156490E-001                  2.9811763686121966E-005                  2.7997020236474890E-001                  2.1025988500795508E-003                  6.1630907196949883E-004                  5.7221218635412092E-003                  1.2718648985637698E-003                  2.4871053158459604E-003                  1.7472744702733619E-011                  0.0000000000000000E+000                  0.0000000000000000E+000 
                                     465                  9.4127221041675890E-001                  7.5821380596982360E-002                  5.9848897376469878E+000                  8.4716027379331837E+000                  2.4281255111267037E+000                  7.0779998587156490E-001                  2.9811763686122088E-005                  2.7997020236474890E-001                  2.1025988500795508E-003                  6.1630907196949883E-004                  5.7221218635412092E-003                  1.2718648985637698E-003                  2.4871053158459604E-003                  2.1411320777346043E-011                  0.0000000000000000E+000                  0.0000000000000000E+000 
                                     466                  9.4098919573970463E-001                  7.4265696991673083E-002                  5.9921075759698912E+000                  8.4771791375907863E+000                  5.0440687057896110E+000                  7.0779998587156490E-001                  2.9811763686122214E-005                  2.7997020236474890E-001                  2.1025988500795508E-003                  6.1630907196949883E-004                  5.7221218635412092E-003                  1.2718648985637698E-003                  2.4871053158459604E-003                  2.6226168772747231E-011                  0.0000000000000000E+000                  0.0000000000000000E+000 
                                     467                  9.4069732453595667E-001                  7.2684207708783186E-002                  5.9993471756113834E+000                  8.4827542708313484E+000                  1.0460084471421524E+001                  7.0779998587156490E-001                  2.9811763686122342E-005                  2.7997020236474890E-001                  2.1025988500795508E-003                  6.1630907196949883E-004                  5.7221218635412092E-003                  1.2718648985637698E-003                  2.4871053158459604E-003                  3.2109918596654757E-011                  0.0000000000000000E+000                  0.0000000000000000E+000 
                                     468                  9.4039633324402228E-001                  7.1076392877596511E-002                  6.0066089920518060E+000                  8.4883282155004025E+000                  2.1654432670799093E+001                  7.0779998587156490E-001                  2.9811763686122475E-005                  2.7997020236474890E-001                  2.1025988500795508E-003                  6.1630907196949883E-004                  5.7221218635412092E-003                  1.2718648985637698E-003                  2.4871053158459604E-003                  3.9297100828982117E-011                  5.2218993001473012E-037                  0.0000000000000000E+000 
                                     469                  9.4008595105548720E-001                  6.9441718666014882E-002                  6.0138934996156754E+000                  8.4939010548243079E+000                  4.4753738844891970E+001                  7.0779998587156490E-001                  2.9811763686122610E-005                  2.7997020236474890E-001                  2.1025988500795508E-003                  6.1630907196949883E-004                  5.7221218635412092E-003                  1.2718648985637698E-003                  2.4871053158459604E-003                  4.8073183338316849E-011                  1.1299126946880834E-036                  0.0000000000000000E+000 
                                     470                  9.3976589974809599E-001                  6.7779636766254064E-002                  6.0212011934852541E+000                  8.4994728768984729E+000                  9.2341449190500882E+001                  7.0779998587156490E-001                  2.9811763686122752E-005                  2.7997020236474890E-001                  2.1025988500795508E-003                  6.1630907196949883E-004                  5.7221218635412092E-003                  1.2718648985637698E-003                  2.4871053158459604E-003                  5.8785546071829080E-011                  2.4405734360913902E-036                  0.0000000000000000E+000 
                                     471                  9.3943589351784551E-001                  6.6089583858839465E-002                  6.0285325908913743E+000                  8.5050437725773538E+000                  1.9022314187727451E+002                  7.0779998587156490E-001                  2.9811763686122895E-005                  2.7997020236474890E-001                  2.1025988500795508E-003                  6.1630907196949883E-004                  5.7221218635412092E-003                  1.2718648985637698E-003                  2.4871053158459604E-003                  7.1856807661962126E-011                  5.2624234439090941E-036                  0.0000000000000000E+000 
                                     472                  9.3909563880992242E-001                  6.4370981060157609E-002                  6.0358882320224270E+000                  8.5106138333479660E+000                  3.9124091374726572E+002                  7.0779998587156490E-001                  2.9811763686123047E-005                  2.7997020236474890E-001                  2.1025988500795508E-003                  6.1630907196949883E-004                  5.7221218635412092E-003                  1.2718648985637698E-003                  2.4871053158459604E-003                  8.7801007106385614E-011                  1.1327745953764165E-035                  0.0000000000000000E+000 
                                     473                  9.3874483414804910E-001                  6.2623233353148053E-002                  6.0432686808687235E+000                  8.5161831561730175E+000                  8.0344270715108451E+002                  7.0779998587156490E-001                  2.9811763686123200E-005                  2.7997020236474890E-001                  2.1025988500795508E-003                  6.1630907196949883E-004                  5.7221218635412092E-003                  1.2718648985637698E-003                  2.4871053158459604E-003                  1.0724324980850192E-010                  2.4343471480071407E-035                  0.0000000000000000E+000 
                                     474                  9.3838316996265581E-001                  6.0845728972064327E-002                  6.0506745253064791E+000                  8.5217518420721508E+000                  1.6474463275301682E+003                  7.0779998587156479E-001                  2.9811763686123359E-005                  2.7997020236474890E-001                  2.1025988500795508E-003                  6.1630907196949883E-004                  5.7221218635412092E-003                  1.2718648985637698E-003                  2.4871053158459604E-003                  1.3094355913707278E-010                  5.2230103277375736E-035                  0.0000000000000000E+000 
                                     475                  9.3801032841819632E-001                  5.9037838763859991E-002                  6.0581063761647043E+000                  8.5273199939541318E+000                  3.3731042554303749E+003                  7.0779998587156479E-001                  2.9811763686123525E-005                  2.7997020236474890E-001                  2.1025988500795508E-003                  6.1630907196949883E-004                  5.7221218635412092E-003                  1.2718648985637698E-003                  2.4871053158459604E-003                  1.5982582978292588E-010                  1.1188637092972039E-034                  0.0000000000000000E+000 
                                     476                  9.3762598324022373E-001                  5.7198915528356750E-002                  6.0655648664621671E+000                  8.5328877163324535E+000                  6.8964753377042043E+003                  7.0779998587156479E-001                  2.9811763686123694E-005                  2.7997020236474890E-001                  2.1025988500795508E-003                  6.1630907196949883E-004                  5.7221218635412092E-003                  1.2718648985637698E-003                  2.4871053158459604E-003                  1.9501297424228570E-010                  2.3931528424416358E-034                  0.0000000000000000E+000 
                                     477                  9.3722979954309249E-001                  5.5328293328326741E-002                  6.0730506492395948E+000                  8.5384551118729046E+000                  1.4080583022002800E+004                  7.0779998587156479E-001                  2.9811763686123874E-005                  2.7997020236474890E-001                  2.1025988500795508E-003                  6.1630907196949883E-004                  5.7221218635412092E-003                  1.2718648985637698E-003                  2.4871053158459604E-003                  2.3786958092870635E-010                  5.1111660445928662E-034                  0.0000000000000000E+000 
                                     478                  9.3682143365761550E-001                  5.3425286781747371E-002                  6.0805643942902634E+000                  8.5440222790922604E+000                  2.8709614353289020E+004                  7.0779998587156479E-001                  2.9811763686124057E-005                  2.7997020236474890E-001                  2.1025988500795508E-003                  6.1630907196949883E-004                  5.7221218635412092E-003                  1.2718648985637698E-003                  2.4871053158459604E-003                  2.9005368175040910E-010                  1.0900474242085562E-033                  0.0000000000000000E+000 
                                     479                  9.3640053295850934E-001                  5.1489190330841157E-002                  6.0881067863010712E+000                  8.5495893118763142E+000                  5.8460787445614849E+004                  7.0779998587156479E-001                  2.9811763686124247E-005                  2.7997020236474890E-001                  2.1025988500795508E-003                  6.1630907196949883E-004                  5.7221218635412092E-003                  1.2718648985637698E-003                  2.4871053158459604E-003                  3.5357958305993674E-010                  2.3214871418084088E-033                  0.0000000000000000E+000 
                                     480                  9.3596673569189370E-001                  4.9519277478828318E-002                  6.0956785225025421E+000                  8.5551562981337419E+000                  1.1889123035943462E+005                  7.0779998587156479E-001                  2.9811763686124446E-005                  2.7997020236474890E-001                  2.1025988500795508E-003                  6.1630907196949883E-004                  5.7221218635412092E-003                  1.2718648985637698E-003                  2.4871053158459604E-003                  4.3089411258957954E-010                  4.9374450962891628E-033                  0.0000000000000000E+000 
                                     481                  9.3551967080352694E-001                  4.7514799996644562E-002                  6.1032803105516793E+000                  8.5607233151516162E+000                  2.4149047269807081E+005                  7.0779998587156479E-001                  2.9811763686124657E-005                  2.7997020236474890E-001                  2.1025988500795508E-003                  6.1630907196949883E-004                  5.7221218635412092E-003                  1.2718648985637698E-003                  2.4871053158459604E-003                  5.2496915016342487E-010                  1.0487522270516318E-032                  0.0000000000000000E+000 
                                     482                  9.3505895776919234E-001                  4.5474987113733351E-002                  6.1109128683895495E+000                  8.5662904307498025E+000                  4.8992796715978155E+005                  7.0779998587156479E-001                  2.9811763686124870E-005                  2.7997020236474890E-001                  2.1025988500795508E-003                  6.1630907196949883E-004                  5.7221218635412092E-003                  1.2718648985637698E-003                  2.4871053158459604E-003                  6.3941393482574626E-010                  2.2248335301794003E-032                  0.0000000000000000E+000 
                                     483                  9.3458420642668683E-001                  4.3399044665351834E-002                  6.1185769249684769E+000                  8.5718577050393439E+000                  9.9280378362695465E+005                  7.0779998587156479E-001                  2.9811763686125100E-005                  2.7997020236474890E-001                  2.1025988500795508E-003                  6.1630907196949883E-004                  5.7221218635412092E-003                  1.2718648985637698E-003                  2.4871053158459604E-003                  7.7861138315554898E-010                  4.7140635154351583E-032                  0.0000000000000000E+000 
                                     484                  9.3409501680880769E-001                  4.1286154190616063E-002                  6.1262732212601101E+000                  8.5774251900477427E+000                  2.0096036483261997E+006                  7.0779998587156479E-001                  2.9811763686125341E-005                  2.7997020236474890E-001                  2.1025988500795508E-003                  6.1630907196949883E-004                  5.7221218635412092E-003                  1.2718648985637698E-003                  2.4871053158459604E-003                  9.4788356523276149E-010                  9.9766750887292853E-032                  0.0000000000000000E+000 
                                     485                  9.3359097897745291E-001                  3.9135471988509356E-002                  6.1340025125988094E+000                  8.5829929338688427E+000                  4.0634042507428862E+006                  7.0779998587156479E-001                  2.9811763686125595E-005                  2.7997020236474890E-001                  2.1025988500795508E-003                  6.1630907196949883E-004                  5.7221218635412092E-003                  1.2718648985637698E-003                  2.4871053158459604E-003                  1.1536926077936819E-009                  2.1090552471041295E-031                  0.0000000000000000E+000 
                                     486                  9.3307167285960524E-001                  3.6946128106566639E-002                  6.1417655717039414E+000                  8.5885609816946875E+000                  8.2076568144335020E+006                  7.0779998587156479E-001                  2.9811763686125869E-005                  2.7997020236474890E-001                  2.1025988500795508E-003                  6.1630907196949883E-004                  5.7221218635412092E-003                  1.2718648985637698E-003                  2.4871053158459604E-003                  1.4038846585428384E-009                  4.4537017951264912E-031                  0.0000000000000000E+000 
                                     487                  9.3253666808650004E-001                  3.4717225273086134E-002                  6.1495631911077586E+000                  8.5941293777149870E+000                  1.6562083783251531E+007                  7.0779998587156479E-001                  2.9811763686126161E-005                  2.7997020236474890E-001                  2.1025988500795508E-003                  6.1630907196949883E-004                  5.7221218635412092E-003                  1.2718648985637698E-003                  2.4871053158459604E-003                  1.7079861609186555E-009                  9.3951760940622212E-031                  0.0000000000000000E+000 
                                     488                  9.3198552383531530E-001                  3.2447837764553754E-002                  6.1573961864563858E+000                  8.5996981694666257E+000                  3.3388332113870885E+007                  7.0779998587156479E-001                  2.9811763686126483E-005                  2.7997020236474890E-001                  2.1025988500795508E-003                  6.1630907196949883E-004                  5.7221218635412092E-003                  1.2718648985637698E-003                  2.4871053158459604E-003                  2.0775637622755381E-009                  1.9799725021512162E-030                  0.0000000000000000E+000 
                                     489                  9.3141778867278191E-001                  3.0137010190630621E-002                  6.1652653995949667E+000                  8.6052674113078034E+000                  6.7247497180498734E+007                  7.0779998587156479E-001                  2.9811763686126835E-005                  2.7997020236474890E-001                  2.1025988500795508E-003                  6.1630907196949883E-004                  5.7221218635412092E-003                  1.2718648985637698E-003                  2.4871053158459604E-003                  2.5266616076502259E-009                  4.1687331897300687E-030                  0.0000000000000000E+000 
                                     490                  9.3083300040063266E-001                  2.7783756195008318E-002                  6.1731717010832536E+000                  8.6108371666331429E+000                  1.3532476629062468E+008                  7.0779998587156479E-001                  2.9811763686127154E-005                  2.7997020236474890E-001                  2.1025988500795508E-003                  6.1630907196949883E-004                  5.7221218635412092E-003                  1.2718648985637698E-003                  2.4871053158459604E-003                  3.0723327667098660E-009                  8.7692102835603754E-030                  0.0000000000000000E+000 
                                     491                  9.3023068590350777E-001                  2.5387057072672276E-002                  6.1811159930024004E+000                  8.6164075109106388E+000                  2.7209264010226303E+008                  7.0779998587156479E-001                  2.9811763686127435E-005                  2.7997020236474890E-001                  2.1025988500795508E-003                  6.1630907196949883E-004                  5.7221218635412092E-003                  1.2718648985637698E-003                  2.4871053158459604E-003                  3.7352852638211640E-009                  1.8431029696221477E-029                  0.0000000000000000E+000 
                                     492                  9.2961036100018457E-001                  2.2945860292805501E-002                  6.1890992110997942E+000                  8.6219785344054589E+000                  5.4665556645282769E+008                  7.0779998587156479E-001                  2.9811763686127679E-005                  2.7997020236474890E-001                  2.1025988500795508E-003                  6.1630907196949883E-004                  5.7221218635412092E-003                  1.2718648985637698E-003                  2.4871053158459604E-003                  4.5406676106971905E-009                  3.8707341008608562E-029                  0.0000000000000000E+000 
                                     493                  9.2897153029744506E-001                  2.0459077921949585E-002                  6.1971223263257000E+000                  8.6275503270423535E+000                  1.1011366916993196E+009                  7.0779993594920498E-001                  2.9861686046063540E-005                  2.7997020236474895E-001                  2.1025988500795512E-003                  6.1630907196949883E-004                  5.7221218635412092E-003                  1.2718648985637698E-003                  2.4871053158459604E-003                  5.5190236843317076E-009                  8.1229582237535536E-029                  0.0000000000000000E+000 
                                     494                  9.2831368704599337E-001                  1.7925585044357741E-002                  6.2051863463209926E+000                  8.6331230465352800E+000                  2.2102864286268129E+009                  7.0779992784221879E-001                  2.9869793032201747E-005                  2.7997020236474890E-001                  2.1025988500795508E-003                  6.1630907196949883E-004                  5.7221218635412092E-003                  1.2718648985637698E-003                  2.4871053158459604E-003                  6.7074572461258627E-009                  1.7034737641048432E-028                  0.0000000000000000E+000 
                                     495                  9.2763631299768778E-001                  1.5344217687451299E-002                  6.2132923163747380E+000                  8.6386968271155666E+000                  4.4340785672079029E+009                  7.0779991872674286E-001                  2.9878908508221511E-005                  2.7997020236474890E-001                  2.1025988500795508E-003                  6.1630907196949872E-004                  5.7221218635412083E-003                  1.2718648985637696E-003                  2.4871053158459599E-003                  8.1510440353715868E-009                  3.5701038798255400E-028                  0.0000000000000000E+000 
                                     496                  9.2693887826538046E-001                  1.2713771165786108E-002                  6.2214148383147583E+000                  8.6442447180309472E+000                  8.8728104330050259E+009                  7.0779990847090402E-001                  2.9889164347247994E-005                  2.7997020236474879E-001                  2.1025988500795499E-003                  6.1630907196949850E-004                  5.7221218635412066E-003                  1.2718648985637691E-003                  2.4871053158459591E-003                  9.8998487810022230E-009                  7.4611533451780269E-028                  0.0000000000000000E+000 
                                     497                  9.2622084118564751E-001                  1.0033165889729519E-002                  6.2291394346297464E+000                  8.6493408926318907E+000                  1.7167305433367117E+010                  7.0779989695592682E-001                  2.9900679324070258E-005                  2.7997020236474901E-001                  2.1025988500795517E-003                  6.1630907196949904E-004                  5.7221218635412109E-003                  1.2718648985637702E-003                  2.4871053158459612E-003                  1.1928864847928370E-008                  1.5019104446727068E-027                  0.0000000000000000E+000 
                                     498                  9.2548164818358358E-001                  7.3039749835062248E-003                  6.2365369459559874E+000                  8.6540515420599835E+000                  3.2306071107930717E+010                  7.0779988402090055E-001                  2.9913614350650968E-005                  2.7997020236474884E-001                  2.1025988500795504E-003                  6.1630907196949861E-004                  5.7221218635412074E-003                  1.2718648985637693E-003                  2.4871053158459595E-003                  1.4280422406527825E-008                  2.9311451220991444E-027                  0.0000000000000000E+000 
                                     499                  9.2472073363803919E-001                  4.5274768588052239E-003                  6.2436625182203018E+000                  8.6584277761571293E+000                  5.9400681685196831E+010                  7.0779986949525919E-001                  2.9928139991599356E-005                  2.7997020236474912E-001                  2.1025988500795526E-003                  6.1630907196949926E-004                  5.7221218635412126E-003                  1.2718648985637706E-003                  2.4871053158459621E-003                  1.7003249417685572E-008                  5.5742895746492072E-027                  0.0000000000000000E+000 
                                     500                  9.2393751974849914E-001                  1.7047216309791112E-003                  6.2505598634626898E+000                  8.6625097943913687E+000                  1.0710062519188411E+011                  7.0779985318853267E-001                  2.9944446718518208E-005                  2.7997020236474873E-001                  2.1025988500795495E-003                  6.1630907196949828E-004                  5.7221218635412048E-003                  1.2718648985637687E-003                  2.4871053158459582E-003                  2.0153416497652723E-008                  1.0371480074144912E-026                  0.0000000000000000E+000 
                                     501                  9.2313141640461172E-001                 -1.1634204570193270E-003                  6.2572641532885722E+000                  8.6663297052624557E+000                  1.8990844978234543E+011                  7.0779983488810683E-001                  2.9962747143955281E-005                  2.7997020236474901E-001                  2.1025988500795517E-003                  6.1630907196949872E-004                  5.7221218635412083E-003                  1.2718648985637696E-003                  2.4871053158459599E-003                  2.3795419924544416E-008                  1.8940256399183720E-026                  0.0000000000000000E+000 
                                     502                  9.2230182105749847E-001                 -4.0762228374788658E-003                  6.2638040266533972E+000                  8.6699134732588341E+000                  3.3194871630206604E+011                  7.0779981435675177E-001                  2.9983278498950346E-005                  2.7997020236474901E-001                  2.1025988500795517E-003                  6.1630907196949904E-004                  5.7221218635412109E-003                  1.2718648985637702E-003                  2.4871053158459612E-003                  2.8003414646412974E-008                  3.4037427155220334E-026                  0.0000000000000000E+000 
                                     503                  9.2144811859092612E-001                 -7.0330748648186510E-003                  6.2702030416571839E+000                  8.6732823203705678E+000                  5.7307624267946289E+011                  7.0779979132979332E-001                  3.0006305457935771E-005                  2.7997020236474873E-001                  2.1025988500795495E-003                  6.1630907196949828E-004                  5.7221218635412048E-003                  1.2718648985637687E-003                  2.4871053158459582E-003                  3.2862628392601070E-008                  6.0322774254085850E-026                  0.0000000000000000E+000 
                                     504                  9.2056968119350446E-001                 -1.0033460186388239E-002                  6.2764807624303671E+000                  8.6764537705298928E+000                  9.7873722264938831E+011                  7.0779976551186619E-001                  3.0032123384975285E-005                  2.7997020236474895E-001                  2.1025988500795512E-003                  6.1630907196949872E-004                  5.7221218635412083E-003                  1.2718648985637696E-003                  2.4871053158459599E-003                  3.8470992526117163E-008                  1.0561552755066241E-025                  0.0000000000000000E+000 
                                     505                  9.1966586823288865E-001                 -1.3076939749071634E-002                  6.2826535677816757E+000                  8.6794424229639198E+000                  1.6558328463674717E+012                  7.0779973657331741E-001                  3.0061061933481959E-005                  2.7997020236474901E-001                  2.1025988500795517E-003                  6.1630907196949904E-004                  5.7221218635412109E-003                  1.2718648985637702E-003                  2.4871053158459612E-003                  4.4941009411691806E-008                  1.8295203584684663E-025                  0.0000000000000000E+000 
                                     506                  9.1873602613093563E-001                 -1.6163138250932553E-002                  6.2887352601290871E+000                  8.6822605327326379E+000                  2.7781617898186860E+012                  7.0779970412892457E-001                  3.0093506326348851E-005                  2.7997020236474890E-001                  2.1025988500795508E-003                  6.1630907196949883E-004                  5.7221218635412092E-003                  1.2718648985637698E-003                  2.4871053158459604E-003                  5.2401886780040997E-008                  3.1394130084958993E-025                  0.0000000000000000E+000 
                                     507                  9.1777948823798816E-001                 -1.9291733181890418E-002                  6.2947375312786340E+000                  8.6849184515861619E+000                  4.6270890942662393E+012                  7.0779966779994341E-001                  3.0129835307843886E-005                  2.7997020236474873E-001                  2.1025988500795495E-003                  6.1630907196949850E-004                  5.7221218635412066E-003                  1.2718648985637691E-003                  2.4871053158459591E-003                  6.1001975613797404E-008                  5.3421555965063254E-025                  0.0000000000000000E+000 
                                     508                  9.1679557470718054E-001                 -2.2462445826017231E-002                  6.3006703235833896E+000                  8.6874249669445742E+000                  7.6564382535178633E+012                  7.0779962711343247E-001                  3.0170521818444063E-005                  2.7997020236474890E-001                  2.1025988500795508E-003                  6.1630907196949883E-004                  5.7221218635412092E-003                  1.2718648985637698E-003                  2.4871053158459604E-003                  7.0911552411405196E-008                  9.0225154965132812E-025                  0.0000000000000000E+000 
                                     509                  9.1578359236920426E-001                 -2.5675033764612457E-002                  6.3065421394997720E+000                  8.6897875941002152E+000                  1.2595741209058281E+013                  7.0779958155822975E-001                  3.0216077021320213E-005                  2.7997020236474873E-001                  2.1025988500795495E-003                  6.1630907196949850E-004                  5.7221218635412066E-003                  1.2718648985637691E-003                  2.4871053158459591E-003                  8.2326027070346534E-008                  1.5136005311478624E-024                  0.0000000000000000E+000 
                                     510                  9.1474283460600836E-001                 -2.8929284751846626E-002                  6.3123603606847594E+000                  8.6920128831787977E+000                  2.0614358956066688E+013                  7.0779953056406386E-001                  3.0267071187124646E-005                  2.7997020236474884E-001                  2.1025988500795504E-003                  6.1630907196949872E-004                  5.7221218635412083E-003                  1.2718648985637696E-003                  2.4871053158459599E-003                  9.5469731776380431E-008                  2.5237862373161016E-024                  0.0000000000000000E+000 
                                     511                  9.1367258122162509E-001                 -3.2225012264849050E-002                  6.3181314931017223E+000                  8.6941066534220752E+000                  3.3581999567544156E+013                  7.0779947349477501E-001                  3.0324140476375889E-005                  2.7997020236474862E-001                  2.1025988500795486E-003                  6.1630907196949828E-004                  5.7221218635412048E-003                  1.2718648985637687E-003                  2.4871053158459582E-003                  1.1060030229411715E-007                  4.1850599996503948E-024                  0.0000000000000000E+000 
                                     512                  9.1257209831054242E-001                 -3.5562052363701163E-002                  6.3238612941086680E+000                  8.6960741102682633E+000                  5.4481670103666922E+013                  7.0779940964075450E-001                  3.0387994496477067E-005                  2.7997020236474901E-001                  2.1025988500795517E-003                  6.1630907196949904E-004                  5.7221218635412109E-003                  1.2718648985637702E-003                  2.4871053158459612E-003                  1.2801361790017096E-007                  6.9052425555418717E-024                  0.0000000000000000E+000 
                                     513                  9.1144063812319909E-001                 -3.8940261094766671E-002                  6.3295548674986115E+000                  8.6979199324337912E+000                  8.8063658504159328E+013                  7.0779933821053209E-001                  3.0459424719418409E-005                  2.7997020236474840E-001                  2.1025988500795469E-003                  6.1630907196949785E-004                  5.7221218635412014E-003                  1.2718648985637678E-003                  2.4871053158459565E-003                  1.4804945022967973E-007                  1.1341713755716873E-023                  0.0000000000000000E+000 
                                     514                  9.1027743892629043E-001                 -4.2359512274116370E-002                  6.3352167453751989E+000                  8.6996483463313314E+000                  1.4188051523956078E+014                  7.0779925832145496E-001                  3.0539313796078111E-005                  2.7997020236474901E-001                  2.1025988500795517E-003                  6.1630907196949904E-004                  5.7221218635412109E-003                  1.2718648985637702E-003                  2.4871053158459612E-003                  1.7109794477771921E-007                  1.8551228327100565E-023                  0.0000000000000000E+000 
                                     515                  9.0908172485623073E-001                 -4.5819695604193446E-002                  6.3408509590820232E+000                  8.7012631900038322E+000                  2.2792425854576444E+014                  7.0779916898944251E-001                  3.0628645808193081E-005                  2.7997020236474901E-001                  2.1025988500795517E-003                  6.1630907196949904E-004                  5.7221218635412109E-003                  1.2718648985637702E-003                  2.4871053158459612E-003                  1.9760705805077309E-007                  3.0228245771638792E-023                  0.0000000000000000E+000 
                                     516                  9.0785270576533061E-001                 -4.9320715085019638E-002                  6.3464611009958913E+000                  8.7027679692595310E+000                  3.6521644012160700E+014                  7.0779906908340817E-001                  3.0728551842747396E-005                  2.7997020236474895E-001                  2.1025988500795512E-003                  6.1630907196949861E-004                  5.7221218635412074E-003                  1.2718648985637693E-003                  2.4871053158459595E-003                  2.2809109146813186E-007                  4.9083362708922993E-023                  0.0000000000000000E+000 
                                     517                  9.0658957705931109E-001                 -5.2862487695477280E-002                  6.3520503777825734E+000                  8.7041659064631123E+000                  5.8390055662890825E+014                  7.0779895744381860E-001                  3.0840191432554788E-005                  2.7997020236474884E-001                  2.1025988500795504E-003                  6.1630907196949872E-004                  5.7221218635412083E-003                  1.2718648985637696E-003                  2.4871053158459599E-003                  2.6314048127967780E-007                  7.9443154521285947E-023                  0.0000000000000000E+000 
                                     518                  9.0529151952368059E-001                 -5.6444942318273218E-002                  6.3576216151803022E+000                  8.7054599394828784E+000                  9.3172070542507425E+014                  7.0779883267918964E-001                  3.0964956061403999E-005                  2.7997020236474879E-001                  2.1025988500795499E-003                  6.1630907196949861E-004                  5.7221218635412074E-003                  1.2718648985637693E-003                  2.4871053158459595E-003                  3.0343283129914992E-007                  1.2819898612101565E-022                  0.0000000000000000E+000 
                                     519                  9.0395769913728707E-001                 -6.0068018520867551E-002                  6.3631772022410535E+000                  8.7066526589136028E+000                  1.4842548854775708E+015                  7.0779869327189848E-001                  3.1104363352780602E-005                  2.7997020236474873E-001                  2.1025988500795495E-003                  6.1630907196949828E-004                  5.7221218635412048E-003                  1.2718648985637687E-003                  2.4871053158459582E-003                  3.4974512428996861E-007                  2.0630401580000913E-022                  0.0000000000000000E+000 
                                     520                  9.0258726687144142E-001                 -6.3731664667713420E-002                  6.3673125334173122E+000                  8.4064089127300399E+000                  1.0497304244479125E+015                  7.0779857848159800E-001                  3.1219153652958074E-005                  2.7997020236474884E-001                  2.1025988500795504E-003                  6.1630907196949850E-004                  5.7221218635412066E-003                  1.2718648985637691E-003                  2.4871053158459591E-003                  3.8883616400205473E-007                  2.9377639113377310E-022                  0.0000000000000000E+000 
                                     521                  9.0188805180581400E-001                 -6.5578490629777941E-002                  6.3707814997235852E+000                  8.5831674847096338E+000                  2.1050753245887445E+015                  7.0779847477804869E-001                  3.1322857202099778E-005                  2.7997020236474890E-001                  2.1025988500795508E-003                  6.1630907196949915E-004                  5.7221218635412092E-003                  1.2718648985637698E-003                  2.4871053158459604E-003                  4.2483472450253471E-007                  3.9480057061258527E-022                  0.0000000000000000E+000 
                                     522                  9.0082142298125589E-001                 -6.8367835475384872E-002                  6.3756300279998337E+000                  8.7089774538883695E+000                  4.2113037664766000E+015                  7.0779831699787665E-001                  3.1480637374330598E-005                  2.7997020236474884E-001                  2.1025988500795504E-003                  6.1630907196950132E-004                  5.7221218635412083E-003                  1.2718648985637696E-003                  2.4871053158459599E-003                  4.8078355679030914E-007                  5.9617844899774273E-022                  0.0000000000000000E+000 
                                     523                  8.9936543049397322E-001                 -7.2122607997291810E-002                  6.3811460687751369E+000                  8.7098546135957253E+000                  6.6830939182066880E+015                  7.0779811729472819E-001                  3.1680340522661529E-005                  2.7997020236474901E-001                  2.1025988500795517E-003                  6.1630907196950338E-004                  5.7221218635412109E-003                  1.2718648985637702E-003                  2.4871053158459612E-003                  5.5350805796927005E-007                  9.5172870672548977E-022                  0.0000000000000000E+000 
                                     524                  8.9786996040858902E-001                 -7.5917817479146915E-002                  6.3866521749743068E+000                  8.7106378850529165E+000                  1.0597810108280374E+016                  7.0779789431882056E-001                  3.1903316430206713E-005                  2.7997020236474907E-001                  2.1025988500795521E-003                  6.1630907196950479E-004                  5.7221218635412118E-003                  1.2718648985637704E-003                  2.4871053158459617E-003                  6.3702724333141269E-007                  1.5158840565360717E-021                  0.0000000000000000E+000 
                                     525                  8.9633409728634983E-001                 -7.9753427140042771E-002                  6.3921488787018159E+000                  8.7113283773513093E+000                  1.6796328928061232E+016                  7.0779764534886225E-001                  3.2152286388623055E-005                  2.7997020236474901E-001                  2.1025988500795517E-003                  6.1630907196950761E-004                  5.7221218635412109E-003                  1.2718648985637702E-003                  2.4871053158459612E-003                  7.3291991414860995E-007                  2.4091212319487866E-021                  0.0000000000000000E+000 
                                     526                  8.9475690934244989E-001                 -8.3629399373559440E-002                  6.3976364765279632E+000                  8.7119270209950379E+000                  2.6610203446777224E+016                  7.0779736750309441E-001                  3.2430132156401341E-005                  2.7997020236474901E-001                  2.1025988500795482E-003                  6.1630907196951086E-004                  5.7221218635412109E-003                  1.2718648985637702E-003                  2.4871053158459612E-003                  8.4299029794226176E-007                  3.8203861424258758E-021                  0.0000000000000000E+000 
                                     527                  8.9313744813140705E-001                 -8.7545694429460030E-002                  6.4031150632658171E+000                  8.7124345982933118E+000                  4.2149856808931632E+016                  7.0779705742806986E-001                  3.2740207181190771E-005                  2.7997020236474895E-001                  2.1025988500795365E-003                  6.1630907196951563E-004                  5.7221218635412100E-003                  1.2718648985637700E-003                  2.4871053158459608E-003                  9.6929919821447915E-007                  6.0453475678827760E-021                  0.0000000000000000E+000 
                                     528                  8.9147474821003714E-001                 -9.1502269280492821E-002                  6.4085846510988809E+000                  8.7128518592207822E+000                  6.6763311233752896E+016                  7.0779671143968592E-001                  3.3086195565353314E-005                  2.7997020236474873E-001                  2.1025988500795291E-003                  6.1630907196952203E-004                  5.7221218635412057E-003                  1.2718648985637689E-003                  2.4871053158459586E-003                  1.1142007810269221E-006                  9.5456927663067270E-021                  0.0000000000000000E+000 
                                     529                  8.8976782678778210E-001                 -9.5499077482598060E-002                  6.4140453466112710E+000                  8.7131796990925849E+000                  1.0576956263819406E+017                  7.0779632543876125E-001                  3.3472196489634819E-005                  2.7997020236474895E-001                  2.1025988500795257E-003                  6.1630907196953254E-004                  5.7221218635412100E-003                  1.2718648985637700E-003                  2.4871053158459608E-003                  1.2803864878441986E-006                  1.5040955828725999E-020                  0.0000000000000000E+000 
                                     530                  8.8801568336479320E-001                 -9.9536070679442271E-002                  6.4194974201109556E+000                  8.7134192300888085E+000                  1.6763359984633158E+017                  7.0779589486494354E-001                  3.3902770307307546E-005                  2.7997020236474918E-001                  2.1025988500795122E-003                  6.1630907196954740E-004                  5.7221218635412135E-003                  1.2718648985637709E-003                  2.4871053158459625E-003                  1.4709348409115505E-006                  2.3650474278915382E-020                  0.0000000000000000E+000 
                                     531                  8.8621729935302207E-001                 -1.0361320086485229E-001                  6.4249412901620557E+000                  8.7135717650807045E+000                  2.6585442445615123E+017                  7.0779541464555185E-001                  3.4382989698764400E-005                  2.7997020236474934E-001                  2.1025988500794979E-003                  6.1630907196956691E-004                  5.7221218635412161E-003                  1.2718648985637715E-003                  2.4871053158459638E-003                  1.6893674455240657E-006                  3.7112459122215910E-020                  0.0000000000000000E+000 
                                     532                  8.8437163768625437E-001                 -1.0773042261548353E-001                  6.4303775073124241E+000                  8.7136387972443696E+000                  4.2201054148017536E+017                  7.0779487907576866E-001                  3.4918559482158329E-005                  2.7997020236474912E-001                  2.1025988500794732E-003                  6.1630907196959445E-004                  5.7221218635412126E-003                  1.2718648985637706E-003                  2.4871053158459621E-003                  1.9397131671863115E-006                  5.8121644086282386E-020                  0.0000000000000000E+000 
                                     533                  8.8247764243162885E-001                 -1.1188769524468774E-001                  6.4358067394930103E+000                  8.7136219829923487E+000                  6.7068040775698650E+017                  7.0779428199778782E-001                  3.5515637462917069E-005                  2.7997020236474929E-001                  2.1025988500794415E-003                  6.1630907196963251E-004                  5.7221218635412152E-003                  1.2718648985637713E-003                  2.4871053158459634E-003                  2.2265817413260799E-006                  9.0849054785338107E-020                  0.0000000000000000E+000 
                                     534                  8.8053423840139666E-001                 -1.1608498489852399E-001                  6.4412297589528649E+000                  8.7135231270452334E+000                  1.0674489600226894E+018                  7.0779361638173988E-001                  3.6181253510480272E-005                  2.7997020236474968E-001                  2.1025988500793990E-003                  6.1630907196968726E-004                  5.7221218635412196E-003                  1.2718648985637724E-003                  2.4871053158459656E-003                  2.5552482316724064E-006                  1.4174122173255851E-019                  0.0000000000000000E+000 
                                     535                  8.7854033076093407E-001                 -1.2032226660574187E-001                  6.4452823716133336E+000                  8.4150752461732239E+000                  7.6147455754900966E+017                  7.0779307038940098E-001                  3.6727245848251847E-005                  2.7997020236475068E-001                  2.1025988500793496E-003                  6.1630907196973865E-004                  5.7221218635412118E-003                  1.2718648985637704E-003                  2.4871053158459617E-003                  2.8327640977405041E-006                  1.9751492491261768E-019                  0.0000000000000000E+000 
                                     536                  8.7751756770195843E-001                 -1.2246927073913168E-001                  6.4479901031673377E+000                  8.4094259822282869E+000                  9.4982730897576448E+017                  7.0779267847631877E-001                  3.7119158929907065E-005                  2.7997020236475123E-001                  2.1025988500793106E-003                  6.1630907196978289E-004                  5.7221218635412118E-003                  1.2718648985637704E-003                  2.4871053158459617E-003                  3.0341299374118172E-006                  2.4638544960848317E-019                  0.0000000000000000E+000 
                                     537                  8.7649480464298279E-001                 -1.2459898816525544E-001                  6.4520612556563011E+000                  8.7130878589718002E+000                  2.7193335939951386E+018                  7.0779204764866954E-001                  3.7749986578613517E-005                  2.7997020236475190E-001                  2.1025988500792433E-003                  6.1630907196986464E-004                  5.7221218635412126E-003                  1.2718648985637706E-003                  2.4871053158459621E-003                  3.3630152786026427E-006                  3.4321787478249897E-019                  0.0000000000000000E+000 
                                     538                  8.7439652477850838E-001                 -1.2891622611378159E-001                  6.4574710108662599E+000                  8.7127548690876626E+000                  4.3550780805410857E+018                  7.0779112633017771E-001                  3.8671305070101210E-005                  2.7997020236475217E-001                  2.1025988500791150E-003                  6.1630907197001024E-004                  5.7221218635412109E-003                  1.2718648985637702E-003                  2.4871053158459612E-003                  3.8569162159330834E-006                  5.3274118433380688E-019                  0.0000000000000000E+000 
                                     539                  8.7224433514533395E-001                 -1.3327345320498962E-001                  6.4628782118412413E+000                  8.7123479592905824E+000                  6.9934796932879647E+018                  7.0779009986776587E-001                  3.9697767481351796E-005                  2.7997020236475256E-001                  2.1025988500789424E-003                  6.1630907197021234E-004                  5.7221218635412118E-003                  1.2718648985637704E-003                  2.4871053158459617E-003                  4.4225182732118930E-006                  8.2562691106494414E-019                  0.0000000000000000E+000 
                                     540                  8.7003705862833425E-001                 -1.3767069641490498E-001                  6.4682835695791390E+000                  8.7118690079391694E+000                  1.1263653624442831E+019                  7.0778895631689354E-001                  4.0841318351647314E-005                  2.7997020236475467E-001                  2.1025988500787008E-003                  6.1630907197049369E-004                  5.7221218635412083E-003                  1.2718648985637696E-003                  2.4871053158459599E-003                  5.0701611367906746E-006                  1.2776068084867309E-018                  0.0000000000000000E+000 
                                     541                  8.6777349669611881E-001                 -1.4210799622459383E-001                  6.4723263119918002E+000                  8.4130881170559721E+000                  8.1136409339255245E+018                  7.0778801883413023E-001                  4.1778801114036889E-005                  2.7997020236475539E-001                  2.1025988500784696E-003                  6.1630907197076864E-004                  5.7221218635412126E-003                  1.2718648985637706E-003                  2.4871053158459621E-003                  5.6168999069070307E-006                  1.7699308071219240E-018                  0.0000000000000000E+000 
                                     542                  8.6661296290187673E-001                 -1.4435540276239039E-001                  6.4750281914152970E+000                  8.4073579528064251E+000                  1.0194334932845287E+019                  7.0778734630907447E-001                  4.2451326168869722E-005                  2.7997020236475645E-001                  2.1025988500782706E-003                  6.1630907197100099E-004                  5.7221218635412118E-003                  1.2718648985637704E-003                  2.4871053158459617E-003                  6.0133833844508178E-006                  2.1993451979711021E-018                  0.0000000000000000E+000 
                                     543                  8.6545242910763487E-001                 -1.4658481248878702E-001                  6.4790915058108247E+000                  8.7107026197013511E+000                  2.9510116609375613E+019                  7.0778626434474068E-001                  4.3533290499804758E-005                  2.7997020236475911E-001                  2.1025988500779046E-003                  6.1630907197142610E-004                  5.7221218635412126E-003                  1.2718648985637706E-003                  2.4871053158459621E-003                  6.6605517814897592E-006                  3.0461668716403379E-018                  0.0000000000000000E+000 
                                     544                  8.6307261365287880E-001                 -1.5110240001816114E-001                  6.4844942061389608E+000                  8.7100174831909367E+000                  4.8024715243727626E+019                  7.0778468493520930E-001                  4.5112700027230957E-005                  2.7997020236476294E-001                  2.1025988500772579E-003                  6.1630907197217865E-004                  5.7221218635412135E-003                  1.2718648985637709E-003                  2.4871053158459625E-003                  7.6321836444735743E-006                  4.6936111302461434E-018                  0.0000000000000000E+000 
                                     545                  8.6063278591509540E-001                 -1.5566024046755383E-001                  6.4898967136781494E+000                  8.7092665987605962E+000                  7.8460199034923352E+019                  7.0778292640176399E-001                  4.6871233466983253E-005                  2.7997020236476844E-001                  2.1025988500763615E-003                  6.1630907197322154E-004                  5.7221218635412118E-003                  1.2718648985637704E-003                  2.4871053158459617E-003                  8.7442114459264939E-006                  7.2221452981842243E-018                  0.0000000000000000E+000 
                                     546                  8.5813165905300681E-001                 -1.6025842302787313E-001                  6.4952992363835689E+000                  8.7084513086760982E+000                  1.2870629254886135E+020                  7.0778096863461704E-001                  4.8829000606492913E-005                  2.7997020236477566E-001                  2.1025988500751216E-003                  6.1630907197466689E-004                  5.7221218635412100E-003                  1.2718648985637700E-003                  2.4871053158459608E-003                  1.0016754318756158E-005                  1.1097866562828789E-017                  0.0000000000000000E+000 
                                     547                  8.5556792362235035E-001                 -1.6489704828019275E-001                  6.4993412375872275E+000                  8.4093701242680261E+000                  9.4043738525608395E+019                  7.0777936413938758E-001                  5.0433495828288600E-005                  2.7997020236478320E-001                  2.1025988500739173E-003                  6.1630907197607386E-004                  5.7221218635412118E-003                  1.2718648985637702E-003                  2.4871053158459617E-003                  1.1090686060242952E-005                  1.5296082186382495E-017                  0.0000000000000000E+000 
                                     548                  8.5425408553299953E-001                 -1.6724561680139399E-001                  6.5020427263404281E+000                  8.4035751478960776E+000                  1.1936396467944920E+020                  7.0777821360491655E-001                  5.1584030292756821E-005                  2.7997020236478964E-001                  2.1025988500728969E-003                  6.1630907197726507E-004                  5.7221218635412118E-003                  1.2718648985637706E-003                  2.4871053158459617E-003                  1.1869000458927266E-005                  1.8942474145742292E-017                  0.0000000000000000E+000 
                                     549                  8.5294024744364894E-001                 -1.6957557177999991E-001                  6.5061055455051866E+000                  8.7066334323430947E+000                  3.5079497577871494E+020                  7.0777636325183624E-001                  5.3434383360477698E-005                  2.7997020236480169E-001                  2.1025988500710351E-003                  6.1630907197944248E-004                  5.7221218635412126E-003                  1.2718648985637706E-003                  2.4871053158459621E-003                  1.3138601789021327E-005                  2.6101855409569171E-017                  0.0000000000000000E+000 
                                     550                  8.5024727550035084E-001                 -1.7429543164838057E-001                  6.5115090629376668E+000                  8.7056325547611273E+000                  5.8294526448057752E+020                  7.0777366328492319E-001                  5.6134350251535066E-005                  2.7997020236482328E-001                  2.1025988500677421E-003                  6.1630907198327795E-004                  5.7221218635412118E-003                  1.2718648985637704E-003                  2.4871053158459617E-003                  1.5044052230877813E-005                  3.9951036073839834E-017                  0.0000000000000000E+000 
                                     551                  8.4748762985954340E-001                 -1.7905610580201936E-001                  6.5169135518348140E+000                  8.7045725809821892E+000                  9.7308457381231054E+020                  7.0777065844636289E-001                  5.9139188779430568E-005                  2.7997020236485504E-001                  2.1025988500631950E-003                  6.1630907198858046E-004                  5.7221218635412040E-003                  1.2718648985637683E-003                  2.4871053158459573E-003                  1.7223474147630000E-005                  6.1071034298045286E-017                  0.0000000000000000E+000 
                                     552                  8.4465990963768434E-001                 -1.8385774587713483E-001                  6.5223195375790235E+000                  8.7034550911183359E+000                  1.6317010380205895E+021                  7.0776731453101205E-001                  6.2483104082409525E-005                  2.7997020236490178E-001                  2.1025988500569070E-003                  6.1630907199591509E-004                  5.7221218635412057E-003                  1.2718648985637689E-003                  2.4871053158459586E-003                  1.9716051532153465E-005                  9.3241666165404672E-017                  0.0000000000000000E+000 
                                     553                  8.4176269102102341E-001                 -1.8870052077186100E-001                  6.5263658516512448E+000                  8.4041003660944718E+000                  1.2126526685411208E+021                  7.0776456130664123E-001                  6.5236328404380184E-005                  2.7997020236494957E-001                  2.1025988500506729E-003                  6.1630907200318759E-004                  5.7221218635412074E-003                  1.2718648985637696E-003                  2.4871053158459595E-003                  2.1819158355766514E-005                  1.2791457200120917E-016                  0.0000000000000000E+000 
                                     554                  8.4027860917573283E-001                 -1.9115177437546554E-001                  6.5290706152756242E+000                  8.3982557322512132E+000                  1.5567534313260324E+021                  7.0776259943324382E-001                  6.7198201760240150E-005                  2.7997020236499037E-001                  2.1025988500455893E-003                  6.1630907200912013E-004                  5.7221218635412066E-003                  1.2718648985637693E-003                  2.4871053158459591E-003                  2.3342586053402386E-005                  1.5791696842572831E-016                  0.0000000000000000E+000 
                                     555                  8.3879452733044213E-001                 -1.9358389610505647E-001                  6.5324706467760238E+000                  8.5801295353937821E+000                  3.2986467114296578E+021                  7.0775998423698561E-001                  6.9813397953304171E-005                  2.7997020236505410E-001                  2.1025988500379183E-003                  6.1630907201807032E-004                  5.7221218635412100E-003                  1.2718648985637700E-003                  2.4871053158459608E-003                  2.5404237948460488E-005                  2.0567853307495071E-016                  0.0000000000000000E+000 
                                     556                  8.3650028324893411E-001                 -1.9730726523664921E-001                  6.5365305196985997E+000                  8.5713480710232304E+000                  4.8186662703051907E+021                  7.0775661992728645E-001                  7.3177707550034724E-005                  2.7997020236515463E-001                  2.1025988500264665E-003                  6.1630907203142585E-004                  5.7221218635412040E-003                  1.2718648985637685E-003                  2.4871053158459578E-003                  2.8107826858590912E-005                  2.8183412163756611E-016                  0.0000000000000000E+000 
                                     557                  8.3420603916742608E-001                 -2.0098733779168773E-001                  6.5405935923805316E+000                  8.5781789176137089E+000                  7.3084686629921651E+021                  7.0775301391020096E-001                  7.6783724506196017E-005                  2.7997020236528170E-001                  2.1025988500125155E-003                  6.1630907204770515E-004                  5.7221218635412118E-003                  1.2718648985637704E-003                  2.4871053158459617E-003                  3.1097585959882094E-005                  3.8598022574888387E-016                  0.0000000000000000E+000 
                                     558                  8.3182779877733470E-001                 -2.0475795554657369E-001                  6.5446585404080029E+000                  8.5693840030295245E+000                  1.0732462737351594E+022                  7.0774906070296428E-001                  8.0736931550692021E-005                  2.7997020236547054E-001                  2.1025988499936378E-003                  6.1630907206972876E-004                  5.7221218635412100E-003                  1.2718648985637700E-003                  2.4871053158459608E-003                  3.4403495460932992E-005                  5.2829018839254939E-016                  0.0000000000000000E+000 
                                     559                  8.2944955838724344E-001                 -2.0848501623188898E-001                  6.5476865030436695E+000                  8.2733936574817850E+000                  7.3553286324063599E+021                  7.0774587670933542E-001                  8.3920924996405612E-005                  2.7997020236565090E-001                  2.1025988499764089E-003                  6.1630907208983312E-004                  5.7221218635412057E-003                  1.2718648985637689E-003                  2.4871053158459586E-003                  3.7095607556871860E-005                  6.6721297912678679E-016                  0.0000000000000000E+000 
                                     560                  8.2822813433622799E-001                 -2.1038254951764412E-001                  6.5497216115284491E+000                  8.2689928327700724E+000                  8.9277802577426823E+021                  7.0774365897559921E-001                  8.6138658584568249E-005                  2.7997020236579689E-001                  2.1025988499631561E-003                  6.1630907210529526E-004                  5.7221218635412066E-003                  1.2718648985637691E-003                  2.4871053158459591E-003                  3.9016379642022951E-005                  7.8028436487448487E-016                  0.0000000000000000E+000 
                                     561                  8.2700671028521255E-001                 -2.1226915308164038E-001                  6.5521032065301004E+000                  8.3978328222096419E+000                  1.5254744818103152E+022                  7.0774095457393926E-001                  8.8843060048447785E-005                  2.7997020236599002E-001                  2.1025988499458817E-003                  6.1630907212544168E-004                  5.7221218635412083E-003                  1.2718648985637698E-003                  2.4871053158459599E-003                  4.1387135715529169E-005                  9.3688636616562816E-016                  0.0000000000000000E+000 
                                     562                  8.2534390850105344E-001                 -2.1482032216575886E-001                  6.5548194647520788E+000                  8.3919617496028902E+000                  1.9796778680902903E+022                  7.0773768822020811E-001                  9.2109413485754190E-005                  2.7997020236627984E-001                  2.1025988499218527E-003                  6.1630907215347417E-004                  5.7221218635412126E-003                  1.2718648985637709E-003                  2.4871053158459621E-003                  4.4267467163077992E-005                  1.1538982962164278E-015                  0.0000000000000000E+000 
                                     563                  8.2368110671689432E-001                 -2.1735200680811420E-001                  6.5589064334577092E+000                  8.6945463739358146E+000                  6.0071340252248054E+022                  7.0773245154208630E-001                  9.7346091048893332E-005                  2.7997020236683123E-001                  2.1025988498784435E-003                  6.1630907220412408E-004                  5.7221218635412100E-003                  1.2718648985637700E-003                  2.4871053158459608E-003                  4.8962260758796801E-005                  1.5771604906986946E-015                  0.0000000000000000E+000 
                                     564                  8.2027580390688504E-001                 -2.2247851221742002E-001                  6.5643502566286589E+000                  8.6930447061613645E+000                  1.0417320383048947E+023                  7.0772480688483608E-001                  1.0499074721756153E-004                  2.7997020236789993E-001                  2.1025988498019794E-003                  6.1630907229333007E-004                  5.7221218635412092E-003                  1.2718648985637698E-003                  2.4871053158459604E-003                  5.6009602719503428E-005                  2.3894626117653720E-015                  0.0000000000000000E+000 
                                     565                  8.1678920605548855E-001                 -2.2764824180367085E-001                  6.5684302261664236E+000                  8.3933306491287976E+000                  7.9306751278496849E+022                  7.0771854656822031E-001                  1.1125106269725471E-004                  2.7997020236902387E-001                  2.1025988497278231E-003                  6.1630907237983324E-004                  5.7221218635412005E-003                  1.2718648985637676E-003                  2.4871053158459560E-003                  6.1957760597753498E-005                  3.2603610404385382E-015                  0.0000000000000000E+000 
                                     566                  8.1500445137570177E-001                 -2.3026430707132833E-001                  6.5711587822017403E+000                  8.3874550477418790E+000                  1.0352221373126775E+023                  7.0771405885447103E-001                  1.1573877538830140E-004                  2.7997020237007181E-001                  2.1025988496652442E-003                  6.1630907245284092E-004                  5.7221218635412022E-003                  1.2718648985637683E-003                  2.4871053158459569E-003                  6.6264760781617487E-005                  4.0108586854784277E-015                  0.0000000000000000E+000 
                                     567                  8.1321969669591521E-001                 -2.3286075273702933E-001                  6.5752649009821917E+000                  8.6899196929693758E+000                  3.1681575730876560E+023                  7.0770684472902590E-001                  1.2295289878297744E-004                  2.7997020237210302E-001                  2.1025988495511844E-003                  6.1630907258591276E-004                  5.7221218635412092E-003                  1.2718648985637698E-003                  2.4871053158459604E-003                  7.3284058897352434E-005                  5.4725976951127190E-015                  0.0000000000000000E+000 
                                     568                  8.0956563926040792E-001                 -2.3811812571165583E-001                  6.5807368146689091E+000                  8.6882990850563839E+000                  5.5539006884668167E+023                  7.0769632394054216E-001                  1.3347368324923337E-004                  2.7997020237608727E-001                  2.1025988493508238E-003                  6.1630907281966089E-004                  5.7221218635412074E-003                  1.2718648985637693E-003                  2.4871053158459595E-003                  8.3822772244087224E-005                  8.2735586573165766E-015                  0.0000000000000000E+000 
                                     569                  8.0582537771047003E-001                 -2.4341997952352126E-001                  6.5848397354859820E+000                  8.3884667178902070E+000                  4.2610347184575676E+023                  7.0768770371488388E-001                  1.4209390461444288E-004                  2.7997020238034781E-001                  2.1025988491563735E-003                  6.1630907304651241E-004                  5.7221218635412508E-003                  1.2718648985637696E-003                  2.4871053158459599E-003                  9.2719666555889020E-005                  1.1272485765774903E-014                  0.0000000000000000E+000 
                                     570                  8.0391130747221884E-001                 -2.4610278830496388E-001                  6.5875840612718415E+000                  8.3825963392990772E+000                  5.5906527093010823E+023                  7.0768152905897996E-001                  1.4826855650165006E-004                  2.7997020238433717E-001                  2.1025988489926538E-003                  6.1630907323751273E-004                  5.7221218635412525E-003                  1.2718648985637696E-003                  2.4871053158459599E-003                  9.9161280153860215E-005                  1.3853923513252664E-014                  0.0000000000000000E+000 
                                     571                  8.0199723723396743E-001                 -2.4876591801697345E-001                  6.5917145289463566E+000                  8.6849521262366256E+000                  1.7230803038096284E+024                  7.0767160691884345E-001                  1.5819068876906644E-004                  2.7997020239215659E-001                  2.1025988486941460E-003                  6.1630907358576031E-004                  5.7221218635412569E-003                  1.2718648985637689E-003                  2.4871053158459586E-003                  1.0965849742024325E-004                  1.8876035268626296E-014                  0.0000000000000000E+000 
                                     572                  7.9807952502471258E-001                 -2.5415821384920229E-001                  6.5958357158084393E+000                  8.3850469225846140E+000                  1.3276670342107645E+024                  7.0766095104153703E-001                  1.6884655548757911E-004                  2.7997020240268311E-001                  2.1025988483253659E-003                  6.1630907401598941E-004                  5.7221218635412638E-003                  1.2718648985637702E-003                  2.4871053158459612E-003                  1.2129679931220984E-004                  2.5697273649959444E-014                  0.0000000000000000E+000 
                                     573                  7.9607502809334374E-001                 -2.5688675810490441E-001                  6.5985925751838064E+000                  8.3791858729877440E+000                  1.7471029887981037E+024                  7.0765331216818383E-001                  1.7648541876084768E-004                  2.7997020241271120E-001                  2.1025988480142341E-003                  6.1630907437896555E-004                  5.7221218635412682E-003                  1.2718648985637700E-003                  2.4871053158459608E-003                  1.2972304148025873E-004                  3.1565402596512552E-014                  0.0000000000000000E+000 
                                     574                  7.9407053116197501E-001                 -2.5959563127399043E-001                  6.6027423880531018E+000                  8.6814753269034028E+000                  5.4067488731644169E+024                  7.0764103334191908E-001                  1.8876422526828421E-004                  2.7997020243237386E-001                  2.1025988474473703E-003                  6.1630907504029147E-004                  5.7221218635413124E-003                  1.2718648985637700E-003                  2.4871053158459608E-003                  1.4345399401178915E-004                  4.2974818623329251E-014                  0.0000000000000000E+000 
                                     575                  7.8996852957179742E-001                 -2.6508058358466763E-001                  6.6082772920132964E+000                  8.6796926506248830E+000                  9.6138210336446679E+024                  7.0762312988052700E-001                  2.0666764715623049E-004                  2.7997020247171217E-001                  2.1025988464520736E-003                  6.1630907620143166E-004                  5.7221218635413471E-003                  1.2718648985637702E-003                  2.4871053158459612E-003                  1.6407947906460192E-004                  6.4800163452870305E-014                  0.0000000000000000E+000 
                                     576                  7.8577177906143358E-001                 -2.7061279427040169E-001                  6.6124311297925003E+000                  8.3796877114530890E+000                  7.4496499374379736E+024                  7.0760846035510405E-001                  2.2133712958996839E-004                  2.7997020251454030E-001                  2.1025988454859744E-003                  6.1630907732850438E-004                  5.7221218635413887E-003                  1.2718648985637696E-003                  2.4871053158459599E-003                  1.8150112463615481E-004                  8.8135981358054853E-014                  0.0000000000000000E+000 
                                     577                  7.8362515175105762E-001                 -2.7341217360003750E-001                  6.6152103803485129E+000                  8.3738504910415781E+000                  9.8396462824836748E+024                  7.0759795535150849E-001                  2.3184209243262111E-004                  2.7997020255515787E-001                  2.1025988446734850E-003                  6.1630907827637865E-004                  5.7221218635414269E-003                  1.2718648985637700E-003                  2.4871053158459608E-003                  1.9411469833902753E-004                  1.0819840320472617E-013                  0.0000000000000000E+000 
                                     578                  7.8147852444068167E-001                 -2.7619197732843781E-001                  6.6193946938488928E+000                  8.6760503808981699E+000                  3.0601831067813583E+025                  7.0758107806991621E-001                  2.4871929325386157E-004                  2.7997020263568201E-001                  2.1025988431921223E-003                  6.1630908000457740E-004                  5.7221218635414919E-003                  1.2718648985637704E-003                  2.4871053158459617E-003                  2.1466918009321333E-004                  1.4718099493391526E-013                  0.0000000000000000E+000 
                                     579                  7.7708699775948065E-001                 -2.8182078005042399E-001                  6.6235740085664663E+000                  8.3759854540904275E+000                  2.3783526042670696E+025                  7.0756295150325565E-001                  2.6684574993971177E-004                  2.7997020274535162E-001                  2.1025988413620783E-003                  6.1630908213955080E-004                  5.7221218635415717E-003                  1.2718648985637687E-003                  2.4871053158459582E-003                  2.3747708872040799E-004                  2.0010110283231098E-013                  0.0000000000000000E+000 
                                     580                  7.7484120870154582E-001                 -2.8466912074058798E-001                  6.6263706589193383E+000                  8.3701711241958474E+000                  3.1480098854213706E+025                  7.0754995903345996E-001                  2.7983811342306453E-004                  2.7997020285140695E-001                  2.1025988398183570E-003                  6.1630908394049344E-004                  5.7221218635416489E-003                  1.2718648985637689E-003                  2.4871053158459586E-003                  2.5399089488532600E-004                  2.4558573128726314E-013                  0.0000000000000000E+000 
                                     581                  7.7259541964361089E-001                 -2.8749801184920587E-001                  6.6305816605335677E+000                  8.6723179117466991E+000                  9.8184257213950537E+025                  7.0752907770589613E-001                  3.0071923084304397E-004                  2.7997020306108178E-001                  2.1025988370062189E-003                  6.1630908722119890E-004                  5.7221218635417929E-003                  1.2718648985637693E-003                  2.4871053158459595E-003                  2.8090160958610410E-004                  3.3394150894985103E-013                  0.0000000000000000E+000 
                                     582                  7.6800200071012381E-001                 -2.9322649081386815E-001                  6.6362035011650828E+000                  8.6704224004673751E+000                  1.7632820154248336E+026                  7.0749863379639655E-001                  3.3116271415994448E-004                  2.7997020348644169E-001                  2.1025988320692952E-003                  6.1630909298072392E-004                  5.7221218635420410E-003                  1.2718648985637689E-003                  2.4871053158459586E-003                  3.2135271207311142E-004                  5.0287429933526507E-013                  0.0000000000000000E+000 
                                     583                  7.6330494307312324E-001                 -2.9900609097512176E-001                  6.6404265024997580E+000                  8.3702768971475496E+000                  1.3758118474616052E+026                  7.0747368779442876E-001                  3.5610824590132697E-004                  2.7997020395586897E-001                  2.1025988272742897E-003                  6.1630909857468379E-004                  5.7221218635422925E-003                  1.2718648985637702E-003                  2.4871053158459612E-003                  3.5554525239462557E-004                  6.8345386380619936E-013                  0.0000000000000000E+000 
                                     584                  7.6090369252356571E-001                 -3.0193096328815089E-001                  6.6432528449154571E+000                  8.3645078395905177E+000                  1.8257714293987109E+026                  7.0745582914432159E-001                  3.7396644732619658E-004                  2.7997020440387993E-001                  2.1025988232464344E-003                  6.1630910327366251E-004                  5.7221218635425085E-003                  1.2718648985637700E-003                  2.4871053158459608E-003                  3.8030359763140798E-004                  8.3862988226151109E-013                  0.0000000000000000E+000 
                                     585                  7.5850244197400807E-001                 -3.0483667924774138E-001                  6.6460846863105916E+000                  8.3683411139495583E+000                  2.4773529258131945E+026                  7.0743704524820761E-001                  3.9274980634121484E-004                  2.7997020494021507E-001                  2.1025988186631510E-003                  6.1630910862060795E-004                  5.7221218635427592E-003                  1.2718648985637696E-003                  2.4871053158459599E-003                  4.0679295626380138E-004                  1.0290273866477421E-012                  0.0000000000000000E+000 
                                     586                  7.5604756474673362E-001                 -3.0778798986898726E-001                  6.6489217855685849E+000                  8.3625901161332017E+000                  3.2900352967831572E+026                  7.0741718908328965E-001                  4.1260524091249820E-004                  2.7997020566963693E-001                  2.1025988131149701E-003                  6.1630911509321826E-004                  5.7221218635430662E-003                  1.2718648985637693E-003                  2.4871053158459595E-003                  4.3513577570680219E-004                  1.2626259807217429E-012                  0.0000000000000000E+000 
                                     587                  7.5359268751945918E-001                 -3.1072027183903195E-001                  6.6531944718685496E+000                  8.6646457886013639E+000                  1.0304806869421215E+027                  7.0738529653276627E-001                  4.4449632927490292E-004                  2.7997020713011150E-001                  2.1025988029966937E-003                  6.1630912689738062E-004                  5.7221218635436256E-003                  1.2718648985637698E-003                  2.4871053158459604E-003                  4.8132621275666045E-004                  1.7162935139310398E-012                  0.0000000000000000E+000 
                                     588                  7.4857386650509861E-001                 -3.1665901242476335E-001                  6.6574670500611335E+000                  8.3644302934774295E+000                  8.0631916172888719E+026                  7.0735104021551742E-001                  4.7875063667087841E-004                  2.7997020913788007E-001                  2.1025987904929526E-003                  6.1630914148446173E-004                  5.7221218635443325E-003                  1.2718648985637691E-003                  2.4871053158459586E-003                  5.3263885186763599E-004                  2.3324574631893844E-012                  0.0000000000000000E+000 
                                     589                  7.4600901541918274E-001                 -3.1966476774660330E-001                  6.6603269277772847E+000                  8.3587199192639066E+000                  1.0722946431999563E+027                  7.0732649098494960E-001                  5.0329790201701695E-004                  2.7997021110134368E-001                  2.1025987799444560E-003                  6.1630915379050301E-004                  5.7221218635449475E-003                  1.2718648985637689E-003                  2.4871053158459591E-003                  5.6979657851829926E-004                  2.8619332580635242E-012                  0.0000000000000000E+000 
                                     590                  7.4344416433326688E-001                 -3.2265179822630546E-001                  6.6646342279885920E+000                  8.6607370992479371E+000                  3.3645086095868318E+027                  7.0728704294615907E-001                  5.4274203085692458E-004                  2.7997021500809161E-001                  2.1025987607277670E-003                  6.1630917620897547E-004                  5.7221218635460898E-003                  1.2718648985637691E-003                  2.4871053158459591E-003                  6.3035562852928220E-004                  3.8902281676824968E-012                  0.0000000000000000E+000 
                                     591                  7.3820176705947849E-001                 -3.2870204118552315E-001                  6.6703902143346392E+000                  8.6587707636568467E+000                  6.0891686216794864E+027                  7.0722953475447969E-001                  6.0024220662965465E-004                  2.7997022301837343E-001                  2.1025987269818998E-003                  6.1630921557735273E-004                  5.7221218635481394E-003                  1.2718648985637687E-003                  2.4871053158459582E-003                  7.2147194363891137E-004                  5.8573471108907648E-012                  0.0000000000000000E+000 
                                     592                  7.3284486355094014E-001                 -3.3480985005234820E-001                  6.6747181602562007E+000                  8.3584954215883798E+000                  4.7763742046762040E+027                  7.0718240980721769E-001                  6.4735820433737417E-004                  2.7997023196245829E-001                  2.1025986941656839E-003                  6.1630925386114423E-004                  5.7221218635501924E-003                  1.2718648985637691E-003                  2.4871053158459591E-003                  7.9856757197167795E-004                  7.9617097894962739E-012                  0.0000000000000000E+000 
                                     593                  7.3010825564414483E-001                 -3.3790165840872799E-001                  6.6776154694559642E+000                  8.3528578637870705E+000                  6.3625486424113146E+027                  7.0714868485966409E-001                  6.8107459180330389E-004                  2.7997024051795655E-001                  2.1025986666313350E-003                  6.1630928598301385E-004                  5.7221218635519567E-003                  1.2718648985637698E-003                  2.4871053158459604E-003                  8.5440283509149854E-004                  9.7703618361299981E-012                  0.0000000000000000E+000 
                                     594                  7.2737164773734930E-001                 -3.4097533210525333E-001                  6.6805195573095961E+000                  8.3565074777663177E+000                  8.6584747304047661E+027                  7.0711321268863592E-001                  7.1653641819939280E-004                  2.7997025085735777E-001                  2.1025986352477262E-003                  6.1630932259545447E-004                  5.7221218635539845E-003                  1.2718648985637702E-003                  2.4871053158459617E-003                  9.1416623805770788E-004                  1.1990413507820487E-011                  0.0000000000000000E+000 
                                     595                  7.2457598435084913E-001                 -3.4409713215235244E-001                  6.6834302617407717E+000                  8.3508975604684927E+000                  1.1539595212865885E+028                  7.0707572135623331E-001                  7.5401368107410563E-004                  2.7997026492056026E-001                  2.1025985972974799E-003                  6.1630936686855235E-004                  5.7221218635564878E-003                  1.2718648985637706E-003                  2.4871053158459617E-003                  9.7813956446047255E-004                  1.4715493539690625E-011                  0.0000000000000000E+000 
                                     596                  7.2178032096434896E-001                 -3.4720103434239408E-001                  6.6878148370029615E+000                  8.6528523816828642E+000                  3.6296995514146222E+028                  7.0701551996214185E-001                  8.1418670308113774E-004                  2.7997029328110112E-001                  2.1025985280381924E-003                  6.1630944766698800E-004                  5.7221218635611316E-003                  1.2718648985637709E-003                  2.4871053158459625E-003                  1.0824211008558975E-003                  2.0009586879052706E-011                  0.0000000000000000E+000 
                                     597                  7.1606909448204026E-001                 -3.5348966728320713E-001                  6.6922045524675120E+000                  8.3525280945865266E+000                  2.8519787152503173E+028                  7.0695084458434876E-001                  8.7882282306671236E-004                  2.7997033252462911E-001                  2.1025984423663460E-003                  6.1630954761234880E-004                  5.7221218635669984E-003                  1.2718648985637709E-003                  2.4871053158459630E-003                  1.1984270989495369E-003                  2.7211069188961652E-011                  0.0000000000000000E+000 
                                     598                  7.1315264326719718E-001                 -3.5667365284693092E-001                  6.6951436449844275E+000                  8.3469788016871593E+000                  3.8045733999055291E+028                  7.0690450627034462E-001                  9.2512252273281830E-004                  2.7997037112691275E-001                  2.1025983700445577E-003                  6.1630963198332385E-004                  5.7221218635720760E-003                  1.2718648985637706E-003                  2.4871053158459621E-003                  1.2824608106544709E-003                  3.3403256010043169E-011                  0.0000000000000000E+000 
                                     599                  7.1023619205235400E-001                 -3.5984028133616502E-001                  6.6995713924937155E+000                  8.6489102741082942E+000                  1.1980758466314596E+029                  7.0683006086700240E-001                  9.9949076031547075E-004                  2.7997044827070011E-001                  2.1025982382176086E-003                  6.1630978577318610E-004                  5.7221218635814834E-003                  1.2718648985637700E-003                  2.4871053158459608E-003                  1.4194662997543512E-003                  4.5436968717428209E-011                  0.0000000000000000E+000 
                                     600                  7.0427985266061244E-001                 -3.6625706361805827E-001                  6.7054948135357080E+000                  8.6469464780941614E+000                  2.1788874790819700E+029                  7.0672154549530686E-001                  1.1078468545303590E-003                  2.7997060750955005E-001                  2.1025980064456836E-003                  6.1631005615888702E-004                  5.7221218635985010E-003                  1.2718648985637706E-003                  2.4871053158459621E-003                  1.6258972358332722E-003                  6.8500883335847628E-011                  0.0000000000000000E+000 
                                     601                  6.9819833335167880E-001                 -3.7274047414885486E-001                  6.7099536582540678E+000                  8.3465847806538367E+000                  1.7156249157105637E+029                  7.0663233412321669E-001                  1.1968740601621107E-003                  2.7997079163785005E-001                  2.1025977775089382E-003                  6.1631032323665382E-004                  5.7221218636157494E-003                  1.2718648985637698E-003                  2.4871053158459604E-003                  1.8008423995173801E-003                  9.3226764753107342E-011                  0.0000000000000000E+000 
                                     602                  6.9509412278328930E-001                 -3.7602390780289324E-001                  6.7129394810390384E+000                  8.3411404960382054E+000                  2.2910521776031111E+029                  7.0656876438266691E-001                  1.2602758771498295E-003                  2.7997095953012108E-001                  2.1025975897735476E-003                  6.1631054224864693E-004                  5.7221218636301866E-003                  1.2718648985637689E-003                  2.4871053158459591E-003                  1.9276318997567918E-003                  1.1450186558025668E-010                  0.0000000000000000E+000 
                                     603                  6.9198991221489992E-001                 -3.7929098371537034E-001                  6.7174382255788405E+000                  8.6430475526935879E+000                  7.2188023777645985E+029                  7.0646692591125870E-001                  1.3617682826934378E-003                  2.7997130553852495E-001                  2.1025972450294411E-003                  6.1631094442646034E-004                  5.7221218636572075E-003                  1.2718648985637689E-003                  2.4871053158459586E-003                  2.1344627267182062E-003                  1.5587646118840967E-010                  0.0000000000000000E+000 
                                     604                  6.8565289150584008E-001                 -3.8591326736420506E-001                  6.7234600955147945E+000                  8.6411158214357595E+000                  1.3147394436189228E+030                  7.0631803771144841E-001                  1.5099367414240447E-003                  2.7997202517795744E-001                  2.1025966351827926E-003                  6.1631165587121728E-004                  5.7221218637063592E-003                  1.2718648985637702E-003                  2.4871053158459612E-003                  2.4465572416512713E-003                  2.3529437759182654E-010                  0.0000000000000000E+000 
                                     605                  6.7918560089862778E-001                 -3.9260801903852638E-001                  6.7279956731006223E+000                  8.3407287665326066E+000                  1.0362209396276470E+030                  7.0619551368701150E-001                  1.6316254461873185E-003                  2.7997286039671598E-001                  2.1025960297306402E-003                  6.1631236218820547E-004                  5.7221218637564754E-003                  1.2718648985637700E-003                  2.4871053158459608E-003                  2.7115334145981621E-003                  3.2057168212848864E-010                  0.0000000000000000E+000 
                                     606                  6.7588600089967721E-001                 -3.9599953407977101E-001                  6.7310332935844652E+000                  8.3354071646093750E+000                  1.3845548493194243E+030                  7.0610842241325156E-001                  1.7179562122863635E-003                  2.7997362082209198E-001                  2.1025955360522131E-003                  6.1631293810991586E-004                  5.7221218637981399E-003                  1.2718648985637700E-003                  2.4871053158459608E-003                  2.9038272955284627E-003                  3.9401501567911272E-010                  0.0000000000000000E+000 
                                     607                  6.7258640090072686E-001                 -3.9937595141649918E-001                  6.7340801320712123E+000                  8.3388080547576635E+000                  1.8873905618433682E+030                  7.0601667551886049E-001                  1.8087245192590256E-003                  2.7997459931275376E-001                  2.1025949555497623E-003                  6.1631361531923486E-004                  5.7221218638478953E-003                  1.2718648985637702E-003                  2.4871053158459608E-003                  3.1101360817469845E-003                  4.8435252951640549E-010                  0.0000000000000000E+000 
                                     608                  6.6922004367217236E-001                 -4.0280568235450120E-001                  6.7371361636714804E+000                  8.3335314765935582E+000                  2.5216664660465497E+030                  7.0592004082508353E-001                  1.9041000652466787E-003                  2.7997585834675781E-001                  2.1025942728822196E-003                  6.1631441171268778E-004                  5.7221218639073373E-003                  1.2718648985637689E-003                  2.4871053158459582E-003                  3.3315958598986502E-003                  5.9548818988667096E-010                  0.0000000000000000E+000 
                                     609                  6.6585368644361786E-001                 -4.0622080187658988E-001                  6.7402017223782522E+000                  8.3369070272715309E+000                  3.4336805254992805E+030                  7.0581910015875915E-001                  2.0034831310771573E-003                  2.7997741581728997E-001                  2.1025934931638113E-003                  6.1631532132405784E-004                  5.7221218639760332E-003                  1.2718648985637698E-003                  2.4871053158459604E-003                  3.5694248447506066E-003                  7.3223621167629756E-010                  0.0000000000000000E+000 
                                     610                  6.6241978854349581E-001                 -4.0968995571862565E-001                  6.7432768063610480E+000                  8.3316775277165913E+000                  4.5876845715816253E+030                  7.0571160235656749E-001                  2.1088391857180663E-003                  2.7997955740401287E-001                  2.1025925282612402E-003                  6.1631644696763760E-004                  5.7221218640629914E-003                  1.2718648985637709E-003                  2.4871053158459625E-003                  3.8250247979905653E-003                  9.0052824339075406E-010                  0.0000000000000000E+000 
                                     611                  6.5898589064337376E-001                 -4.1314502037064349E-001                  6.7479110426414275E+000                  8.6335727976939882E+000                  1.4436878064893925E+031                  7.0554014346509186E-001                  2.2760007256893700E-003                  2.7998385446513452E-001                  2.1025907860840591E-003                  6.1631847936798707E-004                  5.7221218642226372E-003                  1.2718648985637698E-003                  2.4871053158459604E-003                  4.2439620478417952E-003                  1.2283788031191462E-009                  0.0000000000000000E+000 
                                     612                  6.5198148874086104E-001                 -4.2015278158530650E-001                  6.7525616793776075E+000                  8.3331718742102563E+000                  1.1347193586947090E+031                  7.0535525109672326E-001                  2.4546336731973563E-003                  2.7999011351611047E-001                  2.1025885669337585E-003                  6.1632106819448258E-004                  5.7221218644308630E-003                  1.2718648985637709E-003                  2.4871053158459625E-003                  4.7148453231868103E-003                  1.6768116461530105E-009                  0.0000000000000000E+000 
                                     613                  6.4841024549760773E-001                 -4.2370468957709034E-001                  6.7556770308381937E+000                  8.3280438632262541E+000                  1.5125882951781112E+031                  7.0522432075671027E-001                  2.5798800828448873E-003                  2.7999579714446576E-001                  2.1025867550025432E-003                  6.1632318196256145E-004                  5.7221218646042044E-003                  1.2718648985637711E-003                  2.4871053158459625E-003                  5.0590769832906434E-003                  2.0636534787763821E-009                  0.0000000000000000E+000 
                                     614                  6.4483900225435431E-001                 -4.2724367809342312E-001                  6.7588029858608394E+000                  8.3313453323315674E+000                  2.0537781517571326E+031                  7.0508689032366290E-001                  2.7100188565456818E-003                  2.8000308844821864E-001                  2.1025846215954542E-003                  6.1632567075606249E-004                  5.7221218648115550E-003                  1.2718648985637698E-003                  2.4871053158459608E-003                  5.4311756120978237E-003                  2.5402330414066520E-009                  0.0000000000000000E+000 
                                     615                  6.4119800280455874E-001                 -4.3083908278250888E-001                  6.7619396421821607E+000                  8.3262718255946755E+000                  2.7319934880672087E+031                  7.0494277380465109E-001                  2.8447918174475165E-003                  2.8001243158757061E-001                  2.1025821092335228E-003                  6.1632860162793375E-004                  5.7221218650596040E-003                  1.2718648985637691E-003                  2.4871053158459595E-003                  5.8342092750388319E-003                  3.1275136518587137E-009                  0.0000000000000000E+000 
                                     616                  6.3755700335476317E-001                 -4.3442222093791089E-001                  6.7650873499774757E+000                  8.3295503656168659E+000                  3.6974164639626267E+031                  7.0479264368559003E-001                  2.9831197861404711E-003                  2.8002423325271597E-001                  2.1025791981171289E-003                  6.1633199767530968E-004                  5.7221218653511294E-003                  1.2718648985637687E-003                  2.4871053158459582E-003                  6.2716508085432039E-003                  3.8513879955694292E-009                  0.0000000000000000E+000 
                                     617                  6.3384556140895609E-001                 -4.3806266064665178E-001                  6.7682462495173974E+000                  8.3245341312466596E+000                  4.9031061590682730E+031                  7.0463441071150434E-001                  3.1259560407657372E-003                  2.8003962938408150E-001                  2.1025756698160127E-003                  6.1633611371159774E-004                  5.7221218657111548E-003                  1.2718648985637700E-003                  2.4871053158459608E-003                  6.7478046732583376E-003                  4.7438696718791489E-009                  0.0000000000000000E+000 
                                     618                  6.3013411946314901E-001                 -4.4169153787136461E-001                  6.7714167006673600E+000                  8.3277904182213494E+000                  6.6099104572420291E+031                  7.0447009283310535E-001                  3.2711684918660822E-003                  2.8005873413751264E-001                  2.1025716269248130E-003                  6.1634083005256970E-004                  5.7221218661287895E-003                  1.2718648985637704E-003                  2.4871053158459617E-003                  7.2674741547029678E-003                  5.8445306871304243E-009                  0.0000000000000000E+000 
                                     619                  6.2635157878191616E-001                 -4.4537865145523031E-001                  6.7745988862013116E+000                  8.3228348736533082E+000                  8.7202097695855800E+031                  7.0429818012809198E-001                  3.4181912805464850E-003                  2.8008362324244596E-001                  2.1025667589114508E-003                  6.1634650895304695E-004                  5.7221218666412823E-003                  1.2718648985637698E-003                  2.4871053158459604E-003                  7.8365438913208813E-003                  7.2023474947816009E-009                  0.0000000000000000E+000 
                                     620                  6.2256903810068331E-001                 -4.4905496626520458E-001                  6.7777856707282282E+000                  8.3240474277910952E+000                  1.1624940467132707E+032                  7.0411924903729040E-001                  3.5656452005457589E-003                  2.8011509945620022E-001                  2.1025610170836251E-003                  6.1635320721508465E-004                  5.7221218672551151E-003                  1.2718648985637702E-003                  2.4871053158459612E-003                  8.4603492415727104E-003                  8.8735401411771150E-009                  0.0000000000000000E+000 
                                     621                  6.1873278090918105E-001                 -4.5277307795457084E-001                  6.7809923132056609E+000                  8.3232145835603344E+000                  1.5366166015329074E+032                  7.0393416708051848E-001                  3.7112218387853808E-003                  2.8015460365289635E-001                  2.1025542866142696E-003                  6.1636105878988719E-004                  5.7221218679859081E-003                  1.2718648985637700E-003                  2.4871053158459608E-003                  9.1496090121340364E-003                  1.0940864583021761E-008                  0.0000000000000000E+000 
                                     622                  6.1486051202187131E-001                 -4.5651608053578530E-001                  6.7842116296774675E+000                  8.3223939476804780E+000                  2.0212394587037472E+032                  7.0374289176996185E-001                  3.8529000029015516E-003                  2.8020419947604031E-001                  2.1025463474917960E-003                  6.1637032033304967E-004                  5.7221218688617822E-003                  1.2718648985637706E-003                  2.4871053158459621E-003                  9.9121472819135373E-003                  1.3493663301796125E-008                  0.0000000000000000E+000 
                                     623                  6.1095208661540179E-001                 -4.6028446466260525E-001                  6.7874439441861076E+000                  8.3215863594142885E+000                  2.6433646946845917E+032                  7.0354590581621268E-001                  3.9879794700369252E-003                  2.8026610440130045E-001                  2.1025369801569468E-003                  6.1638124797155024E-004                  5.7221218699118528E-003                  1.2718648985637685E-003                  2.4871053158459578E-003                  1.0758313099883300E-002                  1.6647064435342394E-008                  0.0000000000000000E+000 
                                     624                  6.0700736463797800E-001                 -4.6407874039953939E-001                  6.7898767464248531E+000                  8.0209261885161531E+000                  1.6132106203117948E+032                  7.0339486462439016E-001                  4.0832677037060646E-003                  2.8032185601365550E-001                  2.1025289060558941E-003                  6.1639066695356429E-004                  5.7221218708290653E-003                  1.2718648985637709E-003                  2.4871053158459625E-003                  1.1455702158377264E-002                  1.9492557042843002E-008                  0.0000000000000000E+000 
                                     625                  6.0501678781729207E-001                 -4.6599001250947264E-001                  6.7915029914249176E+000                  8.0185422204356911E+000                  1.8266608484813388E+032                  7.0329267588917121E-001                  4.1428088111197837E-003                  2.8036450263898793E-001                  2.1025228917377326E-003                  6.1639768305365961E-004                  5.7221218715198400E-003                  1.2718648985637702E-003                  2.4871053158459612E-003                  1.1952125274783735E-002                  2.1655902271144095E-008                  0.0000000000000000E+000 
                                     626                  6.0302621099660625E-001                 -4.6789920090243220E-001                  6.7939489381285991E+000                  8.3200142302274998E+000                  4.4251975728759050E+032                  7.0313730405602404E-001                  4.2254607939820532E-003                  2.8043722081932604E-001                  2.1025128729282631E-003                  6.1640937064791769E-004                  5.7221218726818783E-003                  1.2718648985637698E-003                  2.4871053158459604E-003                  1.2747879256290517E-002                  2.5361033884858956E-008                  0.0000000000000000E+000 
                                     627                  5.9900849575021797E-001                 -4.7174687389718672E-001                  6.7972223091028621E+000                  8.3192514331291569E+000                  5.6521534530781946E+032                  7.0292713818096852E-001                  4.3206296219220454E-003                  2.8055221529741337E-001                  2.1024974601182673E-003                  6.1642735067329727E-004                  5.7221218744947589E-003                  1.2718648985637691E-003                  2.4871053158459591E-003                  1.3915816323906458E-002                  3.1318582568321312E-008                  0.0000000000000000E+000 
                                     628                  5.9495409430890944E-001                 -4.7562209767355340E-001                  6.7996867946601194E+000                  8.0186090707932731E+000                  3.3813399237538043E+032                  7.0276760903579694E-001                  4.3787569748739257E-003                  2.8065361486959040E-001                  2.1024841410519756E-003                  6.1644288819434840E-004                  5.7221218760829164E-003                  1.2718648985637706E-003                  2.4871053158459621E-003                  1.4878880935961208E-002                  3.6700521306028281E-008                  0.0000000000000000E+000 
                                     629                  5.9290849097413112E-001                 -4.7757449997916412E-001                  6.8013343928118823E+000                  8.0162839170917710E+000                  3.7746994113884739E+032                  7.0266045810224476E-001                  4.4100781383362405E-003                  2.8072944298926666E-001                  2.1024742394674121E-003                  6.1645443899893551E-004                  5.7221218772761234E-003                  1.2718648985637691E-003                  2.4871053158459591E-003                  1.5563289245515798E-002                  4.0795177163427353E-008                  0.0000000000000000E+000 
                                     630                  5.9086288763935291E-001                 -4.7952522350532567E-001                  6.8038127152530956E+000                  8.3177779710583302E+000                  8.9359175183934560E+032                  7.0249866701584562E-001                  4.4452028635374808E-003                  2.8085610660032639E-001                  2.1024577401436671E-003                  6.1647368645276657E-004                  5.7221218792843660E-003                  1.2718648985637696E-003                  2.4871053158459599E-003                  1.6656396733511599E-002                  4.7813200626681108E-008                  0.0000000000000000E+000 
                                     631                  5.8673476247601020E-001                 -4.8345737366492858E-001                  6.8071305145920729E+000                  8.3170690540887176E+000                  1.1038543625855732E+033                  7.0228139610876994E-001                  4.4680841026819461E-003                  2.8105049202969989E-001                  2.1024323111529940E-003                  6.1650335086159869E-004                  5.7221218824237358E-003                  1.2718648985637689E-003                  2.4871053158459586E-003                  1.8247779061152394E-002                  5.9111659760214625E-008                  0.0000000000000000E+000 
                                     632                  5.8256961153861941E-001                 -4.8741894990335993E-001                  6.8096292872599413E+000                  8.0164504757732420E+000                  6.4282993337262401E+032                  7.0211728136133678E-001                  4.4662050755030890E-003                  2.8121648213451389E-001                  2.1024102944311347E-003                  6.1652903462549300E-004                  5.7221218851798627E-003                  1.2718648985637691E-003                  2.4871053158459591E-003                  1.9545257205153415E-002                  6.9331479208667550E-008                  0.0000000000000000E+000 
                                     633                  5.8046847264766610E-001                 -4.8941526692487602E-001                  6.8112999880630101E+000                  8.0141899249705055E+000                  7.0442282055164659E+032                  7.0200723457845482E-001                  4.4554020993380506E-003                  2.8133732916784093E-001                  2.1023939416627514E-003                  6.1654811104529380E-004                  5.7221218872484259E-003                  1.2718648985637704E-003                  2.4871053158459617E-003                  2.0458092200693754E-002                  7.7113114010467898E-008                  0.0000000000000000E+000 
                                     634                  5.7836733375671268E-001                 -4.9141036692178253E-001                  6.8138133232548110E+000                  8.3157116575105636E+000                  1.6201476970613087E+033                  7.0184100933823457E-001                  4.4250636655377030E-003                  2.8153388829796039E-001                  2.1023666808682880E-003                  6.1657991225748192E-004                  5.7221218907318608E-003                  1.2718648985637689E-003                  2.4871053158459586E-003                  2.1899305870141540E-002                  9.0461396330440787E-008                  0.0000000000000000E+000 
                                     635                  5.7412783450153393E-001                 -4.9543284809960347E-001                  6.8171791123630614E+000                  8.3150642108965567E+000                  1.9241147861280877E+033                  7.0161660737614950E-001                  4.3589760176084551E-003                  2.8182437089423029E-001                  2.1023246024928746E-003                  6.1662899892267985E-004                  5.7221218961864854E-003                  1.2718648985637696E-003                  2.4871053158459599E-003                  2.3961665097321578E-002                  1.1198042574085968E-007                  0.0000000000000000E+000 
                                     636                  5.6985102582566716E-001                 -4.9948685790753100E-001                  6.8197148724754140E+000                  8.0144735272211776E+000                  1.0877408542446755E+033                  7.0144540984766013E-001                  4.2913574546915708E-003                  2.8206318090260951E-001                  2.1022881079294778E-003                  6.1667157171506923E-004                  5.7221219009844669E-003                  1.2718648985637702E-003                  2.4871053158459612E-003                  2.5613942177554919E-002                  1.3147209027279041E-007                  0.0000000000000000E+000 
                                     637                  5.6769392626820869E-001                 -5.0153021359199801E-001                  6.8214104792385122E+000                  8.0122819734776058E+000                  1.1690403264962680E+033                  7.0132947357686604E-001                  4.2383034516065340E-003                  2.8223216666050677E-001                  2.1022610147379086E-003                  6.1670317728933644E-004                  5.7221219045836018E-003                  1.2718648985637704E-003                  2.4871053158459617E-003                  2.6762247072935879E-002                  1.4632660177937997E-007                  0.0000000000000000E+000 
                                     638                  5.6553682671075034E-001                 -5.0357287048143584E-001                  6.8239615379800176E+000                  8.3138343586027244E+000                  2.6130389516548504E+033                  7.0115222289839729E-001                  4.1481636669950554E-003                  2.8249954959144830E-001                  2.1022158264541982E-003                  6.1675589164690266E-004                  5.7221219106484492E-003                  1.2718648985637691E-003                  2.4871053158459591E-003                  2.8554723049623899E-002                  1.7183027366231974E-007                  0.0000000000000000E+000 
                                     639                  5.6118516332376434E-001                 -5.0769220990956676E-001                  6.8273789835619949E+000                  8.3132520151975342E+000                  2.9941654595528056E+033                  7.0090798232480778E-001                  4.0114449449475034E-003                  2.8288049724413111E-001                  2.1021459758628243E-003                  6.1683737568044255E-004                  5.7221219201605243E-003                  1.2718648985637691E-003                  2.4871053158459591E-003                  3.1086973729995554E-002                  2.1300595941824772E-007                  0.0000000000000000E+000 
                                     640                  5.5679596928065023E-001                 -5.1184539677235585E-001                  6.8299545276384572E+000                  8.0126901892043580E+000                  1.6515338464817659E+033                  7.0071744015832826E-001                  3.8992812106017670E-003                  2.8318319303114431E-001                  2.1020852992764206E-003                  6.1690815769707490E-004                  5.7221219285424393E-003                  1.2718648985637696E-003                  2.4871053158459599E-003                  3.3097407912680545E-002                  2.5035822257445466E-007                  0.0000000000000000E+000 
                                     641                  5.5458257759939011E-001                 -5.1393924112745637E-001                  6.8316769140589377E+000                  8.0105701466681527E+000                  1.7486555686722925E+033                  7.0058633102379975E-001                  3.8210919692226518E-003                  2.8339248389957616E-001                  2.1020402591375759E-003                  6.1696069902460768E-004                  5.7221219348294310E-003                  1.2718648985637689E-003                  2.4871053158459586E-003                  3.4489085649382571E-002                  2.7885136079170184E-007                  0.0000000000000000E+000 
                                     642                  5.5236918591813011E-001                 -5.1603295887331602E-001                  6.8342685219380748E+000                  8.3121533360507005E+000                  3.8298062350590575E+033                  7.0038278854087488E-001                  3.7003227346193413E-003                  2.8371678308827136E-001                  2.1019650940918349E-003                  6.1704838230120863E-004                  5.7221219454314494E-003                  1.2718648985637691E-003                  2.4871053158459591E-003                  3.6658122665588717E-002                  3.2781877131390509E-007                  0.0000000000000000E+000 
                                     643                  5.4790476257457976E-001                 -5.2025632345880934E-001                  6.8377414705999158E+000                  8.3116367612358353E+000                  4.2903015230983814E+033                  7.0009664948093964E-001                  3.5358656091372194E-003                  2.8416735988002828E-001                  2.1018487446194307E-003                  6.1718410877944726E-004                  5.7221219620861817E-003                  1.2718648985637687E-003                  2.4871053158459582E-003                  3.9728916897333627E-002                  4.0700256735671090E-007                  0.0000000000000000E+000 
                                     644                  5.4340265688034251E-001                 -5.2451606769416415E-001                  6.8403597434077383E+000                  8.0111031655364062E+000                  2.3346308008194027E+033                  6.9986963927859147E-001                  3.4121587609619681E-003                  2.8451806005797725E-001                  2.1017475201986760E-003                  6.1730219107263191E-004                  5.7221219767883197E-003                  1.2718648985637702E-003                  2.4871053158459608E-003                  4.2180867031531295E-002                  4.7894950320489069E-007                  0.0000000000000000E+000 
                                     645                  5.4113274596907723E-001                 -5.2666417093381690E-001                  6.8429910491886590E+000                  8.3108994460573111E+000                  5.0514963209324181E+033                  6.9963061020227224E-001                  3.2894907671689798E-003                  2.8487973783728671E-001                  2.1016317881539705E-003                  6.1743719689127312E-004                  5.7221219938171025E-003                  1.2718648985637700E-003                  2.4871053158459608E-003                  4.4763314869554788E-002                  5.6374853137378025E-007                  0.0000000000000000E+000 
                                     646                  5.3657405364509547E-001                 -5.3098017794253893E-001                  6.8456281992135137E+000                  8.0085966995761364E+000                  2.7300967692532172E+033                  6.9938033171773450E-001                  3.1695670565950857E-003                  2.8524991829415247E-001                  2.1015013732474399E-003                  6.1758933061811263E-004                  5.7221220132427511E-003                  1.2718648985637696E-003                  2.4871053158459599E-003                  4.7500934943410747E-002                  6.6367924064018429E-007                  0.0000000000000000E+000 
                                     647                  5.3428527223237898E-001                 -5.3314799506961830E-001                  6.8482785259977357E+000                  8.3102208043663506E+000                  5.9218864366464524E+033                  6.9911651767672101E-001                  3.0525713229278858E-003                  2.8563070323269246E-001                  2.1013523732663691E-003                  6.1776314425615554E-004                  5.7221220357264102E-003                  1.2718648985637693E-003                  2.4871053158459595E-003                  5.0396496099069758E-002                  7.8150651238738169E-007                  0.0000000000000000E+000 
                                     648                  5.2966995275376338E-001                 -5.3752237460662611E-001                  6.8518318201856987E+000                  8.3097942035166525E+000                  6.5805474824795696E+033                  6.9874296785287682E-001                  2.9023037364688939E-003                  2.8615448212786271E-001                  2.1011213090183457E-003                  6.1803268823851253E-004                  5.7221220711248834E-003                  1.2718648985637693E-003                  2.4871053158459595E-003                  5.4550998162482482E-002                  9.7248196393287159E-007                  0.0000000000000000E+000 
                                     649                  5.2501687052666357E-001                 -5.4193690265364480E-001                  6.8545119480912930E+000                  8.0092990643689337E+000                  3.5694710511653590E+033                  6.9844558018666780E-001                  2.7942397339039381E-003                  2.8655990022398109E-001                  2.1009198965751801E-003                  6.1826764201544030E-004                  5.7221221024469091E-003                  1.2718648985637696E-003                  2.4871053158459599E-003                  5.7910347095868765E-002                  1.1464100808589472E-006                  0.0000000000000000E+000 
                                     650                  5.2267144993944881E-001                 -5.4416385680700052E-001                  6.8572055054167178E+000                  8.3091945401661409E+000                  7.7147740285501538E+033                  6.9813266588594136E-001                  2.6901454860740743E-003                  2.8697687042645081E-001                  2.1006898472432953E-003                  6.1853600118449818E-004                  5.7221221386962173E-003                  1.2718648985637696E-003                  2.4871053158459599E-003                  6.1481527744028472E-002                  1.3517497302007164E-006                  0.0000000000000000E+000 
                                     651                  5.1796173631659448E-001                 -5.4864054790124472E-001                  6.8599068216129426E+000                  8.0069897885021142E+000                  4.1709205905682905E+033                  6.9780493488741813E-001                  2.5903358303788248E-003                  2.8740436765329552E-001                  2.1004293141947692E-003                  6.1883992001466996E-004                  5.7221221802883360E-003                  1.2718648985637696E-003                  2.4871053158459599E-003                  6.5298416570891055E-002                  1.5942937980326812E-006                  0.0000000000000000E+000 
                                     652                  5.1559744328095503E-001                 -5.5089020843285341E-001                  6.8626217390776150E+000                  8.3086580788135400E+000                  9.0584089534975342E+033                  6.9746062849620083E-001                  2.4943325797830329E-003                  2.8784462770708547E-001                  2.1001318221519709E-003                  6.1918695195212897E-004                  5.7221222284168797E-003                  1.2718648985637696E-003                  2.4871053158459599E-003                  6.9361153225669089E-002                  1.8807723063598634E-006                  0.0000000000000000E+000 
                                     653                  5.1083113697733862E-001                 -5.5543149869968855E-001                  6.8662635523463287E+000                  8.3083290119829627E+000                  1.0093250984741501E+034                  6.9697473731493265E-001                  2.3720889469765597E-003                  2.8845268547297992E-001                  2.0996695900477582E-003                  6.1972615626723529E-004                  5.7221223043861843E-003                  1.2718648985637700E-003                  2.4871053158459608E-003                  7.5224497624623937E-002                  2.3462870570868643E-006                  0.0000000000000000E+000 
                                     654                  5.0602714609706279E-001                 -5.6001728374362503E-001                  6.8690119592710941E+000                  8.0078765762611877E+000                  5.4875063955557140E+033                  6.9658933464178374E-001                  2.2844664652815669E-003                  2.8892564333310122E-001                  2.0992658722648870E-003                  6.2019710136963432E-004                  5.7221223717891807E-003                  1.2718648985637698E-003                  2.4871053158459608E-003                  7.9985509493806839E-002                  2.7713472805568666E-006                  0.0000000000000000E+000 
                                     655                  5.0360633188723947E-001                 -5.6233154713696665E-001                  6.8717742903038728E+000                  8.3078802037192627E+000                  1.1889521136826785E+034                  6.9618546565205464E-001                  2.2000566241342488E-003                  2.8941384529004627E-001                  2.0988046872258337E-003                  6.2073508227386825E-004                  5.7221224498554581E-003                  1.2718648985637698E-003                  2.4871053158459599E-003                  8.5057343551742548E-002                  3.2740972786159071E-006                  0.0000000000000000E+000 
                                     656                  4.9874591410878344E-001                 -5.6698632940429849E-001                  6.8745466629866199E+000                  8.0057825163923084E+000                  6.4432879544027642E+033                  6.9576335572386994E-001                  2.1188969574538643E-003                  2.8991702752325726E-001                  2.0982805847712090E-003                  6.2134645642173076E-004                  5.7221225398164507E-003                  1.2718648985637711E-003                  2.4871053158459630E-003                  9.0488535239909060E-002                  3.8694614846427367E-006                  0.0000000000000000E+000 
                                     657                  4.9630631054015067E-001                 -5.6932678743223297E-001                  6.8773331744653827E+000                  8.3075007807132106E+000                  1.4021634673395163E+034                  6.9532152606941922E-001                  2.0405784651848519E-003                  2.9043707587393225E-001                  2.0976818866745807E-003                  6.2204484633541547E-004                  5.7221226440439211E-003                  1.2718648985637685E-003                  2.4871053158459578E-003                  9.6273822587653907E-002                  4.5740072573528715E-006                  0.0000000000000000E+000 
                                     658                  4.9138959570758511E-001                 -5.7405341131025245E-001                  6.8810733333084579E+000                  8.3072796939350351E+000                  1.5660457489595558E+034                  6.9469984221779879E-001                  1.9403359740474558E-003                  2.9115884683906923E-001                  2.0967497447347445E-003                  6.2313220085016710E-004                  5.7221228090897202E-003                  1.2718648985637700E-003                  2.4871053158459608E-003                  1.0462970634710755E-001                  5.7220638833121454E-006                  0.0000000000000000E+000 
                                     659                  4.8643545683283868E-001                 -5.7882959826477209E-001                  6.8838977693235783E+000                  8.0068755675669863E+000                  8.5258053972961142E+033                  6.9420800846159503E-001                  1.8680824835535480E-003                  2.9172279809330653E-001                  2.0959339001693738E-003                  6.2408389094597888E-004                  5.7221229560197560E-003                  1.2718648985637702E-003                  2.4871053158459612E-003                  1.1141735291139959E-001                  6.7733040072103986E-006                  0.0000000000000000E+000 
                                     660                  4.8393972373882005E-001                 -5.8124101696917252E-001                  6.8867367454014339E+000                  8.3069978827665807E+000                  1.8493612988599613E+034                  6.9369398951291539E-001                  1.7981776910045441E-003                  2.9230656636964769E-001                  2.0950012387286380E-003                  6.2517184676238124E-004                  5.7221231265315144E-003                  1.2718648985637698E-003                  2.4871053158459604E-003                  1.1864526749815492E-001                  8.0191255221574304E-006                  0.0000000000000000E+000 
                                     661                  4.7892964902663621E-001                 -5.8609418729084573E-001                  6.8895884828864462E+000                  8.0050175361037770E+000                  1.0030687761843602E+034                  6.9315731251914858E-001                  1.7306244951012352E-003                  2.9291061938410612E-001                  2.0939383354581448E-003                  6.2641172791179746E-004                  5.7221233238642583E-003                  1.2718648985637689E-003                  2.4871053158459586E-003                  1.2638596594029294E-001                  9.4985057519034809E-006                  0.0000000000000000E+000 
                                     662                  4.7641530740847082E-001                 -5.8853589860163591E-001                  6.8924550217487051E+000                  8.3067920937582098E+000                  2.1835263261460103E+034                  6.9259681602794376E-001                  1.6651706752329515E-003                  2.9353636712106573E-001                  2.0927230626731656E-003                  6.2782934561457081E-004                  5.7221235530601124E-003                  1.2718648985637685E-003                  2.4871053158459578E-003                  1.3462396353304912E-001                  1.1252659565626025E-005                  0.0000000000000000E+000 
                                     663                  4.7134953140116381E-001                 -5.9346939383321973E-001                  6.8963053271666066E+000                  8.3066901779275817E+000                  2.4387140502622928E+034                  6.9180937613458382E-001                  1.5809596256788174E-003                  2.9440770199440364E-001                  2.0908269185844590E-003                  6.3004119479023540E-004                  5.7221239175490541E-003                  1.2718648985637691E-003                  2.4871053158459591E-003                  1.4651270736893821E-001                  1.4119403278393908E-005                  0.0000000000000000E+000 
                                     664                  4.6624680140527247E-001                 -5.9845839946898516E-001                  6.8992150787172211E+000                  8.0063400405028524E+000                  1.3270237042272289E+034                  6.9118723515983060E-001                  1.5199606625297141E-003                  2.9509056470381662E-001                  2.0891637921192801E-003                  6.3198122378102419E-004                  5.7221242435131657E-003                  1.2718648985637696E-003                  2.4871053158459599E-003                  1.5615939006744287E-001                  1.6752012872491567E-005                  0.0000000000000000E+000 
                                     665                  4.6367703631187679E-001                 -6.0097851351905418E-001                  6.9021401205917616E+000                  8.3065923102821717E+000                  2.8764176360905593E+034                  6.9053808525540328E-001                  1.4607483434707317E-003                  2.9579860968561372E-001                  2.0872606266606258E-003                  6.3420125136218392E-004                  5.7221246230795570E-003                  1.2718648985637693E-003                  2.4871053158459595E-003                  1.6641341059693376E-001                  1.9877945118919944E-005                  0.0000000000000000E+000 
                                     666                  4.5851919070038577E-001                 -6.0605389100800966E-001                  6.9050811511021823E+000                  8.0047401783964158E+000                  1.5585067531092350E+034                  6.8986053234407940E-001                  1.4032993478348597E-003                  2.9653324914576695E-001                  2.0850862769918144E-003                  6.3673760627613581E-004                  5.7221250646410727E-003                  1.2718648985637689E-003                  2.4871053158459591E-003                  1.7738194870942667E-001                  2.3600164863861520E-005                  0.0000000000000000E+000 
                                     667                  4.5593111018229066E-001                 -6.0860914088385099E-001                  6.9080377766147523E+000                  8.3065773888356400E+000                  3.3872324857564739E+034                  6.8915387422767838E-001                  1.3474915031059659E-003                  2.9729530026657558E-001                  2.0825976212967704E-003                  6.3964058731641818E-004                  5.7221255796170000E-003                  1.2718648985637687E-003                  2.4871053158459582E-003                  1.8902842768212336E-001                  2.8021880320245091E-005                  0.0000000000000000E+000 
                                     668                  4.5071850372970018E-001                 -6.1377484024703544E-001                  6.9120122253265786E+000                  8.3066061309606152E+000                  3.7735228152643010E+034                  6.8816182453985197E-001                  1.2754586617057346E-003                  2.9835873421497960E-001                  2.0787067543897499E-003                  6.4417921100642049E-004                  5.7221264036568459E-003                  1.2718648985637693E-003                  2.4871053158459595E-003                  2.0579782253847834E-001                  3.5267813046210699E-005                  0.0000000000000000E+000 
                                     669                  4.4546965395296345E-001                 -6.1900307129921628E-001                  6.9160200980136661E+000                  8.3066691537472241E+000                  4.1997181297661689E+034                  6.8711103662679762E-001                  1.2060921779167395E-003                  2.9947811120116569E-001                  2.0740430522120123E-003                  6.4961930815535403E-004                  5.7221274193426687E-003                  1.2718648985637693E-003                  2.4871053158459595E-003                  2.2403605296216730E-001                  4.4419132197320991E-005                  0.0000000000000000E+000 
                                     670                  4.4018478019219337E-001                 -6.2429578254728635E-001                  6.9200623773769356E+000                  8.3067673376600482E+000                  4.6689102963453871E+034                  6.8599896994976073E-001                  1.1392952833127351E-003                  3.0065604307272459E-001                  2.0684537924691997E-003                  6.5613901364754894E-004                  5.7221286736753446E-003                  1.2718648985637704E-003                  2.4871053158459617E-003                  2.4385444769177642E-001                  5.5982811832422339E-005                  0.0000000000000000E+000 
                                     671                  4.3486411964543276E-001                 -6.2965501120264944E-001                  6.9241400637087747E+000                  8.3069010526170270E+000                  5.1843043455503041E+034                  6.8482147031724572E-001                  1.0749902154462241E-003                  3.0189673021530139E-001                  2.0617496111757501E-003                  6.6395919869803328E-004                  5.7221302277231977E-003                  1.2718648985637706E-003                  2.4871053158459621E-003                  2.6537029977405080E-001                  7.0600325013209496E-005                  0.0000000000000000E+000 
                                     672                  4.2950792800208959E-001                 -6.3508288173859528E-001                  6.9272259610387410E+000                  8.0066573442177642E+000                  2.8067276855758340E+034                  6.8389203346121297E-001                  1.0283132570158896E-003                  3.0287186086526946E-001                  2.0558516811525858E-003                  6.7083888395317876E-004                  5.7221316369862893E-003                  1.2718648985637702E-003                  2.4871053158459608E-003                  2.8274799067762763E-001                  8.4074640095290745E-005                  0.0000000000000000E+000 
                                     673                  4.2681220405147641E-001                 -6.3782745037119692E-001                  6.9292923837558735E+000                  8.0053369987556362E+000                  2.9451194703771678E+034                  6.8325084654435098E-001                  9.9797751550241760E-004                  3.0354264985624840E-001                  2.0514504839604032E-003                  6.7597267229334225E-004                  5.7221327132347226E-003                  1.2718648985637698E-003                  2.4871053158459608E-003                  2.9489752382519108E-001                  9.4451836333285172E-005                  0.0000000000000000E+000 
                                     674                  4.2411648010086328E-001                 -6.4058106294367145E-001                  6.9324057207842253E+000                  8.3072781311938098E+000                  6.3672379944164968E+034                  6.8225581200848529E-001                  9.5363786164343891E-004                  3.0458079153418294E-001                  2.0440568035934832E-003                  6.8459701061949921E-004                  5.7221345670654825E-003                  1.2718648985637691E-003                  2.4871053158459591E-003                  3.1400162536281012E-001                  1.1245160605244649E-004                  0.0000000000000000E+000 
                                     675                  4.1869007061337615E-001                 -6.4615297792262338E-001                  6.9365958097146416E+000                  8.3075217993467145E+000                  7.0420110830118604E+034                  6.8085940480292650E-001                  8.9651347289603682E-004                  3.0603239264049337E-001                  2.0324761370649714E-003                  6.9810514988172484E-004                  5.7221375823276310E-003                  1.2718648985637696E-003                  2.4871053158459599E-003                  3.4139448249957555E-001                  1.4199507597654064E-004                  0.0000000000000000E+000 
                                     676                  4.1322901475484441E-001                 -6.5180049802250095E-001                  6.9408255237960201E+000                  8.3078029436142273E+000                  7.7774589697696134E+034                  6.7938122435338033E-001                  8.4171991131898154E-004                  3.0756304994921291E-001                  2.0185787670523197E-003                  7.1431542975178481E-004                  5.7221413748739488E-003                  1.2718648985637698E-003                  2.4871053158459604E-003                  3.7103943394531835E-001                  1.7932466396732984E-004                  0.0000000000000000E+000 
                                     677                  4.0773364902319409E-001                 -6.5752615641760492E-001                  6.9450959808999588E+000                  8.3081222054837625E+000                  8.5777689305675373E+034                  6.7781734036461772E-001                  7.8923686545656754E-004                  3.0917663846760535E-001                  2.0019112641988645E-003                  7.3375665611420812E-004                  5.7221461675977031E-003                  1.2718648985637696E-003                  2.4871053158459599E-003                  4.0310293386082291E-001                  2.2645116883376052E-004                  0.0000000000000000E+000 
                                     678                  4.0220433196775973E-001                 -6.6333260600814092E-001                  6.9494083281920878E+000                  8.3084796839642081E+000                  9.4474052878465557E+034                  6.7616210358755435E-001                  7.3904363639251170E-004                  3.1087873692241691E-001                  1.9819265253015884E-003                  7.5706685433077120E-004                  5.7221522595941711E-003                  1.2718648985637687E-003                  2.4871053158459586E-003                  4.3776419033206321E-001                  2.8586382784587364E-004                  0.0000000000000000E+000 
                                     679                  3.9664144498928022E-001                 -6.6922261931780858E-001                  6.9537637467317275E+000                  8.3088756779205681E+000                  1.0391195493063803E+035                  6.7441032896605713E-001                  6.9111955352394372E-004                  3.1267444443004067E-001                  1.9579851881906742E-003                  7.8499159706192016E-004                  5.7221600507159978E-003                  1.2718648985637702E-003                  2.4871053158459617E-003                  4.7521872084932337E-001                  3.6061833439360801E-004                  0.0000000000000000E+000 
                                     680                  3.9104539317321946E-001                 -6.7519909859501248E-001                  6.9581634756730733E+000                  8.3093105820411530E+000                  1.1414386845690686E+035                  6.7255690473496055E-001                  6.4544128941568918E-004                  3.1456877198472122E-001                  1.9293430677713845E-003                  8.1839862770443424E-004                  5.7221700810169271E-003                  1.2718648985637689E-003                  2.4871053158459586E-003                  5.1568037667263311E-001                  4.5442160375610115E-004                  0.0000000000000000E+000 
                                     681                  3.8541660615833340E-001                 -6.8126508526558160E-001                  6.9626088419680903E+000                  8.3097844257753639E+000                  1.2522678582344070E+035                  6.7059536740269488E-001                  6.0197991690876245E-004                  3.1656806683866123E-001                  1.8951297199642292E-003                  8.5830281675964909E-004                  5.7221830906014669E-003                  1.2718648985637696E-003                  2.4871053158459599E-003                  5.5938224405290371E-001                  5.7169563305189096E-004                  0.0000000000000000E+000 
                                     682                  3.7975553904249026E-001                 -6.8742376356490298E-001                  6.9671012719082501E+000                  8.3102974378975887E+000                  1.3722325970878228E+035                  6.6851953159561728E-001                  5.6070167228346537E-004                  3.1867838316356467E-001                  1.8543561133135642E-003                  9.0585714468074355E-004                  5.7222000961306071E-003                  1.2718648985637687E-003                  2.4871053158459582E-003                  6.0658084592797834E-001                  7.1760251331218108E-004                  0.0000000000000000E+000 
                                     683                  3.7406267332788179E-001                 -6.9367847258801552E-001                  6.9705084177463066E+000                  8.0102116784108883E+000                  7.3546713130821006E+034                  6.6688091108546865E-001                  5.3110210346902652E-004                  3.2034066820906337E-001                  1.8187580841631695E-003                  9.4737397844820847E-004                  5.7222163249778333E-003                  1.2718648985637678E-003                  2.4871053158459565E-003                  6.4458341181782697E-001                  8.4967001063265758E-004                  0.0000000000000000E+000 
                                     684                  3.7120059561792179E-001                 -6.9684684103829753E-001                  6.9739345845089344E+000                  8.3111351132190787E+000                  1.5708946719053851E+035                  6.6517596428479686E-001                  5.0276464285298704E-004                  3.2206722447853853E-001                  1.7784051475928065E-003                  9.9443488775796045E-004                  5.7222363440510007E-003                  1.2718648985637693E-003                  2.4871053158459604E-003                  6.8459495171348528E-001                  1.0031998795049541E-003                  0.0000000000000000E+000 
                                     685                  3.6546106400308159E-001                 -7.0325219305184905E-001                  6.9785515552213910E+000                  8.3117468583759671E+000                  1.7168526257979513E+035                  6.6278502919902016E-001                  4.6675855146706419E-004                  3.2448378593822913E-001                  1.7161526779521220E-003                  1.0670326279491455E-003                  5.7222707909724609E-003                  1.2718648985637702E-003                  2.4871053158459608E-003                  7.4183374897410981E-001                  1.2471360274435908E-003                  0.0000000000000000E+000 
                                     686                  3.5969106340565010E-001                 -7.0976266585768621E-001                  6.9820527203796079E+000                  8.0105890919057305E+000                  9.1601650032004043E+034                  6.6089904649669351E-001                  4.4105384902553467E-004                  3.2638651020372378E-001                  1.6623989292232164E-003                  1.1297160667335633E-003                  5.7223042401907164E-003                  1.2718648985637698E-003                  2.4871053158459604E-003                  7.8791017454071399E-001                  1.4630244842483719E-003                  0.0000000000000000E+000 
                                     687                  3.5679851671309853E-001                 -7.1305389896469584E-001                  6.9855738081948928E+000                  8.3127466187284007E+000                  1.9582139184638723E+035                  6.5893751043788673E-001                  4.1653282248573480E-004                  3.2836252151922535E-001                  1.6021557222604674E-003                  1.1999631607307268E-003                  5.7223461230014282E-003                  1.2718648985637693E-003                  2.4871053158459595E-003                  8.3641985443922229E-001                  1.7079800300723103E-003                  0.0000000000000000E+000 
                                     688                  3.5098383519266529E-001                 -7.1972959258889380E-001                  6.9903267910762557E+000                  8.3134584424900986E+000                  2.1355932628399800E+035                  6.5618414316778439E-001                  3.8545234189953830E-004                  3.3113169750357302E-001                  1.5105801880557247E-003                  1.3067370428232737E-003                  5.7224195414543686E-003                  1.2718648985637693E-003                  2.4871053158459595E-003                  9.0594232840282796E-001                  2.0843340928434232E-003                  0.0000000000000000E+000 
                                     689                  3.4514019478157371E-001                 -7.2652071375072003E-001                  6.9939371903092526E+000                  8.0134434458625190E+000                  1.1406386981742810E+035                  6.5401012755469823E-001                  3.6331884273761359E-004                  3.3331491939506586E-001                  1.4329890172741363E-003                  1.3972925626943729E-003                  5.7223824131199929E-003                  1.2718648985637696E-003                  2.4871053158459599E-003                  9.6201475355113608E-001                  2.4038938121412725E-003                  0.0000000000000000E+000 
                                     690                  3.4220422627292435E-001                 -7.2996458785423135E-001                  6.9975686046087668E+000                  8.3145948664018334E+000                  2.4290737752097020E+035                  6.5175002524508463E-001                  3.4227668502642792E-004                  3.3558186219115443E-001                  1.3477642989396649E-003                  1.4967385401553430E-003                  5.7223628252296068E-003                  1.2718648985637693E-003                  2.4871053158459595E-003                  1.0210646251557323E+000                  2.7495146527007500E-003                  0.0000000000000000E+000 
                                     691                  3.3631848926202657E-001                 -7.3693732779170129E-001                  7.0012450291008239E+000                  8.0136118402242804E+000                  1.2933857518675392E+035                  6.4938623718619171E-001                  3.2216094355190159E-004                  3.3795023170995930E-001                  1.2545552507116763E-003                  1.6054863484143412E-003                  5.7223583467613994E-003                  1.2718648985637683E-003                  2.4871053158459578E-003                  1.0841541877386152E+000                  3.1169112044450004E-003                  6.0776165666280255E-053 
                                     692                  3.3336872075977808E-001                 -7.4046651645371409E-001                  7.0049432510320608E+000                  8.3158371622772922E+000                  2.7588678899484040E+035                  6.4692972871367771E-001                  3.0307214157577946E-004                  3.4040909179224088E-001                  1.1541356495088442E-003                  1.7226384057617515E-003                  5.7223630828252747E-003                  1.2718648985637687E-003                  2.4871053158459582E-003                  1.1506048230807806E+000                  3.4950513292063565E-003                  1.0619612202096292E-052 
                                     693                  3.2744231608007174E-001                 -7.4763197170809981E-001                  7.0099428570022253E+000                  8.3167110423014261E+000                  3.0013009191667097E+035                  6.4348234757190570E-001                  2.7898997154343158E-004                  3.4385648045565137E-001                  1.0096877939620966E-003                  1.8911608632803500E-003                  5.7223631292473076E-003                  1.2718648985637700E-003                  2.4871053158459608E-003                  1.2460402797608405E+000                  3.9927653439628050E-003                  2.2553536525250665E-052 
                                     694                  3.2148981315541170E-001                 -7.5493243531653842E-001                  7.0137465024046444E+000                  8.0167456744144676E+000                  1.6000877043468722E+035                  6.4076125270279205E-001                  2.6191830389798044E-004                  3.4657554247341582E-001                  8.9505147214721770E-004                  2.0249139812205316E-003                  5.7223508521164618E-003                  1.2718648985637696E-003                  2.4871053158459604E-003                  1.3231852884918054E+000                  4.3339441823426333E-003                  3.9961376267918291E-052 
                                     695                  3.1850091659342261E-001                 -7.5863832121013453E-001                  7.0175732405840883E+000                  8.3180910967548929E+000                  3.4025141472120145E+035                  6.3793561845343305E-001                  2.4576753921934911E-004                  3.4939776535843653E-001                  7.7766783739516342E-004                  2.1618742258550159E-003                  5.7223363712512274E-003                  1.2718648985637696E-003                  2.4871053158459599E-003                  1.4044742549327092E+000                  4.6131832019376982E-003                  7.0938505570165735E-052 
                                     696                  3.1251090248736707E-001                 -7.6615183463077818E-001                  7.0214549916255615E+000                  8.0172909483930326E+000                  1.8093818344783057E+035                  6.3498043075397537E-001                  2.3037504574545512E-004                  3.5234862695949865E-001                  6.5935129527804981E-004                  2.2999160143768933E-003                  5.7223297167156954E-003                  1.2718648985637685E-003                  2.4871053158459578E-003                  1.4915655690191336E+000                  4.8054338088881080E-003                  1.2689752832225256E-051 
                                     697                  3.0950978494330067E-001                 -7.6995992939334423E-001                  7.0253606253368561E+000                  8.3195803335801681E+000                  3.8535027152995751E+035                  6.3191350604922703E-001                  2.1583741417811016E-004                  3.5541083631142179E-001                  5.4382479148946895E-004                  2.4347069658002931E-003                  5.7223182534737382E-003                  1.2718648985637704E-003                  2.4871053158459617E-003                  1.5833535862219079E+000                  4.8737916755115336E-003                  2.2743990146910684E-051 
                                     698                  3.0348399797233577E-001                 -7.7770039446363715E-001                  7.0306488027825873E+000                  8.3206184120625242E+000                  4.1849177579642885E+035                  6.2761293758850512E-001                  1.9757194373894662E-004                  3.5970553202721373E-001                  3.9897934701595687E-004                  2.6037121619883318E-003                  5.7222967171282725E-003                  1.2718648985637691E-003                  2.4871053158459591E-003                  1.7155035414494717E+000                  4.7339485841383193E-003                  5.0046320034344305E-051 
                                     699                  2.9743559279105630E-001                 -7.8560035840190345E-001                  7.0360161775032903E+000                  8.3216971701751632E+000                  4.5430983401133485E+035                  6.2307127104362059E-001                  1.8057940143582788E-004                  3.6424307823841595E-001                  2.7229333875549100E-004                  2.7515227160320749E-003                  5.7222850473303390E-003                  1.2718648985637698E-003                  2.4871053158459604E-003                  1.8590660872208862E+000                  4.3048381978147941E-003                  1.1120084655093573E-050 
                                     700                  2.9136554850340246E-001                 -7.9366689037867644E-001                  7.0414656895584669E+000                  8.3228160057281428E+000                  4.9300336613805422E+035                  6.1827618616327862E-001                  1.6479043140552106E-004                  3.6903695095340433E-001                  1.7027185478232009E-004                  2.8705648976147051E-003                  5.7222654851048918E-003                  1.2718648985637702E-003                  2.4871053158459604E-003                  2.0151209101854377E+000                  3.6247148591072708E-003                  2.4959131140798138E-050 
                                     701                  2.8527489158649622E-001                 -8.0190749334828104E-001                  7.0470003426296852E+000                  8.3239735733947171E+000                  5.3477637949220247E+035                  6.1321354944065698E-001                  1.5013746859709819E-004                  3.7410189667837218E-001                  9.6171315822143866E-005                  2.9570584319526683E-003                  5.7222164501893680E-003                  1.2718648985637698E-003                  2.4871053158459608E-003                  2.1848543056368777E+000                  2.8123666132949436E-003                  5.6610390618516850E-050 
                                     702                  2.7916469794152871E-001                 -8.1033012649552727E-001                  7.0526232013856278E+000                  8.3251680333500087E+000                  5.7983604451244983E+035                  6.0786829778473817E-001                  1.3655526037198169E-004                  3.7945285148124508E-001                  4.8863787376307793E-005                  3.0122892360967589E-003                  5.7221722357619900E-003                  1.2718648985637696E-003                  2.4871053158459599E-003                  2.3695755855443417E+000                  2.0466223243227068E-003                  1.2979804236510591E-049 
                                     703                  2.7303609506267240E-001                 -8.1894323472555708E-001                  7.0569139872775617E+000                  8.0252671545333882E+000                  3.0828313333742889E+035                  6.0367365897796532E-001                  1.2700813268080920E-004                  3.8365353090611931E-001                  2.7792142178236331E-005                  3.0369108410980019E-003                  5.7221287855484682E-003                  1.2718648985637698E-003                  2.4871053158459604E-003                  2.5198103342278566E+000                  1.6066981750656724E-003                  2.4414862425096781E-049 
                                     704                  2.6996317969806599E-001                 -8.2332614225443290E-001                  7.0597946855167786E+000                  8.0253011867265460E+000                  3.2045191068390951E+035                  6.0077172919876043E-001                  1.2096264992327305E-004                  3.8655997785722845E-001                  1.8594873778114301E-005                  3.0476729580585769E-003                  5.7220922478413063E-003                  1.2718648985637698E-003                  2.4871053158459604E-003                  2.6247879252802675E+000                  1.3870392337894083E-003                  3.7285120529445118E-049 
                                     705                  2.6689026433345958E-001                 -8.2775408223829250E-001                  7.0641459227791561E+000                  8.3276591203103418E+000                  6.8061608625723693E+035                  5.9626057119866749E-001                  1.1235388784778016E-004                  3.9107861449780418E-001                  1.1764419995201132E-005                  3.0556998324011036E-003                  5.7220259488746910E-003                  1.2718648985637696E-003                  2.4871053158459599E-003                  2.7898502454740965E+000                  1.2966736166419913E-003                  7.0593546076521198E-049 
                                     706                  2.6072844346098295E-001                 -8.3677557591323182E-001                  7.0700526669368831E+000                  8.3289500134441923E+000                  7.3672375210500360E+035                  5.8996131373320593E-001                  1.0161581466570899E-004                  3.9738797903960837E-001                  7.8922804800397014E-006                  3.0603178467289308E-003                  5.7219110709011960E-003                  1.2718648985637706E-003                  2.4871053158459612E-003                  3.0287890758255531E+000                  1.4284639033061871E-003                  1.6759132686491734E-048 
                                     707                  2.5455192905952140E-001                 -8.4601617233919590E-001                  7.0760610107242901E+000                  8.3302685184320104E+000                  7.9686139787968735E+035                  5.8330622344450378E-001                  9.1711597677061004E-005                  4.0405284984322104E-001                  7.0337356083884422E-006                  3.0614552035506323E-003                  5.7217559610290743E-003                  1.2718648985637704E-003                  2.4871053158459617E-003                  3.2894713034004064E+000                  1.8568346635758294E-003                  4.0283572781783705E-048 
                                     708                  2.4836207939615426E-001                 -8.5548668855077870E-001                  7.0821746807299757E+000                  8.3316105943786400E+000                  8.6115452628912614E+035                  5.7627497580515474E-001                  8.2588475647111056E-005                  4.1109324958259663E-001                  7.0508919240375723E-006                  3.0616180181214214E-003                  5.7215470121463642E-003                  1.2718648985637717E-003                  2.4871053158459643E-003                  3.5741015176731246E+000                  2.5593332953592562E-003                  9.8080662650373844E-048 
                                     709                  2.4216031731204515E-001                 -8.6519864033056870E-001                  7.0868490082304687E+000                  8.0316566293197482E+000                  4.5642636586928403E+035                  5.7072361471795896E-001                  7.6205393104510985E-005                  4.1665104226399863E-001                  7.1932968226506720E-006                  3.0616253216703996E-003                  5.7213487920350879E-003                  1.2718648985637711E-003                  2.4871053158459630E-003                  3.8063289146591335E+000                  3.2935636177927837E-003                  1.9340091330608382E-047 
                                     710                  2.3905422532370815E-001                 -8.7014961510139655E-001                  7.0915522137223368E+000                  8.3336453953617138E+000                  9.6550207974076523E+035                  5.6497553049031424E-001                  7.0258090454699290E-005                  4.2240513213005892E-001                  7.3572783650800734E-006                  3.0616510484320612E-003                  5.7211007479651939E-003                  1.2718648985637709E-003                  2.4871053158459625E-003                  4.0514799175824878E+000                  4.2431456698781350E-003                  3.8212865593068194E-047 
                                     711                  2.3283761116940016E-001                 -8.8024670168602648E-001                  7.0979462986684014E+000                  8.3350237346786429E+000                  1.0403342590628436E+036                  5.5690961360910185E-001                  6.2873946446382074E-005                  4.3047852699896672E-001                  7.5887102808283227E-006                  3.0617679464374254E-003                  5.7206585743571113E-003                  1.2718648985637717E-003                  2.4871053158459638E-003                  4.4075265520449092E+000                  5.9793578150441409E-003                  9.6264574961711315E-047 
                                     712                  2.2661295470847859E-001                 -8.9061739454320976E-001                  7.1044600320869886E+000                  8.3364052650239664E+000                  1.1191951754934841E+036                  5.4838823475991039E-001                  5.6105808663266116E-005                  4.3900678938666721E-001                  7.8310131257561278E-006                  3.0620103782146996E-003                  5.7200584390088866E-003                  1.2718648985637706E-003                  2.4871053158459617E-003                  4.7977096070028962E+000                  8.4617359558783137E-003                  2.4604800197106053E-046 
                                     713                  2.2038193121907931E-001                 -9.0127607414911814E-001                  7.1094469690916036E+000                  8.0362113747476833E+000                  5.9055533355030509E+035                  5.4165828138394090E-001                  5.1390278230582217E-005                  4.4574156600308906E-001                  8.0211256449933753E-006                  3.0623207524731635E-003                  5.7194502422116596E-003                  1.2718648985637713E-003                  2.4871053158459634E-003                  5.1174250663418226E+000                  1.1024693009330266E-002                  5.0395503956636834E-046 
                                     714                  2.1726504202463079E-001                 -9.0671567103486539E-001                  7.1144642803794378E+000                  8.3384825352201108E+000                  1.2442981039235158E+036                  5.3469510316931501E-001                  4.7018075931208156E-005                  4.5270924212090552E-001                  8.2165300507915789E-006                  3.0627447150999372E-003                  5.7187051742876157E-003                  1.2718648985637704E-003                  2.4871053158459617E-003                  5.4554781760900246E+000                  1.4362307068553093E-002                  1.0342045942271560E-045 
                                     715                  2.1102755073444385E-001                 -9.1783577123619020E-001                  7.1195991877908869E+000                  8.0383567831934055E+000                  6.5508051461445490E+035                  5.2742769093269015E-001                  4.2903383282012234E-005                  4.5998091639053429E-001                  8.4205793676485042E-006                  3.0632999825081948E-003                  5.7177985172080876E-003                  1.2718648985637711E-003                  2.4871053158459634E-003                  5.8248557331954611E+000                  1.8810610118873687E-002                  2.1557866526872337E-045 
                                     716                  2.0790789049705699E-001                 -9.2351634302114716E-001                  7.1230498285463977E+000                  8.0389916031770063E+000                  6.7706660945846476E+035                  5.2239797704143487E-001                  4.0322749714947280E-005                  4.6501333126887923E-001                  8.5606906484608808E-006                  3.0638155308447988E-003                  5.7170225040680317E-003                  1.2718648985637715E-003                  2.4871053158459634E-003                  6.0839212296071068E+000                  2.2529418429477328E-002                  3.5282170723106616E-045 
                                     717                  2.0478823025967016E-001                 -9.2928067830751504E-001                  7.1265347784956568E+000                  8.0396437729858672E+000                  6.9929397379124313E+035                  5.1723355223317902E-001                  3.7860220099427602E-005                  4.7018035444417750E-001                  8.7043361584036543E-006                  3.0644312199765767E-003                  5.7161273319994172E-003                  1.2718648985637730E-003                  2.4871053158459669E-003                  6.3560368691859068E+000                  2.7015497492161252E-002                  5.7979892037826987E-045 
                                     718                  2.0166864305531751E-001                 -9.3513139180638249E-001                  7.1300549958384130E+000                  8.0403272077810044E+000                  7.2168269244973489E+035                  5.1191605082418956E-001                  3.5510096014191610E-005                  4.7550036449889316E-001                  8.8518511731799569E-006                  3.0651966697635732E-003                  5.7150558455564809E-003                  1.2718648985637728E-003                  2.4871053158459664E-003                  6.6417750229101591E+000                  3.2434495719026776E-002                  9.5691474073941496E-045 
                                     719                  1.9854905585096486E-001                 -9.4107140664374200E-001                  7.1353776366965667E+000                  8.3424157193163229E+000                  1.5092809174000298E+036                  5.0364603416599907E-001                  3.2199497632929453E-005                  4.8377397205117156E-001                  9.0796469172178138E-006                  3.0666272163082831E-003                  5.7131172075609417E-003                  1.2718648985637702E-003                  2.4871053158459612E-003                  7.0932379803300805E+000                  4.2699250225606819E-002                  2.0380441213403533E-044 
                                     720                  1.9231209937836696E-001                 -9.5323088624885499E-001                  7.1408338327448178E+000                  8.0420227232815460E+000                  7.8783325938851569E+035                  4.9499714171097675E-001                  2.9094106888139517E-005                  4.9242632213964849E-001                  9.3191022262939447E-006                  3.0685340631963539E-003                  5.7106186626543010E-003                  1.2718648985637706E-003                  2.4871053158459625E-003                  7.5894662675962605E+000                  5.6552664560317323E-002                  4.4184161964432418E-044 
                                     721                  1.8919581710310152E-001                 -9.5944990283587084E-001                  7.1463207409134961E+000                  8.3441571836603963E+000                  1.6392406465796723E+036                  4.8605112828295072E-001                  2.6236425912013480E-005                  5.0137563507313698E-001                  9.5667276319878481E-006                  3.0710492265573742E-003                  5.7074140494010875E-003                  1.2718648985637726E-003                  2.4871053158459660E-003                  8.1157828437751860E+000                  7.4869712835026900E-002                  9.5940724916962843E-044 
                                     722                  1.8296658954158601E-001                 -9.7219449991804596E-001                  7.1538076022764265E+000                  8.3452163013907423E+000                  1.7192665760093499E+036                  4.7345399963812407E-001                  2.2725664760338827E-005                  5.1397706219288442E-001                  9.9170905583313264E-006                  3.0757455787279019E-003                  5.7015796205352560E-003                  1.2718648985637719E-003                  2.4871053158459643E-003                  8.8907789027025448E+000                  1.0958610924670320E-001                  2.7578784415852966E-043 
                                     723                  1.7674523425338748E-001                 -9.8535698001688365E-001                  7.1595586417731427E+000                  8.0449087587263826E+000                  8.8737710347084020E+035                  4.6346418172330150E-001                  2.0303941713011325E-005                  5.2397009652603177E-001                  1.0197412654602093E-005                  3.0806545683974415E-003                  5.6955956134919355E-003                  1.2718648985637711E-003                  2.4871053158459634E-003                  9.5340237171309319E+000                  1.4663448055719838E-001                  6.1966629773550452E-043 
                                     724                  1.7363682425143903E-001                 -9.9210220271723970E-001                  7.1634230164608219E+000                  8.0449600758535826E+000                  9.0273683175958602E+035                  4.5666104340299324E-001                  1.8802394304209950E-005                  5.3077536428514549E-001                  1.0391432225416288E-005                  3.0845969804568509E-003                  5.6908312904649719E-003                  1.2718648985637713E-003                  2.4871053158459634E-003                  9.9897491015475559E+000                  1.7815591665162439E-001                  1.0655327350546126E-042 
                                     725                  1.7053420861466295E-001                 -9.9895465957458274E-001                  7.1673288588078474E+000                  8.0457895353493711E+000                  9.1754453238987614E+035                  4.4956491381110292E-001                  1.7373191817786909E-005                  5.3787371742718981E-001                  1.0594312546353758E-005                  3.0896839805930245E-003                  5.6847470623404900E-003                  1.2718648985637713E-003                  2.4871053158459634E-003                  1.0467669153853642E+001                  2.1677139147713817E-001                  1.8427116880194982E-042 
                                     726                  1.6743159297788704E-001                 -1.0059303901687962E+000                  7.1732341600688665E+000                  8.3472596522292566E+000                  1.8653057335257348E+036                  4.3852427670804006E-001                  1.5375175541128895E-005                  5.4891780386223887E-001                  1.0913127208476866E-005                  3.0990993127425325E-003                  5.6735615998191663E-003                  1.2718648985637722E-003                  2.4871053158459647E-003                  1.1223900848523376E+001                  2.9117486593254233E-001                  4.2112264314797453E-042 
                                     727                  1.6124059784697012E-001                 -1.0202420005617983E+000                  7.1812974993612269E+000                  8.3476764578823275E+000                  1.8867378342529032E+036                  4.2300051606187294E-001                  1.2942078643542402E-005                  5.6444665283211004E-001                  1.1377979593294942E-005                  3.1166012448233665E-003                  5.6529395885470341E-003                  1.2718648985637722E-003                  2.4871053158459651E-003                  1.2341023671668149E+001                  4.3508210828004396E-001                  1.2990496904568473E-041 
                                     728                  1.5506662392563447E-001                 -1.0350558052626848E+000                  7.1874902098008135E+000                  8.0461275198589366E+000                  9.4056078960315099E+035                  4.1063190849241610E-001                  1.1278607645573967E-005                  5.7681967316989646E-001                  1.1764310081498655E-005                  3.1349447465924981E-003                  5.6314604589581523E-003                  1.2718648985637711E-003                  2.4871053158459630E-003                  1.3264328440257691E+001                  5.9181014782186780E-001                  3.0831987827210982E-041 
                                     729                  1.5198961354270507E-001                 -1.0426474508755916E+000                  7.1916447300101698E+000                  8.0460518205690850E+000                  9.3342226517110810E+035                  4.0218713055451555E-001                  1.0256377549457912E-005                  5.8526769961554925E-001                  1.2039497595215740E-005                  3.1498867721961887E-003                  5.6140169681845207E-003                  1.2718648985637698E-003                  2.4871053158459608E-003                  1.3912687074550906E+001                  7.2696279549667908E-001                  5.4962565820683988E-041 
                                     730                  1.4891836369392433E-001                 -1.0503728074105805E+000                  7.1958438627178243E+000                  8.0466950301668998E+000                  9.2228479117879023E+035                  3.9334903405099758E-001                  9.2884312461171141E-006                  5.9410956683536265E-001                  1.2337862614041201E-005                  3.1688100301826365E-003                  5.5919925751871536E-003                  1.2718648985637696E-003                  2.4871053158459604E-003                  1.4584933971712857E+001                  8.9483709498693809E-001                  9.8622966103290526E-041 
                                     731                  1.4584711384514357E-001                 -1.0582498412198718E+000                  7.2000829438115650E+000                  8.0455454346019941E+000                  9.0187248069752861E+035                  3.8424030020871874E-001                  8.3781726083288617E-006                  6.0322247265510620E-001                  1.2656992615436351E-005                  3.1908973366092741E-003                  5.5663244199323468E-003                  1.2718648985637702E-003                  2.4871053158459608E-003                  1.5283721794246119E+001                  1.1033136010649884E+000                  1.7785762491195535E-040 
                                     732                  1.4278819937355222E-001                 -1.0662509838650363E+000                  7.2043611585612783E+000                  8.0460652080861372E+000                  8.7880941188566050E+035                  3.7479669442308183E-001                  7.5221807670021184E-006                  6.1267096266814469E-001                  1.3006402309080610E-005                  3.2182796785317162E-003                  5.5345644327557796E-003                  1.2718648985637704E-003                  2.4871053158459608E-003                  1.6003238947663803E+001                  1.3632284172331273E+000                  3.2247607401943883E-040 
                                     733                  1.3972928490196090E-001                 -1.0744121589931286E+000                  7.2108131993167692E+000                  8.3459718107640430E+000                  1.6548118538673497E+036                  3.6001476418163841E-001                  6.3418716476569964E-006                  6.2746162440023290E-001                  1.3590233457335668E-005                  3.2697756853867499E-003                  5.4749334132272965E-003                  1.2718648985637713E-003                  2.4871053158459634E-003                  1.7092818136236581E+001                  1.8749795578781057E+000                  7.9065385164463865E-040 
                                     734                  1.3363947429471598E-001                 -1.0911652873016662E+000                  7.2174172886968408E+000                  8.0439143658660761E+000                  7.6308456556800997E+035                  3.4431044918540099E-001                  5.2653342759927380E-006                  6.4317703915071212E-001                  1.4276851593889070E-005                  3.3383360944926410E-003                  5.3956631691146895E-003                  1.2718648985637722E-003                  2.4871053158459647E-003                  1.8223011562235538E+001                  2.6037836726613914E+000                  1.9841523964592856E-039 
                                     735                  1.3060200331602176E-001                 -1.0997700168010176E+000                  7.2240130049349567E+000                  8.3428685672683081E+000                  1.3641908639873167E+036                  3.2793018967756088E-001                  4.3122533673315720E-006                  6.5957121857905399E-001                  1.5078013702255612E-005                  3.4272345933916760E-003                  5.2929966685141636E-003                  1.2718648985637717E-003                  2.4871053158459643E-003                  1.9286338335808459E+001                  3.6162111010015421E+000                  4.9676351424457321E-039 
                                     736                  1.2456043111956173E-001                 -1.1174221445296135E+000                  7.2307214472002048E+000                  8.0383750527615714E+000                  5.8861264199704845E+035                  3.1044827482359449E-001                  3.4590107133547811E-006                  6.7707093367558413E-001                  1.6043103572295700E-005                  3.5436117163961649E-003                  5.1587074557299193E-003                  1.2718648985637713E-003                  2.4871053158459638E-003                  2.0281454973609872E+001                  5.0679174176368953E+000                  1.2694321923530166E-038 
                                     737                  1.2155825113252358E-001                 -1.1264517018981006E+000                  7.2351920746579026E+000                  8.0377270404354597E+000                  5.2326551613025792E+035                  2.9820365815214916E-001                  2.9508317997556034E-006                  6.8933003871568943E-001                  1.6794215351161744E-005                  3.6397204504709214E-003                  5.0478674201298026E-003                  1.2718648985637711E-003                  2.4871053158459634E-003                  2.0827279171824433E+001                  6.3525084709975559E+000                  2.3755844554523532E-038 
                                     738                  1.1855607114548544E-001                 -1.1356590934565316E+000                  7.2418837004298204E+000                  8.3345501905179287E+000                  8.3565397582731768E+035                  2.7888750576491028E-001                  2.2770602099875758E-006                  7.0867224999776279E-001                  1.8105017651161400E-005                  3.8143577744835376E-003                  4.8465341705725305E-003                  1.2718648985637711E-003                  2.4871053158459630E-003                  2.1384471924687357E+001                  8.9141626442286430E+000                  6.0864146528243551E-038 
                                     739                  1.1259299321294884E-001                 -1.1544936250588982E+000                  7.2486118325056745E+000                  8.0274623419896720E+000                  3.1415558279245365E+035                  2.5814216804668788E-001                  1.7011853620642828E-006                  7.2944982925432700E-001                  1.9689156540747694E-005                  4.0323210948652495E-003                  4.5953210478073166E-003                  1.2718648985637719E-003                  2.4871053158459647E-003                  2.1567925179318920E+001                  1.2559771978442980E+001                  1.5827160722345697E-037 
                                     740                  1.0963425364124728E-001                 -1.1640900093670383E+000                  7.2519502552466006E+000                  7.7247709805667517E+000                  1.3320760031239295E+035                  2.4724463547923026E-001                  1.4515273768020718E-006                  7.4036574383428477E-001                  2.0584676552416234E-005                  4.1571580297758218E-003                  4.4514562383701573E-003                  1.2718648985637722E-003                  2.4871053158459651E-003                  2.1452703759760890E+001                  1.4874711696557755E+001                  2.5506096214880065E-037 
                                     741                  1.0815488385539648E-001                 -1.1689501754987011E+000                  7.2541688855048090E+000                  7.7235081331185365E+000                  1.1786137138182025E+035                  2.3966568743546418E-001                  1.2975536565425230E-006                  7.4795802221561336E-001                  2.1229961475950397E-005                  4.2478869118492543E-003                  4.3469057075310501E-003                  1.2718648985637724E-003                  2.4871053158459656E-003                  2.1273071247655835E+001                  1.6633156886773989E+001                  3.5086627853880298E-037 
                                     742                  1.0667551406954569E-001                 -1.1738509951633194E+000                  7.2563718299713349E+000                  7.7184133282931349E+000                  1.0229400086571076E+035                  2.3183619892992832E-001                  1.1538614135057657E-006                  7.5580167841244639E-001                  2.1913188334531518E-005                  4.3444607092248113E-003                  4.2356246842427800E-003                  1.2718648985637719E-003                  2.4871053158459651E-003                  2.1001726532080774E+001                  1.8569500908045146E+001                  4.8237656887104802E-037 
                                     743                  1.0520869044434347E-001                 -1.1787496138912763E+000                  7.2585566818975593E+000                  7.7170521058652213E+000                  8.8761423251296950E+034                  2.2392860057729430E-001                  1.0219806231057428E-006                  7.6372379182349226E-001                  2.2617645056824433E-005                  4.4434992202230829E-003                  4.1214985389007412E-003                  1.2718648985637717E-003                  2.4871053158459638E-003                  2.0655207882958109E+001                  2.0682366992814920E+001                  6.6162037653374922E-037 
                                     744                  1.0374186681914124E-001                 -1.1836885242365451E+000                  7.2607250117632072E+000                  7.7136806618847897E+000                  7.5944113148879586E+034                  2.1593044097540112E-001                  9.0123790088133915E-007                  7.7173684021375866E-001                  2.3344694897246365E-005                  4.5451790903526150E-003                  4.0043235732795624E-003                  1.2718648985637696E-003                  2.4871053158459586E-003                  2.0231725877304292E+001                  2.2980706361178420E+001                  9.0563816427866162E-037 
                                     745                  1.0228192630264221E-001                 -1.1886453947254689E+000                  7.2628739429429210E+000                  7.7122332754413803E+000                  6.4440308220878407E+034                  2.0765990236079415E-001                  7.8976045021443385E-007                  7.8002292762782943E-001                  2.4104648468525922E-005                  4.6514671190476253E-003                  3.8818382690001254E-003                  1.2718648985637689E-003                  2.4871053158459586E-003                  1.9704545964962850E+001                  2.5464370475885325E+001                  1.2385613106573005E-036 
                                     746                  1.0082198578614310E-001                 -1.1936427156752929E+000                  7.2644735506202132E+000                  7.4099297707520693E+000                  2.8192097287080833E+034                  2.0120620459199021E-001                  7.1157809166613808E-007                  7.8648896118463274E-001                  2.4705372573634811E-005                  4.7358686677608942E-003                  3.7845783905411886E-003                  1.2718648985637691E-003                  2.4871053158459591E-003                  1.9232844148054834E+001                  2.7456570292916158E+001                  1.5669838655418676E-036 
                                     747                  1.0009201552789355E-001                 -1.1961557052289933E+000                  7.2655342414895276E+000                  7.4090384076506606E+000                  2.5701075245867248E+034                  1.9687724023752606E-001                  6.6268359406927969E-007                  7.9082610568574618E-001                  2.5107510833955311E-005                  4.7918491106134159E-003                  3.7200645572765464E-003                  1.2718648985637689E-003                  2.4871053158459586E-003                  1.8895911857602332E+001                  2.8839546043940604E+001                  1.8322048777223190E-036 
                                     748                  9.9362045269643984E-002                 -1.1986781230106047E+000                  7.2665893378592132E+000                  7.4080575575006140E+000                  2.3338110648010322E+034                  1.9247121672809481E-001                  6.1592705675941670E-007                  7.9524044254157122E-001                  2.5516982893777437E-005                  4.8487598054977026E-003                  3.6544778004759864E-003                  1.2718648985637691E-003                  2.4871053158459591E-003                  1.8533280887344546E+001                  3.0266898441789863E+001                  2.1424151135364311E-036 
                                     749                  9.8632075011394496E-002                 -1.2012095364436672E+000                  7.2676383691741151E+000                  7.4069883590480190E+000                  2.1118125962368259E+034                  1.8801619070913592E-001                  5.7146353753703491E-007                  7.9970383288226909E-001                  2.5930801341929181E-005                  4.9060332396372907E-003                  3.5884706896684685E-003                  1.2718648985637696E-003                  2.4871053158459595E-003                  1.8149889889697473E+001                  3.1737064742607657E+001                  2.5048557768598756E-036 
                                     750                  9.7902104753144953E-002                 -1.2037495122057715E+000                  7.2686757372793318E+000                  7.4015139037105291E+000                  1.8859468115668977E+034                  1.8352915194524186E-001                  5.2941255701772341E-007                  8.0419927028033922E-001                  2.6347780092846840E-005                  4.9635563787040152E-003                  3.5221739886553347E-003                  1.2718648985637709E-003                  2.4871053158459625E-003                  1.7747287278798005E+001                  3.3241053681493362E+001                  2.9261073707834550E-036 
                                     751                  9.7179342826155493E-002                 -1.2062723337086667E+000                  7.2697010855845088E+000                  7.4002497403693148E+000                  1.6952294835697445E+034                  1.7900764949243433E-001                  4.8967487725417720E-007                  8.0872915361298059E-001                  2.6765939630052255E-005                  5.0209686699612720E-003                  3.4560023957066585E-003                  1.2718648985637711E-003                  2.4871053158459630E-003                  1.7325391878838619E+001                  3.4772427097163373E+001                  3.4152387949596136E-036 
                                     752                  9.6456580899165992E-002                 -1.2088024987468005E+000                  7.2707190687032028E+000                  7.3988847622626288E+000                  1.5175434206360395E+034                  1.7443008834740276E-001                  4.5199257609547309E-007                  8.1331512795534910E-001                  2.7187590336498187E-005                  5.0786134216383536E-003                  3.3895604782872546E-003                  1.2718648985637706E-003                  2.4871053158459621E-003                  1.6882228615858175E+001                  3.6334313491426705E+001                  3.9854247599031693E-036 
                                     753                  9.5733818972176588E-002                 -1.2113394810781415E+000                  7.2717291506327877E+000                  7.3974408890913521E+000                  1.3529249629572022E+034                  1.6980765538421272E-001                  4.1637352322946020E-007                  8.1794598100225768E-001                  2.7611710550355767E-005                  5.1363150577821235E-003                  3.3230502572642638E-003                  1.2718648985637711E-003                  2.4871053158459630E-003                  1.6419203156263379E+001                  3.7920589870305676E+001                  4.6489999778475899E-036 
                                     754                  9.5011057045187211E-002                 -1.2138828757363005E+000                  7.2727307572398256E+000                  7.3959406401103562E+000                  1.2011278700695555E+034                  1.6514717003645998E-001                  3.8278985357978060E-007                  8.2261488668021632E-001                  2.8037952340855548E-005                  5.1940277157622736E-003                  3.2565246109571852E-003                  1.2718648985637711E-003                  2.4871053158459617E-003                  1.5937086780538378E+001                  3.9524213750856170E+001                  5.4198738019116352E-036 
                                     755                  9.4288295118197696E-002                 -1.2164324047856647E+000                  7.2737232814750588E+000                  7.3943735523146348E+000                  1.0611307742586214E+034                  1.6042788764941115E-001                  3.5107768243149589E-007                  8.2734258979168618E-001                  2.8466225004461496E-005                  5.2517514918199700E-003                  3.1899835499862544E-003                  1.2718648985637711E-003                  2.4871053158459621E-003                  1.5432867315049094E+001                  4.1133810423363208E+001                  6.3152336192574798E-036 
                                     756                  9.3565533191208305E-002                 -1.2189877248120400E+000                  7.2747060975021327E+000                  7.3927472712107791E+000                  9.3297903715905629E+033                  1.5566634859943329E-001                  3.2125485237092898E-007                  8.3211251835565658E-001                  2.8895240194776219E-005                  5.3092682860902173E-003                  3.1236780493629967E-003                  1.2718648985637706E-003                  2.4871053158459612E-003                  1.4909965521482661E+001                  4.2742254410078736E+001                  7.3534172809409568E-036 
                                     757                  9.2842771264218846E-002                 -1.2215485331723706E+000                  7.2756785616528470E+000                  7.3910441016885144E+000                  8.1556539716200828E+033                  1.5083494005510392E-001                  2.9314076383070692E-007                  8.3695236743532586E-001                  2.9327984346539882E-005                  5.3671454843738971E-003                  3.0569556856759727E-003                  1.2718648985637704E-003                  2.4871053158459608E-003                  1.4364538725297290E+001                  4.4338280570852405E+001                  8.5573335352243606E-036 
                                     758                  9.2120009337229358E-002                 -1.2241144185619957E+000                  7.2766347786068524E+000                  7.3844971121240244E+000                  7.0093265208780714E+033                  1.4593848274793417E-001                  2.6674224510660212E-007                  8.4185729381539320E-001                  2.9762887302454653E-005                  5.4252294104222510E-003                  2.9899941822931122E-003                  1.2718648985637709E-003                  2.4871053158459621E-003                  1.3796969420700179E+001                  4.5897361378781376E+001                  9.9452064646422811E-036 
                                     759                  9.1405128482886427E-002                 -1.2266568217243894E+000                  7.2775742898946456E+000                  7.3827162611832966E+000                  6.0774149379985234E+033                  1.4112734735402055E-001                  2.4253754873811843E-007                  8.4667655903507755E-001                  3.0185832230436464E-005                  5.4809818769691633E-003                  2.9257131497439082E-003                  1.2718648985637709E-003                  2.4871053158459621E-003                  1.3233484067524886E+001                  4.7424038044234706E+001                  1.1531411045989190E-035 
                                     760                  9.0690247628543580E-002                 -1.2292037001098681E+000                  7.2785016116941641E+000                  7.3808937042240972E+000                  5.2441045992769317E+033                  1.3631316402117716E-001                  2.2003434978675135E-007                  8.5149871373680286E-001                  3.0604074997305214E-005                  5.5356480330375803E-003                  2.8626798852256327E-003                  1.2718648985637715E-003                  2.4871053158459630E-003                  1.2661717814864193E+001                  4.8908863706137140E+001                  1.3354965125837636E-035 
                                     761                  8.9975366774200746E-002                 -1.2317548422640079E+000                  7.2794160481826573E+000                  7.3790104999117476E+000                  4.4978331597086047E+033                  1.3146591289987553E-001                  1.9904755065136098E-007                  8.5635388940787704E-001                  3.1021702059364162E-005                  5.5899985081963033E-003                  2.8000082200312884E-003                  1.2718648985637709E-003                  2.4871053158459621E-003                  1.2077801820632583E+001                  5.0337146341313058E+001                  1.5450741881866605E-035 
                                     762                  8.9260485919857815E-002                 -1.2343099226254484E+000                  7.2803169419799705E+000                  7.3770671968859860E+000                  3.8332582549058651E+033                  1.2658914915745645E-001                  1.7951876367624609E-007                  8.6123853745544965E-001                  3.1438818414572569E-005                  5.6440786716659575E-003                  2.7376461638401071E-003                  1.2718648985637706E-003                  2.4871053158459617E-003                  1.1483571649249551E+001                  5.1695574876967306E+001                  1.7855257794721035E-035 
                                     763                  8.8545605065514885E-002                 -1.2368686154176662E+000                  7.2812036426630531E+000                  7.3750971238552694E+000                  3.2507154332679986E+033                  1.2174062062265259E-001                  1.6153909648488976E-007                  8.6609471048396769E-001                  3.1847559241741974E-005                  5.6965105428490349E-003                  2.6771790377828723E-003                  1.2718648985637704E-003                  2.4871053158459617E-003                  1.0889715971467639E+001                  5.2976121362687600E+001                  2.0601951587737051E-035 
                                     764                  8.7830724211172051E-002                 -1.2394307887346689E+000                  7.2825107785559355E+000                  7.6731338256857189E+000                  5.0232126700790990E+033                  1.1450672079585278E-001                  1.3720329933012110E-007                  8.7333971151131273E-001                  3.2448325562351192E-005                  5.7726468132118297E-003                  2.5893651363513600E-003                  1.2718648985637715E-003                  2.4871053158459630E-003                  9.9995752736362178E+000                  5.4728164551703863E+001                  2.5467884390419349E-035 
                                     765                  8.6400962502486287E-002                 -1.2445652112522090E+000                  7.2837667454735566E+000                  7.3637544362896019E+000                  1.8940460759388662E+033                  1.0735632905951528E-001                  1.1591579061522681E-007                  8.8050076830446256E-001                  3.3031053506148814E-005                  5.8457935123289034E-003                  2.5049919399866647E-003                  1.2718648985637709E-003                  2.4871053158459621E-003                  9.1199353221712496E+000                  5.6211669675850253E+001                  3.1315493852248233E-035 
                                     766                  8.5694682480092557E-002                 -1.2471059012694712E+000                  7.2849869547522781E+000                  7.6617135077529213E+000                  2.8577535431800956E+033                  1.0035260756163990E-001                  9.7430116163290009E-008                  8.8751460293582829E-001                  3.3592452589685401E-005                  5.9151461281085086E-003                  2.4249832773077314E-003                  1.2718648985637711E-003                  2.4871053158459634E-003                  8.2624282170891377E+000                  5.7416500725297240E+001                  3.8315087074785095E-035 
                                     767                  8.4282122435305085E-002                 -1.2521959772977795E+000                  7.2869343607399459E+000                  7.8326260939429995E+000                  2.5965583234515077E+033                  8.8944609158920870E-002                  7.1892807352584580E-008                  8.9893843606451607E-001                  3.4486850065331123E-005                  6.0237235454828134E-003                  2.2997022737976558E-003                  1.2718648985637711E-003                  2.4871053158459634E-003                  6.8884371395805237E+000                  5.8707342189821539E+001                  5.3097395850173027E-035 
                                     768                  8.2163282368123883E-002                 -1.2598520632154575E+000                  7.2890999420137712E+000                  7.8245005116859403E+000                  1.3475420256783790E+033                  7.5936431515660915E-002                  4.8832006517963154E-008                  9.1196371074916827E-001                  3.5476626559733313E-005                  6.1409319757658176E-003                  2.1644300864289302E-003                  1.2718648985637711E-003                  2.4871053158459630E-003                  5.3826752430603388E+000                  5.8927880405402291E+001                  7.6944938902703778E-035 
                                     769                  8.0053815174562032E-002                 -1.2674998036888039E+000                  7.2907485059621919E+000                  7.6395089587794756E+000                  4.9706583160169610E+032                  6.5844607300444294E-002                  3.4774412029534983E-008                  9.2206808399360773E-001                  3.6222662324860822E-005                  6.2269360627748146E-003                  2.0651449920264533E-003                  1.2718648985637709E-003                  2.4871053158459625E-003                  4.2803399361648458E+000                  5.7952319266092239E+001                  1.0276493349472812E-034 
                                     770                  7.8660000877013497E-002                 -1.2725685784467438E+000                  7.2925930195835829E+000                  7.9342485478549563E+000                  4.6994049136800689E+032                  5.4790248349633461E-002                  2.2656876317774974E-008                  9.3313538410053798E-001                  3.7023826347341595E-005                  6.3155699383509369E-003                  1.9627809138442029E-003                  1.2718648985637717E-003                  2.4871053158459638E-003                  3.1611009013526239E+000                  5.5552458680596658E+001                  1.4244761746932885E-034 
                                     771                  7.5877258619324497E-002                 -1.2827370043248623E+000                  7.2944640745884728E+000                  7.8030915298744423E+000                  1.3807448367784348E+032                  4.3432344959366057E-002                  1.3376791408164674E-008                  9.4450584071148991E-001                  3.7826695968800440E-005                  6.4015041338670925E-003                  1.8634999081068593E-003                  1.2718648985637711E-003                  2.4871053158459638E-003                  2.1344699608536160E+000                  5.1155660698147408E+001                  2.0120023738758807E-034 
                                     772                  7.3791423510409876E-002                 -1.2904110114075622E+000                  7.2957614537151416E+000                  7.7137367718828393E+000                  5.1626807624728591E+031                  3.5685626448468746E-002                  8.6474980390864193E-009                  9.5226064613176975E-001                  3.8366160658502667E-005                  6.4568206112398463E-003                  1.7995617859552363E-003                  1.2718648985637719E-003                  2.4871053158459647E-003                  1.5202875161586906E+000                  4.6789835556935003E+001                  2.5753770956926203E-034 
                                     773                  7.2077322634596416E-002                 -1.2967596490991038E+000                  7.2968147766195424E+000                  7.7105548979712815E+000                  2.4579667590944525E+031                  2.9631570575505122E-002                  5.7565402958959026E-009                  9.5832079094473277E-001                  3.8789663276549133E-005                  6.4984347708101206E-003                  1.7514380747254941E-003                  1.2718648985637724E-003                  2.4871053158459656E-003                  1.0978564944853042E+000                  4.2492603518163968E+001                  3.1631121871892257E-034 
                                     774                  7.0363221758783054E-002                 -1.3031550923924176E+000                  7.2975298016542620E+000                  7.4237700796968413E+000                  7.1741934968229341E+030                  2.5636353017352231E-002                  4.2073297582296837E-009                  9.6231981000776023E-001                  3.9066622425629682E-005                  6.5243882301523060E-003                  1.7214077005701137E-003                  1.2718648985637719E-003                  2.4871053158459643E-003                  8.5007515898838726E-001                  3.9158839040797979E+001                  3.6546080845785542E-034 
                                     775                  6.9473301871727455E-002                 -1.3064967136062076E+000                  7.2979892362649768E+000                  7.4224651789796585E+000                  4.7335571599401203E+030                  2.3087862499196060E-002                  3.3604208916220734E-009                  9.6487070453446289E-001                  3.9244221636971877E-005                  6.5407959638485993E-003                  1.7024192060247417E-003                  1.2718648985637717E-003                  2.4871053158459638E-003                  7.0526753980511636E-001                  3.6760330479582180E+001                  4.0174695561539919E-034 
                                     776                  6.8583381984671857E-002                 -1.3098541037732825E+000                  7.2984044677872255E+000                  7.3878547166068058E+000                  2.9394433260372875E+030                  2.0875539797257446E-002                  2.7095452334913731E-009                  9.6708501226264698E-001                  3.9397963353505965E-005                  6.5543278604881646E-003                  1.6867491922990241E-003                  1.2718648985637726E-003                  2.4871053158459651E-003                  5.8899737126603513E-001                  3.4532586233836312E+001                  4.3828690905212553E-034 
                                     777                  6.7759542186312124E-002                 -1.3129775347118642E+000                  7.2987802758655134E+000                  7.3868898476866471E+000                  1.9793605835367223E+030                  1.8891324180879042E-002                  2.1912919975093319E-009                  9.6907098245695711E-001                  3.9536254537473078E-005                  6.5662835987881441E-003                  1.6729011031363530E-003                  1.2718648985637724E-003                  2.4871053158459647E-003                  4.9216044180982627E-001                  3.2378717059316031E+001                  4.7505909705033018E-034 
                                     778                  6.6935702387952517E-002                 -1.3161165849774266E+000                  7.2991334899630624E+000                  7.3860402718494287E+000                  1.3275380998172644E+030                  1.7076139812742676E-002                  1.7694592234691290E-009                  9.7088770792761470E-001                  3.9662587212677464E-005                  6.5767735873761947E-003                  1.6607441011846327E-003                  1.2718648985637724E-003                  2.4871053158459651E-003                  4.1014615505735014E-001                  3.0283904580560069E+001                  5.1326625771490391E-034 
                                     779                  6.6111862589592785E-002                 -1.3192722875263614E+000                  7.2994649234155657E+000                  7.3852749778615356E+000                  8.7817657326617480E+029                  1.5380202230983783E-002                  1.4196135815729444E-009                  9.7258506407058765E-001                  3.9780820932735997E-005                  6.5864251882759009E-003                  1.6495560551963249E-003                  1.2718648985637728E-003                  2.4871053158459651E-003                  3.3925896532546584E-001                  2.8191557122530114E+001                  5.5298957752565932E-034 
                                     780                  6.5288022791233066E-002                 -1.3224454711119944E+000                  7.2996887727311472E+000                  7.0297204726770470E+000                  2.8872204585239995E+029                  1.4272724345029859E-002                  1.2134181934447359E-009                  9.7369343178593637E-001                  3.9858396133867167E-005                  6.5924715418681085E-003                  1.6425425032037268E-003                  1.2718648985637732E-003                  2.4871053158459664E-003                  2.9621449507945546E-001                  2.6768398528902654E+001                  5.8228870027146682E-034 
                                     781                  6.4924303162958552E-002                 -1.3238522681990965E+000                  7.2998219233229182E+000                  7.0294482083967074E+000                  2.3955207483320422E+029                  1.3612972831495701E-002                  1.0989187933558924E-009                  9.7435370722093351E-001                  3.9904483796078485E-005                  6.5960306527346009E-003                  1.6384134977114545E-003                  1.2718648985637732E-003                  2.4871053158459664E-003                  2.7172999465834324E-001                  2.5886648742035721E+001                  6.0068444780475579E-034 
                                     782                  6.4560583534683968E-002                 -1.3252627511308681E+000                  7.2999511978435869E+000                  7.0292040822619510E+000                  1.9922058656762548E+029                  1.2990965662008240E-002                  9.9647456373646418E-010                  9.7497619381472489E-001                  3.9948161778674723E-005                  6.5992839904583656E-003                  1.6346371601455995E-003                  1.2718648985637735E-003                  2.4871053158459669E-003                  2.4952750311975827E-001                  2.5041604324466082E+001                  6.1928608230208173E-034 
                                     783                  6.4196863906409385E-002                 -1.3266770333801510E+000                  7.3000766696626895E+000                  7.0289752382756543E+000                  1.6518978369075090E+029                  1.2387923704662121E-002                  9.0230942966610410E-010                  9.7557968947667340E-001                  3.9990227456092503E-005                  6.6023611102721614E-003                  1.6310643642170834E-003                  1.2718648985637732E-003                  2.4871053158459669E-003                  2.2877852428484252E-001                  2.4200877115544550E+001                  6.3815885583944517E-034 
                                     784                  6.3833144278134912E-002                 -1.3280951876070972E+000                  7.3002243832038172E+000                  7.1830389356451274E+000                  1.8664060029216096E+029                  1.1675950041845830E-002                  7.9760650921115803E-010                  9.7629218250365291E-001                  4.0039325730038917E-005                  6.6058813638544813E-003                  1.6269757529005931E-003                  1.2718648985637732E-003                  2.4871053158459660E-003                  2.0526932355770072E-001                  2.3177870591518936E+001                  6.6146007068116830E-034 
                                     785                  6.3314238199009845E-002                 -1.3301252578764002E+000                  7.3003906882198519E+000                  7.1827774242827536E+000                  1.4216734682300266E+029                  1.0896095111978511E-002                  6.9075164000062864E-010                  9.7707259325039897E-001                  4.0093701205715817E-005                  6.6096444579134325E-003                  1.6226025733418377E-003                  1.2718648985637730E-003                  2.4871053158459656E-003                  1.8084606658345712E-001                  2.2031382456943760E+001                  6.8922905602023342E-034 
                                     786                  6.2795332119884778E-002                 -1.3321636314403844E+000                  7.3005498322612876E+000                  7.1825555762158757E+000                  1.0812401935961202E+029                  1.0163941659688753E-002                  5.9783676013422630E-010                  9.7780525563602616E-001                  4.0145084452791205E-005                  6.6130864466282689E-003                  1.6186003609573519E-003                  1.2718648985637728E-003                  2.4871053158459656E-003                  1.5917341928392884E-001                  2.0924393206940099E+001                  7.1746403216206913E-034 
                                     787                  6.2276426040759725E-002                 -1.3342105689403423E+000                  7.3007020336989106E+000                  7.1823693573342231E+000                  8.1955825901806542E+028                  9.4725881184937362E-003                  5.1661887422585146E-010                  9.7849706895666655E-001                  4.0193407652043753E-005                  6.6161915800897614E-003                  1.6149872060690202E-003                  1.2718648985637724E-003                  2.4871053158459656E-003                  1.3983605615984027E-001                  1.9848018459087044E+001                  7.4617691178073840E-034 
                                     788                  6.1757519961634658E-002                 -1.3362663161164010E+000                  7.3008400377305129E+000                  7.1351164139960401E+000                  5.6564946222095167E+028                  8.8611370113179395E-003                  4.4997948786887083E-010                  9.7910890251863070E-001                  4.0236070928977317E-005                  6.6187687494848003E-003                  1.6119849852483021E-003                  1.2718648985637719E-003                  2.4871053158459651E-003                  1.2367984042355749E-001                  1.8873199422574935E+001                  7.7379866027201875E-034 
                                     789                  6.1291960609082985E-002                 -1.3381184431573601E+000                  7.3009653136035091E+000                  7.1350085695619105E+000                  4.3851901527362960E+028                  8.3054622800953562E-003                  3.9364157120209346E-010                  9.7966491922943510E-001                  4.0274833599275037E-005                  6.6210717659613344E-003                  1.6093012828575766E-003                  1.2718648985637717E-003                  2.4871053158459647E-003                  1.0975062392425775E-001                  1.7961102915602559E+001                  8.0035343389037560E-034 
                                     790                  6.0826401256531319E-002                 -1.3399780399449679E+000                  7.3011455831389540E+000                  7.4359401463710899E+000                  5.9501723468715851E+028                  7.5247904447815275E-003                  3.2115287684883321E-010                  9.8044605087949144E-001                  4.0329624612045808E-005                  6.6241621160413044E-003                  1.6056963995110568E-003                  1.2718648985637715E-003                  2.4871053158459643E-003                  9.1441322267757183E-002                  1.6641308732578821E+001                  8.4097273622050871E-034 
                                     791                  5.9895282551427974E-002                 -1.3437204412092663E+000                  7.3013145735900924E+000                  7.1595893816788960E+000                  2.1308082002392818E+028                  6.8118880749758436E-003                  2.6167287248561596E-010                  9.8115931923199728E-001                  4.0379014894420950E-005                  6.6266083345905193E-003                  1.6028348674592585E-003                  1.2718648985637715E-003                  2.4871053158459647E-003                  7.6071860631412899E-002                  1.5401373579486409E+001                  8.8292739421321018E-034 
                                     792                  5.9402447997825632E-002                 -1.3457141816572005E+000                  7.3014263639020092E+000                  7.1595935412098193E+000                  1.6088600296887362E+028                  6.3414834131463368E-003                  2.2591462266392586E-010                  9.8162995835021782E-001                  4.0411644918833984E-005                  6.6281731422956703E-003                  1.6010030090970158E-003                  1.2718648985637717E-003                  2.4871053158459651E-003                  6.6613210482984297E-002                  1.4554997300407278E+001                  9.1258071762842687E-034 
                                     793                  5.8909613444223283E-002                 -1.3477171363392439E+000                  7.3015865492408460E+000                  7.4607062735818985E+000                  2.1109622268035654E+028                  5.6957478404182135E-003                  1.8125261884965704E-010                  9.8227597948133738E-001                  4.0456689727953279E-005                  6.6300666338471375E-003                  1.5987789590069894E-003                  1.2718648985637722E-003                  2.4871053158459660E-003                  5.4568725149907779E-002                  1.3364746942386409E+001                  9.5784458369271719E-034 
                                     794                  5.7923944337018592E-002                 -1.3517517454107497E+000                  7.3017379604053092E+000                  7.2054006214730908E+000                  7.5516378635973448E+027                  5.0915577914568549E-003                  1.4408195168397138E-010                  9.8288036921487520E-001                  4.0497195121040583E-005                  6.6313696531043603E-003                  1.5972357869508055E-003                  1.2718648985637717E-003                  2.4871053158459647E-003                  4.4300160376747041E-002                  1.2215501142447076E+001                  1.0055006069864487E-033 
                                     795                  5.7376559381314793E-002                 -1.3540093245083453E+000                  7.3018405726183753E+000                  7.2055450482048906E+000                  5.4768720019050600E+027                  4.6911837690873275E-003                  1.2187790130572776E-010                  9.8328086695282690E-001                  4.0524500404834432E-005                  6.6321717944233605E-003                  1.5962826469697433E-003                  1.2718648985637715E-003                  2.4871053158459643E-003                  3.8030122548817609E-002                  1.1431638476944583E+001                  1.0401989646585564E-033 
                                     796                  5.6829174425611098E-002                 -1.3562794572506436E+000                  7.3019379111154432E+000                  7.2057291886033452E+000                  3.9776396358727856E+027                  4.3236468166029697E-003                  1.0317778701419028E-010                  9.8364849040666069E-001                  4.0549454431601826E-005                  6.6327189469044066E-003                  1.5956240578128651E-003                  1.2718648985637722E-003                  2.4871053158459656E-003                  3.2665488393528473E-002                  1.0698413764577927E+001                  1.0753502484619370E-033 
                                     797                  5.6281789469907403E-002                 -1.3585624890974275E+000                  7.3020301958078164E+000                  7.2059477828128484E+000                  2.8758707297745133E+027                  3.9803138784561265E-003                  8.7159270839400750E-011                  9.8399187833875656E-001                  4.0572329166015250E-005                  6.6330504180382877E-003                  1.5952147340139733E-003                  1.2718648985637717E-003                  2.4871053158459647E-003                  2.7991314227309834E-002                  9.9981592501975971E+000                  1.1110061950236365E-033 
                                     798                  5.5734404514203612E-002                 -1.3608587445560105E+000                  7.3021220493917687E+000                  7.2479094384868041E+000                  2.2435356990218084E+027                  3.6455794878204571E-003                  7.2879081031196642E-011                  9.8432662778721247E-001                  4.0593796449949566E-005                  6.6331056324887621E-003                  1.5951230087396196E-003                  1.2718648985637724E-003                  2.4871053158459660E-003                  2.3753921950607583E-002                  9.3006821925670273E+000                  1.1490056740190818E-033 
                                     799                  5.5131864686516353E-002                 -1.3634020676333019E+000                  7.3022127199203988E+000                  7.2482307374623538E+000                  1.5563026254800857E+027                  3.3207516462471190E-003                  6.0275357414934965E-011                  9.8465146060551789E-001                  4.0615006421230060E-005                  6.6330908914550906E-003                  1.5951115756735396E-003                  1.2718648985637724E-003                  2.4871053158459660E-003                  1.9948151627090929E-002                  8.6088684161114539E+000                  1.1894324734309060E-033 
                                     800                  5.4529324858829109E-002                 -1.3659622717184698E+000                  7.3023407522319719E+000                  7.5498430608720515E+000                  1.7814075194902634E+027                  2.8800388621695993E-003                  4.5130518275288143E-011                  9.8509214560372382E-001                  4.0644115793597488E-005                  6.6328283624711663E-003                  1.5953727963015339E-003                  1.2718648985637722E-003                  2.4871053158459656E-003                  1.5275738142217121E-002                  7.6446549216396189E+000                  1.2513610134130960E-033 
                                     801                  5.3324245203454718E-002                 -1.3711353806974369E+000                  7.3024514273786094E+000                  7.2177166419028005E+000                  4.7970064439141343E+026                  2.5053643589109356E-003                  3.4013559924042829E-011                  9.8546670312102636E-001                  4.0666656679960673E-005                  6.6319567875591139E-003                  1.5963388274001526E-003                  1.2718648985637719E-003                  2.4871053158459656E-003                  1.1763092818641114E-002                  6.8012370333205556E+000                  1.3130635413063177E-033 
                                     802                  5.2764140969073406E-002                 -1.3735643849021442E+000                  7.3025177357815112E+000                  7.2181689738149242E+000                  3.3557662192625639E+026                  2.2869953772290102E-003                  2.8273187869742953E-011                  9.8568499161801804E-001                  4.0680087904025235E-005                  6.6313620150204207E-003                  1.5970006591456238E-003                  1.2718648985637722E-003                  2.4871053158459660E-003                  9.9102457901214577E-003                  6.2962898425476306E+000                  1.3530613387933455E-033 
                                     803                  5.2204036734692094E-002                 -1.3760096035679186E+000                  7.3025803204440729E+000                  7.2186597725969035E+000                  2.3493237003146323E+026                  2.0880067291111316E-003                  2.3512130236747266E-011                  9.8588387574076386E-001                  4.0691944237672162E-005                  6.6306026393112560E-003                  1.5978527086540895E-003                  1.2718648985637719E-003                  2.4871053158459656E-003                  8.3516711055845374E-003                  5.8287314308400715E+000                  1.3936489905968022E-033 
                                     804                  5.1643932500310782E-002                 -1.3784714560675293E+000                  7.3026393699051768E+000                  7.2191871601922273E+000                  1.6383503817371247E+026                  1.9044390396090968E-003                  1.9516074561045793E-011                  9.8606730870558967E-001                  4.0701989821951794E-005                  6.6296360989086161E-003                  1.5989439321447327E-003                  1.2718648985637717E-003                  2.4871053158459651E-003                  7.0240021165950120E-003                  5.3895891571520131E+000                  1.4348705691732252E-033 
                                     805                  5.1083828265929485E-002                 -1.3809503605162334E+000                  7.3027165928593956E+000                  7.4687134142578291E+000                  1.7598083838741849E+026                  1.6756759664174755E-003                  1.5064588096490912E-011                  9.8629582935732851E-001                  4.0712841798178831E-005                  6.6279137963008144E-003                  1.6008978086805910E-003                  1.2718648985637726E-003                  2.4871053158459660E-003                  5.5203697906278364E-003                  4.8316886056255921E+000                  1.4931101042698966E-033 
                                     806                  5.0090740997222348E-002                 -1.3853889346677171E+000                  7.3028055594131356E+000                  7.4698300487273164E+000                  9.0871294243848704E+025                  1.4155139847035732E-003                  1.0712458984680549E-011                  9.8655567889531637E-001                  4.0725153131843232E-005                  6.6256979333075205E-003                  1.6034138084185167E-003                  1.2718648985637724E-003                  2.4871053158459656E-003                  4.0157091132960914E-003                  4.1788941314444745E+000                  1.5695323968825405E-033 
                                     807                  4.9097653728515107E-002                 -1.3898849455882492E+000                  7.3028630842824702E+000                  7.1101740101927291E+000                  2.4737927215886449E+025                  1.2550689937931916E-003                  8.4021131767749493E-012                  9.8671583862104972E-001                  4.0730473094897118E-005                  6.6236886476491886E-003                  1.6057030416011099E-003                  1.2718648985637728E-003                  2.4871053158459664E-003                  3.2007704589073114E-003                  3.7674522997885291E+000                  1.6257863083382948E-033 
                                     808                  4.8664670694189179E-002                 -1.3918637838870427E+000                  7.3028964455577894E+000                  7.1107353879225199E+000                  1.8400254293757064E+025                  1.1637414450295280E-003                  7.2139790546399547E-012                  9.8680699948751971E-001                  4.0733717734862806E-005                  6.6225142924484694E-003                  1.6070408356438828E-003                  1.2718648985637728E-003                  2.4871053158459664E-003                  2.7749345516320401E-003                  3.5285469391239528E+000                  1.6605689741749327E-033 
                                     809                  4.8231687659863250E-002                 -1.3938542570947408E+000                  7.3029442383855008E+000                  7.4126636849165006E+000                  2.3566888176459172E+025                  1.0386044511494130E-003                  5.7346311506941843E-012                  9.8693186895252694E-001                  4.0737475259826238E-005                  6.6206328124253245E-003                  1.6091860884941906E-003                  1.2718648985637728E-003                  2.4871053158459664E-003                  2.2379535276935694E-003                  3.1964662848345613E+000                  1.7136073332322117E-033 
                                     810                  4.7365721591211496E-002                 -1.3978711211501891E+000                  7.3029922696936183E+000                  7.2282198068389478E+000                  9.3645565985089851E+024                  9.1511319476622458E-004                  4.4429056771293835E-012                  9.8705502715095828E-001                  4.0739303717171419E-005                  6.6182971313193647E-003                  1.6118530003864488E-003                  1.2718648985637724E-003                  2.4871053158459660E-003                  1.7614555654054973E-003                  2.8626454137938437E+000                  1.7733547146689694E-033 
                                     811                  4.6800747066609819E-002                 -1.4005182564002152E+000                  7.3030279945370058E+000                  7.2290847731453596E+000                  6.2872479542268348E+024                  8.2663408936528007E-004                  3.6196906528437891E-012                  9.8714324780968254E-001                  4.0740575326893439E-005                  6.6164850317318377E-003                  1.6139222758639949E-003                  1.2718648985637726E-003                  2.4871053158459664E-003                  1.4529537574659830E-003                  2.6190959383956831E+000                  1.8215231849820362E-033 
                                     812                  4.6235772542008134E-002                 -1.4031869517685487E+000                  7.3030784794865893E+000                  7.5315123132623096E+000                  6.8973127726156009E+024                  7.0916651955777485E-004                  2.6581143812741439E-012                  9.8726030568777812E-001                  4.0741012024588622E-005                  6.6136161640555332E-003                  1.6172003995161717E-003                  1.2718648985637722E-003                  2.4871053158459647E-003                  1.0867981284743188E-003                  2.2899437665323745E+000                  1.8954293793094085E-033 
                                     813                  4.5105823492804772E-002                 -1.4085915206340547E+000                  7.3031268285726840E+000                  7.3232377098403676E+000                  2.2157627461843606E+024                  6.0037985680658852E-004                  1.9008971549345658E-012                  9.8736860421954675E-001                  4.0738587947539574E-005                  6.6102048980566323E-003                  1.6211022213319323E-003                  1.2718648985637711E-003                  2.4871053158459630E-003                  7.9270058149242336E-004                  1.9784070749488549E+000                  1.9776819673940607E-033 
                                     814                  4.4408857477927242E-002                 -1.4119712373590829E+000                  7.3031611434793060E+000                  7.3245269911172821E+000                  1.3249821492551889E+024                  5.2656501154112374E-004                  1.4598287814836868E-012                  9.8744205704793242E-001                  4.0736694279359919E-005                  6.6076751953695273E-003                  1.6239958350080998E-003                  1.2718648985637713E-003                  2.4871053158459634E-003                  6.1794403492634300E-004                  1.7620658845909176E+000                  2.0422195013421888E-033 
                                     815                  4.3711891463049810E-002                 -1.4153876286987848E+000                  7.3031911571609651E+000                  7.2696686553407739E+000                  7.1933990584912768E+023                  4.6567342383365014E-004                  1.1400469911875619E-012                  9.8750258481671294E-001                  4.0733525057871209E-005                  6.6051358554932455E-003                  1.6269021633524981E-003                  1.2718648985637722E-003                  2.4871053158459656E-003                  4.8938035271844297E-004                  1.5808453001853267E+000                  2.1043524348906823E-033 
                                     816                  4.3099425475059482E-002                 -1.4184210618292799E+000                  7.3032175471571446E+000                  7.2709157634106081E+000                  4.5409244301272043E+023                  4.1410922068540112E-004                  9.0035371474892316E-013                  9.8755382054717389E-001                  4.0730733315570015E-005                  6.6028430590699119E-003                  1.6295262244450869E-003                  1.2718648985637724E-003                  2.4871053158459651E-003                  3.9156133710372234E-004                  1.4247562310544237E+000                  2.1638523857170719E-033 
                                     817                  4.2486959487069161E-002                 -1.4214846474718474E+000                  7.3032451127162821E+000                  7.3588837909933442E+000                  3.2883106618811209E+023                  3.6249915874405757E-004                  6.8893509640767303E-013                  9.8760507177300372E-001                  4.0727512232000277E-005                  6.6003387206709568E-003                  1.6323926202505641E-003                  1.2718648985637724E-003                  2.4871053158459651E-003                  3.0396897402031341E-004                  1.2658149099614766E+000                  2.2315242457494518E-033 
                                     818                  4.1739484883053540E-002                 -1.4252657628734411E+000                  7.3032732910817417E+000                  7.3605581816902426E+000                  1.8503301450757426E+023                  3.1305343790714770E-004                  5.1303394210479586E-013                  9.8765411142221571E-001                  4.0723048945622894E-005                  6.5975066324001908E-003                  1.6356352436085186E-003                  1.2718648985637724E-003                  2.4871053158459651E-003                  2.2996707285376119E-004                  1.1110524378301196E+000                  2.3080163115850404E-033 
                                     819                  4.0992010279037920E-002                 -1.4290948866724165E+000                  7.3032995472964597E+000                  7.3623201533741973E+000                  1.0362526969486496E+023                  2.7002744643233597E-004                  3.8114710153555922E-013                  9.8769672046999002E-001                  4.0717679786354489E-005                  6.5946005536123564E-003                  1.6389636353879280E-003                  1.2718648985637726E-003                  2.4871053158459651E-003                  1.7356547781025651E-004                  9.7398760537152118E-001                  2.3867944785961528E-033 
                                     820                  4.0244535675022307E-002                 -1.4329738474194826E+000                  7.3033179375122117E+000                  7.0626597308031185E+000                  3.3214391357362080E+022                  2.4108775858011053E-004                  3.0350604077003189E-013                  9.8772534029486347E-001                  4.0713026647036629E-005                  6.5923723695421156E-003                  1.6415163356539621E-003                  1.2718648985637728E-003                  2.4871053158459656E-003                  1.3985446446923469E-004                  8.8021458767031324E-001                  2.4475430577414286E-033 
                                     821                  3.9870798373014493E-002                 -1.4349325788118632E+000                  7.3033297953230418E+000                  7.0636089262411454E+000                  2.4717065160834672E+022                  2.2359162255462453E-004                  2.6087152261356712E-013                  9.8774261143017639E-001                  4.0709294157024909E-005                  6.5908060733987283E-003                  1.6433113650426122E-003                  1.2718648985637730E-003                  2.4871053158459660E-003                  1.2115796806857939E-004                  8.2293595881031623E-001                  2.4887597478404389E-033 
                                     822                  3.9497061071006687E-002                 -1.4369044993039082E+000                  7.3033490876036975E+000                  7.4384147003390506E+000                  3.5595162364857981E+022                  1.9710526098126762E-004                  2.0249479395426092E-013                  9.8776870043858245E-001                  4.0701968863744172E-005                  6.5880416931713504E-003                  1.6464804237887440E-003                  1.2718648985637722E-003                  2.4871053158459651E-003                  9.5293319680700433E-005                  7.3528972089160427E-001                  2.5593287329911264E-033 
                                     823                  3.8614577850965670E-002                 -1.4416146462085826E+000                  7.3033742576024370E+000                  7.4408473873636058E+000                  1.7226165751078206E+022                  1.6382517846389138E-004                  1.3966864658703035E-013                  9.8780149045327936E-001                  4.0693888144637741E-005                  6.5846300729987739E-003                  1.6503901925638319E-003                  1.2718648985637722E-003                  2.4871053158459664E-003                  6.6957977445199272E-005                  6.2287721990299638E-001                  2.6618989605862182E-033 
                                     824                  3.7732094630924647E-002                 -1.4464033335799602E+000                  7.3033918720676168E+000                  7.1417184491495496E+000                  4.9877225682558779E+021                  1.4253452127590207E-004                  1.0560422557016391E-013                  9.8782239278959050E-001                  4.0686480327065201E-005                  6.5819291115296070E-003                  1.6534868827615546E-003                  1.2718648985637732E-003                  2.4871053158459682E-003                  5.1337747678751465E-005                  5.4971697881373582E-001                  2.7415615499734245E-033 
                                     825                  3.7290853020904138E-002                 -1.4488282455790227E+000                  7.3034032361624854E+000                  7.1430419509167447E+000                  3.4372945080477580E+021                  1.2963856540105411E-004                  8.7293751332662454E-014                  9.8783503766660263E-001                  4.0681598071844984E-005                  6.5801829512909284E-003                  1.6554890041365297E-003                  1.2718648985637732E-003                  2.4871053158459682E-003                  4.2831681875793863E-005                  5.0475322989241966E-001                  2.7958511073082255E-033 
                                     826                  3.6849611410883623E-002                 -1.4512742369812441E+000                  7.3034197552032989E+000                  7.4461446601366603E+000                  3.9227186537891931E+021                  1.1237571681530384E-004                  6.5520375328632357E-014                  9.8785191047394505E-001                  4.0673307909454988E-005                  6.5774720061481757E-003                  1.6585982807066698E-003                  1.2718648985637728E-003                  2.4871053158459673E-003                  3.2597648074734983E-005                  4.4379968185328722E-001                  2.8791055360460021E-033 
                                     827                  3.5967128190842711E-002                 -1.4562316781357287E+000                  7.3034403233396219E+000                  7.4402246866578761E+000                  1.8050482503720365E+021                  9.2696555557804562E-005                  4.4517668921827702E-014                  9.8787104414714577E-001                  4.0660209123763554E-005                  6.5736841534360935E-003                  1.6629447202823463E-003                  1.2718648985637722E-003                  2.4871053158459643E-003                  2.2559407664393337E-005                  3.7302274366713056E-001                  2.9931190851581569E-033 
                                     828                  3.5102276940529982E-002                 -1.4611780814789976E+000                  7.3034548304738935E+000                  7.1413955591579512E+000                  5.0864315981759939E+020                  8.0105492061257781E-005                  3.3210236344191170E-014                  9.8788325814695177E-001                  4.0650641720764376E-005                  6.5710143618635045E-003                  1.6660011429596002E-003                  1.2718648985637719E-003                  2.4871053158459638E-003                  1.7061394308404350E-005                  3.2690134965280937E-001                  3.0808916925080392E-033 
                                     829                  3.4669851315373625E-002                 -1.4636852812842605E+000                  7.3034642787792130E+000                  7.1429244831325871E+000                  3.4674825955350898E+020                  7.2661222626429662E-005                  2.7305500911543053E-014                  9.8789044046602315E-001                  4.0644328065476057E-005                  6.5693007803417471E-003                  1.6679829885061490E-003                  1.2718648985637722E-003                  2.4871053158459643E-003                  1.4156393136247912E-005                  2.9930264135492113E-001                  3.1407415703358870E-033 
                                     830                  3.4237425690217260E-002                 -1.4662159587424108E+000                  7.3034781459433482E+000                  7.4463440202388016E+000                  3.9182736005570180E+020                  6.2831243367183158E-005                  2.0396027812065137E-014                  9.8789988119869265E-001                  4.0633231176441497E-005                  6.5665492773046450E-003                  1.6711348350290001E-003                  1.2718648985637719E-003                  2.4871053158459638E-003                  1.0719667724595859E-005                  2.6244810880822833E-001                  3.2325790957567967E-033 
                                     831                  3.3372574439904532E-002                 -1.4713503261327963E+000                  7.3034959302101319E+000                  7.4496587090322377E+000                  1.7856290188311069E+020                  5.1442243831698430E-005                  1.3653331071679496E-014                  9.8791076163305336E-001                  4.0617956625792776E-005                  6.5630249616537078E-003                  1.6751829904118885E-003                  1.2718648985637728E-003                  2.4871053158459660E-003                  7.3084029758443450E-006                  2.1893281530288972E-001                  3.3597628033355892E-033 
                                     832                  3.2507723189591810E-002                 -1.4765861693631706E+000                  7.3035111570445395E+000                  7.3386102650098488E+000                  6.7716877336928035E+019                  4.2975025011626302E-005                  9.5171717372801224E-015                  9.8791874788432543E-001                  4.0601767839799182E-005                  6.5596959626216585E-003                  1.6790091457822263E-003                  1.2718648985637739E-003                  2.4871053158459686E-003                  5.1778487148964718E-006                  1.8595243969133618E-001                  3.4768423312218485E-033 
                                     833                  3.1842725512621253E-002                 -1.4806844933968517E+000                  7.3035241242374411E+000                  7.3414114936391650E+000                  3.6198271090441028E+019                  3.6646158896824559E-005                  6.9132086320951045E-015                  9.8792470994459847E-001                  4.0588647934388622E-005                  6.5571589348244249E-003                  1.6819260993291328E-003                  1.2718648985637730E-003                  2.4871053158459669E-003                  3.8147524654665052E-006                  1.6087851946968615E-001                  3.5820875592018107E-033 
                                     834                  3.1177727835650811E-002                 -1.4848487622987081E+000                  7.3035368744853981E+000                  7.3443304607939668E+000                  1.9154054041517408E+019                  3.1169678302273954E-005                  4.9961500551175440E-015                  9.8792985543579759E-001                  4.0575775710348945E-005                  6.5548720442312712E-003                  1.6845568515438340E-003                  1.2718648985637732E-003                  2.4871053158459673E-003                  2.7963069816811357E-006                  1.3884030713580542E-001                  3.6908163801834572E-033 
                                     835                  3.0512730158680362E-002                 -1.4890818410811313E+000                  7.3035494579672777E+000                  7.3473723684310608E+000                  1.0065059207898124E+019                  2.6465363433930626E-005                  3.5981147027411468E-015                  9.8793421274249738E-001                  4.0560846892652690E-005                  6.5524778209497796E-003                  1.6873130118129408E-003                  1.2718648985637726E-003                  2.4871053158459660E-003                  2.0427068517496300E-006                  1.1961404907305528E-001                  3.8031867918637339E-033 
                                     836                  2.9847732481709917E-002                 -1.4933867821427145E+000                  7.3035598293474839E+000                  7.1723560624746572E+000                  3.9184053911302006E+018                  2.3102684397216197E-005                  2.7394788262050240E-015                  9.8793725948020783E-001                  4.0546272754889307E-005                  6.5503002379828403E-003                  1.6898211102445589E-003                  1.2718648985637728E-003                  2.4871053158459669E-003                  1.5738596462295652E-006                  1.0569022824881399E-001                  3.8997275966915675E-033 
                                     837                  2.9405974798536769E-002                 -1.4962878298379307E+000                  7.3035680713327347E+000                  7.1745207204949608E+000                  2.5166245220965274E+018                  2.0664775805330511E-005                  2.1858860035593882E-015                  9.8793947121415082E-001                  4.0534737043401099E-005                  6.5487439320949933E-003                  1.6916151264936043E-003                  1.2718648985637726E-003                  2.4871053158459664E-003                  1.2684776669317372E-006                  9.5460036751153068E-002                  3.9786509667837702E-033 
                                     838                  2.8964217115363625E-002                 -1.4992230293832882E+000                  7.3035803965726114E+000                  7.4789353639465688E+000                  1.8492392725207258E+018                  1.7428978534131277E-005                  1.3163086133688649E-015                  9.8794238807530410E-001                  4.0516625316352263E-005                  6.5465536399603235E-003                  1.6941424664740567E-003                  1.2718648985637728E-003                  2.4871053158459664E-003                  8.1106426888833537E-007                  8.1694817255013805E-002                  4.1000751356611420E-033 
                                     839                  2.8080701749017441E-002                 -1.5052003414389172E+000                  7.3035960396218442E+000                  7.4410895702060529E+000                  4.1157863375264992E+017                  1.4004275063161847E-005                  6.4655880532180892E-016                  9.8794537102384516E-001                  4.0489312317607213E-005                  6.5435250857769859E-003                  1.6976400885866736E-003                  1.2718648985637730E-003                  2.4871053158459664E-003                  4.4287441290118775E-007                  6.6876203384766422E-002                  4.2611219267860104E-033 
                                     840                  2.7279223163037682E-002                 -1.5107520301517390E+000                  7.3036072340393057E+000                  7.1433860441613417E+000                  1.0603746664977258E+017                  1.1937610511805699E-005                  4.6133062743061833E-016                  9.8794715425821289E-001                  4.0468877125053822E-005                  6.5415887566053982E-003                  1.6998802831347480E-003                  1.2718648985637724E-003                  2.4871053158459651E-003                  3.2213689518604614E-007                  5.7775625420871002E-002                  4.3807072332658689E-033 
                                     841                  2.6878483870047858E-002                 -1.5135763362907815E+000                  7.3036147195110690E+000                  7.1456893828805317E+000                  7.8183731684745664E+016                  1.0722475397391673E-005                  3.9454597192168884E-016                  9.8794818495075420E-001                  4.0454370884394711E-005                  6.5403315064884145E-003                  1.7013364820655137E-003                  1.2718648985637724E-003                  2.4871053158459651E-003                  2.7226126694045673E-007                  5.2360033906999733E-002                  4.4623500624641650E-033 
                                     842                  2.6477744577058031E-002                 -1.5164342968015501E+000                  7.3036222348872846E+000                  7.1480526449189314E+000                  5.7954567227450144E+016                  9.6291029312034188E-006                  3.3832620050309803E-016                  9.8794909820786025E-001                  4.0439250138096648E-005                  6.5391059807082541E-003                  1.7027572439521927E-003                  1.2718648985637735E-003                  2.4871053158459677E-003                  2.3067359776612895E-007                  4.7443654810920097E-002                  4.5457557289400834E-033 
                                     843                  2.6077005284068203E-002                 -1.5193269393374749E+000                  7.3036297872239064E+000                  7.1504776914444381E+000                  4.2887470544305416E+016                  8.6318065311538197E-006                  2.8987102546196240E-016                  9.8794991603999016E-001                  4.0423086762031095E-005                  6.5378874453629245E-003                  1.7041714069435110E-003                  1.2718648985637730E-003                  2.4871053158459669E-003                  1.9527587596034754E-007                  4.2912988830071053E-002                  4.6309758221023652E-033 
                                     844                  2.5676265991078272E-002                 -1.5222553387813280E+000                  7.3036373834426529E+000                  7.1529664910390167E+000                  3.1774315878543016E+016                  7.7309307555783827E-006                  2.4849676128513822E-016                  9.8795064313907077E-001                  4.0406197803971152E-005                  6.5367104160653725E-003                  1.7055391018943188E-003                  1.2718648985637730E-003                  2.4871053158459673E-003                  1.6544119064098369E-007                  3.8781453863537131E-002                  4.7180632220124603E-033 
                                     845                  2.5275526698088337E-002                 -1.5252206203281085E+000                  7.3036450302617704E+000                  7.1555210967436240E+000                  2.3536679991220080E+016                  6.9174058498731296E-006                  2.1300673711997324E-016                  9.8795127230413826E-001                  4.0387849312014805E-005                  6.5354627103457671E-003                  1.7069895159440925E-003                  1.2718648985637730E-003                  2.4871053158459664E-003                  1.4021369358719118E-007                  3.5014188215309640E-002                  4.8070728545751499E-033 
                                     846                  2.4874787405098513E-002                 -1.5282239626135063E+000                  7.3036527342219850E+000                  7.1581436712553304E+000                  1.7533272692950100E+016                  6.1938404188619032E-006                  1.8309869191071355E-016                  9.8795179358717333E-001                  4.0368019776245187E-005                  6.5340930024900181E-003                  1.7085813357316901E-003                  1.2718648985637724E-003                  2.4871053158459660E-003                  1.1924059204492211E-007                  3.1635228805644094E-002                  4.8980614830025977E-033 
                                     847                  2.4474048112108689E-002                 -1.5312666012299727E+000                  7.3036605015808993E+000                  7.1608364700435745E+000                  1.2759492456529036E+016                  5.5289219595528256E-006                  1.5556008569278536E-016                  9.8795228410128189E-001                  4.0347937632875955E-005                  6.5329190303695783E-003                  1.7099497943462094E-003                  1.2718648985637722E-003                  2.4871053158459656E-003                  1.0047060506127608E-007                  2.8495828654919165E-002                  4.9910896488091931E-033 
                                     848                  2.4073308819118858E-002                 -1.5343498323637221E+000                  7.3036722570284178E+000                  7.4660679074492711E+000                  1.2912870535888854E+016                  4.6512155961657913E-006                  1.0998084662429130E-016                  9.8795293325799238E-001                  4.0317007649232871E-005                  6.5313913527606567E-003                  1.7117369515917381E-003                  1.2718648985637719E-003                  2.4871053158459651E-003                  7.1990746461284698E-008                  2.4300505582416962E-002                  5.1341608313551141E-033 
                                     849                  2.3271830233139099E-002                 -1.5406437813955380E+000                  7.3036876478283705E+000                  7.4378636051287774E+000                  4.9486217825257550E+015                  3.7191391290826387E-006                  7.0227754441493844E-017                  9.8795352279685411E-001                  4.0271938130608395E-005                  6.5290987517345328E-003                  1.7144171597416606E-003                  1.2718648985637724E-003                  2.4871053158459660E-003                  4.6774134333593486E-008                  1.9774776164842030E-002                  5.3256804517854035E-033 
                                     850                  2.2530385760915879E-002                 -1.5466259319159865E+000                  7.3037027488152617E+000                  7.4435444761853677E+000                  1.4526942042058620E+015                  2.9824197507903803E-006                  3.7759154535152163E-017                  9.8795396488012655E-001                  4.0225624472894729E-005                  6.5271443641940876E-003                  1.7167124970457841E-003                  1.2718648985637713E-003                  2.4871053158459638E-003                  2.6864368151619314E-008                  1.6129020941873594E-002                  5.5178049161527448E-033 
                                     851                  2.1788941288692663E-002                 -1.5527720678290944E+000                  7.3037162649195881E+000                  7.3238067101005759E+000                  3.1468248166014712E+014                  2.4503104933784661E-006                  2.0155946233432393E-017                  9.8795422963993096E-001                  4.0181380341164942E-005                  6.5253761543293716E-003                  1.7187923004953864E-003                  1.2718648985637717E-003                  2.4871053158459647E-003                  1.5683078815585639E-008                  1.3450727403659653E-002                  5.6930948413828662E-033 
                                     852                  2.1232857934525354E-002                 -1.5574959700103597E+000                  7.3037251132313221E+000                  7.0262422005519207E+000                  6.5987220801136318E+012                  2.1524557560199681E-006                  4.1097217382912014E-018                  9.8795437160233301E-001                  4.0151629097007949E-005                  6.5243543275517501E-003                  1.7199997708524947E-003                  1.2718648985637719E-003                  2.4871053158459647E-003                  6.3319204653214400E-009                  1.1930360342298961E-002                  5.8094591937456961E-033 
                                     853                  2.0954816257441645E-002                 -1.5598964615043291E+000                  7.3037310680918939E+000                  7.0286198632327004E+000                  3.3708157154651016E+013                  1.9763872853244041E-006                  9.2615201302604434E-018                  9.8795444561531953E-001                  4.0131489178451536E-005                  6.5236869323070067E-003                  1.7207893614998001E-003                  1.2718648985637715E-003                  2.4871053158459630E-003                  8.3701724510064416E-009                  1.1025320507454485E-002                  5.8884772555715226E-033 
                                     854                  2.0676774580357937E-002                 -1.5623235836258229E+000                  7.3037400871955285E+000                  7.3333217787336560E+000                  0.0000000000000000E+000                  1.7314070451803080E-006                  0.0000000000000000E+000                  9.8795454216237621E-001                  4.0099811722773101E-005                  6.5227218140853395E-003                  1.7219345903607037E-003                  1.2718648985637717E-003                  2.4871053158459643E-003                  2.7704510448601710E-009                  9.7525747744953793E-003                  6.0092213805126474E-033 
                                     855                  2.0120691226190524E-002                 -1.5672607060103108E+000                  7.3037523560150674E+000                  7.3383728715131920E+000                  3.0842138281076665E+012                  1.4495246940316797E-006                  1.9606994646554663E-018                  9.8795461807933016E-001                  4.0055314309286262E-005                  6.5213838836036776E-003                  1.7235229836529635E-003                  1.2718648985637711E-003                  2.4871053158459630E-003                  3.0026458336422098E-009                  8.2714163484792005E-003                  6.1753932843753129E-033 
                                     856                  1.9564607872023215E-002                 -1.5723133623963239E+000                  7.3037648837767675E+000                  7.3436347520786613E+000                  1.0338156638637554E+010                  1.2161865527736407E-006                  1.1284647049021838E-019                  9.8795463916528514E-001                  4.0009335658597802E-005                  6.5200054018186016E-003                  1.7251596962749242E-003                  1.2718648985637717E-003                  2.4871053158459647E-003                  1.4604538534214410E-009                  7.0310224844462275E-003                  6.3473124674169269E-033 
                                     857                  1.9008524517855802E-002                 -1.5774881825793288E+000                  7.3037776860783774E+000                  7.3491199762813793E+000                  0.0000000000000000E+000                  1.0127708897984340E-006                  0.0000000000000000E+000                  9.8795466735349602E-001                  3.9961503988443771E-005                  6.5188904168838706E-003                  1.7264977403319665E-003                  1.2718648985637719E-003                  2.4871053158459651E-003                  9.8256850358174560E-010                  5.9324600195005796E-003                  6.5252595858881481E-033 
                                     858                  1.8452441163688389E-002                 -1.5827923822887155E+000                  7.3037907790945171E+000                  7.3548422501063628E+000                  0.0000000000000000E+000                  8.4144055681431911E-007                  0.0000000000000000E+000                  9.8795466728478754E-001                  3.9911757886314095E-005                  6.5178066978304585E-003                  1.7278026045291785E-003                  1.2718648985637719E-003                  2.4871053158459651E-003                  6.8651121915838953E-010                  4.9944377154261116E-003                  6.7095331272359772E-033 
                                     859                  1.7896357809520976E-002                 -1.5882338345793021E+000                  7.3038041794252058E+000                  7.3608165707017505E+000                  0.0000000000000000E+000                  6.9654403159424017E-007                  0.0000000000000000E+000                  9.8795463404983919E-001                  3.9859295666932722E-005                  6.5166821893611355E-003                  1.7291577066913973E-003                  1.2718648985637715E-003                  2.4871053158459643E-003                  4.7620395037703232E-010                  4.1896820191367375E-003                  6.9004536725253204E-033 
                                     860                  1.7340274455353560E-002                 -1.5938211524157129E+000                  7.3038214552483538E+000                  7.5498777522867373E+000                  0.0000000000000000E+000                  5.4683093651530413E-007                  0.0000000000000000E+000                  9.8795453565972180E-001                  3.9789251490741224E-005                  6.5151089032865301E-003                  1.7310491401544446E-003                  1.2718648985637735E-003                  2.4871053158459682E-003                  2.9805866661746571E-010                  3.3447890757703092E-003                  7.1500867961772973E-033 
                                     861                  1.6496433675191480E-002                 -1.6026001170765420E+000                  7.3038430817485471E+000                  7.5600278252594260E+000                  0.0000000000000000E+000                  4.0489002323038052E-007                  0.0000000000000000E+000                  9.8795447501707423E-001                  3.9704023583740922E-005                  6.5138896834756738E-003                  1.7325561714333351E-003                  1.2718648985637739E-003                  2.4871053158459690E-003                  1.6651372009384949E-010                  2.5280365164391276E-003                  7.4676047820493052E-033 
                                     862                  1.5652592895029294E-002                 -1.6117743399564961E+000                  7.3038655749883015E+000                  7.5709242563021242E+000                  0.0000000000000000E+000                  2.9857488461472774E-007                  0.0000000000000000E+000                  9.8795438515640144E-001                  3.9615294691934733E-005                  6.5127234868760028E-003                  1.7340072727363150E-003                  1.2718648985637739E-003                  2.4871053158459690E-003                  9.2291081303957567E-011                  1.9034368496007989E-003                  7.8037688096130953E-033 
                                     863                  1.4808752114867107E-002                 -1.6213873309151583E+000                  7.3038943378816574E+000                  7.7483757961048045E+000                  0.0000000000000000E+000                  2.0277891981989175E-007                  0.0000000000000000E+000                  9.8795425336192755E-001                  3.9500909413462692E-005                  6.5113972527885283E-003                  1.7356754825409177E-003                  1.2718648985637737E-003                  2.4871053158459686E-003                  4.3587732648551726E-011                  1.3265338818556015E-003                  8.2425572849669369E-033 
                                     864                  1.3581057875045576E-002                 -1.6362652836490128E+000                  7.3039431550433092E+000                  8.0029485572913437E+000                  0.0000000000000000E+000                  1.0728135526869276E-007                  0.0000000000000000E+000                  9.8795405235228895E-001                  3.9311754996192345E-005                  6.5097630626746016E-003                  1.7377953342750906E-003                  1.2718648985637730E-003                  2.4871053158459669E-003                  1.2677063275860128E-011                  7.3189085692942153E-004                  9.0094871170698678E-033 
                                     865                  1.1506338699620316E-002                 -1.6643548633869738E+000                  7.3039929028037998E+000                  7.6786612966346839E+000                  0.0000000000000000E+000                  5.5855761306023343E-008                  0.0000000000000000E+000                  9.8795391037113611E-001                  3.9134234909712364E-005                  6.5088234289801192E-003                  1.7391058948031367E-003                  1.2718648985637726E-003                  2.4871053158459660E-003                  3.5648642581502367E-012                  3.9675989304335579E-004                  9.8133130851050973E-033 
                                     866                  1.0583179903172986E-002                 -1.6783297134238637E+000                  7.3040428776214927E+000                  8.0300658884942955E+000                  0.0000000000000000E+000                  2.9935414710601406E-008                  0.0000000000000000E+000                  9.8795377875012791E-001                  3.8962848951485679E-005                  6.5081205400660796E-003                  1.7401377110301554E-003                  1.2718648985637741E-003                  2.4871053158459686E-003                  1.0605368448870868E-012                  2.2103873720471677E-004                  1.0652140798486173E-032 
                                     867                  8.6569080912181177E-003                 -1.7114594101782199E+000                  7.3041142358365105E+000                  8.0133174221025492E+000                  0.0000000000000000E+000                  1.2412638116733744E-008                  0.0000000000000000E+000                  9.8795361182358410E-001                  3.8744773964937286E-005                  6.5073388386556108E-003                  1.7413219367475000E-003                  1.2718648985637735E-003                  2.4871053158459673E-003                  1.9109887012322391E-013                  9.6552415458702698E-005                  1.1891456499478373E-032 
                                     868                  6.9983787685489454E-003                 -1.7459144511168438E+000                  7.3041751711335134E+000                  7.8571710112647555E+000                  0.0000000000000000E+000                  5.9305944098912190E-009                  0.0000000000000000E+000                  9.8795352010902626E-001                  3.8580913200194324E-005                  6.5070322445316426E-003                  1.7418905882376587E-003                  1.2718648985637739E-003                  2.4871053158459677E-003                  4.5291960398903713E-014                  4.8107471746502002E-005                  1.2990616399893228E-032 
                                     869                  5.9552886435113627E-003                 -1.7716939065703001E+000                  7.3042210016983997E+000                  7.7882920900049362E+000                  0.0000000000000000E+000                  3.4487921018739412E-009                  0.0000000000000000E+000                  9.8795345593575057E-001                  3.8469068553858418E-005                  6.5068275873298720E-003                  1.7422737451636085E-003                  1.2718648985637735E-003                  2.4871053158459673E-003                  1.5734089996011893E-014                  2.8834002094230211E-005                  1.3843639919247291E-032 
                                     870                  5.1400177005188159E-003                 -1.7949713369489400E+000                  7.3042804736869842E+000                  8.0863475879008231E+000                  0.0000000000000000E+000                  1.7319488486380418E-009                  0.0000000000000000E+000                  9.8795347707242043E-001                  3.8340491879602610E-005                  6.5072635383550013E-003                  1.7419469509862790E-003                  1.2718648985637728E-003                  2.4871053158459673E-003                  4.1029637950565472E-015                  1.5038415930508855E-005                  1.4986015508593889E-032 
                                     871                  3.7243377687452045E-003                 -1.8452738586336295E+000                  7.3043591637842287E+000                  8.0626648273760910E+000                  0.0000000000000000E+000                  7.0429381592175299E-010                  0.0000000000000000E+000                  9.8795350668179482E-001                  3.8195804678719256E-005                  6.5078012138586310E-003                  1.7415253809642630E-003                  1.2718648985637726E-003                  2.4871053158459669E-003                  7.0733930173129853E-016                  6.4126980980573248E-006                  1.6549546702245479E-032 
                                     872                  2.6264614661310284E-003                 -1.8989607089377250E+000                  7.3044361792622992E+000                  8.1283319188639833E+000                  0.0000000000000000E+000                  2.9751073701496731E-010                  0.0000000000000000E+000                  9.8795360576591984E-001                  3.8077175997990780E-005                  6.5087687555067976E-003                  1.7405777906549535E-003                  1.2718648985637737E-003                  2.4871053158459690E-003                  1.3116195093737841E-016                  2.8311560940859834E-006                  1.8143161646341460E-032 
                                     873                  1.6315268384649118E-003                 -1.9711096755892876E+000                  7.3045181752728929E+000                  8.2010076563976853E+000                  0.0000000000000000E+000                  1.2089043467018836E-010                  0.0000000000000000E+000                  9.8795381510393965E-001                  3.7972640897341547E-005                  6.5104768005390182E-003                  1.7387651193237377E-003                  1.2718648985637719E-003                  2.4871053158459647E-003                  2.2508396703212013E-017                  1.2030578071753389E-006                  1.9907234043556221E-032 
                                     874                  8.1127803375910263E-004                 -2.0754917281334904E+000                  7.3045888553740337E+000                  8.0295298717138479E+000                  0.0000000000000000E+000                  5.6679128839767477E-011                  0.0000000000000000E+000                  9.8795405152920934E-001                  3.7897669148782133E-005                  6.5123062620267257E-003                  1.7367742685263636E-003                  1.2718648985637752E-003                  2.4871053158459712E-003                  5.1061440654916932E-018                  5.8521228665881811E-007                  2.1481869870325707E-032 
                                     875                  4.4768068475044287E-004                 -2.1633029426233477E+000                  7.3046323283253347E+000                  7.9868431194691558E+000                  0.0000000000000000E+000                  3.5617795452507218E-011                  0.0000000000000000E+000                  9.8795424991762426E-001                  3.7856605897267036E-005                  6.5137906477550781E-003                  1.7351325786959743E-003                  1.2718648985637745E-003                  2.4871053158459699E-003                  2.0544854322226556E-018                  3.7592923228955586E-007                  2.2477853524612708E-032 
                                     876                  2.2859065559512065E-004                 -2.2619027184385296E+000                  7.3046635692979054E+000                  7.8748516467140410E+000                  0.0000000000000000E+000                  2.5564708519319062E-011                  0.0000000000000000E+000                  9.8795439792261786E-001                  3.7828938692236392E-005                  6.5148911691509373E-003                  1.7339117295645547E-003                  1.2718648985637743E-003                  2.4871053158459695E-003                  1.0723880374474418E-018                  2.7403217592368115E-007                  2.3205980364697905E-032 
                                     877                  1.1904564101745954E-004                 -2.3571543385151914E+000                  7.3046832046749719E+000                  7.7562916424561505E+000                  0.0000000000000000E+000                  2.0770597898995825E-011                  0.0000000000000000E+000                  9.8795448907855188E-001                  3.7812089263855235E-005                  6.5155685424629689E-003                  1.7331600545410298E-003                  1.2718648985637750E-003                  2.4871053158459708E-003                  7.1366916453212362E-019                  2.2478934317788710E-007                  2.3669059429518156E-032 
                                     878                  6.4273133728628986E-005                 -2.4468759457628715E+000                  7.3046953453313108E+000                  7.6248322415971090E+000                  0.0000000000000000E+000                  1.8270696282532385E-011                  0.0000000000000000E+000                  9.8795455453945602E-001                  3.7802254439357870E-005                  6.5160496992167595E-003                  1.7326232742074495E-003                  1.2718648985637730E-003                  2.4871053158459669E-003                  5.5497111012215562E-019                  1.9890242218650431E-007                  2.3957491204754024E-032 
                                     879                  3.6886880084160976E-005                 -2.5275600859730507E+000                  7.3047026805615847E+000                  7.4721303665850094E+000                  0.0000000000000000E+000                  1.6910080204279468E-011                  0.0000000000000000E+000                  9.8795459446335188E-001                  3.7796408041945192E-005                  6.5163427985582148E-003                  1.7322960987280463E-003                  1.2718648985637722E-003                  2.4871053158459651E-003                  4.7681491194472296E-019                  1.8474323737370224E-007                  2.4132540147629867E-032 
                                     880                  2.3193753261926968E-005                 -2.5949025472060683E+000                  7.3047069721698756E+000                  7.2899813413146441E+000                  0.0000000000000000E+000                  1.6162019079459740E-011                  0.0000000000000000E+000                  9.8795461795258011E-001                  3.7793020520519605E-005                  6.5165151221360301E-003                  1.7321036741915002E-003                  1.2718648985637730E-003                  2.4871053158459669E-003                  4.3632162964842661E-019                  1.7693575336882535E-007                  2.4235229477288417E-032 
                                     881                  1.6347189850821504E-005                 -2.6456448718383787E+000                  7.3047101916038830E+000                  7.4161128153189146E+000                  0.0000000000000000E+000                  1.5622775535938538E-011                  0.0000000000000000E+000                  9.8795463565050767E-001                  3.7790494662668841E-005                  6.5166448975215504E-003                  1.7319587272756568E-003                  1.2718648985637722E-003                  2.4871053158459651E-003                  4.0822404369280334E-019                  1.7129705869170121E-007                  2.4312400983670080E-032 
                                     882                  9.5006264397044993E-006                 -2.7243252450593158E+000                  7.3047134642024441E+000                  7.4329816582494397E+000                  0.0000000000000000E+000                  1.5093421120581776E-011                  0.0000000000000000E+000                  9.8795465367533086E-001                  3.7787941623681164E-005                  6.5167770246692168E-003                  1.7318111288731691E-003                  1.2718648985637745E-003                  2.4871053158459699E-003                  3.8153331975511134E-019                  1.6575286060533261E-007                  2.4390956947770204E-032 
                                     883                  4.7503132198843853E-006                 -2.8247691654464044E+000                  7.3047160011944490E+000                  7.3323945188428761E+000                  0.0000000000000000E+000                  1.4695642380070715E-011                  0.0000000000000000E+000                  9.8795466767624551E-001                  3.7785972377966380E-005                  6.5168796231935304E-003                  1.7316964990777728E-003                  1.2718648985637750E-003                  2.4871053158459708E-003                  3.6205882440629157E-019                  1.6158071329681727E-007                  2.4451932917271186E-032 
                                     884                  2.3751566099215928E-006                 -2.9251758261399208E+000                  7.3047176008134249E+000                  7.2318976215418154E+000                  0.0000000000000000E+000                  1.4450305267934257E-011                  0.0000000000000000E+000                  9.8795467652077817E-001                  3.7784735029593529E-005                  6.5169444203534667E-003                  1.7316240949785176E-003                  1.2718648985637735E-003                  2.4871053158459677E-003                  3.5029683000666260E-019                  1.5900481680739838E-007                  2.4490415587523055E-032 
                                     885                  1.1875783048874609E-006                 -3.0255590189323165E+000                  7.3047186090714149E+000                  7.1314575056938736E+000                  0.0000000000000000E+000                  1.4297800012395484E-011                  0.0000000000000000E+000                  9.8795468210222037E-001                  3.7783956817448583E-005                  6.5169853052091066E-003                  1.7315784070453986E-003                  1.2718648985637726E-003                  2.4871053158459660E-003                  3.4308131358331961E-019                  1.5740256262332058E-007                  2.4514686049474715E-032 
                                     886                  5.9378915242313062E-007                 -3.1259274108637212E+000                  7.3047192444566305E+000                  7.0310530801687570E+000                  0.0000000000000000E+000                  1.4202531583737553E-011                  0.0000000000000000E+000                  9.8795468562217548E-001                  3.7783467077583432E-005                  6.5170110869525802E-003                  1.7315495951822049E-003                  1.2718648985637732E-003                  2.4871053158459673E-003                  3.3861119054248133E-019                  1.5640124275998491E-007                  2.4529986557155398E-032 
                                     887                  2.9689457613822988E-007                 -3.2262864347755418E+000                  7.3047196448122058E+000                  6.9306709998034544E+000                  0.0000000000000000E+000                  1.4142833100705391E-011                  0.0000000000000000E+000                  9.8795468784114449E-001                  3.7783158760220777E-005                  6.5170273387250340E-003                  1.7315314328178093E-003                  1.2718648985637739E-003                  2.4871053158459686E-003                  3.3582469355940178E-019                  1.5577361989880627E-007                  2.4539629662176972E-032 
                                     888                  1.4844728804851510E-007                 -3.3266394649805950E+000                  7.3047198970549090E+000                  6.8303027284681832E+000                  0.0000000000000000E+000                  1.4105350628770894E-011                  0.0000000000000000E+000                  9.8795468923961871E-001                  3.7782964611361400E-005                  6.5170375807985280E-003                  1.7315199864560860E-003                  1.2718648985637728E-003                  2.4871053158459664E-003                  3.3408091891753183E-019                  1.5537949485918898E-007                  2.4545706169716414E-032 
                                     889                  7.4223644056393292E-008                 -3.4269885333538479E+000                  7.3047201089430391E+000                  7.4154334700038014E+000                  0.0000000000000000E+000                  1.4073941859406991E-011                  0.0000000000000000E+000                  9.8795469041467499E-001                  3.7782801583309290E-005                  6.5170461863696318E-003                  1.7315103688884143E-003                  1.2718648985637724E-003                  2.4871053158459656E-003                  3.3262313147877050E-019                  1.5504919606473213E-007                  2.4550811094582552E-032 
