                                       1                                        2                                        3                                        4                                        5                                        6                                        7                                        8                                        9                                       10                                       11                                       12                                       13                                       14                                       15                                       16                                       17                                       18                                       19                                       20                                       21                                       22                                       23                                       24                                       25                                       26                                       27                                       28                                       29                                       30                                       31                                       32                                       33                                       34                                       35                                       36                                       37                                       38                                       39                                       40                                       41                                       42                                       43                                       44                                       45                                       46                                       47                                       48                                       49 
                            model_number                                num_zones                             initial_mass                                initial_z                                 star_age                                time_step                                     Teff                            photosphere_L                            photosphere_r                               center_eta                                center_h1                               center_he3                               center_he4                               center_c12                               center_n14                               center_o16                              center_ne20                                star_mass                                star_mdot                             star_mass_h1                            star_mass_he3                            star_mass_he4                            star_mass_c12                            star_mass_n14                            star_mass_o16                           star_mass_ne20                             he_core_mass                             co_core_mass                             fe_core_mass                   neutron_rich_core_mass                             dynamic_time                             kh_timescale                            nuc_timescale                           power_nuc_burn                             power_h_burn                            power_he_burn                                power_neu                                burn_min1                                burn_min2                             time_seconds                           version_number                                 compiler                                    build                         MESA_SDK_version                             math_backend                                     date                                     msun                                     rsun                                     lsun 
                                     100                                      698                  1.0000000000000002E+000                  1.2200000000000001E-002                  4.1408986761007136E+003                  6.9014978768345213E+002                  4.6865387298234891E+003                  1.7541440966270831E+000                  2.0090066446704045E+000                 -4.2379414506231541E+000                  6.7279999999183071E-001                  3.3522347826705638E-005                  3.1496647766034241E-001                  2.1025988500795499E-003                  6.1630907196949872E-004                  5.7221218635412083E-003                  1.2718648985637693E-003                  1.0000000000000002E+000                  0.0000000000000000E+000                  6.7279999999935380E-001                  3.3522340303706115E-005                  3.1496647766034247E-001                  2.1025988500795512E-003                  6.1630907196949883E-004                  5.7221218635412118E-003                  1.2718648985637704E-003                  0.0000000000000000E+000                  0.0000000000000000E+000                  0.0000000000000000E+000                  0.0000000000000000E+000                  2.8498966846652158E+004                  6.6824277031608205E+006                  5.7007859384119463E+009                  5.5351878864415755E-006                  5.5351878864415755E-006                  0.0000000000000000E+000                  2.2149077146152493E-007                  5.0000000000000000E+001                  1.0000000000000000E+003                  1.3067682406091589E+011                               "r24.08.1"                               "gfortran"                                 "13.3.0"                    "x86_64-linux-24.7.1"                                 "CRMATH"                               "20251006"                  1.9884098706980504E+033                  6.9570000000000000E+010                  3.8280000000000003E+033 

                                       1                                        2                                        3                                        4                                        5                                        6                                        7                                        8                                        9                                       10                                       11                                       12                                       13                                       14                                       15                                       16                                       17 
                                    zone                                     mass                                     logR                                     logT                                   log_dr          raw_rate_r_he3_he3_to_h1_h1_he4                                       h1                                      he3                                      he4                                      c12                                      n14                                      o16                                     ne20                                     mg24                                       pp                                      cno                                tri_alpha 
                                       1                  1.0000000000000002E+000                  3.0298137315388302E-001                  3.6708858304887042E+000                  4.7239472226566175E+000                  1.2546061112053940E-050                  6.7279999999999995E-001                  3.3522339657530937E-005                  3.1496647766034247E-001                  2.1025988500795504E-003                  6.1630907196949872E-004                  5.7221218635412083E-003                  1.2718648985637696E-003                  2.4871053158459599E-003                  2.0733389032503795E-026                  0.0000000000000000E+000                  0.0000000000000000E+000 
                                       2                  9.9999999999900024E-001                  3.0298120859238209E-001                  3.6709614957220227E+000                  4.8203292827249999E+000                  1.5701665881852959E-050                  6.7279999999999995E-001                  3.3522339657530937E-005                  3.1496647766034247E-001                  2.1025988500795504E-003                  6.1630907196949872E-004                  5.7221218635412083E-003                  1.2718648985637696E-003                  2.4871053158459599E-003                  2.0758635996071639E-026                  0.0000000000000000E+000                  0.0000000000000000E+000 
                                       3                  9.9999999999775024E-001                  3.0298100314032933E-001                  3.6710456346449911E+000                  4.8197437253896522E+000                  1.5722865557047076E-050                  6.7279999999999995E-001                  3.3522339657530937E-005                  3.1496647766034247E-001                  2.1025988500795504E-003                  6.1630907196949872E-004                  5.7221218635412083E-003                  1.2718648985637696E-003                  2.4871053158459599E-003                  2.0786673820046546E-026                  0.0000000000000000E+000                  0.0000000000000000E+000 
                                       4                  9.9999999999650035E-001                  3.0298079796500305E-001                  3.6711719351289793E+000                  5.1198974133251509E+000                  3.1509290044565735E-050                  6.7279999999999995E-001                  3.3522339657530937E-005                  3.1496647766034247E-001                  2.1025988500795504E-003                  6.1630907196949872E-004                  5.7221218635412083E-003                  1.2718648985637696E-003                  2.4871053158459599E-003                  2.0828704081468725E-026                  0.0000000000000000E+000                  0.0000000000000000E+000 
                                       5                  9.9999999999400035E-001                  3.0298038844122033E-001                  3.6714249153684091E+000                  5.4191821177411326E+000                  6.3272519913549190E-050                  6.7279999999999995E-001                  3.3522339657530937E-005                  3.1496647766034247E-001                  2.1025988500795504E-003                  6.1630907196949872E-004                  5.7221218635412083E-003                  1.2718648985637696E-003                  2.4871053158459599E-003                  2.0912666910592554E-026                  0.0000000000000000E+000                  0.0000000000000000E+000 
                                       6                  9.9999999998900035E-001                  3.0297957267739067E-001                  3.6720169025322047E+000                  5.8130870479968042E+000                  1.5965887106324726E-049                  6.7279999999999995E-001                  3.3522339657530937E-005                  3.1496647766034247E-001                  2.1025988500795504E-003                  6.1630907196949883E-004                  5.7221218635412083E-003                  1.2718648985637696E-003                  2.4871053158459599E-003                  2.1108085693264984E-026                  0.0000000000000000E+000                  0.0000000000000000E+000 
                                       7                  9.9999999997650024E-001                  3.0297755212184641E-001                  3.6728692277771589E+000                  5.8074139659447521E+000                  1.6175963229020585E-049                  6.7279999999999995E-001                  3.3522339657530937E-005                  3.1496647766034247E-001                  2.1025988500795504E-003                  6.1630907196949883E-004                  5.7221218635412083E-003                  1.2718648985637696E-003                  2.4871053158459599E-003                  2.1385927306921031E-026                  0.0000000000000000E+000                  0.0000000000000000E+000 
                                       8                  9.9999999996400035E-001                  3.0297555777946278E-001                  3.6741564457836229E+000                  6.1001239218570520E+000                  3.2978135174187358E-049                  6.7279999999999995E-001                  3.3522339657530937E-005                  3.1496647766034247E-001                  2.1025988500795504E-003                  6.1630907196949883E-004                  5.7221218635412083E-003                  1.2718648985637696E-003                  2.4871053158459599E-003                  2.1800035368686339E-026                  0.0000000000000000E+000                  0.0000000000000000E+000 
                                       9                  9.9999999993900024E-001                  3.0297164475440919E-001                  3.6767658904390941E+000                  6.3851659906756115E+000                  6.8431407476263901E-049                  6.7279999999999995E-001                  3.3522339657530937E-005                  3.1496647766034247E-001                  2.1025988500795504E-003                  6.1630907196949883E-004                  5.7221218635412083E-003                  1.2718648985637696E-003                  2.4871053158459599E-003                  2.2618445207113488E-026                  0.0000000000000000E+000                  0.0000000000000000E+000 
                                      10                  9.9999999988900024E-001                  3.0296410147099012E-001                  3.6807843884604265E+000                  6.4596165258531997E+000                  9.0082713699302771E-049                  6.7279999999999995E-001                  3.3522339657530937E-005                  3.1496647766034247E-001                  2.1025988500795504E-003                  6.1630907196949872E-004                  5.7221218635412083E-003                  1.2718648985637696E-003                  2.4871053158459599E-003                  2.3820319351250657E-026                  0.0000000000000000E+000                  0.0000000000000000E+000 
                                      11                  9.9999999982650034E-001                  3.0295514742729585E-001                  3.6853809265575066E+000                  6.4365768559074583E+000                  9.4994525184265798E-049                  6.7279999999999995E-001                  3.3522339657530937E-005                  3.1496647766034247E-001                  2.1025988500795504E-003                  6.1630907196949872E-004                  5.7221218635412083E-003                  1.2718648985637696E-003                  2.4871053158459599E-003                  2.5119675254750621E-026                  0.0000000000000000E+000                  0.0000000000000000E+000 
                                      12                  9.9999999976400034E-001                  3.0294665585205266E-001                  3.6900936805973363E+000                  6.4153125825304587E+000                  9.9765280314530672E-049                  6.7279999999999995E-001                  3.3522339657530937E-005                  3.1496647766034247E-001                  2.1025988500795504E-003                  6.1630907196949872E-004                  5.7221218635412083E-003                  1.2718648985637696E-003                  2.4871053158459599E-003                  2.6381756003820305E-026                  0.0000000000000000E+000                  0.0000000000000000E+000 
                                      13                  9.9999999970150022E-001                  3.0293856987922468E-001                  3.6937114814333771E+000                  6.0993919902220117E+000                  5.1624043850323811E-049                  6.7279999999999995E-001                  3.3522339657530937E-005                  3.1496647766034247E-001                  2.1025988500795504E-003                  6.1630907196949872E-004                  5.7221218635412083E-003                  1.2718648985637696E-003                  2.4871053158459599E-003                  2.7303140266361631E-026                  0.0000000000000000E+000                  0.0000000000000000E+000 
                                      14                  9.9999999967025022E-001                  3.0293466311068601E-001                  3.6961442126081909E+000                  6.0899110294941057E+000                  5.2764364383616239E-049                  6.7279999999999995E-001                  3.3522339657530937E-005                  3.1496647766034247E-001                  2.1025988500795504E-003                  6.1630907196949872E-004                  5.7221218635412083E-003                  1.2718648985637696E-003                  2.4871053158459599E-003                  2.7906499604438754E-026                  0.0000000000000000E+000                  0.0000000000000000E+000 
                                      15                  9.9999999963900033E-001                  3.0293084067149201E-001                  3.6998233844601720E+000                  6.3773422844923564E+000                  1.0888816499101744E-048                  6.7279999999999995E-001                  3.3522339657530937E-005                  3.1496647766034247E-001                  2.1025988500795504E-003                  6.1630907196949872E-004                  5.7221218635412083E-003                  1.2718648985637696E-003                  2.4871053158459599E-003                  2.8795276972746773E-026                  0.0000000000000000E+000                  0.0000000000000000E+000 
                                      16                  9.9999999957650032E-001                  3.0292343136676897E-001                  3.7035791523089325E+000                  6.0634530430681979E+000                  5.6081669659510568E-049                  6.7279999999999995E-001                  3.3522339657530937E-005                  3.1496647766034247E-001                  2.1025988500795504E-003                  6.1630907196949872E-004                  5.7221218635412083E-003                  1.2718648985637696E-003                  2.4871053158459599E-003                  2.9661779221864520E-026                  0.0000000000000000E+000                  0.0000000000000000E+000 
                                      17                  9.9999999954525032E-001                  3.0291983475370077E-001                  3.7061000539771189E+000                  6.0552408671179521E+000                  5.7153158585936537E-049                  6.7279999999999995E-001                  3.3522339657530937E-005                  3.1496647766034247E-001                  2.1025988500795504E-003                  6.1630907196949872E-004                  5.7221218635412083E-003                  1.2718648985637696E-003                  2.4871053158459599E-003                  3.0228749059695562E-026                  0.0000000000000000E+000                  0.0000000000000000E+000 
                                      18                  9.9999999951400020E-001                  3.0291630548190929E-001                  3.7099065862268956E+000                  6.3444601124402373E+000                  1.1746037453641026E-048                  6.7279999999999995E-001                  3.3522339657530937E-005                  3.1496647766034247E-001                  2.1025988500795504E-003                  6.1630907196949872E-004                  5.7221218635412083E-003                  1.2718648985637696E-003                  2.4871053158459599E-003                  3.1063234218602677E-026                  0.0000000000000000E+000                  0.0000000000000000E+000 
                                      19                  9.9999999945150020E-001                  3.0290943622831701E-001                  3.7150684474845233E+000                  6.3296372931464209E+000                  1.2154237230503478E-048                  6.7279999999999995E-001                  3.3522339657530937E-005                  3.1496647766034247E-001                  2.1025988500795504E-003                  6.1630907196949872E-004                  5.7221218635412083E-003                  1.2718648985637696E-003                  2.4871053158459599E-003                  3.2143251981700826E-026                  0.0000000000000000E+000                  0.0000000000000000E+000 
                                      20                  9.9999999938900030E-001                  3.0290279736871562E-001                  3.7203057436360223E+000                  6.3157703524674140E+000                  1.2548959522868886E-048                  6.7279999999999995E-001                  3.3522339657530944E-005                  3.1496647766034253E-001                  2.1025988500795512E-003                  6.1630907196949883E-004                  5.7221218635412092E-003                  1.2718648985637700E-003                  2.4871053158459604E-003                  3.3187634843582535E-026                  0.0000000000000000E+000                  0.0000000000000000E+000 
                                      21                  9.9999999932650030E-001                  3.0289636704142481E-001                  3.7256175459047127E+000                  6.3027839146846647E+000                  1.2930247200452125E-048                  6.7279999999999995E-001                  3.3522339657530944E-005                  3.1496647766034253E-001                  2.1025988500795512E-003                  6.1630907196949883E-004                  5.7221218635412092E-003                  1.2718648985637700E-003                  2.4871053158459604E-003                  3.4196493469944943E-026                  0.0000000000000000E+000                  0.0000000000000000E+000 
                                      22                  9.9999999926400018E-001                  3.0289012605876287E-001                  3.7310057707691802E+000                  6.2906145122189763E+000                  1.3298067704619222E-048                  6.7279999999999995E-001                  3.3522339657530937E-005                  3.1496647766034247E-001                  2.1025988500795504E-003                  6.1630907196949872E-004                  5.7221218635412083E-003                  1.2718648985637696E-003                  2.4871053158459599E-003                  3.5169739121616092E-026                  0.0000000000000000E+000                  0.0000000000000000E+000 
                                      23                  9.9999999920150029E-001                  3.0288405744177599E-001                  3.7364796122798651E+000                  6.2792137204105352E+000                  1.3652158182088585E-048                  6.7279999999999995E-001                  3.3522339657530937E-005                  3.1496647766034247E-001                  2.1025988500795504E-003                  6.1630907196949872E-004                  5.7221218635412083E-003                  1.2718648985637696E-003                  2.4871053158459599E-003                  3.6106673836856652E-026                  0.0000000000000000E+000                  0.0000000000000000E+000 
                                      24                  9.9999999913900028E-001                  3.0287814597944340E-001                  3.7448364944837578E+000                  6.5644591085063890E+000                  2.8316087055730646E-048                  6.7279999999955731E-001                  3.3522340100040654E-005                  3.1496647766034247E-001                  2.1025988500795504E-003                  6.1630907196949872E-004                  5.7221218635412083E-003                  1.2718648985637696E-003                  2.4871053158459599E-003                  3.7445292538904105E-026                  0.0000000000000000E+000                  0.0000000000000000E+000 
                                      25                  9.9999999901400027E-001                  3.0286674482126574E-001                  3.7537742014024320E+000                  6.2495006723584723E+000                  1.4620041513356793E-048                  6.7279999999955731E-001                  3.3522340100040654E-005                  3.1496647766034247E-001                  2.1025988500795504E-003                  6.1630907196949872E-004                  5.7221218635412083E-003                  1.2718648985637696E-003                  2.4871053158459599E-003                  3.8667813423029756E-026                  0.0000000000000000E+000                  0.0000000000000000E+000 
                                      26                  9.9999999895150027E-001                  3.0286122405963767E-001                  3.7599752831000410E+000                  6.2411023469549356E+000                  1.4905888456635938E-048                  6.7279999999955731E-001                  3.3522340100040654E-005                  3.1496647766034247E-001                  2.1025988500795504E-003                  6.1630907196949872E-004                  5.7221218635412083E-003                  1.2718648985637696E-003                  2.4871053158459599E-003                  3.9424225080849519E-026                  0.0000000000000000E+000                  0.0000000000000000E+000 
                                      27                  9.9999999888900015E-001                  3.0285580896391090E-001                  3.7673558199651254E+000                  6.3295380240197963E+000                  1.9000029233950855E-048                  6.7279999999955731E-001                  3.3522340100040654E-005                  3.1496647766034247E-001                  2.1025988500795504E-003                  6.1630907196949872E-004                  5.7221218635412083E-003                  1.2718648985637696E-003                  2.4871053158459599E-003                  4.0202580125725166E-026                  0.0000000000000000E+000                  0.0000000000000000E+000 
                                      28                  9.9999999881087531E-001                  3.0284917080198431E-001                  3.7740352968580422E+000                  6.0224076396819122E+000                  9.6346196212610820E-049                  6.7279999999955731E-001                  3.3522340100040654E-005                  3.1496647766034247E-001                  2.1025988500795504E-003                  6.1630907196949872E-004                  5.7221218635412083E-003                  1.2718648985637696E-003                  2.4871053158459599E-003                  4.0772505473672740E-026                  0.0000000000000000E+000                  0.0000000000000000E+000 
                                      29                  9.9999999877181278E-001                  3.0284589797977784E-001                  3.7786494065646017E+000                  6.0187081461764214E+000                  9.7171875419344376E-049                  6.7279999999955731E-001                  3.3522340100040654E-005                  3.1496647766034247E-001                  2.1025988500795504E-003                  6.1630907196949872E-004                  5.7221218635412083E-003                  1.2718648985637696E-003                  2.4871053158459599E-003                  4.1122105885635367E-026                  0.0000000000000000E+000                  0.0000000000000000E+000 
                                      30                  9.9999999873275025E-001                  3.0284265289401768E-001                  3.7834258706902615E+000                  6.0153293048374934E+000                  9.7932285682674508E-049                  6.7279999999955731E-001                  3.3522340100040654E-005                  3.1496647766034247E-001                  2.1025988500795504E-003                  6.1630907196949872E-004                  5.7221218635412083E-003                  1.2718648985637696E-003                  2.4871053158459599E-003                  4.1444072865892537E-026                  0.0000000000000000E+000                  0.0000000000000000E+000 
                                      31                  9.9999999869368772E-001                  3.0283943293332705E-001                  3.7883355404452934E+000                  6.0122363681456372E+000                  9.8633681810135495E-049                  6.7279999999955731E-001                  3.3522340100040654E-005                  3.1496647766034247E-001                  2.1025988500795504E-003                  6.1630907196949872E-004                  5.7221218635412083E-003                  1.2718648985637696E-003                  2.4871053158459599E-003                  4.1741054284178150E-026                  0.0000000000000000E+000                  0.0000000000000000E+000 
                                      32                  9.9999999865462519E-001                  3.0283623579930719E-001                  3.7933392686640146E+000                  6.0093849070110412E+000                  9.9284871772355368E-049                  6.7279999999955731E-001                  3.3522340100040654E-005                  3.1496647766034247E-001                  2.1025988500795504E-003                  6.1630907196949872E-004                  5.7221218635412083E-003                  1.2718648985637696E-003                  2.4871053158459599E-003                  4.2016779166865546E-026                  0.0000000000000000E+000                  0.0000000000000000E+000 
                                      33                  9.9999999861556266E-001                  3.0283305956474460E-001                  3.7983938511717197E+000                  6.0067267242393028E+000                  9.9895884185352510E-049                  6.7279999999955731E-001                  3.3522340100040654E-005                  3.1496647766034247E-001                  2.1025988500795504E-003                  6.1630907196949872E-004                  5.7221218635412083E-003                  1.2718648985637696E-003                  2.4871053158459599E-003                  4.2275493495235841E-026                  0.0000000000000000E+000                  0.0000000000000000E+000 
                                      34                  9.9999999857650013E-001                  3.0282990268854382E-001                  3.8034573727027450E+000                  6.0042151780005346E+000                  1.0047671709963479E-048                  6.7279999999955731E-001                  3.3522340100040654E-005                  3.1496647766034247E-001                  2.1025988500795504E-003                  6.1630907196949872E-004                  5.7221218635412083E-003                  1.2718648985637696E-003                  2.4871053158459599E-003                  4.2521430412343558E-026                  0.0000000000000000E+000                  0.0000000000000000E+000 
                                      35                  9.9999999853743760E-001                  3.0282676399327607E-001                  3.8084920009937333E+000                  6.0018079996380536E+000                  1.0103663542113983E-048                  6.7279999999955731E-001                  3.3522340100040654E-005                  3.1496647766034247E-001                  2.1025988500795504E-003                  6.1630907196949872E-004                  5.7221218635412083E-003                  1.2718648985637696E-003                  2.4871053158459599E-003                  4.2758512721160243E-026                  0.0000000000000000E+000                  0.0000000000000000E+000 
                                      36                  9.9999999849837506E-001                  3.0282364262433775E-001                  3.8134661011728439E+000                  5.9994693565415229E+000                  1.0158363390818454E-048                  6.7279999999955731E-001                  3.3522340100040654E-005                  3.1496647766034247E-001                  2.1025988500795504E-003                  6.1630907196949872E-004                  5.7221218635412083E-003                  1.2718648985637696E-003                  2.4871053158459599E-003                  4.2990125487753709E-026                  0.0000000000000000E+000                  0.0000000000000000E+000 
                                      37                  9.9999999845931253E-001                  3.0282053799630770E-001                  3.8183558233703736E+000                  5.9971713887157669E+000                  1.0212402073072344E-048                  6.7279999999955731E-001                  3.3522340100040654E-005                  3.1496647766034247E-001                  2.1025988500795504E-003                  6.1630907196949872E-004                  5.7221218635412083E-003                  1.2718648985637696E-003                  2.4871053158459599E-003                  4.3218939691688435E-026                  0.0000000000000000E+000                  0.0000000000000000E+000 
                                      38                  9.9999999842025000E-001                  3.0281744973028879E-001                  3.8255195989127482E+000                  6.2948100663105118E+000                  2.0585358551313920E-048                  6.7279999999955731E-001                  3.3522340100040654E-005                  3.1496647766034247E-001                  2.1025988500795504E-003                  6.1630907196949872E-004                  5.7221218635412083E-003                  1.2718648985637696E-003                  2.4871053158459599E-003                  4.3558856587658796E-026                  0.0000000000000000E+000                  0.0000000000000000E+000 
                                      39                  9.9999999834212505E-001                  3.0281132117668841E-001                  3.8346391242434805E+000                  6.2902595029660917E+000                  2.0802771188667498E-048                  6.7279999999955731E-001                  3.3522340100040654E-005                  3.1496647766034247E-001                  2.1025988500795504E-003                  6.1630907196949872E-004                  5.7221218635412083E-003                  1.2718648985637696E-003                  2.4871053158459599E-003                  4.4019153988305469E-026                  0.0000000000000000E+000                  0.0000000000000000E+000 
                                      40                  9.9999999826399999E-001                  3.0280525641804507E-001                  3.8432710705531425E+000                  6.2856585457604455E+000                  2.1024913388344670E-048                  6.7279999999955731E-001                  3.3522340100040654E-005                  3.1496647766034247E-001                  2.1025988500795504E-003                  6.1630907196949872E-004                  5.7221218635412083E-003                  1.2718648985637696E-003                  2.4871053158459599E-003                  4.4489468655617703E-026                  0.0000000000000000E+000                  0.0000000000000000E+000 
                                      41                  9.9999999818587504E-001                  3.0279925548753467E-001                  3.8514142353622942E+000                  6.2809815430870746E+000                  2.1253142575332249E-048                  6.7279999999955731E-001                  3.3522340100040654E-005                  3.1496647766034247E-001                  2.1025988500795504E-003                  6.1630907196949872E-004                  5.7221218635412083E-003                  1.2718648985637696E-003                  2.4871053158459599E-003                  4.4972674775572182E-026                  0.0000000000000000E+000                  0.0000000000000000E+000 
                                      42                  9.9999999810775020E-001                  3.0279331875389770E-001                  3.8590811595561942E+000                  6.2762184773751102E+000                  2.1488100681540530E-048                  6.7279999999955731E-001                  3.3522340100040654E-005                  3.1496647766034247E-001                  2.1025988500795504E-003                  6.1630907196949872E-004                  5.7221218635412083E-003                  1.2718648985637696E-003                  2.4871053158459599E-003                  4.5470131780316534E-026                  0.0000000000000000E+000                  0.0000000000000000E+000 
                                      43                  9.9999999802962525E-001                  3.0278744669500524E-001                  3.8662918973895164E+000                  6.2713681366872107E+000                  2.1730016179179729E-048                  6.7279999999955731E-001                  3.3522340100040654E-005                  3.1496647766034247E-001                  2.1025988500795504E-003                  6.1630907196949872E-004                  5.7221218635412083E-003                  1.2718648985637696E-003                  2.4871053158459599E-003                  4.5982323762374453E-026                  0.0000000000000000E+000                  0.0000000000000000E+000 
                                      44                  9.9999999795150030E-001                  3.0278163977422362E-001                  3.8730708717663891E+000                  6.2664353744425592E+000                  2.1978819402985959E-048                  6.7279999999955731E-001                  3.3522340100040654E-005                  3.1496647766034247E-001                  2.1025988500795504E-003                  6.1630907196949872E-004                  5.7221218635412083E-003                  1.2718648985637696E-003                  2.4871053158459599E-003                  4.6509103603633496E-026                  0.0000000000000000E+000                  0.0000000000000000E+000 
                                      45                  9.9999999787337523E-001                  3.0277589835957125E-001                  3.8794448923106049E+000                  6.2614285987157681E+000                  2.2234253513512171E-048                  6.7279999999955731E-001                  3.3522340100040654E-005                  3.1496647766034247E-001                  2.1025988500795504E-003                  6.1630907196949872E-004                  5.7221218635412083E-003                  1.2718648985637696E-003                  2.4871053158459599E-003                  4.7049927886616946E-026                  0.0000000000000000E+000                  0.0000000000000000E+000 
                                      46                  9.9999999779525039E-001                  3.0277022268029552E-001                  3.8854416420485460E+000                  6.2563581488841402E+000                  2.2495947439528146E-048                  6.7279999999955731E-001                  3.3522340100040654E-005                  3.1496647766034247E-001                  2.1025988500795504E-003                  6.1630907196949872E-004                  5.7221218635412083E-003                  1.2718648985637696E-003                  2.4871053158459599E-003                  4.7604011315872723E-026                  0.0000000000000000E+000                  0.0000000000000000E+000 
                                      47                  9.9999999771712544E-001                  3.0276461280717204E-001                  3.8910884945418398E+000                  6.2512354465579394E+000                  2.2763453197474485E-048                  6.7279999999955731E-001                  3.3522340100040654E-005                  3.1496647766034247E-001                  2.1025988500795504E-003                  6.1630907196949872E-004                  5.7221218635412083E-003                  1.2718648985637696E-003                  2.4871053158459599E-003                  4.8170405722178994E-026                  0.0000000000000000E+000                  0.0000000000000000E+000 
                                      48                  9.9999999763900049E-001                  3.0275906864514746E-001                  3.8964117310236484E+000                  6.2460717939865971E+000                  2.3036305028052490E-048                  6.7279999999955731E-001                  3.3522340100040654E-005                  3.1496647766034247E-001                  2.1025988500795504E-003                  6.1630907196949872E-004                  5.7221218635412083E-003                  1.2718648985637696E-003                  2.4871053158459599E-003                  4.8748125265597531E-026                  0.0000000000000000E+000                  0.0000000000000000E+000 
                                      49                  9.9999999756087543E-001                  3.0275358994196294E-001                  3.9014361283275005E+000                  6.2408778108793301E+000                  2.3314048511123164E-048                  6.7279999999955731E-001                  3.3522340100040654E-005                  3.1496647766034247E-001                  2.1025988500795504E-003                  6.1630907196949872E-004                  5.7221218635412083E-003                  1.2718648985637696E-003                  2.4871053158459599E-003                  4.9336208079041258E-026                  0.0000000000000000E+000                  0.0000000000000000E+000 
                                      50                  9.9999999748275048E-001                  3.0274817630366668E-001                  3.9061847779758150E+000                  6.2356634062297926E+000                  2.3596243177945601E-048                  6.7279999999955731E-001                  3.3522340100040654E-005                  3.1496647766034247E-001                  2.1025988500795504E-003                  6.1630907196949872E-004                  5.7221218635412083E-003                  1.2718648985637696E-003                  2.4871053158459599E-003                  4.9933721799290055E-026                  0.0000000000000000E+000                  0.0000000000000000E+000 
                                      51                  9.9999999740462564E-001                  3.0274282720988144E-001                  3.9106790395142919E+000                  6.2304377618619284E+000                  2.3882464552492909E-048                  6.7279999999955731E-001                  3.3522340100040654E-005                  3.1496647766034247E-001                  2.1025988500795504E-003                  6.1630907196949872E-004                  5.7221218635412083E-003                  1.2718648985637696E-003                  2.4871053158459599E-003                  5.0539767889717460E-026                  0.0000000000000000E+000                  0.0000000000000000E+000 
                                      52                  9.9999999732650069E-001                  3.0273754202863640E-001                  3.9170522842838831E+000                  6.5236972258454990E+000                  4.8628999843940129E-048                  6.7279999999955731E-001                  3.3522340100040654E-005                  3.1496647766034247E-001                  2.1025988500795504E-003                  6.1630907196949872E-004                  5.7221218635412083E-003                  1.2718648985637696E-003                  2.4871053158459599E-003                  5.1454572939117088E-026                  0.0000000000000000E+000                  0.0000000000000000E+000 
                                      53                  9.9999999717025057E-001                  3.0272715892513247E-001                  3.9228285602218156E+000                  6.2147754236301385E+000                  2.4761253680872174E-048                  6.7279999999955731E-001                  3.3522340100040654E-005                  3.1496647766034247E-001                  2.1025988500795504E-003                  6.1630907196949872E-004                  5.7221218635412083E-003                  1.2718648985637696E-003                  2.4871053158459599E-003                  5.2400558122098129E-026                  0.0000000000000000E+000                  0.0000000000000000E+000 
                                      54                  9.9999999709212561E-001                  3.0272206076911745E-001                  3.9264859475818792E+000                  6.2095775056063545E+000                  2.5059977886470343E-048                  6.7279999999955731E-001                  3.3522340100040654E-005                  3.1496647766034247E-001                  2.1025988500795504E-003                  6.1630907196949872E-004                  5.7221218635412083E-003                  1.2718648985637696E-003                  2.4871053158459599E-003                  5.3033104412666831E-026                  0.0000000000000000E+000                  0.0000000000000000E+000 
                                      55                  9.9999999701400077E-001                  3.0271702320865690E-001                  3.9317043302420798E+000                  6.5029063878322146E+000                  5.1018387517419774E-048                  6.7279999999955731E-001                  3.3522340100040654E-005                  3.1496647766034247E-001                  2.1025988500795504E-003                  6.1630907196949872E-004                  5.7221218635412083E-003                  1.2718648985637696E-003                  2.4871053158459599E-003                  5.3984328290096293E-026                  0.0000000000000000E+000                  0.0000000000000000E+000 
                                      56                  9.9999999685775076E-001                  3.0270712499961150E-001                  3.9380632530146560E+000                  6.4926596900902220E+000                  5.2238775917010250E-048                  6.7279999999955731E-001                  3.3522340100040654E-005                  3.1496647766034247E-001                  2.1025988500795504E-003                  6.1630907196949872E-004                  5.7221218635412083E-003                  1.2718648985637696E-003                  2.4871053158459599E-003                  5.5276451120276529E-026                  0.0000000000000000E+000                  0.0000000000000000E+000 
                                      57                  9.9999999670150064E-001                  3.0269745737659864E-001                  3.9438932951292078E+000                  6.4825470152807876E+000                  5.3471797011805137E-048                  6.7279999999955731E-001                  3.3522340100040654E-005                  3.1496647766034247E-001                  2.1025988500795504E-003                  6.1630907196949872E-004                  5.7221218635412083E-003                  1.2718648985637696E-003                  2.4871053158459599E-003                  5.6581976995698691E-026                  0.0000000000000000E+000                  0.0000000000000000E+000 
                                      58                  9.9999999654525062E-001                  3.0268801205850304E-001                  3.9492641146379568E+000                  6.4725862946158257E+000                  5.4714719458118882E-048                  6.7279999999955731E-001                  3.3522340100040654E-005                  3.1496647766034247E-001                  2.1025988500795504E-003                  6.1630907196949872E-004                  5.7221218635412083E-003                  1.2718648985637696E-003                  2.4871053158459599E-003                  5.7898014397958323E-026                  0.0000000000000000E+000                  0.0000000000000000E+000 
                                      59                  9.9999999638900072E-001                  3.0267878070873838E-001                  3.9542339552161625E+000                  6.4627899037396039E+000                  5.5965298544877435E-048                  6.7279999999955731E-001                  3.3522340100040654E-005                  3.1496647766034247E-001                  2.1025988500795504E-003                  6.1630907196949872E-004                  5.7221218635412083E-003                  1.2718648985637696E-003                  2.4871053158459599E-003                  5.9222186839235035E-026                  0.0000000000000000E+000                  0.0000000000000000E+000 
                                      60                  9.9999999623275071E-001                  3.0266975507005422E-001                  3.9588517344720091E+000                  6.4531657227877233E+000                  5.7221713588476413E-048                  6.7279999999955731E-001                  3.3522340100040654E-005                  3.1496647766034247E-001                  2.1025988500795504E-003                  6.1630907196949872E-004                  5.7221218635412083E-003                  1.2718648985637696E-003                  2.4871053158459599E-003                  6.0552566627604793E-026                  0.0000000000000000E+000                  0.0000000000000000E+000 
                                      61                  9.9999999607650059E-001                  3.0266092706263142E-001                  3.9631587575419043E+000                  6.4437182917612690E+000                  5.8482476724441618E-048                  6.7279999999955731E-001                  3.3522340100040654E-005                  3.1496647766034247E-001                  2.1025988500795504E-003                  6.1630907196949872E-004                  5.7221218635412083E-003                  1.2718648985637696E-003                  2.4871053158459599E-003                  6.1887578335822298E-026                  0.0000000000000000E+000                  0.0000000000000000E+000 
                                      62                  9.9999999592025057E-001                  3.0265228884797818E-001                  3.9671900750909197E+000                  6.4344497887114303E+000                  5.9746346585249981E-048                  6.7279999999955731E-001                  3.3522340100040654E-005                  3.1496647766034247E-001                  2.1025988500795504E-003                  6.1630907196949872E-004                  5.7221218635412083E-003                  1.2718648985637696E-003                  2.4871053158459599E-003                  6.3225907431632391E-026                  0.0000000000000000E+000                  0.0000000000000000E+000 
                                      63                  9.9999999576400067E-001                  3.0264383286625157E-001                  3.9709755717174877E+000                  6.4253605042793254E+000                  6.1012296929537608E-048                  6.7279999999955731E-001                  3.3522340100040654E-005                  3.1496647766034247E-001                  2.1025988500795504E-003                  6.1630907196949872E-004                  5.7221218635412083E-003                  1.2718648985637696E-003                  2.4871053158459599E-003                  6.4566467086801370E-026                  0.0000000000000000E+000                  0.0000000000000000E+000 
                                      64                  9.9999999560775066E-001                  3.0263555185985991E-001                  3.9745408631156209E+000                  6.4164492448632240E+000                  6.2279487308104606E-048                  6.7279999999955731E-001                  3.3522340100040654E-005                  3.1496647766034247E-001                  2.1025988500795504E-003                  6.1630907196949872E-004                  5.7221218635412083E-003                  1.2718648985637696E-003                  2.4871053158459599E-003                  6.5908367138449836E-026                  0.0000000000000000E+000                  0.0000000000000000E+000 
                                      65                  9.9999999545150065E-001                  3.0262743888635957E-001                  3.9795819259991916E+000                  6.7045127905535242E+000                  1.2834097557257819E-047                  6.7279999999955731E-001                  3.3522340100040654E-005                  3.1496647766034247E-001                  2.1025988500795504E-003                  6.1630907196949872E-004                  5.7221218635412083E-003                  1.2718648985637696E-003                  2.4871053158459599E-003                  6.7910905375536184E-026                  0.0000000000000000E+000                  0.0000000000000000E+000 
                                      66                  9.9999999513900062E-001                  3.0261168979384645E-001                  3.9856335458788363E+000                  6.6877211974611699E+000                  1.3340982999754269E-047                  6.7279999999955731E-001                  3.3522340100040654E-005                  3.1496647766034247E-001                  2.1025988500795504E-003                  6.1630907196949872E-004                  5.7221218635412083E-003                  1.2718648985637696E-003                  2.4871053158459599E-003                  7.0594914658995868E-026                  0.0000000000000000E+000                  0.0000000000000000E+000 
                                      67                  9.9999999482650059E-001                  3.0259653746483856E-001                  3.9911193849574853E+000                  6.6715827567094301E+000                  1.3847010576980561E-047                  6.7279999999955731E-001                  3.3522340100040654E-005                  3.1496647766034247E-001                  2.1025988500795504E-003                  6.1630907196949872E-004                  5.7221218635412083E-003                  1.2718648985637696E-003                  2.4871053158459599E-003                  7.3274485581681507E-026                  0.0000000000000000E+000                  0.0000000000000000E+000 
                                      68                  9.9999999451400057E-001                  3.0258193736494532E-001                  3.9961302081207379E+000                  6.6560630357007371E+000                  1.4351735872422683E-047                  6.7279999999955731E-001                  3.3522340100040654E-005                  3.1496647766034247E-001                  2.1025988500795504E-003                  6.1630907196949872E-004                  5.7221218635412083E-003                  1.2718648985637696E-003                  2.4871053158459599E-003                  7.5947262229307097E-026                  0.0000000000000000E+000                  0.0000000000000000E+000 
                                      69                  9.9999999420150054E-001                  3.0256784932902520E-001                  3.9995901398499472E+000                  6.3437390067922586E+000                  7.3652827229417018E-048                  6.7279999999955731E-001                  3.3522340100040654E-005                  3.1496647766034247E-001                  2.1025988500795504E-003                  6.1630907196949872E-004                  5.7221218635412083E-003                  1.2718648985637696E-003                  2.4871053158459599E-003                  7.7953422752822287E-026                  0.0000000000000000E+000                  0.0000000000000000E+000 
                                      70                  9.9999999404525042E-001                  3.0256098596716374E-001                  4.0029065617173938E+000                  6.6338646785676891E+000                  1.5105809089113604E-047                  6.7279999999955731E-001                  3.3522340100040654E-005                  3.1496647766034247E-001                  2.1025988500795504E-003                  6.1630907196949872E-004                  5.7221218635412083E-003                  1.2718648985637696E-003                  2.4871053158459599E-003                  7.9940648013324161E-026                  0.0000000000000000E+000                  0.0000000000000000E+000 
                                      71                  9.9999999373275050E-001                  3.0254759929296227E-001                  4.0070119197894254E+000                  6.6197391872863234E+000                  1.5606151849797271E-047                  6.7279999999955731E-001                  3.3522340100040654E-005                  3.1496647766034247E-001                  2.1025988500795504E-003                  6.1630907196949872E-004                  5.7221218635412083E-003                  1.2718648985637696E-003                  2.4871053158459599E-003                  8.2590459976608909E-026                  0.0000000000000000E+000                  0.0000000000000000E+000 
                                      72                  9.9999999342025037E-001                  3.0253464062460916E-001                  4.0098836472461343E+000                  6.3084162850857517E+000                  7.9905748813352664E-048                  6.7279999999955731E-001                  3.3522340100040654E-005                  3.1496647766034247E-001                  2.1025988500795504E-003                  6.1630907196949872E-004                  5.7221218635412083E-003                  1.2718648985637696E-003                  2.4871053158459599E-003                  8.4576508144064674E-026                  0.0000000000000000E+000                  0.0000000000000000E+000 
                                      73                  9.9999999326400035E-001                  3.0252831290660864E-001                  4.0126540450648767E+000                  6.5994773896254912E+000                  1.6352931161476454E-047                  6.7279999999955731E-001                  3.3522340100040654E-005                  3.1496647766034247E-001                  2.1025988500795504E-003                  6.1630907196949872E-004                  5.7221218635412083E-003                  1.2718648985637696E-003                  2.4871053158459599E-003                  8.6545572635254567E-026                  0.0000000000000000E+000                  0.0000000000000000E+000 
                                      74                  9.9999999295150044E-001                  3.0251594439135776E-001                  4.0169830572579146E+000                  6.7595108779781787E+000                  2.5455104644188735E-047                  6.7279999999955731E-001                  3.3522340100040654E-005                  3.1496647766034247E-001                  2.1025988500795504E-003                  6.1630907196949872E-004                  5.7221218635412083E-003                  1.2718648985637696E-003                  2.4871053158459599E-003                  8.9814233197103611E-026                  0.0000000000000000E+000                  0.0000000000000000E+000 
                                      75                  9.9999999248275040E-001                  3.0249806444623711E-001                  4.0217344180909436E+000                  6.7410575710472047E+000                  2.6562149114244081E-047                  6.7279999999955731E-001                  3.3522340100040654E-005                  3.1496647766034247E-001                  2.1025988500795504E-003                  6.1630907196949872E-004                  5.7221218635412083E-003                  1.2718648985637696E-003                  2.4871053158459599E-003                  9.3723370175166597E-026                  0.0000000000000000E+000                  0.0000000000000000E+000 
                                      76                  9.9999999201400025E-001                  3.0248092762040224E-001                  4.0253804689454462E+000                  6.5502241597214859E+000                  1.8320709322235238E-047                  6.7279999999955731E-001                  3.3522340100040654E-005                  3.1496647766034247E-001                  2.1025988500795504E-003                  6.1630907196949872E-004                  5.7221218635412083E-003                  1.2718648985637696E-003                  2.4871053158459599E-003                  9.6968339728635035E-026                  0.0000000000000000E+000                  0.0000000000000000E+000 
                                      77                  9.9999999170150033E-001                  3.0246988401038927E-001                  4.0281468161471778E+000                  6.5388589755360096E+000                  1.8807422052420984E-047                  6.7279999999955731E-001                  3.3522340100040654E-005                  3.1496647766034247E-001                  2.1025988500795504E-003                  6.1630907196949872E-004                  5.7221218635412083E-003                  1.2718648985637696E-003                  2.4871053158459599E-003                  9.9546529804344827E-026                  0.0000000000000000E+000                  0.0000000000000000E+000 
                                      78                  9.9999999138900020E-001                  3.0245912538517489E-001                  4.0307790500619909E+000                  6.5278311564099534E+000                  1.9292048166798654E-047                  6.7279999999955731E-001                  3.3522340100040661E-005                  3.1496647766034247E-001                  2.1025988500795504E-003                  6.1630907196949872E-004                  5.7221218635412083E-003                  1.2718648985637696E-003                  2.4871053158459599E-003                  1.0211374718146719E-025                  0.0000000000000000E+000                  0.0000000000000000E+000 
                                      79                  9.9999999107650028E-001                  3.0244863625238466E-001                  4.0345389619699983E+000                  6.8129656817508097E+000                  4.0025292781901819E-047                  6.7279999999955731E-001                  3.3522340100040661E-005                  3.1496647766034247E-001                  2.1025988500795504E-003                  6.1630907196949872E-004                  5.7221218635412083E-003                  1.2718648985637696E-003                  2.4871053158459599E-003                  1.0593112942182973E-025                  0.0000000000000000E+000                  0.0000000000000000E+000 
                                      80                  9.9999999045150023E-001                  3.0242841120881209E-001                  4.0391319572169593E+000                  6.7927166626796733E+000                  4.1939482391781142E-047                  6.7279999999955731E-001                  3.3522340100040661E-005                  3.1496647766034247E-001                  2.1025988500795504E-003                  6.1630907196949872E-004                  5.7221218635412083E-003                  1.2718648985637696E-003                  2.4871053158459599E-003                  1.1100162194602623E-025                  0.0000000000000000E+000                  0.0000000000000000E+000 
                                      81                  9.9999998982650018E-001                  3.0240910663528731E-001                  4.0433632014211680E+000                  6.7735253031198583E+000                  4.3838148269401871E-047                  6.7279999999955731E-001                  3.3522340100040661E-005                  3.1496647766034247E-001                  2.1025988500795504E-003                  6.1630907196949872E-004                  5.7221218635412083E-003                  1.2718648985637696E-003                  2.4871053158459599E-003                  1.1603128638983638E-025                  0.0000000000000000E+000                  0.0000000000000000E+000 
                                      82                  9.9999998920150013E-001                  3.0239063574877995E-001                  4.0471125138130093E+000                  6.7159828786013254E+000                  4.1616158367547531E-047                  6.7279999999955731E-001                  3.3522340100040661E-005                  3.1496647766034247E-001                  2.1025988500795504E-003                  6.1630907196949872E-004                  5.7221218635412083E-003                  1.2718648985637696E-003                  2.4871053158459599E-003                  1.2080474775005494E-025                  0.0000000000000000E+000                  0.0000000000000000E+000 
                                      83                  9.9999998863160300E-001                  3.0237445634027244E-001                  4.0503025142756490E+000                  6.6566630090417283E+000                  3.8930176045073825E-047                  6.7279999999955731E-001                  3.3522340100040661E-005                  3.1496647766034247E-001                  2.1025988500795504E-003                  6.1630907196949872E-004                  5.7221218635412083E-003                  1.2718648985637696E-003                  2.4871053158459599E-003                  1.2510796307897665E-025                  0.0000000000000000E+000                  0.0000000000000000E+000 
                                      84                  9.9999998811680912E-001                  3.0236034208662921E-001                  4.0524528828805009E+000                  6.3451990122363329E+000                  1.9939367468547865E-047                  6.7279999999955731E-001                  3.3522340100040661E-005                  3.1496647766034247E-001                  2.1025988500795504E-003                  6.1630907196949872E-004                  5.7221218635412083E-003                  1.2718648985637696E-003                  2.4871053158459599E-003                  1.2815911908848479E-025                  0.0000000000000000E+000                  0.0000000000000000E+000 
                                      85                  9.9999998785941213E-001                  3.0235345232140753E-001                  4.0545435676240569E+000                  6.6361224217385715E+000                  4.0819559301091194E-047                  6.7279999999955731E-001                  3.3522340100040661E-005                  3.1496647766034247E-001                  2.1025988500795504E-003                  6.1630907196949872E-004                  5.7221218635412083E-003                  1.2718648985637696E-003                  2.4871053158459599E-003                  1.3118549455753814E-025                  0.0000000000000000E+000                  0.0000000000000000E+000 
                                      86                  9.9999998734461815E-001                  3.0233998944035317E-001                  4.0571944997615343E+000                  6.6230458592222892E+000                  4.2069892377855637E-047                  6.7279999999955731E-001                  3.3522340100040661E-005                  3.1496647766034247E-001                  2.1025988500795504E-003                  6.1630907196949872E-004                  5.7221218635412083E-003                  1.2718648985637696E-003                  2.4871053158459599E-003                  1.3520762503784296E-025                  0.0000000000000000E+000                  0.0000000000000000E+000 
                                      87                  9.9999998682982405E-001                  3.0232692548433271E-001                  4.0597195937912556E+000                  6.6104234009862886E+000                  4.3313134421075604E-047                  6.7279999999955731E-001                  3.3522340100040661E-005                  3.1496647766034247E-001                  2.1025988500795504E-003                  6.1630907196949872E-004                  5.7221218635412083E-003                  1.2718648985637696E-003                  2.4871053158459599E-003                  1.3920711198746435E-025                  0.0000000000000000E+000                  0.0000000000000000E+000 
                                      88                  9.9999998631503018E-001                  3.0231423538187641E-001                  4.0621301686555684E+000                  6.5982250476495485E+000                  4.4549516577061489E-047                  6.7279999999955731E-001                  3.3522340100040661E-005                  3.1496647766034247E-001                  2.1025988500795504E-003                  6.1630907196949872E-004                  5.7221218635412083E-003                  1.2718648985637696E-003                  2.4871053158459599E-003                  1.4318469377765166E-025                  0.0000000000000000E+000                  0.0000000000000000E+000 
                                      89                  9.9999998580023619E-001                  3.0230189640104121E-001                  4.0644360986585450E+000                  6.5864235557110300E+000                  4.5779267059645768E-047                  6.7279999999955731E-001                  3.3522340100040661E-005                  3.1496647766034247E-001                  2.1025988500795504E-003                  6.1630907196949872E-004                  5.7221218635412083E-003                  1.2718648985637696E-003                  2.4871053158459599E-003                  1.4714109966212987E-025                  0.0000000000000000E+000                  0.0000000000000000E+000 
                                      90                  9.9999998528544209E-001                  3.0228988786760891E-001                  4.0677468191459614E+000                  6.8704893342454998E+000                  9.5213417625364665E-047                  6.7279999999955731E-001                  3.3522340100040661E-005                  3.1496647766034247E-001                  2.1025988500795504E-003                  6.1630907196949872E-004                  5.7221218635412083E-003                  1.2718648985637696E-003                  2.4871053158459599E-003                  1.5302071164823822E-025                  0.0000000000000000E+000                  0.0000000000000000E+000 
                                      91                  9.9999998425585424E-001                  3.0226678992471734E-001                  4.0718268518392700E+000                  6.8489812235285834E+000                  1.0005789127011884E-046                  6.7279999999955731E-001                  3.3522340100040661E-005                  3.1496647766034247E-001                  2.1025988500795504E-003                  6.1630907196949872E-004                  5.7221218635412083E-003                  1.2718648985637696E-003                  2.4871053158459599E-003                  1.6081453820924603E-025                  0.0000000000000000E+000                  0.0000000000000000E+000 
                                      92                  9.9999998322626615E-001                  3.0224480688558403E-001                  4.0746714193184461E+000                  6.5325838235688627E+000                  5.1834790503839481E-047                  6.7279999999955731E-001                  3.3522340100040661E-005                  3.1496647766034247E-001                  2.1025988500795504E-003                  6.1630907196949872E-004                  5.7221218635412083E-003                  1.2718648985637696E-003                  2.4871053158459599E-003                  1.6662543069697028E-025                  0.0000000000000000E+000                  0.0000000000000000E+000 
                                      93                  9.9999998271147228E-001                  3.0223419709945537E-001                  4.0765004227673343E+000                  6.5227135903203228E+000                  5.3028893147038060E-047                  6.7279999999955731E-001                  3.3522340100040661E-005                  3.1496647766034247E-001                  2.1025988500795504E-003                  6.1630907196949872E-004                  5.7221218635412083E-003                  1.2718648985637696E-003                  2.4871053158459599E-003                  1.7046801810888787E-025                  0.0000000000000000E+000                  0.0000000000000000E+000 
                                      94                  9.9999998219667829E-001                  3.0222382547251897E-001                  4.0791498055386599E+000                  6.8094579295389011E+000                  1.0961214044368270E-046                  6.7279999999955731E-001                  3.3522340100040661E-005                  3.1496647766034247E-001                  2.1025988500795504E-003                  6.1630907196949872E-004                  5.7221218635412083E-003                  1.2718648985637696E-003                  2.4871053158459599E-003                  1.7618717495844344E-025                  0.0000000000000000E+000                  0.0000000000000000E+000 
                                      95                  9.9999998116709032E-001                  3.0220375274226802E-001                  4.0824649689933015E+000                  6.7912101599887507E+000                  1.1432619472198807E-046                  6.7279999999955731E-001                  3.3522340100040661E-005                  3.1496647766034247E-001                  2.1025988500795504E-003                  6.1630907196949872E-004                  5.7221218635412083E-003                  1.2718648985637696E-003                  2.4871053158459599E-003                  1.8377281403923081E-025                  0.0000000000000000E+000                  0.0000000000000000E+000 
                                      96                  9.9999998013750224E-001                  3.0218450506451738E-001                  4.0848072995661511E+000                  6.4770505911621941E+000                  5.8921515891348658E-047                  6.7279999999955731E-001                  3.3522340100040668E-005                  3.1496647766034247E-001                  2.1025988500795504E-003                  6.1630907196949872E-004                  5.7221218635412083E-003                  1.2718648985637696E-003                  2.4871053158459599E-003                  1.8943228128163313E-025                  0.0000000000000000E+000                  0.0000000000000000E+000 
                                      97                  9.9999997962270826E-001                  3.0217516751188456E-001                  4.0863229309115514E+000                  6.4685722385799274E+000                  6.0085649316983101E-047                  6.7279999999955731E-001                  3.3522340100040668E-005                  3.1496647766034247E-001                  2.1025988500795504E-003                  6.1630907196949872E-004                  5.7221218635412083E-003                  1.2718648985637696E-003                  2.4871053158459599E-003                  1.9317919793774418E-025                  0.0000000000000000E+000                  0.0000000000000000E+000 
                                      98                  9.9999997910791438E-001                  3.0216601028535900E-001                  4.0885314457141098E+000                  6.7572699444277342E+000                  1.2364028675512327E-046                  6.7279999999955731E-001                  3.3522340100040668E-005                  3.1496647766034247E-001                  2.1025988500795504E-003                  6.1630907196949872E-004                  5.7221218635412083E-003                  1.2718648985637696E-003                  2.4871053158459599E-003                  1.9876212153272265E-025                  0.0000000000000000E+000                  0.0000000000000000E+000 
                                      99                  9.9999997807832630E-001                  3.0214820802521070E-001                  4.0913237959483286E+000                  6.7414288972429670E+000                  1.2824369376028768E-046                  6.7279999999955731E-001                  3.3522340100040661E-005                  3.1496647766034247E-001                  2.1025988500795504E-003                  6.1630907196949872E-004                  5.7221218635412083E-003                  1.2718648985637696E-003                  2.4871053158459599E-003                  2.0617116930600395E-025                  0.0000000000000000E+000                  0.0000000000000000E+000 
                                     100                  9.9999997704873844E-001                  3.0213104271802743E-001                  4.0939768850287370E+000                  6.7262556420152197E+000                  1.3281374276486348E-046                  6.7279999999955731E-001                  3.3522340100040661E-005                  3.1496647766034247E-001                  2.1025988500795504E-003                  6.1630907196949872E-004                  5.7221218635412083E-003                  1.2718648985637696E-003                  2.4871053158459599E-003                  2.1352698535596805E-025                  0.0000000000000000E+000                  0.0000000000000000E+000 
                                     101                  9.9999997601915036E-001                  3.0211446612804277E-001                  4.0958736443856392E+000                  6.4142343560169266E+000                  6.8112836802330286E-047                  6.7279999999955731E-001                  3.3522340100040661E-005                  3.1496647766034247E-001                  2.1025988500795504E-003                  6.1630907196949872E-004                  5.7221218635412083E-003                  1.2718648985637696E-003                  2.4871053158459599E-003                  2.1901902064784083E-025                  0.0000000000000000E+000                  0.0000000000000000E+000 
                                     102                  9.9999997550435649E-001                  3.0210638473483048E-001                  4.0977238046578881E+000                  6.7046316728885129E+000                  1.3960966863877484E-046                  6.7279999999955731E-001                  3.3522340100040661E-005                  3.1496647766034247E-001                  2.1025988500795504E-003                  6.1630907196949872E-004                  5.7221218635412083E-003                  1.2718648985637696E-003                  2.4871053158459599E-003                  2.2446633203995803E-025                  0.0000000000000000E+000                  0.0000000000000000E+000 
                                     103                  9.9999997447476840E-001                  3.0209061241837265E-001                  4.1000831961526405E+000                  6.6909063477909774E+000                  1.4410261967141871E-046                  6.7279999999955731E-001                  3.3522340100040661E-005                  3.1496647766034247E-001                  2.1025988500795504E-003                  6.1630907196949872E-004                  5.7221218635412083E-003                  1.2718648985637696E-003                  2.4871053158459599E-003                  2.3169912995275779E-025                  0.0000000000000000E+000                  0.0000000000000000E+000 
                                     104                  9.9999997344518055E-001                  3.0207533022522243E-001                  4.1023427068489902E+000                  6.6776861120286704E+000                  1.4856695370221499E-046                  6.7279999999955731E-001                  3.3522340100040661E-005                  3.1496647766034247E-001                  2.1025988500795504E-003                  6.1630907196949872E-004                  5.7221218635412083E-003                  1.2718648985637696E-003                  2.4871053158459599E-003                  2.3888627086584352E-025                  0.0000000000000000E+000                  0.0000000000000000E+000 
                                     105                  9.9999997241559246E-001                  3.0206050570994503E-001                  4.1043425276109629E+000                  6.5925740418995220E+000                  1.2894357541825800E-046                  6.7279999999955731E-001                  3.3522340100040661E-005                  3.1496647766034247E-001                  2.1025988500795504E-003                  6.1630907196949872E-004                  5.7221218635412083E-003                  1.2718648985637696E-003                  2.4871053158459599E-003                  2.4547899841808374E-025                  0.0000000000000000E+000                  0.0000000000000000E+000 
                                     106                  9.9999997154596620E-001                  3.0204831912731839E-001                  4.1069954455215232E+000                  6.8780659823226742E+000                  2.6730277231876153E-046                  6.7279999999955731E-001                  3.3522340100040661E-005                  3.1496647766034247E-001                  2.1025988500795504E-003                  6.1630907196949872E-004                  5.7221218635412083E-003                  1.2718648985637696E-003                  2.4871053158459599E-003                  2.5445325804399677E-025                  0.0000000000000000E+000                  0.0000000000000000E+000 
                                     107                  9.9999996980671357E-001                  3.0202480159606487E-001                  4.1103166520780201E+000                  6.8583004500439175E+000                  2.7977891739609617E-046                  6.7279999999955731E-001                  3.3522340100040661E-005                  3.1496647766034247E-001                  2.1025988500795504E-003                  6.1630907196949872E-004                  5.7221218635412083E-003                  1.2718648985637696E-003                  2.4871053158459599E-003                  2.6634551404913245E-025                  0.0000000000000000E+000                  0.0000000000000000E+000 
                                     108                  9.9999996806746083E-001                  3.0200232920972547E-001                  4.1126644868703641E+000                  6.5431027335170038E+000                  1.4453933728944853E-046                  6.7279999999955731E-001                  3.3522340100040661E-005                  3.1496647766034247E-001                  2.1025988500795504E-003                  6.1630907196949872E-004                  5.7221218635412083E-003                  1.2718648985637696E-003                  2.4871053158459599E-003                  2.7521071952400376E-025                  0.0000000000000000E+000                  0.0000000000000000E+000 
                                     109                  9.9999996719783457E-001                  3.0199145323598769E-001                  4.1149418817499708E+000                  6.8305543122548498E+000                  2.9828157708124669E-046                  6.7279999999955731E-001                  3.3522340100040661E-005                  3.1496647766034247E-001                  2.1025988500795504E-003                  6.1630907196949872E-004                  5.7221218635412083E-003                  1.2718648985637696E-003                  2.4871053158459599E-003                  2.8398415822847965E-025                  0.0000000000000000E+000                  0.0000000000000000E+000 
                                     110                  9.9999996545858183E-001                  3.0197037007579985E-001                  4.1178185675228098E+000                  6.8131828458493207E+000                  3.1048400919862353E-046                  6.7279999999955731E-001                  3.3522340100040668E-005                  3.1496647766034247E-001                  2.1025988500795504E-003                  6.1630907196949872E-004                  5.7221218635412083E-003                  1.2718648985637696E-003                  2.4871053158459599E-003                  2.9561799741239365E-025                  0.0000000000000000E+000                  0.0000000000000000E+000 
                                     111                  9.9999996371932920E-001                  3.0195011261942056E-001                  4.1205495343029401E+000                  6.7966148835917783E+000                  3.2258707119242576E-046                  6.7279999999955731E-001                  3.3522340100040668E-005                  3.1496647766034247E-001                  2.1025988500795504E-003                  6.1630907196949872E-004                  5.7221218635412083E-003                  1.2718648985637696E-003                  2.4871053158459599E-003                  3.0715803352665364E-025                  0.0000000000000000E+000                  0.0000000000000000E+000 
                                     112                  9.9999996198007668E-001                  3.0193061251985071E-001                  4.1231490724623905E+000                  6.7807797240909897E+000                  3.3459574965394097E-046                  6.7279999999955731E-001                  3.3522340100040668E-005                  3.1496647766034247E-001                  2.1025988500795504E-003                  6.1630907196949872E-004                  5.7221218635412083E-003                  1.2718648985637696E-003                  2.4871053158459599E-003                  3.1860898110068086E-025                  0.0000000000000000E+000                  0.0000000000000000E+000 
                                     113                  9.9999996024082405E-001                  3.0191180979370158E-001                  4.1256294680992376E+000                  6.7656154556982022E+000                  3.4651468894654862E-046                  6.7279999999955731E-001                  3.3522340100040668E-005                  3.1496647766034247E-001                  2.1025988500795504E-003                  6.1630907196949872E-004                  5.7221218635412083E-003                  1.2718648985637696E-003                  2.4871053158459599E-003                  3.2997523173853025E-025                  0.0000000000000000E+000                  0.0000000000000000E+000 
                                     114                  9.9999995850157142E-001                  3.0189365150014041E-001                  4.1280013613419371E+000                  6.7510677014052369E+000                  3.5834811371319456E-046                  6.7279999999955731E-001                  3.3522340100040668E-005                  3.1496647766034247E-001                  2.1025988500795504E-003                  6.1630907196949872E-004                  5.7221218635412083E-003                  1.2718648985637696E-003                  2.4871053158459599E-003                  3.4126077982565141E-025                  0.0000000000000000E+000                  0.0000000000000000E+000 
                                     115                  9.9999995676231868E-001                  3.0187609066611459E-001                  4.1308403259651110E+000                  6.9097925461945646E+000                  5.5950718327601719E-046                  6.7279999999955731E-001                  3.3522340100040668E-005                  3.1496647766034247E-001                  2.1025988500795504E-003                  6.1630907196949872E-004                  5.7221218635412083E-003                  1.2718648985637696E-003                  2.4871053158459599E-003                  3.5524001257999110E-025                  0.0000000000000000E+000                  0.0000000000000000E+000 
                                     116                  9.9999995415343979E-001                  3.0185078070846943E-001                  4.1340484391543990E+000                  6.8899815317808031E+000                  5.8568779465648253E-046                  6.7279999999955731E-001                  3.3522340100040668E-005                  3.1496647766034247E-001                  2.1025988500795504E-003                  6.1630907196949872E-004                  5.7221218635412083E-003                  1.2718648985637696E-003                  2.4871053158459599E-003                  3.7188865292547412E-025                  0.0000000000000000E+000                  0.0000000000000000E+000 
                                     117                  9.9999995154456078E-001                  3.0182659798830785E-001                  4.1365749886468652E+000                  6.6981615666991106E+000                  4.0489587544759490E-046                  6.7279999999955731E-001                  3.3522340100040668E-005                  3.1496647766034247E-001                  2.1025988500795504E-003                  6.1630907196949872E-004                  5.7221218635412083E-003                  1.2718648985637696E-003                  2.4871053158459599E-003                  3.8566134451234287E-025                  0.0000000000000000E+000                  0.0000000000000000E+000 
                                     118                  9.9999994980530804E-001                  3.0181104889566340E-001                  4.1394939415727023E+000                  6.9812520630910555E+000                  8.4403068855040671E-046                  6.7279999999955731E-001                  3.3522340100040668E-005                  3.1496647766034247E-001                  2.1025988500795504E-003                  6.1630907196949872E-004                  5.7221218635412083E-003                  1.2718648985637696E-003                  2.4871053158459599E-003                  4.0199418413285483E-025                  0.0000000000000000E+000                  0.0000000000000000E+000 
                                     119                  9.9999994632680278E-001                  3.0178120756103272E-001                  4.1431398630472609E+000                  6.9604677093781833E+000                  8.9336311512307714E-046                  6.7279999999955731E-001                  3.3522340100040675E-005                  3.1496647766034247E-001                  2.1025988500795504E-003                  6.1630907196949872E-004                  5.7221218635412083E-003                  1.2718648985637696E-003                  2.4871053158459599E-003                  4.2365587733774421E-025                  0.0000000000000000E+000                  0.0000000000000000E+000 
                                     120                  9.9999994283293681E-001                  3.0175275882117164E-001                  4.1457161293748142E+000                  6.6451280903122303E+000                  4.6575787379897150E-046                  6.7279999999955731E-001                  3.3522340100040668E-005                  3.1496647766034247E-001                  2.1025988500795504E-003                  6.1630907196949872E-004                  5.7221218635412083E-003                  1.2718648985637696E-003                  2.4871053158459599E-003                  4.3984276763437380E-025                  0.0000000000000000E+000                  0.0000000000000000E+000 
                                     121                  9.9999994107832346E-001                  3.0173899482568906E-001                  4.1482169680395664E+000                  6.9306670022532728E+000                  9.6543182953049638E-046                  6.7279999999955731E-001                  3.3522340100040668E-005                  3.1496647766034247E-001                  2.1025988500795504E-003                  6.1630907196949872E-004                  5.7221218635412083E-003                  1.2718648985637696E-003                  2.4871053158459599E-003                  4.5588503364219952E-025                  0.0000000000000000E+000                  0.0000000000000000E+000 
                                     122                  9.9999993756909689E-001                  3.0171243020631344E-001                  4.1513647540937431E+000                  6.9109675722523463E+000                  1.0103526755500413E-045                  6.7279999999955731E-001                  3.3522340100040668E-005                  3.1496647766034247E-001                  2.1025988500795504E-003                  6.1630907196949872E-004                  5.7221218635412083E-003                  1.2718648985637696E-003                  2.4871053158459599E-003                  4.7713476069725639E-025                  0.0000000000000000E+000                  0.0000000000000000E+000 
                                     123                  9.9999993405987031E-001                  3.0168704210960418E-001                  4.1539724303573395E+000                  6.7696275624252120E+000                  7.8700819944861034E-046                  6.7279999999955731E-001                  3.3522340100040668E-005                  3.1496647766034247E-001                  2.1025988500795504E-003                  6.1630907196949872E-004                  5.7221218635412083E-003                  1.2718648985637696E-003                  2.4871053158459599E-003                  4.9558167475036303E-025                  0.0000000000000000E+000                  0.0000000000000000E+000 
                                     124                  9.9999993142795029E-001                  3.0166870579733684E-001                  4.1561204457262644E+000                  6.7561585021559694E+000                  8.1186614345896264E-046                  6.7279999999955731E-001                  3.3522340100040668E-005                  3.1496647766034247E-001                  2.1025988500795504E-003                  6.1630907196949872E-004                  5.7221218635412083E-003                  1.2718648985637696E-003                  2.4871053158459599E-003                  5.1126350096315506E-025                  0.0000000000000000E+000                  0.0000000000000000E+000 
                                     125                  9.9999992879603017E-001                  3.0165092869416871E-001                  4.1585326330254251E+000                  6.8660141394964143E+000                  1.1208485606491723E-045                  6.7279999999955731E-001                  3.3522340100040668E-005                  3.1496647766034247E-001                  2.1025988500795504E-003                  6.1630907196949872E-004                  5.7221218635412083E-003                  1.2718648985637696E-003                  2.4871053158459599E-003                  5.2941507762490864E-025                  0.0000000000000000E+000                  0.0000000000000000E+000 
                                     126                  9.9999992528680370E-001                  3.0162803388826198E-001                  4.1618155698324069E+000                  7.0216260039147480E+000                  1.7626790750866262E-045                  6.7279999999955731E-001                  3.3522340100040668E-005                  3.1496647766034247E-001                  2.1025988500795504E-003                  6.1630907196949872E-004                  5.7221218635412083E-003                  1.2718648985637696E-003                  2.4871053158459599E-003                  5.5509817411457303E-025                  0.0000000000000000E+000                  0.0000000000000000E+000 
                                     127                  9.9999992002296367E-001                  3.0159527141654036E-001                  4.1648876947737534E+000                  6.8261122166755950E+000                  1.2290177882805341E-045                  6.7279999999955731E-001                  3.3522340100040675E-005                  3.1496647766034247E-001                  2.1025988500795504E-003                  6.1630907196949872E-004                  5.7221218635412083E-003                  1.2718648985637696E-003                  2.4871053158459599E-003                  5.8060834378954365E-025                  0.0000000000000000E+000                  0.0000000000000000E+000 
                                     128                  9.9999991651373710E-001                  3.0157438376099555E-001                  4.1672515133688703E+000                  6.8150805351345065E+000                  1.2831224319513236E-045                  6.7279999999955731E-001                  3.3522340100040675E-005                  3.1496647766034247E-001                  2.1025988500795504E-003                  6.1630907196949872E-004                  5.7221218635412083E-003                  1.2718648985637696E-003                  2.4871053158459599E-003                  6.0090218056108624E-025                  0.0000000000000000E+000                  0.0000000000000000E+000 
                                     129                  9.9999991297351987E-001                  3.0155401903169182E-001                  4.1695300701838285E+000                  6.8007645334358875E+000                  1.3262462511538604E-045                  6.7279999999955731E-001                  3.3522340100040675E-005                  3.1496647766034247E-001                  2.1025988500795504E-003                  6.1630907196949872E-004                  5.7221218635412083E-003                  1.2718648985637696E-003                  2.4871053158459599E-003                  6.2113835921730361E-025                  0.0000000000000000E+000                  0.0000000000000000E+000 
                                     130                  9.9999990943330264E-001                  3.0153431374875866E-001                  4.1717205952719087E+000                  6.7870034056055850E+000                  1.3690650821029791E-045                  6.7279999999955731E-001                  3.3522340100040675E-005                  3.1496647766034247E-001                  2.1025988500795504E-003                  6.1630907196949872E-004                  5.7221218635412083E-003                  1.2718648985637696E-003                  2.4871053158459599E-003                  6.4123336246662895E-025                  0.0000000000000000E+000                  0.0000000000000000E+000 
                                     131                  9.9999990589308541E-001                  3.0151522220947091E-001                  4.1738298518533457E+000                  6.7737559637948639E+000                  1.4115918625837023E-045                  6.7279999999955731E-001                  3.3522340100040675E-005                  3.1496647766034247E-001                  2.1025988500795504E-003                  6.1630907196949872E-004                  5.7221218635412083E-003                  1.2718648985637696E-003                  2.4871053158459599E-003                  6.6119319090095333E-025                  0.0000000000000000E+000                  0.0000000000000000E+000 
                                     132                  9.9999990235286829E-001                  3.0149670343217805E-001                  4.1758638483756663E+000                  6.7609854511866576E+000                  1.4538384829815000E-045                  6.7279999999955731E-001                  3.3522340100040675E-005                  3.1496647766034247E-001                  2.1025988500795504E-003                  6.1630907196949872E-004                  5.7221218635412083E-003                  1.2718648985637696E-003                  2.4871053158459599E-003                  6.8102335864701117E-025                  0.0000000000000000E+000                  0.0000000000000000E+000 
                                     133                  9.9999989881265106E-001                  3.0147872051901570E-001                  4.1783175776912369E+000                  6.9217525717163859E+000                  2.2593087336274114E-045                  6.7279999999955731E-001                  3.3522340100040675E-005                  3.1496647766034247E-001                  2.1025988500795504E-003                  6.1630907196949872E-004                  5.7221218635412083E-003                  1.2718648985637696E-003                  2.4871053158459599E-003                  7.0560659048250884E-025                  0.0000000000000000E+000                  0.0000000000000000E+000 
                                     134                  9.9999989350232510E-001                  3.0145268002737913E-001                  4.1806539608673390E+000                  6.7309386900752290E+000                  1.5582953256868291E-045                  6.7279999999955731E-001                  3.3522340100040682E-005                  3.1496647766034247E-001                  2.1025988500795504E-003                  6.1630907196949872E-004                  5.7221218635412083E-003                  1.2718648985637696E-003                  2.4871053158459599E-003                  7.3006208812383118E-025                  0.0000000000000000E+000                  0.0000000000000000E+000 
                                     135                  9.9999988996210798E-001                  3.0143589752531719E-001                  4.1829264310871519E+000                  6.8966824740337547E+000                  2.4366244570502828E-045                  6.7279999999955731E-001                  3.3522340100040675E-005                  3.1496647766034247E-001                  2.1025988500795504E-003                  6.1630907196949872E-004                  5.7221218635412083E-003                  1.2718648985637696E-003                  2.4871053158459599E-003                  7.5441280824690827E-025                  0.0000000000000000E+000                  0.0000000000000000E+000 
                                     136                  9.9999988460475164E-001                  3.0141131530110560E-001                  4.1859821323019055E+000                  7.0044715913832878E+000                  3.4098654020226993E-045                  6.7279999999955731E-001                  3.3522340100040675E-005                  3.1496647766034247E-001                  2.1025988500795504E-003                  6.1630907196949872E-004                  5.7221218635412083E-003                  1.2718648985637696E-003                  2.4871053158459599E-003                  7.8842317680664079E-025                  0.0000000000000000E+000                  0.0000000000000000E+000 
                                     137                  9.9999987743025598E-001                  3.0137980603132936E-001                  4.1884603102963549E+000                  6.6878143758521231E+000                  1.7675885067582337E-045                  6.7279999999955731E-001                  3.3522340100040675E-005                  3.1496647766034247E-001                  2.1025988500795504E-003                  6.1630907196949872E-004                  5.7221218635412083E-003                  1.2718648985637696E-003                  2.4871053158459599E-003                  8.1746446884472059E-025                  0.0000000000000000E+000                  0.0000000000000000E+000 
                                     138                  9.9999987384300837E-001                  3.0136460740012111E-001                  4.1900652937724123E+000                  6.6777869618095576E+000                  1.8090002796642423E-045                  6.7279999999955731E-001                  3.3522340100040675E-005                  3.1496647766034247E-001                  2.1025988500795504E-003                  6.1630907196949872E-004                  5.7221218635412083E-003                  1.2718648985637696E-003                  2.4871053158459599E-003                  8.3666097292506789E-025                  0.0000000000000000E+000                  0.0000000000000000E+000 
                                     139                  9.9999987025576065E-001                  3.0134975515567536E-001                  4.1920168575788326E+000                  6.8417426458384343E+000                  2.7906282445056808E-045                  6.7279999999955731E-001                  3.3522340100040675E-005                  3.1496647766034247E-001                  2.1025988500795504E-003                  6.1630907196949872E-004                  5.7221218635412083E-003                  1.2718648985637696E-003                  2.4871053158459599E-003                  8.6049824536873979E-025                  0.0000000000000000E+000                  0.0000000000000000E+000 
                                     140                  9.9999986487488890E-001                  3.0132808978961773E-001                  4.1942694467200861E+000                  6.8276965023105403E+000                  2.8826424068054622E-045                  6.7279999999955731E-001                  3.3522340100040682E-005                  3.1496647766034247E-001                  2.1025988500795504E-003                  6.1630907196949872E-004                  5.7221218635412083E-003                  1.2718648985637696E-003                  2.4871053158459599E-003                  8.8893932975328188E-025                  0.0000000000000000E+000                  0.0000000000000000E+000 
                                     141                  9.9999985949401737E-001                  3.0130711289439921E-001                  4.1967991496743062E+000                  6.9369381165947228E+000                  3.9854244860069396E-045                  6.7279999999955731E-001                  3.3522340100040682E-005                  3.1496647766034247E-001                  2.1025988500795504E-003                  6.1630907196949872E-004                  5.7221218635412083E-003                  1.2718648985637696E-003                  2.4871053158459599E-003                  9.2183904379609321E-025                  0.0000000000000000E+000                  0.0000000000000000E+000 
                                     142                  9.9999985231952182E-001                  3.0128013507764084E-001                  4.1995559016930608E+000                  6.9197992945404145E+000                  4.1463534497795920E-045                  6.7279999999955731E-001                  3.3522340100040682E-005                  3.1496647766034247E-001                  2.1025988500795504E-003                  6.1630907196949872E-004                  5.7221218635412083E-003                  1.2718648985637696E-003                  2.4871053158459599E-003                  9.5915543827426945E-025                  0.0000000000000000E+000                  0.0000000000000000E+000 
                                     143                  9.9999984514502616E-001                  3.0125419958898220E-001                  4.2021897350040449E+000                  6.9034550422158043E+000                  4.3058756836890552E-045                  6.7279999999955731E-001                  3.3522340100040682E-005                  3.1496647766034247E-001                  2.1025988500795504E-003                  6.1630907196949872E-004                  5.7221218635412083E-003                  1.2718648985637696E-003                  2.4871053158459599E-003                  9.9615091115150509E-025                  0.0000000000000000E+000                  0.0000000000000000E+000 
                                     144                  9.9999983797053071E-001                  3.0122922055493112E-001                  4.2053508624659104E+000                  7.0626506160244427E+000                  6.7956299052172244E-045                  6.7279999999955731E-001                  3.3522340100040682E-005                  3.1496647766034247E-001                  2.1025988500795504E-003                  6.1630907196949872E-004                  5.7221218635412083E-003                  1.2718648985637696E-003                  2.4871053158459599E-003                  1.0420576661443355E-024                  0.0000000000000000E+000                  0.0000000000000000E+000 
                                     145                  9.9999982714516045E-001                  3.0119317914899529E-001                  4.2089484845948038E+000                  7.0455065386009856E+000                  7.2376129026602725E-045                  6.7279999999955731E-001                  3.3522340100040688E-005                  3.1496647766034247E-001                  2.1025988500795504E-003                  6.1630907196949872E-004                  5.7221218635412083E-003                  1.2718648985637696E-003                  2.4871053158459599E-003                  1.0970847090764598E-024                  0.0000000000000000E+000                  0.0000000000000000E+000 
                                     146                  9.9999981619253608E-001                  3.0115852996654424E-001                  4.2117942300109616E+000                  6.8517896838213641E+000                  5.0255838114865595E-045                  6.7279999999955731E-001                  3.3522340100040682E-005                  3.1496647766034247E-001                  2.1025988500795504E-003                  6.1630907196949872E-004                  5.7221218635412083E-003                  1.2718648985637696E-003                  2.4871053158459599E-003                  1.1427989124110810E-024                  0.0000000000000000E+000                  0.0000000000000000E+000 
                                     147                  9.9999980889078655E-001                  3.0113634776980436E-001                  4.2145328137637366E+000                  7.0111414484409407E+000                  7.8355858374367926E-045                  6.7279999999955731E-001                  3.3522340100040682E-005                  3.1496647766034247E-001                  2.1025988500795504E-003                  6.1630907196949872E-004                  5.7221218635412083E-003                  1.2718648985637696E-003                  2.4871053158459599E-003                  1.1879803239411287E-024                  0.0000000000000000E+000                  0.0000000000000000E+000 
                                     148                  9.9999979793816218E-001                  3.0110433056477454E-001                  4.2176515457340686E+000                  6.9920286054267837E+000                  8.1893036357174017E-045                  6.7279999999955731E-001                  3.3522340100040682E-005                  3.1496647766034247E-001                  2.1025988500795504E-003                  6.1630907196949872E-004                  5.7221218635412083E-003                  1.2718648985637696E-003                  2.4871053158459599E-003                  1.2417610737875535E-024                  0.0000000000000000E+000                  0.0000000000000000E+000 
                                     149                  9.9999978698553771E-001                  3.0107368963756115E-001                  4.2201250273177502E+000                  6.8007505494731317E+000                  5.6544826969237626E-045                  6.7279999999955731E-001                  3.3522340100040688E-005                  3.1496647766034247E-001                  2.1025988500795504E-003                  6.1630907196949872E-004                  5.7221218635412083E-003                  1.2718648985637696E-003                  2.4871053158459599E-003                  1.2862292540409310E-024                  0.0000000000000000E+000                  0.0000000000000000E+000 
                                     150                  9.9999977968378817E-001                  3.0105396318324890E-001                  4.2220405997329964E+000                  6.7890712000046127E+000                  5.8091308537330165E-045                  6.7279999999955731E-001                  3.3522340100040688E-005                  3.1496647766034247E-001                  2.1025988500795504E-003                  6.1630907196949872E-004                  5.7221218635412083E-003                  1.2718648985637696E-003                  2.4871053158459599E-003                  1.3215097643899418E-024                  0.0000000000000000E+000                  0.0000000000000000E+000 
                                     151                  9.9999977238203874E-001                  3.0103475929603429E-001                  4.2239144764813226E+000                  6.7853049475509621E+000                  6.0699474467328702E-045                  6.7279999999955731E-001                  3.3522340100040688E-005                  3.1496647766034247E-001                  2.1025988500795504E-003                  6.1630907196949872E-004                  5.7221218635412083E-003                  1.2718648985637696E-003                  2.4871053158459599E-003                  1.3568844098747570E-024                  0.0000000000000000E+000                  0.0000000000000000E+000 
                                     152                  9.9999976495079390E-001                  3.0101572038889574E-001                  4.2266624501520420E+000                  7.0697949797770798E+000                  1.2612773174704815E-044                  6.7279999999955731E-001                  3.3522340100040688E-005                  3.1496647766034247E-001                  2.1025988500795504E-003                  6.1630907196949872E-004                  5.7221218635412083E-003                  1.2718648985637696E-003                  2.4871053158459599E-003                  1.4098978718630021E-024                  0.0000000000000000E+000                  0.0000000000000000E+000 
                                     153                  9.9999975008830400E-001                  3.0097906313767753E-001                  4.2292615234711297E+000                  6.7529045750925727E+000                  6.5417708821324868E-045                  6.7279999999955731E-001                  3.3522340100040688E-005                  3.1496647766034247E-001                  2.1025988500795504E-003                  6.1630907196949872E-004                  5.7221218635412083E-003                  1.2718648985637696E-003                  2.4871053158459599E-003                  1.4626836020391626E-024                  0.0000000000000000E+000                  0.0000000000000000E+000 
                                     154                  9.9999974265705915E-001                  3.0096139069197103E-001                  4.2309454730291609E+000                  6.7427376550744285E+000                  6.6972604115391549E-045                  6.7279999999955731E-001                  3.3522340100040688E-005                  3.1496647766034247E-001                  2.1025988500795504E-003                  6.1630907196949872E-004                  5.7221218635412083E-003                  1.2718648985637696E-003                  2.4871053158459599E-003                  1.4975573852200205E-024                  0.0000000000000000E+000                  0.0000000000000000E+000 
                                     155                  9.9999973522581442E-001                  3.0094412646232033E-001                  4.2329939070468692E+000                  6.9065344201303569E+000                  1.0335354511385736E-044                  6.7279999999955731E-001                  3.3522340100040688E-005                  3.1496647766034247E-001                  2.1025988500795504E-003                  6.1630907196949872E-004                  5.7221218635412083E-003                  1.2718648985637696E-003                  2.4871053158459599E-003                  1.5408439123539670E-024                  0.0000000000000000E+000                  0.0000000000000000E+000 
                                     156                  9.9999972407894711E-001                  3.0091895171101740E-001                  4.2359624577502295E+000                  7.0680970002954941E+000                  1.6271206426840058E-044                  6.7279999999955731E-001                  3.3522340100040688E-005                  3.1496647766034247E-001                  2.1025988500795504E-003                  6.1630907196949872E-004                  5.7221218635412083E-003                  1.2718648985637696E-003                  2.4871053158459599E-003                  1.6055044087959259E-024                  0.0000000000000000E+000                  0.0000000000000000E+000 
                                     157                  9.9999970723474418E-001                  3.0088242936913306E-001                  4.2387994665149407E+000                  6.8812788343392812E+000                  1.1449877910205599E-044                  6.7279999999955731E-001                  3.3522340100040688E-005                  3.1496647766034247E-001                  2.1025988500795504E-003                  6.1630907196949872E-004                  5.7221218635412083E-003                  1.2718648985637696E-003                  2.4871053158459599E-003                  1.6703072009764755E-024                  0.0000000000000000E+000                  0.0000000000000000E+000 
                                     158                  9.9999969584007320E-001                  3.0085867351823559E-001                  4.2404564536934926E+000                  6.5703087206692228E+000                  5.8579592198854317E-045                  6.7279999999955731E-001                  3.3522340100040688E-005                  3.1496647766034247E-001                  2.1025988500795504E-003                  6.1630907196949872E-004                  5.7221218635412083E-003                  1.2718648985637696E-003                  2.4871053158459599E-003                  1.7092453396822522E-024                  0.0000000000000000E+000                  0.0000000000000000E+000 
                                     159                  9.9999969014273771E-001                  3.0084706389409155E-001                  4.2415414575379655E+000                  6.5638444787499193E+000                  5.9461195129130311E-045                  6.7279999999955731E-001                  3.3522340100040688E-005                  3.1496647766034247E-001                  2.1025988500795504E-003                  6.1630907196949872E-004                  5.7221218635412083E-003                  1.2718648985637696E-003                  2.4871053158459599E-003                  1.7350542984915486E-024                  0.0000000000000000E+000                  0.0000000000000000E+000 
                                     160                  9.9999968444540221E-001                  3.0083562548981779E-001                  4.2431405637811865E+000                  6.8554095655882188E+000                  1.2155207053003768E-044                  6.7279999999955731E-001                  3.3522340100040695E-005                  3.1496647766034247E-001                  2.1025988500795504E-003                  6.1630907196949872E-004                  5.7221218635412083E-003                  1.2718648985637696E-003                  2.4871053158459599E-003                  1.7735497845650420E-024                  0.0000000000000000E+000                  0.0000000000000000E+000 
                                     161                  9.9999967305073123E-001                  3.0081324098764256E-001                  4.2457191619147157E+000                  7.0162755531790904E+000                  1.8885726575546528E-044                  6.7279999999955731E-001                  3.3522340100040695E-005                  3.1496647766034247E-001                  2.1025988500795504E-003                  6.1630907196949872E-004                  5.7221218635412083E-003                  1.2718648985637696E-003                  2.4871053158459599E-003                  1.8372784401511563E-024                  0.0000000000000000E+000                  0.0000000000000000E+000 
                                     162                  9.9999965595872475E-001                  3.0078081891077663E-001                  4.2486720275037806E+000                  6.9988220825291823E+000                  1.9663043398565954E-044                  6.7279999999955731E-001                  3.3522340100040695E-005                  3.1496647766034247E-001                  2.1025988500795504E-003                  6.1630907196949872E-004                  5.7221218635412083E-003                  1.2718648985637696E-003                  2.4871053158459599E-003                  1.9131638992906171E-024                  0.0000000000000000E+000                  0.0000000000000000E+000 
                                     163                  9.9999963886671828E-001                  3.0074967170119932E-001                  4.2521336493417934E+000                  7.1412232417802608E+000                  2.9966583633656952E-044                  6.7279999999955731E-001                  3.3522340100040702E-005                  3.1496647766034247E-001                  2.1025988500795504E-003                  6.1630907196949872E-004                  5.7221218635412083E-003                  1.2718648985637696E-003                  2.4871053158459599E-003                  2.0051799685861701E-024                  0.0000000000000000E+000                  0.0000000000000000E+000 
                                     164                  9.9999961400966264E-001                  3.0070643450769591E-001                  4.2552720928814942E+000                  6.9184441846965710E+000                  1.9540445439403867E-044                  6.7279999999955731E-001                  3.3522340100040695E-005                  3.1496647766034247E-001                  2.1025988500795504E-003                  6.1630907196949872E-004                  5.7221218635412083E-003                  1.2718648985637696E-003                  2.4871053158459599E-003                  2.0931129156700190E-024                  0.0000000000000000E+000                  0.0000000000000000E+000 
                                     165                  9.9999959847956432E-001                  3.0068054564319324E-001                  4.2575974133724594E+000                  6.9048789448012204E+000                  2.0162792586575651E-044                  6.7279999999955731E-001                  3.3522340100040695E-005                  3.1496647766034247E-001                  2.1025988500795504E-003                  6.1630907196949872E-004                  5.7221218635412083E-003                  1.2718648985637696E-003                  2.4871053158459599E-003                  2.1600240853447960E-024                  0.0000000000000000E+000                  0.0000000000000000E+000 
                                     166                  9.9999958294946600E-001                  3.0065545144902028E-001                  4.2592824838800745E+000                  6.5939993870486697E+000                  1.0313536497420065E-044                  6.7279999999955731E-001                  3.3522340100040695E-005                  3.1496647766034247E-001                  2.1025988500795504E-003                  6.1630907196949872E-004                  5.7221218635412083E-003                  1.2718648985637696E-003                  2.4871053158459599E-003                  2.2099481964135454E-024                  0.0000000000000000E+000                  0.0000000000000000E+000 
                                     167                  9.9999957518441684E-001                  3.0064318518306776E-001                  4.2609370229706194E+000                  6.8854770687440299E+000                  2.1087552908366046E-044                  6.7279999999955731E-001                  3.3522340100040695E-005                  3.1496647766034247E-001                  2.1025988500795504E-003                  6.1630907196949872E-004                  5.7221218635412083E-003                  1.2718648985637696E-003                  2.4871053158459599E-003                  2.2594697757962846E-024                  0.0000000000000000E+000                  0.0000000000000000E+000 
                                     168                  9.9999955965431842E-001                  3.0061918535163562E-001                  4.2636476515693191E+000                  7.0574347460485845E+000                  3.3669591126791389E-044                  6.7279999999955731E-001                  3.3522340100040702E-005                  3.1496647766034247E-001                  2.1025988500795504E-003                  6.1630907196949872E-004                  5.7221218635412083E-003                  1.2718648985637696E-003                  2.4871053158459599E-003                  2.3427327674558602E-024                  0.0000000000000000E+000                  0.0000000000000000E+000 
                                     169                  9.9999953573608824E-001                  3.0058352417249184E-001                  4.2667807524964356E+000                  7.0393946379344428E+000                  3.5103290231855693E-044                  6.7279999999955731E-001                  3.3522340100040702E-005                  3.1496647766034247E-001                  2.1025988500795504E-003                  6.1630907196949872E-004                  5.7221218635412083E-003                  1.2718648985637696E-003                  2.4871053158459599E-003                  2.4428834683200412E-024                  0.0000000000000000E+000                  0.0000000000000000E+000 
                                     170                  9.9999951181785796E-001                  3.0054931122206852E-001                  4.2692755163196283E+000                  6.8489409734136162E+000                  2.4192193791186275E-044                  6.7279999999955731E-001                  3.3522340100040702E-005                  3.1496647766034247E-001                  2.1025988500795504E-003                  6.1630907196949872E-004                  5.7221218635412083E-003                  1.2718648985637696E-003                  2.4871053158459599E-003                  2.5256793224338038E-024                  0.0000000000000000E+000                  0.0000000000000000E+000 
                                     171                  9.9999949587237114E-001                  3.0052724311897527E-001                  4.2712123200513616E+000                  6.8378790310115436E+000                  2.4818799895823322E-044                  6.7279999999955731E-001                  3.3522340100040702E-005                  3.1496647766034247E-001                  2.1025988500795504E-003                  6.1630907196949872E-004                  5.7221218635412083E-003                  1.2718648985637696E-003                  2.4871053158459599E-003                  2.5913620232089900E-024                  0.0000000000000000E+000                  0.0000000000000000E+000 
                                     172                  9.9999947992688432E-001                  3.0050572893624961E-001                  4.2735640591963682E+000                  7.0006383254220559E+000                  3.8393421123996244E-044                  6.7279999999955731E-001                  3.3522340100040702E-005                  3.1496647766034247E-001                  2.1025988500795504E-003                  6.1630907196949872E-004                  5.7221218635412083E-003                  1.2718648985637696E-003                  2.4871053158459599E-003                  2.6728037064886853E-024                  0.0000000000000000E+000                  0.0000000000000000E+000 
                                     173                  9.9999945600865403E-001                  3.0047443137102958E-001                  4.2767360709467095E+000                  7.1105574716765272E+000                  5.3710296181863751E-044                  6.7279999999955731E-001                  3.3522340100040702E-005                  3.1496647766034247E-001                  2.1025988500795504E-003                  6.1630907196949872E-004                  5.7221218635412083E-003                  1.2718648985637696E-003                  2.4871053158459599E-003                  2.7862350377004611E-024                  0.0000000000000000E+000                  0.0000000000000000E+000 
                                     174                  9.9999942390509511E-001                  3.0043411647858048E-001                  4.2793448800066667E+000                  6.8032508308672615E+000                  2.8343288186901107E-044                  6.7279999999955731E-001                  3.3522340100040709E-005                  3.1496647766034247E-001                  2.1025988500795504E-003                  6.1630907196949872E-004                  5.7221218635412083E-003                  1.2718648985637696E-003                  2.4871053158459599E-003                  2.8837656591220195E-024                  0.0000000000000000E+000                  0.0000000000000000E+000 
                                     175                  9.9999940753443828E-001                  3.0041424688623081E-001                  4.2814888778192302E+000                  6.9673437527289970E+000                  4.3710793647477735E-044                  6.7279999999955731E-001                  3.3522340100040709E-005                  3.1496647766034247E-001                  2.1025988500795504E-003                  6.1630907196949872E-004                  5.7221218635412083E-003                  1.2718648985637696E-003                  2.4871053158459599E-003                  2.9652308164566843E-024                  0.0000000000000000E+000                  0.0000000000000000E+000 
                                     176                  9.9999938297845292E-001                  3.0038525300799807E-001                  4.2835571816569962E+000                  6.7796365334418089E+000                  2.9933755536682055E-044                  6.7279999999955731E-001                  3.3522340100040709E-005                  3.1496647766034247E-001                  2.1025988500795504E-003                  6.1630907196949872E-004                  5.7221218635412083E-003                  1.2718648985637696E-003                  2.4871053158459599E-003                  3.0462998478580218E-024                  0.0000000000000000E+000                  0.0000000000000000E+000 
                                     177                  9.9999936660779598E-001                  3.0036643286155562E-001                  4.2860059535069164E+000                  7.0747391086485516E+000                  6.2868397373589624E-044                  6.7279999999955731E-001                  3.3522340100040709E-005                  3.1496647766034247E-001                  2.1025988500795504E-003                  6.1630907196949872E-004                  5.7221218635412083E-003                  1.2718648985637696E-003                  2.4871053158459599E-003                  3.1437250070669981E-024                  0.0000000000000000E+000                  0.0000000000000000E+000 
                                     178                  9.9999933328626001E-001                  3.0032930041626776E-001                  4.2897427916854358E+000                  7.1950435661831618E+000                  9.1214907825870445E-044                  6.7279999999955731E-001                  3.3522340100040709E-005                  3.1496647766034247E-001                  2.1025988500795504E-003                  6.1630907196949872E-004                  5.7221218635412083E-003                  1.2718648985637696E-003                  2.4871053158459599E-003                  3.2979537240055765E-024                  0.0000000000000000E+000                  0.0000000000000000E+000 
                                     179                  9.9999928719157050E-001                  3.0028031113497244E-001                  4.2929215407410188E+000                  6.9210668371202448E+000                  5.2658938670386856E-044                  6.7279999999955731E-001                  3.3522340100040709E-005                  3.1496647766034247E-001                  2.1025988500795504E-003                  6.1630907196949872E-004                  5.7221218635412083E-003                  1.2718648985637696E-003                  2.4871053158459599E-003                  3.4360104196259426E-024                  0.0000000000000000E+000                  0.0000000000000000E+000 
                                     180                  9.9999926164526276E-001                  3.0025423988405153E-001                  4.2951153244065754E+000                  6.9090353988156750E+000                  5.4144577818997119E-044                  6.7279999999955731E-001                  3.3522340100040715E-005                  3.1496647766034247E-001                  2.1025988500795504E-003                  6.1630907196949872E-004                  5.7221218635412083E-003                  1.2718648985637696E-003                  2.4871053158459599E-003                  3.5334047675483936E-024                  0.0000000000000000E+000                  0.0000000000000000E+000 
                                     181                  9.9999923609895491E-001                  3.0022887948126098E-001                  4.2972428668171911E+000                  6.8974131183389273E+000                  5.5619528738014153E-044                  6.7279999999955731E-001                  3.3522340100040715E-005                  3.1496647766034247E-001                  2.1025988500795504E-003                  6.1630907196949872E-004                  5.7221218635412083E-003                  1.2718648985637696E-003                  2.4871053158459599E-003                  3.6301167416188997E-024                  0.0000000000000000E+000                  0.0000000000000000E+000 
                                     182                  9.9999921055264718E-001                  3.0020418733204224E-001                  4.2998521958662286E+000                  7.0674673341005363E+000                  8.7821877573969788E-044                  6.7279999999955731E-001                  3.3522340100040715E-005                  3.1496647766034247E-001                  2.1025988500795504E-003                  6.1630907196949872E-004                  5.7221218635412083E-003                  1.2718648985637696E-003                  2.4871053158459599E-003                  3.7512799962076487E-024                  0.0000000000000000E+000                  0.0000000000000000E+000 
                                     183                  9.9999917151241935E-001                  3.0016765783275590E-001                  4.3028885555957848E+000                  7.0550291621305092E+000                  9.2064912632567862E-044                  6.7279999999955731E-001                  3.3522340100040715E-005                  3.1496647766034247E-001                  2.1025988500795504E-003                  6.1630907196949872E-004                  5.7221218635412083E-003                  1.2718648985637696E-003                  2.4871053158459599E-003                  3.8972687295500021E-024                  0.0000000000000000E+000                  0.0000000000000000E+000 
                                     184                  9.9999913211180858E-001                  3.0013215675296295E-001                  4.3053281062175799E+000                  6.8657536974981292E+000                  6.3276952490716356E-044                  6.7279999999955731E-001                  3.3522340100040715E-005                  3.1496647766034247E-001                  2.1025988500795504E-003                  6.1630907196949872E-004                  5.7221218635412083E-003                  1.2718648985637696E-003                  2.4871053158459599E-003                  4.0185404712201749E-024                  0.0000000000000000E+000                  0.0000000000000000E+000 
                                     185                  9.9999910584473461E-001                  3.0010919551342630E-001                  4.3075692805997168E+000                  6.9876797946460139E+000                  8.8548248505442611E-044                  6.7279999999955731E-001                  3.3522340100040715E-005                  3.1496647766034247E-001                  2.1025988500795504E-003                  6.1630907196949872E-004                  5.7221218635412083E-003                  1.2718648985637696E-003                  2.4871053158459599E-003                  4.1319911443978474E-024                  0.0000000000000000E+000                  0.0000000000000000E+000 
                                     186                  9.9999907009150535E-001                  3.0007879029626494E-001                  4.3100016887762136E+000                  6.9519584239091232E+000                  8.6593463768092515E-044                  6.7279999999955731E-001                  3.3522340100040722E-005                  3.1496647766034247E-001                  2.1025988500795504E-003                  6.1630907196949872E-004                  5.7221218635412083E-003                  1.2718648985637696E-003                  2.4871053158459599E-003                  4.2586114110365793E-024                  0.0000000000000000E+000                  0.0000000000000000E+000 
                                     187                  9.9999903616196717E-001                  3.0005078398284990E-001                  4.3130575929853112E+000                  7.1576863764521264E+000                  1.4980546052900184E-043                  6.7279999999955731E-001                  3.3522340100040722E-005                  3.1496647766034247E-001                  2.1025988500795504E-003                  6.1630907196949872E-004                  5.7221218635412083E-003                  1.2718648985637696E-003                  2.4871053158459599E-003                  4.4212523963385877E-024                  0.0000000000000000E+000                  0.0000000000000000E+000 
                                     188                  9.9999897961273665E-001                  3.0000580388557996E-001                  4.3156043835234295E+000                  6.7461875554950774E+000                  6.1831370006850403E-044                  6.7279999999955731E-001                  3.3522340100040729E-005                  3.1496647766034247E-001                  2.1025988500795504E-003                  6.1630907196949872E-004                  5.7221218635412083E-003                  1.2718648985637696E-003                  2.4871053158459599E-003                  4.5628686349567487E-024                  0.0000000000000000E+000                  0.0000000000000000E+000 
                                     189                  9.9999895699304453E-001                  2.9998836363262654E-001                  4.3177406990720657E+000                  7.0360570696462013E+000                  1.2689683307508211E-043                  6.7279999999955731E-001                  3.3522340100040722E-005                  3.1496647766034247E-001                  2.1025988500795504E-003                  6.1630907196949872E-004                  5.7221218635412083E-003                  1.2718648985637696E-003                  2.4871053158459599E-003                  4.6828418842986813E-024                  0.0000000000000000E+000                  0.0000000000000000E+000 
                                     190                  9.9999891175366018E-001                  2.9995436605198128E-001                  4.3197599197060210E+000                  6.6974419631465958E+000                  6.1113112235187677E-044                  6.7279999999955731E-001                  3.3522340100040722E-005                  3.1496647766034247E-001                  2.1025988500795504E-003                  6.1630907196949872E-004                  5.7221218635412083E-003                  1.2718648985637696E-003                  2.4871053158459599E-003                  4.7999984583808820E-024                  0.0000000000000000E+000                  0.0000000000000000E+000 
                                     191                  9.9999889049547697E-001                  2.9993877563610433E-001                  4.3216604780003465E+000                  6.9886163844033282E+000                  1.2504491736955969E-043                  6.7279999999955731E-001                  3.3522340100040722E-005                  3.1496647766034247E-001                  2.1025988500795504E-003                  6.1630907196949872E-004                  5.7221218635412083E-003                  1.2718648985637696E-003                  2.4871053158459599E-003                  4.9113021080708271E-024                  0.0000000000000000E+000                  0.0000000000000000E+000 
                                     192                  9.9999884797911032E-001                  2.9990829281495085E-001                  4.3235013085831318E+000                  6.6779838083593415E+000                  6.3926955358234078E-044                  6.7279999999955731E-001                  3.3522340100040729E-005                  3.1496647766034247E-001                  2.1025988500795504E-003                  6.1630907196949872E-004                  5.7221218635412083E-003                  1.2718648985637696E-003                  2.4871053158459599E-003                  5.0222429890832104E-024                  0.0000000000000000E+000                  0.0000000000000000E+000 
                                     193                  9.9999882672092699E-001                  2.9989338392606851E-001                  4.3253100103107283E+000                  6.9697017727832939E+000                  1.3063818647455920E-043                  6.7279999999955731E-001                  3.3522340100040729E-005                  3.1496647766034247E-001                  2.1025988500795504E-003                  6.1630907196949872E-004                  5.7221218635412083E-003                  1.2718648985637696E-003                  2.4871053158459599E-003                  5.1322273697325890E-024                  0.0000000000000000E+000                  0.0000000000000000E+000 
                                     194                  9.9999878420456056E-001                  2.9986419720618218E-001                  4.3281809197213050E+000                  7.1184259098313047E+000                  1.9692700246020063E-043                  6.7279999999955731E-001                  3.3522340100040729E-005                  3.1496647766034247E-001                  2.1025988500795504E-003                  6.1630907196949872E-004                  5.7221218635412083E-003                  1.2718648985637696E-003                  2.4871053158459599E-003                  5.3110441896192312E-024                  0.0000000000000000E+000                  0.0000000000000000E+000 
                                     195                  9.9999872226036368E-001                  2.9982308748083625E-001                  4.3318682504834358E+000                  7.2010023529376008E+000                  2.5975712267781226E-043                  6.7279999999955731E-001                  3.3522340100040729E-005                  3.1496647766034247E-001                  2.1025988500795504E-003                  6.1630907196949872E-004                  5.7221218635412083E-003                  1.2718648985637696E-003                  2.4871053158459599E-003                  5.5485142790814343E-024                  0.0000000000000000E+000                  0.0000000000000000E+000 
                                     196                  9.9999864403014771E-001                  2.9977336343762612E-001                  4.3358144324140868E+000                  7.1895410571127325E+000                  2.7748597476878945E-043                  6.7279999999955731E-001                  3.3522340100040736E-005                  3.1496647766034247E-001                  2.1025988500795504E-003                  6.1630907196949872E-004                  5.7221218635412083E-003                  1.2718648985637696E-003                  2.4871053158459599E-003                  5.8131471125243953E-024                  0.0000000000000000E+000                  0.0000000000000000E+000 
                                     197                  9.9999856424324840E-001                  2.9972492900478270E-001                  4.3391321703032109E+000                  7.0478372955184003E+000                  2.1634691878476920E-043                  6.7279999999955731E-001                  3.3522340100040736E-005                  3.1496647766034247E-001                  2.1025988500795504E-003                  6.1630907196949872E-004                  5.7221218635412083E-003                  1.2718648985637696E-003                  2.4871053158459599E-003                  6.0445042785971034E-024                  0.0000000000000000E+000                  0.0000000000000000E+000 
                                     198                  9.9999850440307381E-001                  2.9968997538553299E-001                  4.3419106203671038E+000                  7.0453542041070465E+000                  2.2936539277123602E-043                  6.7279999999955731E-001                  3.3522340100040736E-005                  3.1496647766034247E-001                  2.1025988500795504E-003                  6.1630907196949872E-004                  5.7221218635412083E-003                  1.2718648985637696E-003                  2.4871053158459599E-003                  6.2432511785832449E-024                  0.0000000000000000E+000                  0.0000000000000000E+000 
                                     199                  9.9999844296960505E-001                  2.9965521825498487E-001                  4.3446521272840544E+000                  7.0393853771346944E+000                  2.4092982069976954E-043                  6.7279999999955731E-001                  3.3522340100040736E-005                  3.1496647766034247E-001                  2.1025988500795504E-003                  6.1630907196949872E-004                  5.7221218635412083E-003                  1.2718648985637696E-003                  2.4871053158459599E-003                  6.4445987888729910E-024                  0.0000000000000000E+000                  0.0000000000000000E+000 
                                     200                  9.9999838044262734E-001                  2.9962093282429270E-001                  4.3477833928350265E+000                  7.1526826024368892E+000                  3.3582404087513002E-043                  6.7279999999955731E-001                  3.3522340100040743E-005                  3.1496647766034247E-001                  2.1025988500795504E-003                  6.1630907196949872E-004                  5.7221218635412083E-003                  1.2718648985637696E-003                  2.4871053158459599E-003                  6.6802822381740232E-024                  0.0000000000000000E+000                  0.0000000000000000E+000 
                                     201                  9.9999829634431792E-001                  2.9957642398879802E-001                  4.3512444036964188E+000                  7.1414435561699703E+000                  3.5393379531946420E-043                  6.7279999999955731E-001                  3.3522340100040743E-005                  3.1496647766034247E-001                  2.1025988500795504E-003                  6.1630907196949872E-004                  5.7221218635412083E-003                  1.2718648985637696E-003                  2.4871053158459599E-003                  6.9498071324758033E-024                  0.0000000000000000E+000                  0.0000000000000000E+000 
                                     202                  9.9999821112679121E-001                  2.9953304782621920E-001                  4.3547378614286814E+000                  7.1631097784624052E+000                  4.0240706786240863E-043                  6.7279999999955731E-001                  3.3522340100040743E-005                  3.1496647766034247E-001                  2.1025988500795504E-003                  6.1630907196949872E-004                  5.7221218635412083E-003                  1.2718648985637696E-003                  2.4871053158459599E-003                  7.2304853583116130E-024                  0.0000000000000000E+000                  0.0000000000000000E+000 
                                     203                  9.9999811797540294E-001                  2.9948744814167821E-001                  4.3574229131331199E+000                  6.8796808658895348E+000                  2.2255129065808875E-043                  6.7279999999955731E-001                  3.3522340100040743E-005                  3.1496647766034247E-001                  2.1025988500795504E-003                  6.1630907196949872E-004                  5.7221218635412083E-003                  1.2718648985637696E-003                  2.4871053158459599E-003                  7.4539422661123435E-024                  0.0000000000000000E+000                  0.0000000000000000E+000 
                                     204                  9.9999806799238644E-001                  2.9946370339186401E-001                  4.3601669185821557E+000                  7.1676039440571344E+000                  4.5881420510012610E-043                  6.7279999999955731E-001                  3.3522340100040749E-005                  3.1496647766034247E-001                  2.1025988500795504E-003                  6.1630907196949872E-004                  5.7221218635412083E-003                  1.2718648985637696E-003                  2.4871053158459599E-003                  7.6851356987468649E-024                  0.0000000000000000E+000                  0.0000000000000000E+000 
                                     205                  9.9999796802635377E-001                  2.9941762199990957E-001                  4.3635298924627302E+000                  7.1145546293715496E+000                  4.3734854549008560E-043                  6.7279999999955731E-001                  3.3522340100040749E-005                  3.1496647766034247E-001                  2.1025988500795504E-003                  6.1630907196949872E-004                  5.7221218635412083E-003                  1.2718648985637696E-003                  2.4871053158459599E-003                  7.9785823094673621E-024                  0.0000000000000000E+000                  0.0000000000000000E+000 
                                     206                  9.9999787621851133E-001                  2.9937683519284330E-001                  4.3666485100823964E+000                  7.1054515627717114E+000                  4.5853485477386721E-043                  6.7279999999955731E-001                  3.3522340100040749E-005                  3.1496647766034247E-001                  2.1025988500795504E-003                  6.1630907196949872E-004                  5.7221218635412083E-003                  1.2718648985637696E-003                  2.4871053158459599E-003                  8.2583543344492742E-024                  0.0000000000000000E+000                  0.0000000000000000E+000 
                                     207                  9.9999778320196375E-001                  2.9933689069115882E-001                  4.3697100755805787E+000                  7.1015469722556173E+000                  4.8570136882283534E-043                  6.7279999999955731E-001                  3.3522340100040756E-005                  3.1496647766034247E-001                  2.1025988500795504E-003                  6.1630907196949872E-004                  5.7221218635412083E-003                  1.2718648985637696E-003                  2.4871053158459599E-003                  8.5405662390373178E-024                  0.0000000000000000E+000                  0.0000000000000000E+000 
                                     208                  9.9999768790772625E-001                  2.9929730008194450E-001                  4.3726980137226485E+000                  7.0875746166775988E+000                  5.0167171356381835E-043                  6.7279999999955731E-001                  3.3522340100040756E-005                  3.1496647766034247E-001                  2.1025988500795504E-003                  6.1630907196949872E-004                  5.7221218635412083E-003                  1.2718648985637696E-003                  2.4871053158459599E-003                  8.8234417425414226E-024                  0.0000000000000000E+000                  0.0000000000000000E+000 
                                     209                  9.9999759261348853E-001                  2.9925895949167913E-001                  4.3754481116514956E+000                  7.0318493438952876E+000                  4.6810514729951708E-043                  6.7279999999955731E-001                  3.3522340100040756E-005                  3.1496647766034247E-001                  2.1025988500795504E-003                  6.1630907196949872E-004                  5.7221218635412083E-003                  1.2718648985637696E-003                  2.4871053158459599E-003                  9.0905988655459503E-024                  0.0000000000000000E+000                  0.0000000000000000E+000 
                                     210                  9.9999750628982365E-001                  2.9922523312515603E-001                  4.3789136701475897E+000                  7.2556260057923323E+000                  8.4330741803972980E-043                  6.7279999999955731E-001                  3.3522340100040756E-005                  3.1496647766034247E-001                  2.1025988500795504E-003                  6.1630907196949872E-004                  5.7221218635412083E-003                  1.2718648985637696E-003                  2.4871053158459599E-003                  9.4338518293050219E-024                  0.0000000000000000E+000                  0.0000000000000000E+000 
                                     211                  9.9999735639233456E-001                  2.9916876656740538E-001                  4.3826186823094009E+000                  7.1244164005284869E+000                  6.7436679554307396E-043                  6.7279999999955731E-001                  3.3522340100040763E-005                  3.1496647766034247E-001                  2.1025988500795504E-003                  6.1630907196949872E-004                  5.7221218635412083E-003                  1.2718648985637696E-003                  2.4871053158459599E-003                  9.8158376208113855E-024                  0.0000000000000000E+000                  0.0000000000000000E+000 
                                     212                  9.9999724115437050E-001                  2.9912701903451838E-001                  4.3862915343509270E+000                  7.2442008461895853E+000                  9.5936574283608369E-043                  6.7279999999955731E-001                  3.3522340100040763E-005                  3.1496647766034247E-001                  2.1025988500795504E-003                  6.1630907196949872E-004                  5.7221218635412083E-003                  1.2718648985637696E-003                  2.4871053158459599E-003                  1.0203662923028615E-023                  0.0000000000000000E+000                  0.0000000000000000E+000 
                                     213                  9.9999708339926108E-001                  2.9907200624828817E-001                  4.3896805466371367E+000                  7.0565741353162661E+000                  6.6848492261151304E-043                  6.7279999999955731E-001                  3.3522340100040770E-005                  3.1496647766034247E-001                  2.1025988500795504E-003                  6.1630907196949872E-004                  5.7221218635412083E-003                  1.2718648985637696E-003                  2.4871053158459599E-003                  1.0575217464648358E-023                  0.0000000000000000E+000                  0.0000000000000000E+000 
                                     214                  9.9999697730829185E-001                  2.9903628864611914E-001                  4.3923567316591861E+000                  7.0560404197413522E+000                  7.0557983038771083E-043                  6.7279999999955731E-001                  3.3522340100040770E-005                  3.1496647766034247E-001                  2.1025988500795504E-003                  6.1630907196949872E-004                  5.7221218635412083E-003                  1.2718648985637696E-003                  2.4871053158459599E-003                  1.0874638824128206E-023                  0.0000000000000000E+000                  0.0000000000000000E+000 
                                     215                  9.9999686838942015E-001                  2.9900061197891498E-001                  4.3946764700173189E+000                  6.9283103669667669E+000                  5.5148930113421090E-043                  6.7279999999955731E-001                  3.3522340100040776E-005                  3.1496647766034247E-001                  2.1025988500795504E-003                  6.1630907196949872E-004                  5.7221218635412083E-003                  1.2718648985637696E-003                  2.4871053158459599E-003                  1.1140127805912909E-023                  0.0000000000000000E+000                  0.0000000000000000E+000 
                                     216                  9.9999678527001223E-001                  2.9897402399809242E-001                  4.3976522064588810E+000                  7.2239522295507985E+000                  1.1571060102314978E-042                  6.7279999999955731E-001                  3.3522340100040770E-005                  3.1496647766034247E-001                  2.1025988500795504E-003                  6.1630907196949872E-004                  5.7221218635412083E-003                  1.2718648985637696E-003                  2.4871053158459599E-003                  1.1485080071354394E-023                  0.0000000000000000E+000                  0.0000000000000000E+000 
                                     217                  9.9999661606943269E-001                  2.9892149891165465E-001                  4.4016996485184885E+000                  7.2544501227459541E+000                  1.3471044218165058E-042                  6.7279999999955731E-001                  3.3522340100040776E-005                  3.1496647766034247E-001                  2.1025988500795504E-003                  6.1630907196949872E-004                  5.7221218635412083E-003                  1.2718648985637696E-003                  2.4871053158459599E-003                  1.1970202486661850E-023                  0.0000000000000000E+000                  0.0000000000000000E+000 
                                     218                  9.9999642700475033E-001                  2.9886514564343575E-001                  4.4059937056125085E+000                  7.2795939597731740E+000                  1.5555548890514630E-042                  6.7279999999955731E-001                  3.3522340100040776E-005                  3.1496647766034247E-001                  2.1025988500795504E-003                  6.1630907196949872E-004                  5.7221218635412083E-003                  1.2718648985637696E-003                  2.4871053158459599E-003                  1.2502252991804206E-023                  0.0000000000000000E+000                  0.0000000000000000E+000 
                                     219                  9.9999621789882909E-001                  2.9880542548079392E-001                  4.4104968040540280E+000                  7.3001558745606010E+000                  1.7832661905648488E-042                  6.7279999999955731E-001                  3.3522340100040783E-005                  3.1496647766034247E-001                  2.1025988500795504E-003                  6.1630907196949872E-004                  5.7221218635412083E-003                  1.2718648985637696E-003                  2.4871053158459599E-003                  1.3079830716615065E-023                  0.0000000000000000E+000                  0.0000000000000000E+000 
                                     220                  9.9999598867934336E-001                  2.9874280101000250E-001                  4.4139867794647740E+000                  7.0303982664739708E+000                  1.0267213560284324E-042                  6.7279999999955731E-001                  3.3522340100040783E-005                  3.1496647766034247E-001                  2.1025988500795504E-003                  6.1630907196949872E-004                  5.7221218635412083E-003                  1.2718648985637696E-003                  2.4871053158459599E-003                  1.3545028255615989E-023                  0.0000000000000000E+000                  0.0000000000000000E+000 
                                     221                  9.9999586119912487E-001                  2.9870914717197233E-001                  4.4164129088100923E+000                  7.0201422022753004E+000                  1.0514174595594266E-042                  6.7279999999955731E-001                  3.3522340100040783E-005                  3.1496647766034247E-001                  2.1025988500795504E-003                  6.1630907196949872E-004                  5.7221218635412083E-003                  1.2718648985637696E-003                  2.4871053158459599E-003                  1.3873779487286176E-023                  0.0000000000000000E+000                  0.0000000000000000E+000 
                                     222                  9.9999573371890615E-001                  2.9867627625658932E-001                  4.4185138134179329E+000                  6.9015455215760957E+000                  8.3355684117300635E-043                  6.7279999999955731E-001                  3.3522340100040790E-005                  3.1496647766034247E-001                  2.1025988500795504E-003                  6.1630907196949872E-004                  5.7221218635412083E-003                  1.2718648985637696E-003                  2.4871053158459599E-003                  1.4163890731097762E-023                  0.0000000000000000E+000                  0.0000000000000000E+000 
                                     223                  9.9999563470515096E-001                  2.9865125874774701E-001                  4.4209238283460035E+000                  7.1164296902289381E+000                  1.4321065211243362E-042                  6.7279999999955731E-001                  3.3522340100040790E-005                  3.1496647766034247E-001                  2.1025988500795504E-003                  6.1630907196949872E-004                  5.7221218635412083E-003                  1.2718648985637696E-003                  2.4871053158459599E-003                  1.4500596724523541E-023                  0.0000000000000000E+000                  0.0000000000000000E+000 
                                     224                  9.9999546850759158E-001                  2.9861022310340724E-001                  4.4241827355064087E+000                  7.1917039498385522E+000                  1.8129213652852412E-042                  6.7279999999955731E-001                  3.3522340100040790E-005                  3.1496647766034247E-001                  2.1025988500795504E-003                  6.1630907196949872E-004                  5.7221218635412083E-003                  1.2718648985637696E-003                  2.4871053158459599E-003                  1.4966538831384732E-023                  0.0000000000000000E+000                  0.0000000000000000E+000 
                                     225                  9.9999526460691213E-001                  2.9856141629176175E-001                  4.4282918218065372E+000                  7.3137018703571446E+000                  2.5955935267695323E-042                  6.7279999999955731E-001                  3.3522340100040797E-005                  3.1496647766034247E-001                  2.1025988500795504E-003                  6.1630907196949872E-004                  5.7221218635412083E-003                  1.2718648985637696E-003                  2.4871053158459599E-003                  1.5569253546238907E-023                  0.0000000000000000E+000                  0.0000000000000000E+000 
                                     226                  9.9999498387630459E-001                  2.9849677127027846E-001                  4.4317286538059504E+000                  7.0099348383018025E+000                  1.3767239286299385E-042                  6.7279999999955731E-001                  3.3522340100040797E-005                  3.1496647766034247E-001                  2.1025988500795504E-003                  6.1630907196949872E-004                  5.7221218635412083E-003                  1.2718648985637696E-003                  2.4871053158459599E-003                  1.6093148719512545E-023                  0.0000000000000000E+000                  0.0000000000000000E+000 
                                     227                  9.9999483977664549E-001                  2.9846464824522778E-001                  4.4345979011304175E+000                  7.1819497182451704E+000                  2.1584514034339299E-042                  6.7279999999955731E-001                  3.3522340100040804E-005                  3.1496647766034247E-001                  2.1025988500795504E-003                  6.1630907196949872E-004                  5.7221218635412083E-003                  1.2718648985637696E-003                  2.4871053158459599E-003                  1.6536157476514300E-023                  0.0000000000000000E+000                  0.0000000000000000E+000 
                                     228                  9.9999461984983773E-001                  2.9841690947281063E-001                  4.4380056124210387E+000                  7.1834017867155087E+000                  2.3074889534304737E-042                  6.7279999999955731E-001                  3.3522340100040804E-005                  3.1496647766034247E-001                  2.1025988500795504E-003                  6.1630907196949872E-004                  5.7221218635412083E-003                  1.2718648985637696E-003                  2.4871053158459599E-003                  1.7076195098108611E-023                  0.0000000000000000E+000                  0.0000000000000000E+000 
                                     229                  9.9999439210158136E-001                  2.9836900554359569E-001                  4.4413925812703230E+000                  7.1800371012805870E+000                  2.4375191015674495E-042                  6.7279999999955731E-001                  3.3522340100040804E-005                  3.1496647766034247E-001                  2.1025988500795504E-003                  6.1630907196949872E-004                  5.7221218635412083E-003                  1.2718648985637696E-003                  2.4871053158459599E-003                  1.7626318717811026E-023                  0.0000000000000000E+000                  0.0000000000000000E+000 
                                     230                  9.9999415895492294E-001                  2.9832146609137711E-001                  4.4441655869807777E+000                  6.9978997346138598E+000                  1.6864745645593534E-042                  6.7279999999955731E-001                  3.3522340100040810E-005                  3.1496647766034247E-001                  2.1025988500795504E-003                  6.1630907196949872E-004                  5.7221218635412083E-003                  1.2718648985637696E-003                  2.4871053158459599E-003                  1.8088321417379912E-023                  0.0000000000000000E+000                  0.0000000000000000E+000 
                                     231                  9.9999400172435027E-001                  2.9829020844992510E-001                  4.4475124678891156E+000                  7.3009900767080369E+000                  3.6006629959967206E-042                  6.7279999999955731E-001                  3.3522340100040810E-005                  3.1496647766034247E-001                  2.1025988500795504E-003                  6.1630907196949872E-004                  5.7221218635412083E-003                  1.2718648985637696E-003                  2.4871053158459599E-003                  1.8652498425643954E-023                  0.0000000000000000E+000                  0.0000000000000000E+000 
                                     232                  9.9999367608530687E-001                  2.9822738907864405E-001                  4.4519105288111902E+000                  7.2989655909291447E+000                  3.8802865421508036E-042                  6.7279999999955731E-001                  3.3522340100040817E-005                  3.1496647766034247E-001                  2.1025988500795504E-003                  6.1630907196949872E-004                  5.7221218635412083E-003                  1.2718648985637696E-003                  2.4871053158459599E-003                  1.9419290002422306E-023                  0.0000000000000000E+000                  0.0000000000000000E+000 
                                     233                  9.9999333887393616E-001                  2.9816485283693589E-001                  4.4562681514051814E+000                  7.2972594428073361E+000                  4.1784840103011554E-042                  6.7279999999955731E-001                  3.3522340100040817E-005                  3.1496647766034247E-001                  2.1025988500795504E-003                  6.1630907196949872E-004                  5.7221218635412083E-003                  1.2718648985637696E-003                  2.4871053158459599E-003                  2.0202590597079057E-023                  0.0000000000000000E+000                  0.0000000000000000E+000 
                                     234                  9.9999298968201122E-001                  2.9810255283680942E-001                  4.4594938448162829E+000                  6.9989279897196823E+000                  2.2268976550558315E-042                  6.7279999999955731E-001                  3.3522340100040824E-005                  3.1496647766034247E-001                  2.1025988500795504E-003                  6.1630907196949872E-004                  5.7221218635412083E-003                  1.2718648985637696E-003                  2.4871053158459599E-003                  2.0801568017222356E-023                  0.0000000000000000E+000                  0.0000000000000000E+000 
                                     235                  9.9999280888452124E-001                  2.9807120530018166E-001                  4.4616449532905680E+000                  6.9907167747068568E+000                  2.2697267867475467E-042                  6.7279999999955731E-001                  3.3522340100040831E-005                  3.1496647766034247E-001                  2.1025988500795504E-003                  6.1630907196949872E-004                  5.7221218635412083E-003                  1.2718648985637696E-003                  2.4871053158459599E-003                  2.1206053751045320E-023                  0.0000000000000000E+000                  0.0000000000000000E+000 
                                     236                  9.9999262808703115E-001                  2.9804044268459179E-001                  4.4648747916442115E+000                  7.2947208849369272E+000                  4.8353840905369812E-042                  6.7279999999955731E-001                  3.3522340100040824E-005                  3.1496647766034247E-001                  2.1025988500795504E-003                  6.1630907196949872E-004                  5.7221218635412083E-003                  1.2718648985637696E-003                  2.4871053158459599E-003                  2.1820694319659901E-023                  0.0000000000000000E+000                  0.0000000000000000E+000 
                                     237                  9.9999225365172550E-001                  2.9797848806037325E-001                  4.4691305561841359E+000                  7.2938542600099829E+000                  5.1966390001305575E-042                  6.7279999999955731E-001                  3.3522340100040837E-005                  3.1496647766034247E-001                  2.1025988500795504E-003                  6.1630907196949872E-004                  5.7221218635412083E-003                  1.2718648985637696E-003                  2.4871053158459599E-003                  2.2656396332078240E-023                  0.0000000000000000E+000                  0.0000000000000000E+000 
                                     238                  9.9999186592354450E-001                  2.9791664812892332E-001                  4.4733579889336488E+000                  7.2932344784325709E+000                  5.5816087798312594E-042                  6.7279999999955731E-001                  3.3522340100040837E-005                  3.1496647766034247E-001                  2.1025988500795504E-003                  6.1630907196949872E-004                  5.7221218635412083E-003                  1.2718648985637696E-003                  2.4871053158459599E-003                  2.3510537136889785E-023                  0.0000000000000000E+000                  0.0000000000000000E+000 
                                     239                  9.9999146443413045E-001                  2.9785488759837014E-001                  4.4775595361279503E+000                  7.2928472692427704E+000                  5.9917793054131964E-042                  6.7279999999955731E-001                  3.3522340100040837E-005                  3.1496647766034247E-001                  2.1025988500795504E-003                  6.1630907196949872E-004                  5.7221218635412083E-003                  1.2718648985637696E-003                  2.4871053158459599E-003                  2.4383615956626363E-023                  0.0000000000000000E+000                  0.0000000000000000E+000 
                                     240                  9.9999104869877020E-001                  2.9779317333545580E-001                  4.4817374585922609E+000                  7.2926794593783129E+000                  6.4287270931713429E-042                  6.7279999999955731E-001                  3.3522340100040844E-005                  3.1496647766034247E-001                  2.1025988500795504E-003                  6.1630907196949872E-004                  5.7221218635412083E-003                  1.2718648985637696E-003                  2.4871053158459599E-003                  2.5276142298806810E-023                  0.0000000000000000E+000                  0.0000000000000000E+000 
                                     241                  9.9999061821583168E-001                  2.9773147414820433E-001                  4.4858938538159689E+000                  7.2927189152352314E+000                  6.8941239667424659E-042                  6.7279999999955731E-001                  3.3522340100040844E-005                  3.1496647766034247E-001                  2.1025988500795504E-003                  6.1630907196949872E-004                  5.7221218635412083E-003                  1.2718648985637696E-003                  2.4871053158459599E-003                  2.6188633316213630E-023                  0.0000000000000000E+000                  0.0000000000000000E+000 
                                     242                  9.9999017246617783E-001                  2.9766976058740069E-001                  4.4900306804470027E+000                  7.2929544714662882E+000                  7.3897421410124271E-042                  6.7279999999955731E-001                  3.3522340100040858E-005                  3.1496647766034247E-001                  2.1025988500795504E-003                  6.1630907196949872E-004                  5.7221218635412083E-003                  1.2718648985637696E-003                  2.4871053158459599E-003                  2.7121612123698676E-023                  0.0000000000000000E+000                  0.0000000000000000E+000 
                                     243                  9.9998971091256394E-001                  2.9760800476687899E-001                  4.4941497746359591E+000                  7.2933757961161696E+000                  7.9174607832878143E-042                  6.7279999999955731E-001                  3.3522340100040858E-005                  3.1496647766034247E-001                  2.1025988500795504E-003                  6.1630907196949872E-004                  5.7221218635412083E-003                  1.2718648985637696E-003                  2.4871053158459599E-003                  2.8075610655784168E-023                  0.0000000000000000E+000                  0.0000000000000000E+000 
                                     244                  9.9998923299901121E-001                  2.9754618021015383E-001                  4.4982528587279704E+000                  7.2939733074291624E+000                  8.4792724194803200E-042                  6.7279999999955731E-001                  3.3522340100040858E-005                  3.1496647766034247E-001                  2.1025988500795504E-003                  6.1630907196949872E-004                  5.7221218635412083E-003                  1.2718648985637696E-003                  2.4871053158459599E-003                  2.9051170316981468E-023                  0.0000000000000000E+000                  0.0000000000000000E+000 
                                     245                  9.9998873815016265E-001                  2.9748426171483106E-001                  4.5023415494873014E+000                  7.2947381007703678E+000                  9.0772897177256450E-042                  6.7279999999955731E-001                  3.3522340100040865E-005                  3.1496647766034247E-001                  2.1025988500795504E-003                  6.1630907196949872E-004                  5.7221218635412083E-003                  1.2718648985637696E-003                  2.4871053158459599E-003                  3.0048842607019910E-023                  0.0000000000000000E+000                  0.0000000000000000E+000 
                                     246                  9.9998822577061297E-001                  2.9742222523236705E-001                  4.5064173709575934E+000                  7.2956619015300941E+000                  9.7137522843059887E-042                  6.7279999999955731E-001                  3.3522340100040865E-005                  3.1496647766034247E-001                  2.1025988500795504E-003                  6.1630907196949872E-004                  5.7221218635412083E-003                  1.2718648985637696E-003                  2.4871053158459599E-003                  3.1069188468886887E-023                  0.0000000000000000E+000                  0.0000000000000000E+000 
                                     247                  9.9998769524421949E-001                  2.9736004775864844E-001                  4.5104817705065470E+000                  7.2967370294322720E+000                  1.0391033634408744E-041                  6.7279999999955731E-001                  3.3522340100040871E-005                  3.1496647766034247E-001                  2.1025988500795504E-003                  6.1630907196949872E-004                  5.7221218635412083E-003                  1.2718648985637696E-003                  2.4871053158459599E-003                  3.2112777094050258E-023                  0.0000000000000000E+000                  0.0000000000000000E+000 
                                     248                  9.9998714593338789E-001                  2.9729770723305354E-001                  4.5145361285446350E+000                  7.2979563482148642E+000                  1.1111648904880943E-041                  6.7279999999955731E-001                  3.3522340100040878E-005                  3.1496647766034247E-001                  2.1025988500795504E-003                  6.1630907196949872E-004                  5.7221218635412083E-003                  1.2718648985637696E-003                  2.4871053158459599E-003                  3.3180185980889073E-023                  0.0000000000000000E+000                  0.0000000000000000E+000 
                                     249                  9.9998657717833284E-001                  2.9723518244748948E-001                  4.5185817630317038E+000                  7.2993132167320613E+000                  1.1878263108600355E-041                  6.7279999999955731E-001                  3.3522340100040878E-005                  3.1496647766034247E-001                  2.1025988500795504E-003                  6.1630907196949872E-004                  5.7221218635412083E-003                  1.2718648985637696E-003                  2.4871053158459599E-003                  3.4272001328908815E-023                  0.0000000000000000E+000                  0.0000000000000000E+000 
                                     250                  9.9998598829631635E-001                  2.9717245296472333E-001                  4.5226199337424502E+000                  7.3008014434949988E+000                  1.2693699910708248E-041                  6.7279999999955731E-001                  3.3522340100040885E-005                  3.1496647766034247E-001                  2.1025988500795504E-003                  6.1630907196949872E-004                  5.7221218635412083E-003                  1.2718648985637696E-003                  2.4871053158459599E-003                  3.5388818553607423E-023                  0.0000000000000000E+000                  0.0000000000000000E+000 
                                     251                  9.9998537858085723E-001                  2.9710949904512640E-001                  4.5266518497503494E+000                  7.3024152325319074E+000                  1.3560951341710464E-041                  6.7279999999955731E-001                  3.3522340100040892E-005                  3.1496647766034247E-001                  2.1025988500795504E-003                  6.1630907196949872E-004                  5.7221218635412083E-003                  1.2718648985637696E-003                  2.4871053158459599E-003                  3.6531243974851398E-023                  0.0000000000000000E+000                  0.0000000000000000E+000 
                                     252                  9.9998474730091469E-001                  2.9704630158278555E-001                  4.5306786787512445E+000                  7.3041491729562962E+000                  1.4483186895106229E-041                  6.7279999999955731E-001                  3.3522340100040892E-005                  3.1496647766034247E-001                  2.1025988500795504E-003                  6.1630907196949872E-004                  5.7221218635412083E-003                  1.2718648985637696E-003                  2.4871053158459599E-003                  3.7699893235511129E-023                  0.0000000000000000E+000                  0.0000000000000000E+000 
                                     253                  9.9998409370004548E-001                  2.9698284204439296E-001                  4.5347015525638614E+000                  7.3059982293056738E+000                  1.5463762975983847E-041                  6.7279999999955731E-001                  3.3522340100040898E-005                  3.1496647766034247E-001                  2.1025988500795504E-003                  6.1630907196949872E-004                  5.7221218635412083E-003                  1.2718648985637696E-003                  2.4871053158459599E-003                  3.8895389564904958E-023                  0.0000000000000000E+000                  0.0000000000000000E+000 
                                     254                  9.9998341699552995E-001                  2.9691910241050257E-001                  4.5387215699667660E+000                  7.3079577124267656E+000                  1.6506233474292609E-041                  6.7279999999955731E-001                  3.3522340100040905E-005                  3.1496647766034247E-001                  2.1025988500795504E-003                  6.1630907196949872E-004                  5.7221218635412083E-003                  1.2718648985637696E-003                  2.4871053158459599E-003                  4.0118363800743650E-023                  0.0000000000000000E+000                  0.0000000000000000E+000 
                                     255                  9.9998271637747116E-001                  2.9685506512175264E-001                  4.5427397993672445E+000                  7.3100232489838799E+000                  1.7614361049778066E-041                  6.7279999999955731E-001                  3.3522340100040912E-005                  3.1496647766034247E-001                  2.1025988500795504E-003                  6.1630907196949872E-004                  5.7221218635412083E-003                  1.2718648985637696E-003                  2.4871053158459599E-003                  4.1369454745835040E-023                  0.0000000000000000E+000                  0.0000000000000000E+000 
                                     256                  9.9998199100786189E-001                  2.9679071303010029E-001                  4.5467572821184126E+000                  7.3121907248094216E+000                  1.8792130331849190E-041                  6.7279999999955731E-001                  3.3522340100040912E-005                  3.1496647766034247E-001                  2.1025988500795504E-003                  6.1630907196949872E-004                  5.7221218635412083E-003                  1.2718648985637696E-003                  2.4871053158459599E-003                  4.2649312485508372E-023                  0.0000000000000000E+000                  0.0000000000000000E+000 
                                     257                  9.9998124001962063E-001                  2.9672602935885350E-001                  4.5507750363595427E+000                  7.3144562844163268E+000                  2.0043759813395270E-041                  6.7279999999955731E-001                  3.3522340100040919E-005                  3.1496647766034247E-001                  2.1025988500795504E-003                  6.1630907196949872E-004                  5.7221218635412083E-003                  1.2718648985637696E-003                  2.4871053158459599E-003                  4.3958596722142280E-023                  0.0000000000000000E+000                  0.0000000000000000E+000 
                                     258                  9.9998046251559547E-001                  2.9666099766314330E-001                  4.5547940601957455E+000                  7.3168163374879995E+000                  2.1373713850480542E-041                  6.7279999999955731E-001                  3.3522340100040925E-005                  3.1496647766034247E-001                  2.1025988500795504E-003                  6.1630907196949872E-004                  5.7221218635412083E-003                  1.2718648985637696E-003                  2.4871053158459599E-003                  4.5297974187170267E-023                  0.0000000000000000E+000                  0.0000000000000000E+000 
                                     259                  9.9997965756753304E-001                  2.9659560178960981E-001                  4.5588153342774103E+000                  7.3192675417961937E+000                  2.2786716224019580E-041                  6.7279999999955731E-001                  3.3522340100040925E-005                  3.1496647766034247E-001                  2.1025988500795504E-003                  6.1630907196949872E-004                  5.7221218635412083E-003                  1.2718648985637696E-003                  2.4871053158459599E-003                  4.6668118339143977E-023                  0.0000000000000000E+000                  0.0000000000000000E+000 
                                     260                  9.9997882421501472E-001                  2.9652982583866999E-001                  4.5628398240154286E+000                  7.3218067833719900E+000                  2.4287764603116313E-041                  6.7279999999955731E-001                  3.3522340100040932E-005                  3.1496647766034247E-001                  2.1025988500795504E-003                  6.1630907196949872E-004                  5.7221218635412083E-003                  1.2718648985637696E-003                  2.4871053158459599E-003                  4.8069709471284279E-023                  0.0000000000000000E+000                  0.0000000000000000E+000 
                                     261                  9.9997796146435558E-001                  2.9646365412971448E-001                  4.5668684798042838E+000                  7.3244311283822006E+000                  2.5882147580872043E-041                  6.7279999999955731E-001                  3.3522340100040939E-005                  3.1496647766034247E-001                  2.1025988500795504E-003                  6.1630907196949872E-004                  5.7221218635412083E-003                  1.2718648985637696E-003                  2.4871053158459599E-003                  4.9503438317110842E-023                  0.0000000000000000E+000                  0.0000000000000000E+000 
                                     262                  9.9997706828746680E-001                  2.9639707117353475E-001                  4.5709022364836276E+000                  7.3271378208350209E+000                  2.7575460403993373E-041                  6.7279999999955731E-001                  3.3522340100040946E-005                  3.1496647766034247E-001                  2.1025988500795504E-003                  6.1630907196949872E-004                  5.7221218635412083E-003                  1.2718648985637696E-003                  2.4871053158459599E-003                  5.0970004973629118E-023                  0.0000000000000000E+000                  0.0000000000000000E+000 
                                     263                  9.9997614362067999E-001                  2.9633006164506209E-001                  4.5749420149396940E+000                  7.3299242897678409E+000                  2.9373620788141865E-041                  6.7279999999955731E-001                  3.3522340100040953E-005                  3.1496647766034247E-001                  2.1025988500795504E-003                  6.1630907196949872E-004                  5.7221218635412083E-003                  1.2718648985637696E-003                  2.4871053158459599E-003                  5.2470116601979197E-023                  0.0000000000000000E+000                  0.0000000000000000E+000 
                                     264                  9.9997518636353100E-001                  2.9626261035485346E-001                  4.5789887247775702E+000                  7.3327881396853636E+000                  3.1282886420315504E-041                  6.7279999999955731E-001                  3.3522340100040953E-005                  3.1496647766034247E-001                  2.1025988500795504E-003                  6.1630907196949872E-004                  5.7221218635412083E-003                  1.2718648985637696E-003                  2.4871053158459599E-003                  5.4004486933737574E-023                  0.0000000000000000E+000                  0.0000000000000000E+000 
                                     265                  9.9997419537750454E-001                  2.9619470222180100E-001                  4.5830432664064427E+000                  7.3357271387821630E+000                  3.3309873526970800E-041                  6.7279999999955731E-001                  3.3522340100040959E-005                  3.1496647766034247E-001                  2.1025988500795504E-003                  6.1630907196949872E-004                  5.7221218635412083E-003                  1.2718648985637696E-003                  2.4871053158459599E-003                  5.5573836112811972E-023                  0.0000000000000000E+000                  0.0000000000000000E+000 
                                     266                  9.9997316948473447E-001                  2.9612632224737395E-001                  4.5871065290974782E+000                  7.3387391888623537E+000                  3.5461577955795931E-041                  6.7279999999955731E-001                  3.3522340100040966E-005                  3.1496647766034247E-001                  2.1025988500795504E-003                  6.1630907196949872E-004                  5.7221218635412083E-003                  1.2718648985637696E-003                  2.4871053158459599E-003                  5.7178893096164384E-023                  0.0000000000000000E+000                  0.0000000000000000E+000 
                                     267                  9.9997210746666176E-001                  2.9605745549428336E-001                  4.5911793874990199E+000                  7.3418223156419673E+000                  3.7745396150452986E-041                  6.7279999999955731E-001                  3.3522340100040973E-005                  3.1496647766034247E-001                  2.1025988500795504E-003                  6.1630907196949872E-004                  5.7221218635412083E-003                  1.2718648985637696E-003                  2.4871053158459599E-003                  5.8820395781379959E-023                  0.0000000000000000E+000                  0.0000000000000000E+000 
                                     268                  9.9997100806264660E-001                  2.9598808706643637E-001                  4.5952627022512207E+000                  7.3449746675574437E+000                  4.0169146534301766E-041                  6.7279999999955731E-001                  3.3522340100040980E-005                  3.1496647766034247E-001                  2.1025988500795504E-003                  6.1630907196949872E-004                  5.7221218635412083E-003                  1.2718648985637696E-003                  2.4871053158459599E-003                  6.0499090050513017E-023                  0.0000000000000000E+000                  0.0000000000000000E+000 
                                     269                  9.9996986996853521E-001                  2.9591820208881170E-001                  4.5993573225882498E+000                  7.3481945102565227E+000                  4.2741092270881418E-041                  6.7279999999955731E-001                  3.3522340100040980E-005                  3.1496647766034247E-001                  2.1025988500795504E-003                  6.1630907196949872E-004                  5.7221218635412083E-003                  1.2718648985637696E-003                  2.4871053158459599E-003                  6.2215729333450485E-023                  0.0000000000000000E+000                  0.0000000000000000E+000 
                                     270                  9.9996869183517678E-001                  2.9584778568790343E-001                  4.6034640880268975E+000                  7.3514802216818751E+000                  4.5469965141553315E-041                  6.7279999999955731E-001                  3.3522340100040986E-005                  3.1496647766034247E-001                  2.1025988500795504E-003                  6.1630907196949872E-004                  5.7221218635412083E-003                  1.2718648985637696E-003                  2.4871053158459599E-003                  6.3971074137095383E-023                  0.0000000000000000E+000                  0.0000000000000000E+000 
                                     271                  9.9996747226689275E-001                  2.9577682297261454E-001                  4.6075838248560004E+000                  7.3548302843531026E+000                  4.8364990905445859E-041                  6.7279999999955731E-001                  3.3522340100040993E-005                  3.1496647766034247E-001                  2.1025988500795504E-003                  6.1630907196949872E-004                  5.7221218635412083E-003                  1.2718648985637696E-003                  2.4871053158459599E-003                  6.5765891980497281E-023                  0.0000000000000000E+000                  0.0000000000000000E+000 
                                     272                  9.9996620981989415E-001                  2.9570529901604303E-001                  4.6117173412411558E+000                  7.3582432639195252E+000                  5.1435917669192384E-041                  6.7279999999955731E-001                  3.3522340100041000E-005                  3.1496647766034247E-001                  2.1025988500795504E-003                  6.1630907196949872E-004                  5.7221218635412083E-003                  1.2718648985637696E-003                  2.4871053158459599E-003                  6.7600959615785145E-023                  0.0000000000000000E+000                  0.0000000000000000E+000 
                                     273                  9.9996490300064478E-001                  2.9563319884044464E-001                  4.6158654274349482E+000                  7.3617177988674980E+000                  5.4693044904697464E-041                  6.7279999999955731E-001                  3.3522340100041014E-005                  3.1496647766034247E-001                  2.1025988500795504E-003                  6.1630907196949872E-004                  5.7221218635412083E-003                  1.2718648985637696E-003                  2.4871053158459599E-003                  6.9477063863492402E-023                  0.0000000000000000E+000                  0.0000000000000000E+000 
                                     274                  9.9996355026417227E-001                  2.9556050740362994E-001                  4.6200288579215840E+000                  7.3652525974720966E+000                  5.8147253282238918E-041                  6.7279999999955731E-001                  3.3522340100041014E-005                  3.1496647766034247E-001                  2.1025988500795504E-003                  6.1630907196949872E-004                  5.7221218635412083E-003                  1.2718648985637696E-003                  2.4871053158459599E-003                  7.1395001458003807E-023                  0.0000000000000000E+000                  0.0000000000000000E+000 
                                     275                  9.9996215001232125E-001                  2.9548720958561853E-001                  4.6242083921311448E+000                  7.3688464408684355E+000                  6.1810035155032361E-041                  6.7279999999955731E-001                  3.3522340100041020E-005                  3.1496647766034247E-001                  2.1025988500795504E-003                  6.1630907196949872E-004                  5.7221218635412083E-003                  1.2718648985637696E-003                  2.4871053158459599E-003                  7.3355577829331758E-023                  0.0000000000000000E+000                  0.0000000000000000E+000 
                                     276                  9.9996070059194786E-001                  2.9541329017449958E-001                  4.6284047698947326E+000                  7.3724981934465035E+000                  6.5693525229966558E-041                  6.7279999999955731E-001                  3.3522340100041027E-005                  3.1496647766034247E-001                  2.1025988500795504E-003                  6.1630907196949872E-004                  5.7221218635412083E-003                  1.2718648985637696E-003                  2.4871053158459599E-003                  7.5359604435257282E-023                  0.0000000000000000E+000                  0.0000000000000000E+000 
                                     277                  9.9995920029305596E-001                  2.9533873385017995E-001                  4.6326187066344122E+000                  7.3762067655461276E+000                  6.9810539826405804E-041                  6.7279999999955731E-001                  3.3522340100041034E-005                  3.1496647766034247E-001                  2.1025988500795504E-003                  6.1630907196949872E-004                  5.7221218635412083E-003                  1.2718648985637696E-003                  2.4871053158459599E-003                  7.7407904403438242E-023                  0.0000000000000000E+000                  0.0000000000000000E+000 
                                     278                  9.9995764734686998E-001                  2.9526352517415189E-001                  4.6368508935399237E+000                  7.3799711013368370E+000                  7.4174615511886781E-041                  6.7279999999955731E-001                  3.3522340100041041E-005                  3.1496647766034247E-001                  2.1025988500795504E-003                  6.1630907196949872E-004                  5.7221218635412083E-003                  1.2718648985637696E-003                  2.4871053158459599E-003                  7.9501314470478713E-023                  0.0000000000000000E+000                  0.0000000000000000E+000 
                                     279                  9.9995603992384285E-001                  2.9518764858118252E-001                  4.6411019988472315E+000                  7.3837901767386480E+000                  7.8800048474072166E-041                  6.7279999999955731E-001                  3.3522340100041047E-005                  3.1496647766034247E-001                  2.1025988500795504E-003                  6.1630907196949872E-004                  5.7221218635412083E-003                  1.2718648985637696E-003                  2.4871053158459599E-003                  8.1640685305025135E-023                  0.0000000000000000E+000                  0.0000000000000000E+000 
                                     280                  9.9995437613159954E-001                  2.9511108837124794E-001                  4.6453726670576136E+000                  7.3876630164129446E+000                  8.3701932350862528E-041                  6.7279999999955731E-001                  3.3522340100041054E-005                  3.1496647766034247E-001                  2.1025988500795504E-003                  6.1630907196949872E-004                  5.7221218635412083E-003                  1.2718648985637696E-003                  2.4871053158459599E-003                  8.3826878102385463E-023                  0.0000000000000000E+000                  0.0000000000000000E+000 
                                     281                  9.9995265401281075E-001                  2.9503382869832295E-001                  4.6496635142705038E+000                  7.3915887032501493E+000                  8.8896198525002543E-041                  6.7279999999955731E-001                  3.3522340100041061E-005                  3.1496647766034247E-001                  2.1025988500795504E-003                  6.1630907196949872E-004                  5.7221218635412083E-003                  1.2718648985637696E-003                  2.4871053158459599E-003                  8.6060762173422557E-023                  0.0000000000000000E+000                  0.0000000000000000E+000 
                                     282                  9.9995087154299722E-001                  2.9495585355719167E-001                  4.6539751246585190E+000                  7.3955663320226348E+000                  9.4399669832229416E-041                  6.7279999999955731E-001                  3.3522340100041068E-005                  3.1496647766034247E-001                  2.1025988500795504E-003                  6.1630907196949872E-004                  5.7221218635412083E-003                  1.2718648985637696E-003                  2.4871053158459599E-003                  8.8343223735809628E-023                  0.0000000000000000E+000                  0.0000000000000000E+000 
                                     283                  9.9994902662825980E-001                  2.9487714677827659E-001                  4.6583080504227095E+000                  7.3995950017828047E+000                  1.0023011105169421E-040                  6.7279999999955731E-001                  3.3522340100041075E-005                  3.1496647766034247E-001                  2.1025988500795504E-003                  6.1630907196949872E-004                  5.7221218635412083E-003                  1.2718648985637696E-003                  2.4871053158459599E-003                  9.0675167902184711E-023                  0.0000000000000000E+000                  0.0000000000000000E+000 
                                     284                  9.9994711710293571E-001                  2.9479769202384742E-001                  4.6626628118766806E+000                  7.4036738164049032E+000                  1.0640628067679879E-040                  6.7279999999955731E-001                  3.3522340100041081E-005                  3.1496647766034247E-001                  2.1025988500795504E-003                  6.1630907196949872E-004                  5.7221218635412083E-003                  1.2718648985637696E-003                  2.4871053158459599E-003                  9.3057519162696263E-023                  0.0000000000000000E+000                  0.0000000000000000E+000 
                                     285                  9.9994514072717655E-001                  2.9471747278418309E-001                  4.6670398954767354E+000                  7.4078019177680945E+000                  1.1294797700566598E-040                  6.7279999999955731E-001                  3.3522340100041088E-005                  3.1496647766034247E-001                  2.1025988500795504E-003                  6.1630907196949872E-004                  5.7221218635412083E-003                  1.2718648985637696E-003                  2.4871053158459599E-003                  9.5491214540748455E-023                  0.0000000000000000E+000                  0.0000000000000000E+000 
                                     286                  9.9994309518444568E-001                  2.9463647236758961E-001                  4.6714397502470408E+000                  7.4119784687093473E+000                  1.1987609786125503E-040                  6.7279999999955731E-001                  3.3522340100041095E-005                  3.1496647766034247E-001                  2.1025988500795504E-003                  6.1630907196949872E-004                  5.7221218635412083E-003                  1.2718648985637696E-003                  2.4871053158459599E-003                  9.7977207126853707E-023                  0.0000000000000000E+000                  0.0000000000000000E+000 
                                     287                  9.9994097807893445E-001                  2.9455467389337125E-001                  4.6758627857711836E+000                  7.4162026190133501E+000                  1.2721270978910608E-040                  6.7279999999955731E-001                  3.3522340100041102E-005                  3.1496647766034247E-001                  2.1025988500795504E-003                  6.1630907196949872E-004                  5.7221218635412083E-003                  1.2718648985637696E-003                  2.4871053158459599E-003                  1.0051647427764691E-022                  0.0000000000000000E+000                  0.0000000000000000E+000 
                                     288                  9.9993878693289118E-001                  2.9447206029115292E-001                  4.6803093714478630E+000                  7.4204735021104549E+000                  1.3498111431490890E-040                  6.7279999999955731E-001                  3.3522340100041108E-005                  3.1496647766034247E-001                  2.1025988500795504E-003                  6.1630907196949872E-004                  5.7221218635412083E-003                  1.2718648985637696E-003                  2.4871053158459599E-003                  1.0311001951247511E-022                  0.0000000000000000E+000                  0.0000000000000000E+000 
                                     289                  9.9993651918386350E-001                  2.9438861430103591E-001                  4.6847798354986683E+000                  7.4247902462339566E+000                  1.4320591363008282E-040                  6.7279999999955731E-001                  3.3522340100041122E-005                  3.1496647766034247E-001                  2.1025988500795504E-003                  6.1630907196949872E-004                  5.7221218635412083E-003                  1.2718648985637696E-003                  2.4871053158459599E-003                  1.0575887105459958E-022                  0.0000000000000000E+000                  0.0000000000000000E+000 
                                     290                  9.9993417218184955E-001                  2.9430431847182986E-001                  4.6892744633300678E+000                  7.4291520022857247E+000                  1.5191307308579519E-040                  6.7279999999955731E-001                  3.3522340100041129E-005                  3.1496647766034247E-001                  2.1025988500795504E-003                  6.1630907196949872E-004                  5.7221218635412083E-003                  1.2718648985637696E-003                  2.4871053158459599E-003                  1.0846407569939000E-022                  0.0000000000000000E+000                  0.0000000000000000E+000 
                                     291                  9.9993174318635514E-001                  2.9421915515396285E-001                  4.6937934957140461E+000                  7.4335579062632622E+000                  1.6113000848696755E-040                  6.7279999999955731E-001                  3.3522340100041136E-005                  3.1496647766034247E-001                  2.1025988500795504E-003                  6.1630907196949872E-004                  5.7221218635412083E-003                  1.2718648985637696E-003                  2.4871053158459599E-003                  1.1122670879057484E-022                  0.0000000000000000E+000                  0.0000000000000000E+000 
                                     292                  9.9992922936335393E-001                  2.9413310649970081E-001                  4.6983371272712411E+000                  7.4380070677663808E+000                  1.7088567192930619E-040                  6.7279999999955731E-001                  3.3522340100041142E-005                  3.1496647766034247E-001                  2.1025988500795504E-003                  6.1630907196949872E-004                  5.7221218635412083E-003                  1.2718648985637696E-003                  2.4871053158459599E-003                  1.1404787865388022E-022                  0.0000000000000000E+000                  0.0000000000000000E+000 
                                     293                  9.9992662778214936E-001                  2.9404615446591365E-001                  4.7029055050152309E+000                  7.4424985698129191E+000                  1.8121063934385776E-040                  6.7279999999955731E-001                  3.3522340100041149E-005                  3.1496647766034247E-001                  2.1025988500795504E-003                  6.1630907196949872E-004                  5.7221218635412083E-003                  1.2718648985637696E-003                  2.4871053158459599E-003                  1.1692872848631171E-022                  0.0000000000000000E+000                  0.0000000000000000E+000 
                                     294                  9.9992393541213109E-001                  2.9395828081725994E-001                  4.7074987278001474E+000                  7.4470314923798657E+000                  1.9213719279830032E-040                  6.7279999999955731E-001                  3.3522340100041163E-005                  3.1496647766034247E-001                  2.1025988500795504E-003                  6.1630907196949872E-004                  5.7221218635412083E-003                  1.2718648985637696E-003                  2.4871053158459599E-003                  1.1987043162104452E-022                  0.0000000000000000E+000                  0.0000000000000000E+000 
                                     295                  9.9992114911942775E-001                  2.9386946712496054E-001                  4.7121168463310426E+000                  7.4516049058456497E+000                  2.0369941874942198E-040                  6.7279999999955731E-001                  3.3522340100041169E-005                  3.1496647766034247E-001                  2.1025988500795504E-003                  6.1630907196949872E-004                  5.7221218635412083E-003                  1.2718648985637696E-003                  2.4871053158459599E-003                  1.2287419460855251E-022                  0.0000000000000000E+000                  0.0000000000000000E+000 
                                     296                  9.9991826566344766E-001                  2.9377969476709132E-001                  4.7167598621000320E+000                  7.4562178522633760E+000                  2.1593331887645950E-040                  6.7279999999955731E-001                  3.3522340100041176E-005                  3.1496647766034247E-001                  2.1025988500795504E-003                  6.1630907196949872E-004                  5.7221218635412083E-003                  1.2718648985637696E-003                  2.4871053158459599E-003                  1.2594126425754914E-022                  0.0000000000000000E+000                  0.0000000000000000E+000 
                                     297                  9.9991528169330746E-001                  2.9368894493303477E-001                  4.7214277255539177E+000                  7.4608693428729564E+000                  2.2887692157060015E-040                  6.7279999999955731E-001                  3.3522340100041183E-005                  3.1496647766034247E-001                  2.1025988500795504E-003                  6.1630907196949872E-004                  5.7221218635412083E-003                  1.2718648985637696E-003                  2.4871053158459599E-003                  1.2907293061840400E-022                  0.0000000000000000E+000                  0.0000000000000000E+000 
                                     298                  9.9991219374414353E-001                  2.9359719862892819E-001                  4.7261203355278090E+000                  7.4655583662941982E+000                  2.4257039462921960E-040                  6.7279999999955731E-001                  3.3522340100041197E-005                  3.1496647766034247E-001                  2.1025988500795504E-003                  6.1630907196949872E-004                  5.7221218635412083E-003                  1.2718648985637696E-003                  2.4871053158459599E-003                  1.3227052684258287E-022                  0.0000000000000000E+000                  0.0000000000000000E+000 
                                     299                  9.9990899823330204E-001                  2.9350443668188625E-001                  4.7308375409326127E+000                  7.4702838979639195E+000                  2.5705616286500848E-040                  6.7279999999955731E-001                  3.3522340100041203E-005                  3.1496647766034247E-001                  2.1025988500795504E-003                  6.1630907196949872E-004                  5.7221218635412083E-003                  1.2718648985637696E-003                  2.4871053158459599E-003                  1.3553542841277661E-022                  0.0000000000000000E+000                  0.0000000000000000E+000 
                                     300                  9.9990569145640573E-001                  2.9341063974263820E-001                  4.7355791414162995E+000                  7.4750448891573180E+000                  2.7237904394982776E-040                  6.7279999999955731E-001                  3.3522340100041217E-005                  3.1496647766034247E-001                  2.1025988500795504E-003                  6.1630907196949872E-004                  5.7221218635412083E-003                  1.2718648985637696E-003                  2.4871053158459599E-003                  1.3886905869344042E-022                  0.0000000000000000E+000                  0.0000000000000000E+000 
                                     301                  9.9990226958329187E-001                  2.9331578829092197E-001                  4.7403448857731503E+000                  7.4798402640618447E+000                  2.8858638908624859E-040                  6.7279999999955731E-001                  3.3522340100041224E-005                  3.1496647766034247E-001                  2.1025988500795504E-003                  6.1630907196949872E-004                  5.7221218635412083E-003                  1.2718648985637696E-003                  2.4871053158459599E-003                  1.4227289241842659E-022                  0.0000000000000000E+000                  0.0000000000000000E+000 
                                     302                  9.9989872865381690E-001                  2.9321986264203509E-001                  4.7451344711985897E+000                  7.4846689202259764E+000                  3.0572823047091679E-040                  6.7279999999955731E-001                  3.3522340100041230E-005                  3.1496647766034247E-001                  2.1025988500795504E-003                  6.1630907196949872E-004                  5.7221218635412083E-003                  1.2718648985637696E-003                  2.4871053158459599E-003                  1.4574845825417628E-022                  0.0000000000000000E+000                  0.0000000000000000E+000 
                                     303                  9.9989506457352662E-001                  2.9312284295385682E-001                  4.7499475460584879E+000                  7.4895297351956911E+000                  3.2385743320617247E-040                  6.7279999999955731E-001                  3.3522340100041244E-005                  3.1496647766034247E-001                  2.1025988500795504E-003                  6.1630907196949872E-004                  5.7221218635412083E-003                  1.2718648985637696E-003                  2.4871053158459599E-003                  1.4929733930635847E-022                  0.0000000000000000E+000                  0.0000000000000000E+000 
                                     304                  9.9989127310918380E-001                  2.9302470923296103E-001                  4.7547837125326504E+000                  7.4944215685704165E+000                  3.4302985858020810E-040                  6.7279999999955731E-001                  3.3522340100041251E-005                  3.1496647766034247E-001                  2.1025988500795504E-003                  6.1630907196949872E-004                  5.7221218635412083E-003                  1.2718648985637696E-003                  2.4871053158459599E-003                  1.5292117498720171E-022                  0.0000000000000000E+000                  0.0000000000000000E+000 
                                     305                  9.9988734988415329E-001                  2.9292544134078974E-001                  4.7596425258930930E+000                  7.4993432610076747E+000                  3.6330453977326715E-040                  6.7279999999955731E-001                  3.3522340100041264E-005                  3.1496647766034247E-001                  2.1025988500795504E-003                  6.1630907196949872E-004                  5.7221218635412083E-003                  1.2718648985637696E-003                  2.4871053158459599E-003                  1.5662166412471289E-022                  0.0000000000000000E+000                  0.0000000000000000E+000 
                                     306                  9.9988329037363732E-001                  2.9282501900058050E-001                  4.7645234938450800E+000                  7.5042936323589817E+000                  3.8474386938555858E-040                  6.7279999999955731E-001                  3.3522340100041271E-005                  3.1496647766034247E-001                  2.1025988500795504E-003                  6.1630907196949872E-004                  5.7221218635412083E-003                  1.2718648985637696E-003                  2.4871053158459599E-003                  1.6040056855349359E-022                  0.0000000000000000E+000                  0.0000000000000000E+000 
                                     307                  9.9987908989975605E-001                  2.9272342180528937E-001                  4.7694260795466361E+000                  7.5092714807085734E+000                  4.0741379833988444E-040                  6.7279999999955731E-001                  3.3522340100041285E-005                  3.1496647766034247E-001                  2.1025988500795504E-003                  6.1630907196949872E-004                  5.7221218635412083E-003                  1.2718648985637696E-003                  2.4871053158459599E-003                  1.6425971663681992E-022                  0.0000000000000000E+000                  0.0000000000000000E+000 
                                     308                  9.9987474362646911E-001                  2.9262062922634724E-001                  4.7743497053215620E+000                  7.5142755925029734E+000                  4.3138403638550785E-040                  6.7279999999955731E-001                  3.3522340100041291E-005                  3.1496647766034247E-001                  2.1025988500795504E-003                  6.1630907196949872E-004                  5.7221218635412083E-003                  1.2718648985637696E-003                  2.4871053158459599E-003                  1.6820100253015787E-022                  0.0000000000000000E+000                  0.0000000000000000E+000 
                                     309                  9.9987024655433243E-001                  2.9251662062063366E-001                  4.7792937529245805E+000                  7.5193047452706718E+000                  4.5672827016576200E-040                  6.7279999999955731E-001                  3.3522340100041305E-005                  3.1496647766034247E-001                  2.1025988500795504E-003                  6.1630907196949872E-004                  5.7221218635412083E-003                  1.2718648985637696E-003                  2.4871053158459599E-003                  1.7222638805974965E-022                  0.0000000000000000E+000                  0.0000000000000000E+000 
                                     310                  9.9986559351508564E-001                  2.9241137523731353E-001                  4.7842575631965873E+000                  7.5243577052451593E+000                  4.8352439960861900E-040                  6.7279999999955731E-001                  3.3522340100041319E-005                  3.1496647766034247E-001                  2.1025988500795504E-003                  6.1630907196949872E-004                  5.7221218635412083E-003                  1.2718648985637696E-003                  2.4871053158459599E-003                  1.7633790669984371E-022                  0.0000000000000000E+000                  0.0000000000000000E+000 
                                     311                  9.9986077916606408E-001                  2.9230487222575857E-001                  4.7892404385342884E+000                  7.5294332201840506E+000                  5.1185479533041333E-040                  6.7279999999955731E-001                  3.3522340100041325E-005                  3.1496647766034247E-001                  2.1025988500795504E-003                  6.1630907196949872E-004                  5.7221218635412083E-003                  1.2718648985637696E-003                  2.4871053158459599E-003                  1.8053766988017041E-022                  0.0000000000000000E+000                  0.0000000000000000E+000 
                                     312                  9.9985579798443158E-001                  2.9219709064580152E-001                  4.7942416462065989E+000                  7.5345300312473871E+000                  5.4180655071705429E-040                  6.7279999999955731E-001                  3.3522340100041339E-005                  3.1496647766034247E-001                  2.1025988500795504E-003                  6.1630907196949872E-004                  5.7221218635412083E-003                  1.2718648985637696E-003                  2.4871053158459599E-003                  1.8482786552958393E-022                  0.0000000000000000E+000                  0.0000000000000000E+000 
                                     313                  9.9985064426122627E-001                  2.9208800947568364E-001                  4.7992604191062167E+000                  7.5396468787356197E+000                  5.7347175473282361E-040                  6.7279999999955731E-001                  3.3522340100041352E-005                  3.1496647766034247E-001                  2.1025988500795504E-003                  6.1630907196949872E-004                  5.7221218635412083E-003                  1.2718648985637696E-003                  2.4871053158459599E-003                  1.8921075893409834E-022                  0.0000000000000000E+000                  0.0000000000000000E+000 
                                     314                  9.9984531209520999E-001                  2.9197760761906150E-001                  4.8042959559375493E+000                  7.5447824981708962E+000                  6.0694778856265459E-040                  6.7279999999955731E-001                  3.3522340100041366E-005                  3.1496647766034247E-001                  2.1025988500795504E-003                  6.1630907196949872E-004                  5.7221218635412083E-003                  1.2718648985637696E-003                  2.4871053158459599E-003                  1.9368869709194124E-022                  0.0000000000000000E+000                  0.0000000000000000E+000 
                                     315                  9.9983979538653822E-001                  2.9186586391346486E-001                  4.8093474239735094E+000                  7.5499356115862648E+000                  6.4233765665914653E-040                  6.7279999999955731E-001                  3.3522340100041373E-005                  3.1496647766034247E-001                  2.1025988500795504E-003                  6.1630907196949872E-004                  5.7221218635412083E-003                  1.2718648985637696E-003                  2.4871053158459599E-003                  1.9826411695503198E-022                  0.0000000000000000E+000                  0.0000000000000000E+000 
                                     316                  9.9983408783020566E-001                  2.9175275714153853E-001                  4.8144139626079143E+000                  7.5551049401306898E+000                  6.7975030192031662E-040                  6.7279999999955731E-001                  3.3522340100041386E-005                  3.1496647766034247E-001                  2.1025988500795504E-003                  6.1630907196949872E-004                  5.7221218635412083E-003                  1.2718648985637696E-003                  2.4871053158459599E-003                  2.0293954302408931E-022                  0.0000000000000000E+000                  0.0000000000000000E+000 
                                     317                  9.9982818290929520E-001                  2.9163826603962745E-001                  4.8194946845795155E+000                  7.5602892108402759E+000                  7.1930094682161192E-040                  6.7279999999955731E-001                  3.3522340100041400E-005                  3.1496647766034247E-001                  2.1025988500795504E-003                  6.1630907196949872E-004                  5.7221218635412083E-003                  1.2718648985637696E-003                  2.4871053158459599E-003                  2.0771758747256362E-022                  0.0000000000000000E+000                  0.0000000000000000E+000 
                                     318                  9.9982207388801325E-001                  2.9152236930503578E-001                  4.8245886769593902E+000                  7.5654871540226294E+000                  7.6111147001975145E-040                  6.7279999999955731E-001                  3.3522340100041420E-005                  3.1496647766034247E-001                  2.1025988500795504E-003                  6.1630907196949872E-004                  5.7221218635412083E-003                  1.2718648985637696E-003                  2.4871053158459599E-003                  2.1260095487248941E-022                  0.0000000000000000E+000                  0.0000000000000000E+000 
                                     319                  9.9981575380450038E-001                  2.9140504560437130E-001                  4.8296950056622725E+000                  7.5706974935336770E+000                  8.0531082006266513E-040                  6.7279999999955731E-001                  3.3522340100041427E-005                  3.1496647766034247E-001                  2.1025988500795504E-003                  6.1630907196949872E-004                  5.7221218635412083E-003                  1.2718648985637696E-003                  2.4871053158459599E-003                  2.1759245082690290E-022                  0.0000000000000000E+000                  0.0000000000000000E+000 
                                     320                  9.9980921546341350E-001                  2.9128627358497694E-001                  4.8348127207356324E+000                  7.5759189642887881E+000                  8.5203540627422595E-040                  6.7279999999955731E-001                  3.3522340100041440E-005                  3.1496647766034247E-001                  2.1025988500795504E-003                  6.1630907196949872E-004                  5.7221218635412083E-003                  1.2718648985637696E-003                  2.4871053158459599E-003                  2.2269497702993537E-022                  0.0000000000000000E+000                  0.0000000000000000E+000 
                                     321                  9.9980245142826962E-001                  2.9116603188211115E-001                  4.8399408583413779E+000                  7.5811503197856140E+000                  9.0142952568159805E-040                  6.7279999999955731E-001                  3.3522340100041454E-005                  3.1496647766034247E-001                  2.1025988500795504E-003                  6.1630907196949872E-004                  5.7221218635412083E-003                  1.2718648985637696E-003                  2.4871053158459599E-003                  2.2791153071780793E-022                  0.0000000000000000E+000                  0.0000000000000000E+000 
                                     322                  9.9979545401354719E-001                  2.9104429912433016E-001                  4.8450784426126390E+000                  7.5863903286821666E+000                  9.5364583512220495E-040                  6.7279999999955731E-001                  3.3522340100041468E-005                  3.1496647766034247E-001                  2.1025988500795504E-003                  6.1630907196949872E-004                  5.7221218635412083E-003                  1.2718648985637696E-003                  2.4871053158459599E-003                  2.3324520962437976E-022                  0.0000000000000000E+000                  0.0000000000000000E+000 
                                     323                  9.9978821527653439E-001                  2.9092105394001894E-001                  4.8502244916466308E+000                  7.5916377670847011E+000                  1.0088458641119279E-039                  6.7279999999955731E-001                  3.3522340100041488E-005                  3.1496647766034247E-001                  2.1025988500795504E-003                  6.1630907196949872E-004                  5.7221218635412083E-003                  1.2718648985637696E-003                  2.4871053158459599E-003                  2.3869921982364734E-022                  0.0000000000000000E+000                  0.0000000000000000E+000 
                                     324                  9.9978072700891962E-001                  2.9079627496637084E-001                  4.8553780238127082E+000                  7.5968914387299797E+000                  1.0672004952537462E-039                  6.7279999999955731E-001                  3.3522340100041495E-005                  3.1496647766034247E-001                  2.1025988500795504E-003                  6.1630907196949872E-004                  5.7221218635412083E-003                  1.2718648985637696E-003                  2.4871053158459599E-003                  2.4427686807559956E-022                  0.0000000000000000E+000                  0.0000000000000000E+000 
                                     325                  9.9977298072811327E-001                  2.9066994085286424E-001                  4.8605380600612680E+000                  7.6021501811118082E+000                  1.1288904967177427E-039                  6.7279999999955731E-001                  3.3522340100041508E-005                  3.1496647766034247E-001                  2.1025988500795504E-003                  6.1630907196949872E-004                  5.7221218635412083E-003                  1.2718648985637696E-003                  2.4871053158459599E-003                  2.4998156103779459E-022                  0.0000000000000000E+000                  0.0000000000000000E+000 
                                     326                  9.9976496766829548E-001                  2.9054203026293446E-001                  4.8657036267070062E+000                  7.6074128604991715E+000                  1.1941071116627778E-039                  6.7279999999955731E-001                  3.3522340100041529E-005                  3.1496647766034247E-001                  2.1025988500795504E-003                  6.1630907196949872E-004                  5.7221218635412083E-003                  1.2718648985637696E-003                  2.4871053158459599E-003                  2.5581681075765797E-022                  0.0000000000000000E+000                  0.0000000000000000E+000 
                                     327                  9.9975667877118057E-001                  2.9041252187700778E-001                  4.8708737627332264E+000                  7.6126783658194830E+000                  1.2630526872914410E-039                  6.7279999999955731E-001                  3.3522340100041542E-005                  3.1496647766034247E-001                  2.1025988500795504E-003                  6.1630907196949872E-004                  5.7221218635412083E-003                  1.2718648985637696E-003                  2.4871053158459599E-003                  2.6178624115746708E-022                  0.0000000000000000E+000                  0.0000000000000000E+000 
                                     328                  9.9974810467649711E-001                  2.9028139439733047E-001                  4.8760475265849745E+000                  7.6179456313971663E+000                  1.3359412572799046E-039                  6.7279999999955731E-001                  3.3522340100041556E-005                  3.1496647766034247E-001                  2.1025988500795504E-003                  6.1630907196949872E-004                  5.7221218635412083E-003                  1.2718648985637696E-003                  2.4871053158459599E-003                  2.6789357673649843E-022                  0.0000000000000000E+000                  0.0000000000000000E+000 
                                     329                  9.9973923571217393E-001                  2.9014862654589657E-001                  4.8812239984811248E+000                  7.6232136416679248E+000                  1.4129991991074104E-039                  6.7279999999955731E-001                  3.3522340100041569E-005                  3.1496647766034247E-001                  2.1025988500795504E-003                  6.1630907196949872E-004                  5.7221218635412083E-003                  1.2718648985637696E-003                  2.4871053158459599E-003                  2.7414264132416555E-022                  0.0000000000000000E+000                  0.0000000000000000E+000 
                                     330                  9.9973006188421665E-001                  2.9001419706051829E-001                  4.8864022838437018E+000                  7.6284814218056773E+000                  1.4944659719680007E-039                  6.7279999999955731E-001                  3.3522340100041590E-005                  3.1496647766034247E-001                  2.1025988500795504E-003                  6.1630907196949872E-004                  5.7221218635412083E-003                  1.2718648985637696E-003                  2.4871053158459599E-003                  2.8053736571562415E-022                  0.0000000000000000E+000                  0.0000000000000000E+000 
                                     331                  9.9972057286626637E-001                  2.8987808469331683E-001                  4.8915815206519397E+000                  7.6337480332197432E+000                  1.5805948876523650E-039                  6.7279999999955731E-001                  3.3522340100041603E-005                  3.1496647766034247E-001                  2.1025988500795504E-003                  6.1630907196949872E-004                  5.7221218635412083E-003                  1.2718648985637696E-003                  2.4871053158459599E-003                  2.8708179292580517E-022                  0.0000000000000000E+000                  0.0000000000000000E+000 
                                     332                  9.9971075798883102E-001                  2.8974026821027810E-001                  4.8967608851543618E+000                  7.6390126000412426E+000                  1.6716538099911081E-039                  6.7279999999955731E-001                  3.3522340100041623E-005                  3.1496647766034247E-001                  2.1025988500795504E-003                  6.1630907196949872E-004                  5.7221218635412083E-003                  1.2718648985637696E-003                  2.4871053158459599E-003                  2.9378006207405665E-022                  0.0000000000000000E+000                  0.0000000000000000E+000 
                                     333                  9.9970060622817802E-001                  2.8960072638199680E-001                  4.9019395933351699E+000                  7.6442743116928726E+000                  1.7679259624307524E-039                  6.7279999999955731E-001                  3.3522340100041637E-005                  3.1496647766034247E-001                  2.1025988500795504E-003                  6.1630907196949872E-004                  5.7221218635412083E-003                  1.2718648985637696E-003                  2.4871053158459599E-003                  3.0063640687344096E-022                  0.0000000000000000E+000                  0.0000000000000000E+000 
                                     334                  9.9969010619487964E-001                  2.8945943797272772E-001                  4.9071169045649627E+000                  7.6495324068325052E+000                  1.8697108553269001E-039                  6.7279999999955731E-001                  3.3522340100041657E-005                  3.1496647766034247E-001                  2.1025988500795504E-003                  6.1630907196949872E-004                  5.7221218635412083E-003                  1.2718648985637696E-003                  2.4871053158459599E-003                  3.0765516738917019E-022                  0.0000000000000000E+000                  0.0000000000000000E+000 
                                     335                  9.9967924612199965E-001                  2.8931638173377439E-001                  4.9122921291847277E+000                  7.6547861740029912E+000                  1.9773252057670759E-039                  6.7279999999955731E-001                  3.3522340100041671E-005                  3.1496647766034247E-001                  2.1025988500795504E-003                  6.1630907196949872E-004                  5.7221218635412083E-003                  1.2718648985637696E-003                  2.4871053158459599E-003                  3.1484079076025937E-022                  0.0000000000000000E+000                  0.0000000000000000E+000 
                                     336                  9.9966801385290993E-001                  2.8917153639599802E-001                  4.9174646336450012E+000                  7.6600349817507123E+000                  2.0911037642858341E-039                  6.7279999999955731E-001                  3.3522340100041691E-005                  3.1496647766034247E-001                  2.1025988500795504E-003                  6.1630907196949872E-004                  5.7221218635412083E-003                  1.2718648985637696E-003                  2.4871053158459599E-003                  3.2219780905859957E-022                  0.0000000000000000E+000                  0.0000000000000000E+000 
                                     337                  9.9965639682872720E-001                  2.8902488065144460E-001                  4.9226338416913160E+000                  7.6652782789804466E+000                  2.2114002940400506E-039                  6.7279999999955731E-001                  3.3522340100041712E-005                  3.1496647766034247E-001                  2.1025988500795504E-003                  6.1630907196949872E-004                  5.7221218635412083E-003                  1.2718648985637696E-003                  2.4871053158459599E-003                  3.2973083712070307E-022                  0.0000000000000000E+000                  0.0000000000000000E+000 
                                     338                  9.9964438207536155E-001                  2.8887639313346880E-001                  4.9277992384422538E+000                  7.6705155653734423E+000                  2.3385887536044396E-039                  6.7279999999955731E-001                  3.3522340100041732E-005                  3.1496647766034247E-001                  2.1025988500795504E-003                  6.1630907196949872E-004                  5.7221218635412083E-003                  1.2718648985637696E-003                  2.4871053158459599E-003                  3.3744459386460335E-022                  0.0000000000000000E+000                  0.0000000000000000E+000 
                                     339                  9.9963195619017742E-001                  2.8872605240565424E-001                  4.9329603777196303E+000                  7.6757463989569708E+000                  2.4730643730099646E-039                  6.7279999999955731E-001                  3.3522340100041752E-005                  3.1496647766034247E-001                  2.1025988500795504E-003                  6.1630907196949872E-004                  5.7221218635412083E-003                  1.2718648985637696E-003                  2.4871053158459599E-003                  3.4534389611902253E-022                  0.0000000000000000E+000                  0.0000000000000000E+000 
                                     340                  9.9961910532825093E-001                  2.8857383694722055E-001                  4.9381168863722555E+000                  7.6809704319525940E+000                  2.6152446053041909E-039                  6.7279999999955731E-001                  3.3522340100041766E-005                  3.1496647766034247E-001                  2.1025988500795504E-003                  6.1630907196949872E-004                  5.7221218635412083E-003                  1.2718648985637696E-003                  2.4871053158459599E-003                  3.5343362769462009E-022                  0.0000000000000000E+000                  0.0000000000000000E+000 
                                     341                  9.9960581518820335E-001                  2.8841972512464448E-001                  4.9432684653377628E+000                  7.6861874096049414E+000                  2.7655702990052712E-039                  6.7279999999955731E-001                  3.3522340100041786E-005                  3.1496647766034247E-001                  2.1025988500795504E-003                  6.1630907196949872E-004                  5.7221218635412083E-003                  1.2718648985637696E-003                  2.4871053158459599E-003                  3.6171873605237309E-022                  0.0000000000000000E+000                  0.0000000000000000E+000 
                                     342                  9.9959207099759795E-001                  2.8826369516180245E-001                  4.9484148913969861E+000                  7.6913971353159472E+000                  2.9245071500415654E-039                  6.7279999999955731E-001                  3.3522340100041806E-005                  3.1496647766034247E-001                  2.1025988500795504E-003                  6.1630907196949872E-004                  5.7221218635412083E-003                  1.2718648985637696E-003                  2.4871053158459599E-003                  3.7020425840202722E-022                  0.0000000000000000E+000                  0.0000000000000000E+000 
                                     343                  9.9957785749788797E-001                  2.8810572512085408E-001                  4.9535560188114101E+000                  7.6965994840041576E+000                  3.0925469437191472E-039                  6.7279999999955731E-001                  3.3522340100041834E-005                  3.1496647766034247E-001                  2.1025988500795504E-003                  6.1630907196949872E-004                  5.7221218635412083E-003                  1.2718648985637696E-003                  2.4871053158459599E-003                  3.7889530800335273E-022                  0.0000000000000000E+000                  0.0000000000000000E+000 
                                     344                  9.9956315892890102E-001                  2.8794579287698441E-001                  4.9586917789950835E+000                  7.7017944282506399E+000                  3.2702087318124252E-039                  6.7279999999955731E-001                  3.3522340100041854E-005                  3.1496647766034247E-001                  2.1025988500795504E-003                  6.1630907196949872E-004                  5.7221218635412083E-003                  1.2718648985637696E-003                  2.4871053158459599E-003                  3.8779704650959358E-022                  0.0000000000000000E+000                  0.0000000000000000E+000 
                                     345                  9.9954795901284721E-001                  2.8778387608182415E-001                  4.9638221793287931E+000                  7.7069820313400523E+000                  3.4580402679800337E-039                  6.7279999999955731E-001                  3.3522340100041874E-005                  3.1496647766034247E-001                  2.1025988500795504E-003                  6.1630907196949872E-004                  5.7221218635412083E-003                  1.2718648985637696E-003                  2.4871053158459599E-003                  3.9691468395958192E-022                  0.0000000000000000E+000                  0.0000000000000000E+000 
                                     346                  9.9953224093783488E-001                  2.8761995212726199E-001                  4.9689473036203760E+000                  7.7121624035295522E+000                  3.6566198259478188E-039                  6.7279999999955731E-001                  3.3522340100041894E-005                  3.1496647766034247E-001                  2.1025988500795504E-003                  6.1630907196949872E-004                  5.7221218635412083E-003                  1.2718648985637696E-003                  2.4871053158459599E-003                  4.0625351486148515E-022                  0.0000000000000000E+000                  0.0000000000000000E+000 
                                     347                  9.9951598734088343E-001                  2.8745399812382061E-001                  4.9740673134770343E+000                  7.7173357283434028E+000                  3.8665575766930146E-039                  6.7279999999955731E-001                  3.3522340100041915E-005                  3.1496647766034247E-001                  2.1025988500795504E-003                  6.1630907196949872E-004                  5.7221218635412083E-003                  1.2718648985637696E-003                  2.4871053158459599E-003                  4.1581888978093109E-022                  0.0000000000000000E+000                  0.0000000000000000E+000 
                                     348                  9.9949918029041551E-001                  2.8728599086767509E-001                  4.9791824482520735E+000                  7.7225022879990419E+000                  4.0884969609345865E-039                  6.7279999999955731E-001                  3.3522340100041942E-005                  3.1496647766034247E-001                  2.1025988500795504E-003                  6.1630907196949872E-004                  5.7221218635412083E-003                  1.2718648985637696E-003                  2.4871053158459599E-003                  4.2561618338411687E-022                  0.0000000000000000E+000                  0.0000000000000000E+000 
                                     349                  9.9948180126823827E-001                  2.8711590679585414E-001                  4.9842930225161730E+000                  7.7276624510222129E+000                  4.3231164171787571E-039                  6.7279999999955731E-001                  3.3522340100041962E-005                  3.1496647766034247E-001                  2.1025988500795504E-003                  6.1630907196949872E-004                  5.7221218635412083E-003                  1.2718648985637696E-003                  2.4871053158459599E-003                  4.3565079745337050E-022                  0.0000000000000000E+000                  0.0000000000000000E+000 
                                     350                  9.9946383115099868E-001                  2.8694372194381262E-001                  4.9893994127124133E+000                  7.7328166080687817E+000                  4.5711317614552764E-039                  6.7279999999955731E-001                  3.3522340100041989E-005                  3.1496647766034247E-001                  2.1025988500795504E-003                  6.1630907196949872E-004                  5.7221218635412083E-003                  1.2718648985637696E-003                  2.4871053158459599E-003                  4.4592822105923746E-022                  0.0000000000000000E+000                  0.0000000000000000E+000 
                                     351                  9.9944525019108366E-001                  2.8676941192644451E-001                  4.9945020412385954E+000                  7.7379651861333461E+000                  4.8332979868148244E-039                  6.7279999999955731E-001                  3.3522340100042016E-005                  3.1496647766034247E-001                  2.1025988500795504E-003                  6.1630907196949872E-004                  5.7221218635412083E-003                  1.2718648985637696E-003                  2.4871053158459599E-003                  4.5645401371305060E-022                  0.0000000000000000E+000                  0.0000000000000000E+000 
                                     352                  9.9942603799694463E-001                  2.8659295191251666E-001                  4.9996013720338910E+000                  7.7431086657665347E+000                  5.1104110691893518E-039                  6.7279999999955731E-001                  3.3522340100042037E-005                  3.1496647766034247E-001                  2.1025988500795504E-003                  6.1630907196949872E-004                  5.7221218635412083E-003                  1.2718648985637696E-003                  2.4871053158459599E-003                  4.6723378296897839E-022                  0.0000000000000000E+000                  0.0000000000000000E+000 
                                     353                  9.9940617351283001E-001                  2.8641431659082917E-001                  5.0046979090783337E+000                  7.7482475701994167E+000                  5.4033101404857406E-039                  6.7279999999955731E-001                  3.3522340100042064E-005                  3.1496647766034247E-001                  2.1025988500795504E-003                  6.1630907196949872E-004                  5.7221218635412083E-003                  1.2718648985637696E-003                  2.4871053158459599E-003                  4.7827319097258107E-022                  0.0000000000000000E+000                  0.0000000000000000E+000 
                                     354                  9.9938563499790845E-001                  2.8623348013923516E-001                  5.0097921861484576E+000                  7.7533824157205347E+000                  5.7128803018562400E-039                  6.7279999999955731E-001                  3.3522340100042091E-005                  3.1496647766034247E-001                  2.1025988500795504E-003                  6.1630907196949872E-004                  5.7221218635412083E-003                  1.2718648985637696E-003                  2.4871053158459599E-003                  4.8957800806897866E-022                  0.0000000000000000E+000                  0.0000000000000000E+000 
                                     355                  9.9936440000476545E-001                  2.8605041621313382E-001                  5.0148847552767233E+000                  7.7585137279868848E+000                  6.0400548338777324E-039                  6.7279999999955731E-001                  3.3522340100042118E-005                  3.1496647766034247E-001                  2.1025988500795504E-003                  6.1630907196949872E-004                  5.7221218635412083E-003                  1.2718648985637696E-003                  2.4871053158459599E-003                  5.0115409478406417E-022                  0.0000000000000000E+000                  0.0000000000000000E+000 
                                     356                  9.9934244535725414E-001                  2.8586509792679921E-001                  5.0199761841324895E+000                  7.7636420531302983E+000                  6.3858175301083250E-039                  6.7279999999955731E-001                  3.3522340100042145E-005                  3.1496647766034247E-001                  2.1025988500795504E-003                  6.1630907196949872E-004                  5.7221218635412083E-003                  1.2718648985637696E-003                  2.4871053158459599E-003                  5.1300738745786336E-022                  0.0000000000000000E+000                  0.0000000000000000E+000 
                                     357                  9.9931974712768290E-001                  2.8567749782927204E-001                  5.0250670551179288E+000                  7.7687679453560481E+000                  6.7512054530449103E-039                  6.7279999999955731E-001                  3.3522340100042172E-005                  3.1496647766034247E-001                  2.1025988500795504E-003                  6.1630907196949872E-004                  5.7221218635412083E-003                  1.2718648985637696E-003                  2.4871053158459599E-003                  5.2514391120202066E-022                  0.0000000000000000E+000                  0.0000000000000000E+000 
                                     358                  9.9929628061333009E-001                  2.8548758788471706E-001                  5.0301579596755985E+000                  7.7738919252527765E+000                  7.1373123338597493E-039                  6.7279999999955731E-001                  3.3522340100042199E-005                  3.1496647766034247E-001                  2.1025988500795504E-003                  6.1630907196949872E-004                  5.7221218635412083E-003                  1.2718648985637696E-003                  2.4871053158459599E-003                  5.3756983210505690E-022                  0.0000000000000000E+000                  0.0000000000000000E+000 
                                     359                  9.9927202031229956E-001                  2.8529533947058350E-001                  5.0352494924226168E+000                  7.7790145055628219E+000                  7.5452911649162506E-039                  6.7279999999955731E-001                  3.3522340100042233E-005                  3.1496647766034247E-001                  2.1025988500795504E-003                  6.1630907196949872E-004                  5.7221218635412083E-003                  1.2718648985637696E-003                  2.4871053158459599E-003                  5.5029142774510668E-022                  0.0000000000000000E+000                  0.0000000000000000E+000 
                                     360                  9.9924693989869129E-001                  2.8510072336468190E-001                  5.0403422501725581E+000                  7.7841362012627782E+000                  7.9763571047589393E-039                  6.7279999999955731E-001                  3.3522340100042254E-005                  3.1496647766034247E-001                  2.1025988500795504E-003                  6.1630907196949872E-004                  5.7221218635412083E-003                  1.2718648985637696E-003                  2.4871053158459599E-003                  5.6331507493109877E-022                  0.0000000000000000E+000                  0.0000000000000000E+000 
                                     361                  9.9922101219704473E-001                  2.8490370972745710E-001                  5.0454368313112399E+000                  7.7892575187616444E+000                  8.4317908806228566E-039                  6.7279999999955731E-001                  3.3522340100042288E-005                  3.1496647766034247E-001                  2.1025988500795504E-003                  6.1630907196949872E-004                  5.7221218635412083E-003                  1.2718648985637696E-003                  2.4871053158459599E-003                  5.7664726461752224E-022                  0.0000000000000000E+000                  0.0000000000000000E+000 
                                     362                  9.9919420915603352E-001                  2.8470426808870386E-001                  5.0505338321292461E+000                  7.7943789285690430E+000                  8.9129427530943497E-039                  6.7279999999955731E-001                  3.3522340100042315E-005                  3.1496647766034247E-001                  2.1025988500795504E-003                  6.1630907196949872E-004                  5.7221218635412083E-003                  1.2718648985637696E-003                  2.4871053158459599E-003                  5.9029464237091009E-022                  0.0000000000000000E+000                  0.0000000000000000E+000 
                                     363                  9.9916650182139022E-001                  2.8450236734676304E-001                  5.0556338433705985E+000                  7.7995008868326448E+000                  9.4212357847367509E-039                  6.7279999999955731E-001                  3.3522340100042349E-005                  3.1496647766034247E-001                  2.1025988500795504E-003                  6.1630907196949872E-004                  5.7221218635412083E-003                  1.2718648985637696E-003                  2.4871053158459599E-003                  6.0426398339791811E-022                  0.0000000000000000E+000                  0.0000000000000000E+000 
                                     364                  9.9913786030803942E-001                  2.8429797575813459E-001                  5.0607374498613806E+000                  7.8046238411857658E+000                  9.9581695087897039E-039                  6.7279999999955731E-001                  3.3522340100042376E-005                  3.1496647766034247E-001                  2.1025988500795504E-003                  6.1630907196949872E-004                  5.7221218635412083E-003                  1.2718648985637696E-003                  2.4871053158459599E-003                  6.1856218655062170E-022                  0.0000000000000000E+000                  0.0000000000000000E+000 
                                     365                  9.9910825377141699E-001                  2.8409106092425457E-001                  5.0658452296158920E+000                  7.8097482221955001E+000                  1.0525324099594037E-038                  6.7279999999955731E-001                  3.3522340100042409E-005                  3.1496647766034247E-001                  2.1025988500795504E-003                  6.1630907196949872E-004                  5.7221218635412083E-003                  1.2718648985637696E-003                  2.4871053158459599E-003                  6.3319628957565341E-022                  0.0000000000000000E+000                  0.0000000000000000E+000 
                                     366                  9.9907765037795404E-001                  2.8388158978217598E-001                  5.0709577498912424E+000                  7.8148744262619116E+000                  1.1124365019251412E-038                  6.7279999999955731E-001                  3.3522340100042443E-005                  3.1496647766034247E-001                  2.1025988500795504E-003                  6.1630907196949872E-004                  5.7221218635412083E-003                  1.2718648985637696E-003                  2.4871053158459599E-003                  6.4817349926715137E-022                  0.0000000000000000E+000                  0.0000000000000000E+000 
                                     367                  9.9904601727470888E-001                  2.8366952860363231E-001                  5.0760755638150536E+000                  7.8200028265892465E+000                  1.1757047233656372E-038                  6.7279999999955731E-001                  3.3522340100042477E-005                  3.1496647766034247E-001                  2.1025988500795504E-003                  6.1630907196949872E-004                  5.7221218635412083E-003                  1.2718648985637696E-003                  2.4871053158459599E-003                  6.6350117960261072E-022                  0.0000000000000000E+000                  0.0000000000000000E+000 
                                     368                  9.9901332055817937E-001                  2.8345484298923296E-001                  5.0811992100569050E+000                  7.8251337750579824E+000                  1.2425219833126708E-038                  6.7279999999955731E-001                  3.3522340100042511E-005                  3.1496647766034247E-001                  2.1025988500795504E-003                  6.1630907196949872E-004                  5.7221218635412083E-003                  1.2718648985637696E-003                  2.4871053158459599E-003                  6.7918685286735438E-022                  0.0000000000000000E+000                  0.0000000000000000E+000 
                                     369                  9.9897952524226319E-001                  2.8323749786196589E-001                  5.0863292122259285E+000                  7.8302675990253867E+000                  1.3130831055166182E-038                  6.7279999999955731E-001                  3.3522340100042545E-005                  3.1496647766034247E-001                  2.1025988500795504E-003                  6.1630907196949872E-004                  5.7221218635412083E-003                  1.2718648985637696E-003                  2.4871053158459599E-003                  6.9523820989959156E-022                  0.0000000000000000E+000                  0.0000000000000000E+000 
                                     370                  9.9894459522531021E-001                  2.8301745746252271E-001                  5.0914660766866469E+000                  7.8354045961987113E+000                  1.3875933659150447E-038                  6.7279999999955731E-001                  3.3522340100042579E-005                  3.1496647766034247E-001                  2.1025988500795504E-003                  6.1630907196949872E-004                  5.7221218635412083E-003                  1.2718648985637696E-003                  2.4871053158459599E-003                  7.1166312471871732E-022                  0.0000000000000000E+000                  0.0000000000000000E+000 
                                     371                  9.9890849325623887E-001                  2.8279468534756913E-001                  5.0966102908275372E+000                  7.8405450363509113E+000                  1.4662690403266400E-038                  6.7279999999955731E-001                  3.3522340100042613E-005                  3.1496647766034247E-001                  2.1025988500795504E-003                  6.1630907196949872E-004                  5.7221218635412083E-003                  1.2718648985637696E-003                  2.4871053158459599E-003                  7.2846965885374040E-022                  0.0000000000000000E+000                  0.0000000000000000E+000 
                                     372                  9.9887118089969085E-001                  2.8256914438762154E-001                  5.1017623228152909E+000                  7.8456891614166571E+000                  1.5493379851909465E-038                  6.7279999999955731E-001                  3.3522340100042653E-005                  3.1496647766034247E-001                  2.1025988500795504E-003                  6.1630907196949872E-004                  5.7221218635412083E-003                  1.2718648985637696E-003                  2.4871053158459599E-003                  7.4566606833077157E-022                  0.0000000000000000E+000                  0.0000000000000000E+000 
                                     373                  9.9883261850019744E-001                  2.8234079676534102E-001                  5.1069226215946397E+000                  7.8508371930842964E+000                  1.6370402214348520E-038                  6.7279999999955731E-001                  3.3522340100042687E-005                  3.1496647766034247E-001                  2.1025988500795504E-003                  6.1630907196949872E-004                  5.7221218635412083E-003                  1.2718648985637696E-003                  2.4871053158459599E-003                  7.6326079737932364E-022                  0.0000000000000000E+000                  0.0000000000000000E+000 
                                     374                  9.9879276514533355E-001                  2.8210960397027313E-001                  5.1120916170002095E+000                  7.8559893369271823E+000                  1.7296285550635559E-038                  6.7279999999955731E-001                  3.3522340100042728E-005                  3.1496647766034247E-001                  2.1025988500795504E-003                  6.1630907196949872E-004                  5.7221218635412083E-003                  1.2718648985637696E-003                  2.4871053158459599E-003                  7.8126247699898884E-022                  0.0000000000000000E+000                  0.0000000000000000E+000 
                                     375                  9.9875157862783259E-001                  2.8187552679162103E-001                  5.1172697197147627E+000                  7.8611457709089390E+000                  1.8273692876461548E-038                  6.7279999999955731E-001                  3.3522340100042769E-005                  3.1496647766034247E-001                  2.1025988500795504E-003                  6.1630907196949872E-004                  5.7221218635412083E-003                  1.2718648985637696E-003                  2.4871053158459599E-003                  7.9967995225179222E-022                  0.0000000000000000E+000                  0.0000000000000000E+000 
                                     376                  9.9870901540667412E-001                  2.8163852531742922E-001                  5.1224573210166708E+000                  7.8663066438898177E+000                  1.9305429278013009E-038                  6.7279999999955731E-001                  3.3522340100042809E-005                  3.1496647766034247E-001                  2.1025988500795504E-003                  6.1630907196949872E-004                  5.7221218635412083E-003                  1.2718648985637696E-003                  2.4871053158459599E-003                  8.1852229212055857E-022                  0.0000000000000000E+000                  0.0000000000000000E+000 
                                     377                  9.9866503056717448E-001                  2.8139855893513593E-001                  5.1276547931460206E+000                  7.8714720973709298E+000                  2.0394448381567042E-038                  6.7279999999955731E-001                  3.3522340100042843E-005                  3.1496647766034247E-001                  2.1025988500795504E-003                  6.1630907196949872E-004                  5.7221218635412083E-003                  1.2718648985637696E-003                  2.4871053158459599E-003                  8.3779875418365584E-022                  0.0000000000000000E+000                  0.0000000000000000E+000 
                                     378                  9.9861957777999566E-001                  2.8115558632058135E-001                  5.1328624903679430E+000                  7.8766422688264424E+000                  2.1543859811560830E-038                  6.7279999999955731E-001                  3.3522340100042891E-005                  3.1496647766034247E-001                  2.1025988500795504E-003                  6.1630907196949872E-004                  5.7221218635412083E-003                  1.2718648985637696E-003                  2.4871053158459599E-003                  8.5751878218783031E-022                  0.0000000000000000E+000                  0.0000000000000000E+000 
                                     379                  9.9857260925902269E-001                  2.8090956542501311E-001                  5.1380807493382123E+000                  7.8818172696100559E+000                  2.2756938306914397E-038                  6.7279999999955731E-001                  3.3522340100042931E-005                  3.1496647766034247E-001                  2.1025988500795504E-003                  6.1630907196949872E-004                  5.7221218635412083E-003                  1.2718648985637696E-003                  2.4871053158459599E-003                  8.7769205715932659E-022                  0.0000000000000000E+000                  0.0000000000000000E+000 
                                     380                  9.9852407571808177E-001                  2.8066045347453528E-001                  5.1433098885929853E+000                  7.8869971859066963E+000                  2.4037132344290278E-038                  6.7279999999955731E-001                  3.3522340100042972E-005                  3.1496647766034247E-001                  2.1025988500795504E-003                  6.1630907196949872E-004                  5.7221218635412083E-003                  1.2718648985637696E-003                  2.4871053158459599E-003                  8.9832850503738860E-022                  0.0000000000000000E+000                  0.0000000000000000E+000 
                                     381                  9.9847392632646759E-001                  2.8040820696957186E-001                  5.1485502073056146E+000                  7.8921821109688750E+000                  2.5388071378663364E-038                  6.7279999999955731E-001                  3.3522340100043013E-005                  3.1496647766034247E-001                  2.1025988500795504E-003                  6.1630907196949872E-004                  5.7221218635412083E-003                  1.2718648985637696E-003                  2.4871053158459599E-003                  9.1943823441770205E-022                  0.0000000000000000E+000                  0.0000000000000000E+000 
                                     382                  9.9842210866325132E-001                  2.8015278166592700E-001                  5.1538019836423361E+000                  7.8973721334822669E+000                  2.6813575648943667E-038                  6.7279999999955731E-001                  3.3522340100043060E-005                  3.1496647766034247E-001                  2.1025988500795504E-003                  6.1630907196949872E-004                  5.7221218635412083E-003                  1.2718648985637696E-003                  2.4871053158459599E-003                  9.4103156518978720E-022                  0.0000000000000000E+000                  0.0000000000000000E+000 
                                     383                  9.9836856867033819E-001                  2.7989413256216078E-001                  5.1590654737998278E+000                  7.9025673113185135E+000                  2.8317667547467587E-038                  6.7279999999955731E-001                  3.3522340100043107E-005                  3.1496647766034247E-001                  2.1025988500795504E-003                  6.1630907196949872E-004                  5.7221218635412083E-003                  1.2718648985637696E-003                  2.4871053158459599E-003                  9.6311909417357500E-022                  0.0000000000000000E+000                  0.0000000000000000E+000 
                                     384                  9.9831325060429599E-001                  2.7963221390260445E-001                  5.1643409112923973E+000                  7.9077676742661271E+000                  2.9904581977859096E-038                  6.7279999999955731E-001                  3.3522340100043148E-005                  3.1496647766034247E-001                  2.1025988500795504E-003                  6.1630907196949872E-004                  5.7221218635412083E-003                  1.2718648985637696E-003                  2.4871053158459599E-003                  9.8571169903869670E-022                  0.0000000000000000E+000                  0.0000000000000000E+000 
                                     385                  9.9825609698698792E-001                  2.7936697917952169E-001                  5.1696285048973216E+000                  7.9129732503442511E+000                  3.1578775583240759E-038                  6.7279999999955731E-001                  3.3522340100043196E-005                  3.1496647766034247E-001                  2.1025988500795504E-003                  6.1630907196949872E-004                  5.7221218635412083E-003                  1.2718648985637696E-003                  2.4871053158459599E-003                  1.0088204853549099E-021                  0.0000000000000000E+000                  0.0000000000000000E+000 
                                     386                  9.9819704855489533E-001                  2.7909838111974100E-001                  5.1749284362553079E+000                  7.9181840456383616E+000                  3.3344939532848517E-038                  6.7279999999955731E-001                  3.3522340100043243E-005                  3.1496647766034247E-001                  2.1025988500795504E-003                  6.1630907196949872E-004                  5.7221218635412083E-003                  1.2718648985637696E-003                  2.4871053158459599E-003                  1.0324568428757732E-021                  0.0000000000000000E+000                  0.0000000000000000E+000 
                                     387                  9.9813604420707414E-001                  2.7882637168366486E-001                  5.1802408588747619E+000                  7.9234000300469747E+000                  3.5208012894122353E-038                  6.7279999999955731E-001                  3.3522340100043290E-005                  3.1496647766034247E-001                  2.1025988500795504E-003                  6.1630907196949872E-004                  5.7221218635412083E-003                  1.2718648985637696E-003                  2.4871053158459599E-003                  1.0566324938096294E-021                  0.0000000000000000E+000                  0.0000000000000000E+000 
                                     388                  9.9807302095171191E-001                  2.7855090207387340E-001                  5.1855658979054651E+000                  7.9286211400088860E+000                  3.7173195592529007E-038                  6.7279999999955731E-001                  3.3522340100043345E-005                  3.1496647766034247E-001                  2.1025988500795504E-003                  6.1630907196949872E-004                  5.7221218635412083E-003                  1.2718648985637696E-003                  2.4871053158459599E-003                  1.0813595022322079E-021                  0.0000000000000000E+000                  0.0000000000000000E+000 
                                     389                  9.9800791385124632E-001                  2.7827192274313800E-001                  5.1909036505868187E+000                  7.9338472866513259E+000                  3.9245961541319544E-038                  6.7279999999955731E-001                  3.3522340100043392E-005                  3.1496647766034247E-001                  2.1025988500795504E-003                  6.1630907196949872E-004                  5.7221218635412083E-003                  1.2718648985637696E-003                  2.4871053158459599E-003                  1.1066502686403621E-021                  0.0000000000000000E+000                  0.0000000000000000E+000 
                                     390                  9.9794065596600778E-001                  2.7798938339823864E-001                  5.1962541866265282E+000                  7.9390783512968772E+000                  4.1432073496628150E-038                  6.7279999999955731E-001                  3.3522340100043446E-005                  3.1496647766034247E-001                  2.1025988500795504E-003                  6.1630907196949872E-004                  5.7221218635412083E-003                  1.2718648985637696E-003                  2.4871053158459599E-003                  1.1325175572936487E-021                  0.0000000000000000E+000                  0.0000000000000000E+000 
                                     391                  9.9787117829636085E-001                  2.7770323300756156E-001                  5.2016175478536093E+000                  7.9443141832744679E+000                  4.3737598494791754E-038                  6.7279999999955731E-001                  3.3522340100043494E-005                  3.1496647766034247E-001                  2.1025988500795504E-003                  6.1630907196949872E-004                  5.7221218635412083E-003                  1.2718648985637696E-003                  2.4871053158459599E-003                  1.1589745178454899E-021                  0.0000000000000000E+000                  0.0000000000000000E+000 
                                     392                  9.9779940972339409E-001                  2.7741341981120782E-001                  5.2069937489011702E+000                  7.9495545942732209E+000                  4.6168924597129800E-038                  6.7279999999955731E-001                  3.3522340100043548E-005                  3.1496647766034247E-001                  2.1025988500795504E-003                  6.1630907196949872E-004                  5.7221218635412083E-003                  1.2718648985637696E-003                  2.4871053158459599E-003                  1.1860347194822900E-021                  0.0000000000000000E+000                  0.0000000000000000E+000 
                                     393                  9.9772527694810409E-001                  2.7711989133611781E-001                  5.2123827799055755E+000                  7.9547993583175760E+000                  4.8732778175982820E-038                  6.7279999999955731E-001                  3.3522340100043602E-005                  3.1496647766034247E-001                  2.1025988500795504E-003                  6.1630907196949872E-004                  5.7221218635412083E-003                  1.2718648985637696E-003                  2.4871053158459599E-003                  1.2137121725689988E-021                  0.0000000000000000E+000                  0.0000000000000000E+000 
                                     394                  9.9764870442896636E-001                  2.7682259441271245E-001                  5.2177846081686567E+000                  7.9600482260989951E+000                  5.1436240519976527E-038                  6.7279999999955731E-001                  3.3522340100043656E-005                  3.1496647766034247E-001                  2.1025988500795504E-003                  6.1630907196949872E-004                  5.7221218635412083E-003                  1.2718648985637696E-003                  2.4871053158459599E-003                  1.2420213082417789E-021                  0.0000000000000000E+000                  0.0000000000000000E+000 
                                     395                  9.9756961431784519E-001                  2.7652147518316861E-001                  5.2231991779075946E+000                  7.9653009256495517E+000                  5.4286766646763314E-038                  6.7279999999955731E-001                  3.3522340100043717E-005                  3.1496647766034247E-001                  2.1025988500795504E-003                  6.1630907196949872E-004                  5.7221218635412083E-003                  1.2718648985637696E-003                  2.4871053158459599E-003                  1.2709769956107652E-021                  0.0000000000000000E+000                  0.0000000000000000E+000 
                                     396                  9.9748792639418660E-001                  2.7621647911021796E-001                  5.2286264130479383E+000                  7.9705571500215875E+000                  5.7292206873881437E-038                  6.7279999999955731E-001                  3.3522340100043772E-005                  3.1496647766034247E-001                  2.1025988500795504E-003                  6.1630907196949872E-004                  5.7221218635412083E-003                  1.2718648985637696E-003                  2.4871053158459599E-003                  1.3005946014811181E-021                  0.0000000000000000E+000                  0.0000000000000000E+000 
                                     397                  9.9740355799744485E-001                  2.7590755099572700E-001                  5.2340662224056391E+000                  7.9758165686221956E+000                  6.0460826765220871E-038                  6.7279999999955731E-001                  3.3522340100043833E-005                  3.1496647766034247E-001                  2.1025988500795504E-003                  6.1630907196949872E-004                  5.7221218635412083E-003                  1.2718648985637696E-003                  2.4871053158459599E-003                  1.3308899794407976E-021                  0.0000000000000000E+000                  0.0000000000000000E+000 
                                     398                  9.9731642395768172E-001                  2.7559463499273956E-001                  5.2395185015794290E+000                  7.9810788442419920E+000                  6.3801326963289823E-038                  6.7279999999955731E-001                  3.3522340100043893E-005                  3.1496647766034247E-001                  2.1025988500795504E-003                  6.1630907196949872E-004                  5.7221218635412083E-003                  1.2718648985637696E-003                  2.4871053158459599E-003                  1.3618794358323398E-021                  0.0000000000000000E+000                  0.0000000000000000E+000 
                                     399                  9.9722643652430332E-001                  2.7527767460625757E-001                  5.2449831333411208E+000                  7.9863436322252852E+000                  6.7322866092793933E-038                  6.7279999999955731E-001                  3.3522340100043954E-005                  3.1496647766034247E-001                  2.1025988500795504E-003                  6.1630907196949872E-004                  5.7221218635412083E-003                  1.2718648985637696E-003                  2.4871053158459599E-003                  1.3935797485480419E-021                  0.0000000000000000E+000                  0.0000000000000000E+000 
                                     400                  9.9713350529298483E-001                  2.7495661269504462E-001                  5.2504599940811350E+000                  7.9916105794718053E+000                  7.1035084985727011E-038                  6.7279999999955731E-001                  3.3522340100044015E-005                  3.1496647766034247E-001                  2.1025988500795504E-003                  6.1630907196949872E-004                  5.7221218635412083E-003                  1.2718648985637696E-003                  2.4871053158459599E-003                  1.4260081879621893E-021                  0.0000000000000000E+000                  0.0000000000000000E+000 
                                     401                  9.9703753713070586E-001                  2.7463139147464399E-001                  5.2559489611098194E+000                  7.9968793402682561E+000                  7.4948129410064738E-038                  6.7279999999955731E-001                  3.3522340100044083E-005                  3.1496647766034247E-001                  2.1025988500795504E-003                  6.1630907196949872E-004                  5.7221218635412083E-003                  1.2718648985637696E-003                  2.4871053158459599E-003                  1.4591824793727148E-021                  0.0000000000000000E+000                  0.0000000000000000E+000 
                                     402                  9.9693843609880983E-001                  2.7430195250891887E-001                  5.2614499136106456E+000                  8.0021495815906896E+000                  7.9072675230088103E-038                  6.7279999999955731E-001                  3.3522340100044144E-005                  3.1496647766034247E-001                  2.1025988500795504E-003                  6.1630907196949872E-004                  5.7221218635412083E-003                  1.2718648985637696E-003                  2.4871053158459599E-003                  1.4931207973531629E-021                  0.0000000000000000E+000                  0.0000000000000000E+000 
                                     403                  9.9683610337401563E-001                  2.7396823669728620E-001                  5.2669627335578193E+000                  8.0074210010927782E+000                  8.3419952191228762E-038                  6.7279999999955731E-001                  3.3522340100044205E-005                  3.1496647766034247E-001                  2.1025988500795504E-003                  6.1630907196949872E-004                  5.7221218635412083E-003                  1.2718648985637696E-003                  2.4871053158459599E-003                  1.5278417102766405E-021                  0.0000000000000000E+000                  0.0000000000000000E+000 
                                     404                  9.9673043716730947E-001                  2.7363018424743285E-001                  5.2724873106558876E+000                  8.0126933454845375E+000                  8.8001768086289442E-038                  6.7279999999955731E-001                  3.3522340100044280E-005                  3.1496647766034247E-001                  2.1025988500795504E-003                  6.1630907196949872E-004                  5.7221218635412083E-003                  1.2718648985637696E-003                  2.4871053158459599E-003                  1.5633641161212964E-021                  0.0000000000000000E+000                  0.0000000000000000E+000 
                                     405                  9.9662133264052954E-001                  2.7328773463208028E-001                  5.2780235460503038E+000                  8.0179663855143222E+000                  9.2830542361969719E-038                  6.7279999999955731E-001                  3.3522340100044348E-005                  3.1496647766034247E-001                  2.1025988500795504E-003                  6.1630907196949872E-004                  5.7221218635412083E-003                  1.2718648985637696E-003                  2.4871053158459599E-003                  1.5997073397706778E-021                  0.0000000000000000E+000                  0.0000000000000000E+000 
                                     406                  9.9650868182054331E-001                  2.7294082656326674E-001                  5.2835713519399592E+000                  8.0232399175592004E+000                  9.7919336093834610E-038                  6.7279999999955731E-001                  3.3522340100044408E-005                  3.1496647766034247E-001                  2.1025988500795504E-003                  6.1630907196949872E-004                  5.7221218635412083E-003                  1.2718648985637696E-003                  2.4871053158459599E-003                  1.6368911303430439E-021                  0.0000000000000000E+000                  0.0000000000000000E+000 
                                     407                  9.9639237351132315E-001                  2.7258939796408249E-001                  5.2891306467003574E+000                  8.0285138281375517E+000                  1.0328186834605817E-037                  6.7279999999955731E-001                  3.3522340100044483E-005                  3.1496647766034247E-001                  2.1025988500795504E-003                  6.1630907196949872E-004                  5.7221218635412083E-003                  1.2718648985637696E-003                  2.4871053158459599E-003                  1.6749353975602559E-021                  0.0000000000000000E+000                  0.0000000000000000E+000 
                                     408                  9.9627229320384314E-001                  2.7223338588610041E-001                  5.2947013482482408E+000                  8.0337880560113568E+000                  1.0893255471328719E-037                  6.7279999999955731E-001                  3.3522340100044551E-005                  3.1496647766034247E-001                  2.1025988500795504E-003                  6.1630907196949872E-004                  5.7221218635412083E-003                  1.2718648985637696E-003                  2.4871053158459599E-003                  1.7138603447040233E-021                  0.0000000000000000E+000                  0.0000000000000000E+000 
                                     409                  9.9614832298369960E-001                  2.7187272645333682E-001                  5.3002833726151151E+000                  8.0390625358763934E+000                  1.1488655469900207E-037                  6.7279999999955731E-001                  3.3522340100044625E-005                  3.1496647766034247E-001                  2.1025988500795504E-003                  6.1630907196949872E-004                  5.7221218635412083E-003                  1.2718648985637696E-003                  2.4871053158459599E-003                  1.7536867017969539E-021                  0.0000000000000000E+000                  0.0000000000000000E+000 
                                     410                  9.9602034143639129E-001                  2.7150735485052380E-001                  5.3058766328534093E+000                  8.0443372213044881E+000                  2.6221337327560201E-037                  6.7279999999955731E-001                  3.3522340100044700E-005                  3.1496647766034247E-001                  2.1025988500795504E-003                  6.1630907196949872E-004                  5.7221218635412083E-003                  1.2718648985637696E-003                  2.4871053158459599E-003                  2.2020789231203265E-021                  0.0000000000000000E+000                  0.0000000000000000E+000 
                                     411                  9.9588822355009532E-001                  2.7113720529174906E-001                  5.3114810281183029E+000                  8.0496121344424800E+000                  6.7278151967889081E-037                  6.7279999999955731E-001                  3.3522340100044774E-005                  3.1496647766034247E-001                  2.1025988500795504E-003                  6.1630907196949872E-004                  5.7221218635412083E-003                  1.2718648985637696E-003                  2.4871053158459599E-003                  2.8521979624788203E-021                  0.0000000000000000E+000                  0.0000000000000000E+000 
                                     412                  9.9575184061547117E-001                  2.7076221094479919E-001                  5.3170964336776647E+000                  8.0548872863161023E+000                  1.7224673637980770E-036                  6.7279999999955731E-001                  3.3522340100044856E-005                  3.1496647766034247E-001                  2.1025988500795504E-003                  6.1630907196949872E-004                  5.7221218635412083E-003                  1.2718648985637696E-003                  2.4871053158459599E-003                  3.6920076911342125E-021                  0.0000000000000000E+000                  0.0000000000000000E+000 
                                     413                  9.9561106012283829E-001                  2.7038230392097873E-001                  5.3227227013667138E+000                  8.0601626574206211E+000                  4.4002048297459873E-036                  6.7279999999955731E-001                  3.3522340100044937E-005                  3.1496647766034247E-001                  2.1025988500795504E-003                  6.1630907196949872E-004                  5.7221218635412083E-003                  1.2718648985637696E-003                  2.4871053158459599E-003                  4.7761543670885939E-021                  0.0000000000000000E+000                  0.0000000000000000E+000 
                                     414                  9.9546574565702872E-001                  2.6999741528232540E-001                  5.3283596610685935E+000                  8.0654382010513785E+000                  1.1215683014145193E-035                  6.7279999999955731E-001                  3.3522340100045012E-005                  3.1496647766034247E-001                  2.1025988500795504E-003                  6.1630907196949872E-004                  5.7221218635412083E-003                  1.2718648985637696E-003                  2.4871053158459599E-003                  6.1748059477579133E-021                  0.0000000000000000E+000                  0.0000000000000000E+000 
                                     415                  9.9531575678985762E-001                  2.6960747504718158E-001                  5.3340071201701820E+000                  8.0707138475625317E+000                  2.8522932389527726E-035                  6.7279999999955731E-001                  3.3522340100045100E-005                  3.1496647766034247E-001                  2.1025988500795504E-003                  6.1630907196949872E-004                  5.7221218635412083E-003                  1.2718648985637696E-003                  2.4871053158459599E-003                  7.9779909057529625E-021                  0.0000000000000000E+000                  0.0000000000000000E+000 
                                     416                  9.9516094897018026E-001                  2.6921241219310388E-001                  5.3396648629991113E+000                  8.0759895037270741E+000                  7.2370500775521764E-035                  6.7279999999955731E-001                  3.3522340100045181E-005                  3.1496647766034247E-001                  2.1025988500795504E-003                  6.1630907196949872E-004                  5.7221218635412083E-003                  1.2718648985637696E-003                  2.4871053158459599E-003                  1.0301127768716314E-020                  0.0000000000000000E+000                  0.0000000000000000E+000 
                                     417                  9.9500117341146488E-001                  2.6881215466137970E-001                  5.3453326525521208E+000                  8.0812650424625900E+000                  1.8319362020083772E-034                  6.7279999999955731E-001                  3.3522340100045269E-005                  3.1496647766034247E-001                  2.1025988500795504E-003                  6.1630907196949872E-004                  5.7221218635412083E-003                  1.2718648985637696E-003                  2.4871053158459599E-003                  1.3292066742619021E-020                  0.0000000000000000E+000                  0.0000000000000000E+000 
                                     418                  9.9483627697633359E-001                  2.6840662937224791E-001                  5.3510102385601348E+000                  8.0865402676001015E+000                  4.6261776959613110E-034                  6.7279999999955731E-001                  3.3522340100045350E-005                  3.1496647766034247E-001                  2.1025988500795504E-003                  6.1630907196949872E-004                  5.7221218635412083E-003                  1.2718648985637696E-003                  2.4871053158459599E-003                  1.7140053389324281E-020                  0.0000000000000000E+000                  0.0000000000000000E+000 
                                     419                  9.9466610205791672E-001                  2.6799576227526933E-001                  5.3566973654875918E+000                  8.0918149682303611E+000                  1.1654111887644846E-033                  6.7279999999955731E-001                  3.3522340100045438E-005                  3.1496647766034247E-001                  2.1025988500795504E-003                  6.1630907196949872E-004                  5.7221218635412083E-003                  1.2718648985637696E-003                  2.4871053158459599E-003                  2.2087124171093012E-020                  0.0000000000000000E+000                  0.0000000000000000E+000 
                                     420                  9.9449048645863236E-001                  2.6757947835169804E-001                  5.3623937734305080E+000                  8.0970889357583253E+000                  2.9286193516711677E-033                  6.7279999999955731E-001                  3.3522340100045533E-005                  3.1496647766034247E-001                  2.1025988500795504E-003                  6.1630907196949872E-004                  5.7221218635412083E-003                  1.2718648985637696E-003                  2.4871053158459599E-003                  2.8442578119785225E-020                  0.0000000000000000E+000                  0.0000000000000000E+000 
                                     421                  9.9430926326655478E-001                  2.6715770160109509E-001                  5.3680992004578973E+000                  8.1023619294669338E+000                  7.3410059049608110E-033                  6.7279999999955731E-001                  3.3522340100045621E-005                  3.1496647766034247E-001                  2.1025988500795504E-003                  6.1630907196949872E-004                  5.7221218635412083E-003                  1.2718648985637696E-003                  2.4871053158459599E-003                  3.6601346049369475E-020                  0.0000000000000000E+000                  0.0000000000000000E+000 
                                     422                  9.9412226072942744E-001                  2.6673035506158543E-001                  5.3738133893647726E+000                  8.1076336743058910E+000                  1.8354385382854041E-032                  6.7279999999955731E-001                  3.3522340100045716E-005                  3.1496647766034247E-001                  2.1025988500795504E-003                  6.1630907196949872E-004                  5.7221218635412083E-003                  1.2718648985637696E-003                  2.4871053158459599E-003                  4.7067290499179395E-020                  0.0000000000000000E+000                  0.0000000000000000E+000 
                                     423                  9.9392930212635278E-001                  2.6629736083432881E-001                  5.3795360913779025E+000                  8.1129039071599625E+000                  4.5771952294903289E-032                  6.7279999999955731E-001                  3.3522340100045811E-005                  3.1496647766034247E-001                  2.1025988500795504E-003                  6.1630907196949872E-004                  5.7221218635412083E-003                  1.2718648985637696E-003                  2.4871053158459599E-003                  6.0482722689020421E-020                  0.0000000000000000E+000                  0.0000000000000000E+000 
                                     424                  9.9373020563676151E-001                  2.6585864006347404E-001                  5.3852670657845039E+000                  8.1181723748944083E+000                  1.1384623012395415E-031                  6.7279999999955731E-001                  3.3522340100045913E-005                  3.1496647766034247E-001                  2.1025988500795504E-003                  6.1630907196949872E-004                  5.7221218635412083E-003                  1.2718648985637696E-003                  2.4871053158459599E-003                  7.7665764684058936E-020                  0.0000000000000000E+000                  0.0000000000000000E+000 
                                     425                  9.9352478420600365E-001                  2.6541411291731848E-001                  5.3910060809772302E+000                  8.1234388115709137E+000                  2.8241187843944140E-031                  6.7279999999955731E-001                  3.3522340100046008E-005                  3.1496647766034247E-001                  2.1025988500795504E-003                  6.1630907196949872E-004                  5.7221218635412083E-003                  1.2718648985637696E-003                  2.4871053158459599E-003                  9.9657612199274408E-020                  0.0000000000000000E+000                  0.0000000000000000E+000 
                                     426                  9.9331284540813425E-001                  2.6496369859241348E-001                  5.3967529160855525E+000                  8.1287029567461389E+000                  6.9868032007623968E-031                  6.7279999999955731E-001                  3.3522340100046109E-005                  3.1496647766034247E-001                  2.1025988500795504E-003                  6.1630907196949872E-004                  5.7221218635412083E-003                  1.2718648985637696E-003                  2.4871053158459599E-003                  1.2778225800213601E-019                  0.0000000000000000E+000                  0.0000000000000000E+000 
                                     427                  9.9309419130632670E-001                  2.6450731529929872E-001                  5.4025073612389685E+000                  8.1339645631202462E+000                  1.7238230752767285E-030                  6.7279999999955731E-001                  3.3522340100046218E-005                  3.1496647766034247E-001                  2.1025988500795504E-003                  6.1630907196949872E-004                  5.7221218635412083E-003                  1.2718648985637696E-003                  2.4871053158459599E-003                  1.6372189753393943E-019                  0.0000000000000000E+000                  0.0000000000000000E+000 
                                     428                  9.9286861831106221E-001                  2.6404488023969924E-001                  5.4082692170510631E+000                  8.1392233880884639E+000                  4.2414419316747917E-030                  6.7279999999955731E-001                  3.3522340100046319E-005                  3.1496647766034247E-001                  2.1025988500795504E-003                  6.1630907196949872E-004                  5.7221218635412083E-003                  1.2718648985637696E-003                  2.4871053158459599E-003                  2.0961205224677310E-019                  0.0000000000000000E+000                  0.0000000000000000E+000 
                                     429                  9.9263591703624232E-001                  2.6357630959188794E-001                  5.4140382938917302E+000                  8.1444791899239508E+000                  1.0407110235147205E-029                  6.7279999999955731E-001                  3.3522340100046435E-005                  3.1496647766034247E-001                  2.1025988500795504E-003                  6.1630907196949872E-004                  5.7221218635412083E-003                  1.2718648985637696E-003                  2.4871053158459599E-003                  2.6816146040954027E-019                  0.0000000000000000E+000                  0.0000000000000000E+000 
                                     430                  9.9239587215305258E-001                  2.6310151849984476E-001                  5.4198144115840483E+000                  8.1497317352899898E+000                  2.5464331090188881E-029                  6.7279999999955731E-001                  3.3522340100046536E-005                  3.1496647766034247E-001                  2.1025988500795504E-003                  6.1630907196949872E-004                  5.7221218635412083E-003                  1.2718648985637696E-003                  2.4871053158459599E-003                  3.4280304628620267E-019                  0.0000000000000000E+000                  0.0000000000000000E+000 
                                     431                  9.9214826224073471E-001                  2.6262042105397926E-001                  5.4255973993027098E+000                  8.1549807985711293E+000                  6.2131321201003838E-029                  6.7279999999955731E-001                  3.3522340100046651E-005                  3.1496647766034247E-001                  2.1025988500795504E-003                  6.1630907196949872E-004                  5.7221218635412083E-003                  1.2718648985637696E-003                  2.4871053158459599E-003                  4.3788387227771735E-019                  0.0000000000000000E+000                  0.0000000000000000E+000 
                                     432                  9.9189285963469631E-001                  2.6213293027192774E-001                  5.4313870946743670E+000                  8.1602261561763960E+000                  1.5116677716263369E-028                  6.7279999999955731E-001                  3.3522340100046760E-005                  3.1496647766034247E-001                  2.1025988500795504E-003                  6.1630907196949872E-004                  5.7221218635412083E-003                  1.2718648985637696E-003                  2.4871053158459599E-003                  5.5890391108438358E-019                  0.0000000000000000E+000                  0.0000000000000000E+000 
                                     433                  9.9162943027245620E-001                  2.6163895808518067E-001                  5.4371833428346878E+000                  8.1654675877069689E+000                  3.6674277430498629E-028                  6.7279999999955731E-001                  3.3522340100046882E-005                  3.1496647766034247E-001                  2.1025988500795504E-003                  6.1630907196949872E-004                  5.7221218635412083E-003                  1.2718648985637696E-003                  2.4871053158459599E-003                  7.1281591760206690E-019                  0.0000000000000000E+000                  0.0000000000000000E+000 
                                     434                  9.9135773353764201E-001                  2.6113841532412374E-001                  5.4429859962953682E+000                  8.1707048758625884E+000                  8.8719450010171638E-028                  6.7279999999955731E-001                  3.3522340100046997E-005                  3.1496647766034247E-001                  2.1025988500795504E-003                  6.1630907196949872E-004                  5.7221218635412083E-003                  1.2718648985637696E-003                  2.4871053158459599E-003                  9.0840172472191220E-019                  0.0000000000000000E+000                  0.0000000000000000E+000 
                                     435                  9.9107752210233946E-001                  2.6063121170284953E-001                  5.4487949145020176E+000                  8.1759378023793055E+000                  2.1400369701633566E-027                  6.7279999999955731E-001                  3.3522340100047119E-005                  3.1496647766034247E-001                  2.1025988500795504E-003                  6.1630907196949872E-004                  5.7221218635412083E-003                  1.2718648985637696E-003                  2.4871053158459599E-003                  1.1567440149461915E-018                  0.0000000000000000E+000                  0.0000000000000000E+000 
                                     436                  9.9078854176793230E-001                  2.6011725580843581E-001                  5.4546099628845388E+000                  8.1811661471664632E+000                  5.1471005455065560E-027                  6.7279999999955731E-001                  3.3522340100047241E-005                  3.1496647766034247E-001                  2.1025988500795504E-003                  6.1630907196949872E-004                  5.7221218635412083E-003                  1.2718648985637696E-003                  2.4871053158459599E-003                  1.4718172425891150E-018                  0.0000000000000000E+000                  0.0000000000000000E+000 
                                     437                  9.9049053130365805E-001                  2.5959645509122964E-001                  5.4604310124045448E+000                  8.1863896903643312E+000                  1.2343464598020782E-026                  6.7279999999955731E-001                  3.3522340100047363E-005                  3.1496647766034247E-001                  2.1025988500795504E-003                  6.1630907196949872E-004                  5.7221218635412083E-003                  1.2718648985637696E-003                  2.4871053158459599E-003                  1.8712271554397435E-018                  0.0000000000000000E+000                  0.0000000000000000E+000 
                                     438                  9.9018322228317368E-001                  2.5906871585267194E-001                  5.4662579394934818E+000                  8.1916082112769821E+000                  2.9514754180324438E-026                  6.7279999999955731E-001                  3.3522340100047492E-005                  3.1496647766034247E-001                  2.1025988500795504E-003                  6.1630907196949872E-004                  5.7221218635412083E-003                  1.2718648985637696E-003                  2.4871053158459599E-003                  2.3771355137925772E-018                  0.0000000000000000E+000                  0.0000000000000000E+000 
                                     439                  9.8986633891949349E-001                  2.5853394323431400E-001                  5.4720906255969934E+000                  8.1968214853480283E+000                  7.0366192258506677E-026                  6.7279999999955731E-001                  3.3522340100047620E-005                  3.1496647766034247E-001                  2.1025988500795504E-003                  6.1630907196949872E-004                  5.7221218635412083E-003                  1.2718648985637696E-003                  2.4871053158459599E-003                  3.0174153113716055E-018                  0.0000000000000000E+000                  0.0000000000000000E+000 
                                     440                  9.8953959789856971E-001                  2.5799204121057284E-001                  5.4779289567168172E+000                  8.2020292845543814E+000                  1.6726578083554719E-025                  6.7279999999955731E-001                  3.3522340100047756E-005                  3.1496647766034247E-001                  2.1025988500795504E-003                  6.1630907196949872E-004                  5.7221218635412083E-003                  1.2718648985637696E-003                  2.4871053158459599E-003                  3.8270926474898861E-018                  0.0000000000000000E+000                  0.0000000000000000E+000 
                                     441                  9.8920270821228951E-001                  2.5744291258120972E-001                  5.4837728233296170E+000                  8.2072313767100233E+000                  3.9642784556336343E-025                  6.7279999999955731E-001                  3.3522340100047891E-005                  3.1496647766034247E-001                  2.1025988500795504E-003                  6.1630907196949872E-004                  5.7221218635412083E-003                  1.2718648985637696E-003                  2.4871053158459599E-003                  4.8501448792018441E-018                  0.0000000000000000E+000                  0.0000000000000000E+000 
                                     442                  9.8885537099119736E-001                  2.5688645896490098E-001                  5.4896221204482476E+000                  8.2124275243872500E+000                  9.3676668988909316E-025                  6.7279999999955731E-001                  3.3522340100048027E-005                  3.1496647766034247E-001                  2.1025988500795504E-003                  6.1630907196949872E-004                  5.7221218635412083E-003                  1.2718648985637696E-003                  2.4871053158459599E-003                  6.1417411207240168E-018                  0.0000000000000000E+000                  0.0000000000000000E+000 
                                     443                  9.8849727933614717E-001                  2.5632258079448061E-001                  5.4954767477045152E+000                  8.2176174856527631E+000                  2.2070160426858283E-024                  6.7279999999955731E-001                  3.3522340100048169E-005                  3.1496647766034247E-001                  2.1025988500795504E-003                  6.1630907196949872E-004                  5.7221218635412083E-003                  1.2718648985637696E-003                  2.4871053158459599E-003                  7.7710314243413711E-018                  0.0000000000000000E+000                  0.0000000000000000E+000 
                                     444                  9.8812811814904455E-001                  2.5575117731159486E-001                  5.5013366093316511E+000                  8.2228010153676685E+000                  5.1842173711592171E-024                  6.7279999999955731E-001                  3.3522340100048312E-005                  3.1496647766034247E-001                  2.1025988500795504E-003                  6.1630907196949872E-004                  5.7221218635412083E-003                  1.2718648985637696E-003                  2.4871053158459599E-003                  9.8246159624181018E-018                  0.0000000000000000E+000                  0.0000000000000000E+000 
                                     445                  9.8774756396293095E-001                  2.5517214655995402E-001                  5.5072016142199551E+000                  8.2279778646191009E+000                  1.2141208002357614E-023                  6.7279999999955731E-001                  3.3522340100048461E-005                  3.1496647766034247E-001                  2.1025988500795504E-003                  6.1630907196949872E-004                  5.7221218635412083E-003                  1.2718648985637696E-003                  2.4871053158459599E-003                  1.2410856294525708E-017                  0.0000000000000000E+000                  0.0000000000000000E+000 
                                     446                  9.8735528477214640E-001                  2.5458538537958458E-001                  5.5130716762224985E+000                  8.2331477790533221E+000                  2.8349096259482006E-023                  6.7279999999955731E-001                  3.3522340100048610E-005                  3.1496647766034247E-001                  2.1025988500795504E-003                  6.1630907196949872E-004                  5.7221218635412083E-003                  1.2718648985637696E-003                  2.4871053158459599E-003                  1.5665228562047634E-017                  0.0000000000000000E+000                  0.0000000000000000E+000 
                                     447                  9.8695093986404681E-001                  2.5399078940365766E-001                  5.5189467143241826E+000                  8.2383104994504261E+000                  6.5995318255369992E-023                  6.7279999999955731E-001                  3.3522340100048759E-005                  3.1496647766034247E-001                  2.1025988500795504E-003                  6.1630907196949872E-004                  5.7221218635412083E-003                  1.2718648985637696E-003                  2.4871053158459599E-003                  1.9756964565506375E-017                  0.0000000000000000E+000                  0.0000000000000000E+000 
                                     448                  9.8653417965154622E-001                  2.5338825305498541E-001                  5.5248266525010390E+000                  8.2434657626375785E+000                  1.5317291705795614E-022                  6.7279999999955731E-001                  3.3522340100048915E-005                  3.1496647766034247E-001                  2.1025988500795504E-003                  6.1630907196949872E-004                  5.7221218635412083E-003                  1.2718648985637696E-003                  2.4871053158459599E-003                  2.4897283317206684E-017                  0.0000000000000000E+000                  0.0000000000000000E+000 
                                     449                  9.8610464550592836E-001                  2.5277766954166225E-001                  5.5307114194416007E+000                  8.2486133029733288E+000                  3.5444143615493545E-022                  6.7279999999955731E-001                  3.3522340100049077E-005                  3.1496647766034247E-001                  2.1025988500795504E-003                  6.1630907196949872E-004                  5.7221218635412083E-003                  1.2718648985637696E-003                  2.4871053158459599E-003                  3.1349585016024965E-017                  0.0000000000000000E+000                  0.0000000000000000E+000 
                                     450                  9.8566196959008823E-001                  2.5215893085095320E-001                  5.5366009482309257E+000                  8.2537528513749425E+000                  8.1771057381917322E-022                  6.7279999999955731E-001                  3.3522340100049233E-005                  3.1496647766034247E-001                  2.1025988500795504E-003                  6.1630907196949872E-004                  5.7221218635412083E-003                  1.2718648985637696E-003                  2.4871053158459599E-003                  3.9442064541678073E-017                  0.0000000000000000E+000                  0.0000000000000000E+000 
                                     451                  9.8520577469290549E-001                  2.5153192774482103E-001                  5.5424951761100267E+000                  8.2588841335925078E+000                  1.8808172244155960E-021                  6.7279999999955731E-001                  3.3522340100049396E-005                  3.1496647766034247E-001                  2.1025988500795504E-003                  6.1630907196949872E-004                  5.7221218635412083E-003                  1.2718648985637696E-003                  2.4871053158459599E-003                  4.9583305257840967E-017                  0.0000000000000000E+000                  0.0000000000000000E+000 
                                     452                  9.8473567406652596E-001                  2.5089654975832160E-001                  5.5483940435330323E+000                  8.2640068722463074E+000                  4.3130538822705141E-021                  6.7279999999955731E-001                  3.3522340100049565E-005                  3.1496647766034247E-001                  2.1025988500795504E-003                  6.1630907196949872E-004                  5.7221218635412083E-003                  1.2718648985637696E-003                  2.4871053158459599E-003                  6.2281538718145197E-017                  0.0000000000000000E+000                  0.0000000000000000E+000 
                                     453                  9.8425127126607692E-001                  2.5025268519550453E-001                  5.5542974923699830E+000                  8.2691207862194460E+000                  9.8608438424267668E-021                  6.7279999999955731E-001                  3.3522340100049735E-005                  3.1496647766034247E-001                  2.1025988500795504E-003                  6.1630907196949872E-004                  5.7221218635412083E-003                  1.2718648985637696E-003                  2.4871053158459599E-003                  7.8168409917300518E-017                  0.0000000000000000E+000                  0.0000000000000000E+000 
                                     454                  9.8375215999094767E-001                  2.4960022112657076E-001                  5.5602054648808004E+000                  8.2742255869725962E+000                  2.2476766115222616E-020                  6.7279999999955731E-001                  3.3522340100049904E-005                  3.1496647766034247E-001                  2.1025988500795504E-003                  6.1630907196949872E-004                  5.7221218635412083E-003                  1.2718648985637696E-003                  2.4871053158459599E-003                  9.8028278945709169E-017                  0.0000000000000000E+000                  0.0000000000000000E+000 
                                     455                  9.8323792392762133E-001                  2.4893904339106648E-001                  5.5661179031339181E+000                  8.2793209807193122E+000                  5.1079162665117021E-020                  6.7279999999955731E-001                  3.3522340100050080E-005                  3.1496647766034247E-001                  2.1025988500795504E-003                  6.1630907196949872E-004                  5.7221218635412083E-003                  1.2718648985637696E-003                  2.4871053158459599E-003                  1.2283431513919446E-016                  0.0000000000000000E+000                  0.0000000000000000E+000 
                                     456                  9.8270813659463507E-001                  2.4826903659854074E-001                  5.5720347466090088E+000                  8.2844066707599389E+000                  1.1572932931827314E-019                  6.7279999999955731E-001                  3.3522340100050263E-005                  3.1496647766034247E-001                  2.1025988500795504E-003                  6.1630907196949872E-004                  5.7221218635412083E-003                  1.2718648985637696E-003                  2.4871053158459599E-003                  1.5379290814540850E-016                  0.0000000000000000E+000                  0.0000000000000000E+000 
                                     457                  9.8216236119106337E-001                  2.4759008412617822E-001                  5.5779559299620001E+000                  8.2894823500685568E+000                  2.6141597438692647E-019                  6.7279999999955731E-001                  3.3522340100050453E-005                  3.1496647766034247E-001                  2.1025988500795504E-003                  6.1630907196949872E-004                  5.7221218635412083E-003                  1.2718648985637696E-003                  2.4871053158459599E-003                  1.9239826843928726E-016                  0.0000000000000000E+000                  0.0000000000000000E+000 
                                     458                  9.8160015044805426E-001                  2.4690206812858762E-001                  5.5838813827262772E+000                  8.2945477012996527E+000                  5.8872014869670433E-019                  6.7279999999955731E-001                  3.3522340100050636E-005                  3.1496647766034247E-001                  2.1025988500795504E-003                  6.1630907196949872E-004                  5.7221218635412083E-003                  1.2718648985637696E-003                  2.4871053158459599E-003                  2.4049949960309381E-016                  0.0000000000000000E+000                  0.0000000000000000E+000 
                                     459                  9.8102104648267974E-001                  2.4620486954880161E-001                  5.5898110284912885E+000                  8.2996024009237193E+000                  1.3218207365941521E-018                  6.7279999999955731E-001                  3.3522340100050826E-005                  3.1496647766034247E-001                  2.1025988500795504E-003                  6.1630907196949872E-004                  5.7221218635412083E-003                  1.2718648985637696E-003                  2.4871053158459599E-003                  3.0038290175309967E-016                  0.0000000000000000E+000                  0.0000000000000000E+000 
                                     460                  9.8042458065362170E-001                  2.4549836812381351E-001                  5.5957447834689722E+000                  8.3046461187453957E+000                  2.9588404450824977E-018                  6.7279999999955731E-001                  3.3522340100051022E-005                  3.1496647766034247E-001                  2.1025988500795504E-003                  6.1630907196949872E-004                  5.7221218635412083E-003                  1.2718648985637696E-003                  2.4871053158459599E-003                  3.7487286690809424E-016                  0.0000000000000000E+000                  0.0000000000000000E+000 
                                     461                  9.7981027341887050E-001                  2.4478244239177133E-001                  5.6016825560043850E+000                  8.3096785162581792E+000                  6.6031920962835994E-018                  6.7279999999955731E-001                  3.3522340100051219E-005                  3.1496647766034247E-001                  2.1025988500795504E-003                  6.1630907196949872E-004                  5.7221218635412083E-003                  1.2718648985637696E-003                  2.4871053158459599E-003                  4.6745546000990813E-016                  0.0000000000000000E+000                  0.0000000000000000E+000 
                                     462                  9.7917763419685588E-001                  2.4405696970287016E-001                  5.6076242469357336E+000                  8.3146992471101040E+000                  1.4691544594271026E-017                  6.7279999999955731E-001                  3.3522340100051422E-005                  3.1496647766034247E-001                  2.1025988500795504E-003                  6.1630907196949872E-004                  5.7221218635412083E-003                  1.2718648985637696E-003                  2.4871053158459599E-003                  5.8242964796141425E-016                  0.0000000000000000E+000                  0.0000000000000000E+000 
                                     463                  9.7852616123035385E-001                  2.4332182623062967E-001                  5.6135697502346842E+000                  8.3197079595026615E+000                  3.2588140421811438E-017                  6.7279999999955731E-001                  3.3522340100051625E-005                  3.1496647766034247E-001                  2.1025988500795504E-003                  6.1630907196949872E-004                  5.7221218635412083E-003                  1.2718648985637696E-003                  2.4871053158459599E-003                  7.2509218576983981E-016                  0.0000000000000000E+000                  0.0000000000000000E+000 
                                     464                  9.7785534145210362E-001                  2.4257688698021657E-001                  5.6195189533905117E+000                  8.3247043021808764E+000                  7.2065514592329182E-017                  6.7279999999955731E-001                  3.3522340100051835E-005                  3.1496647766034247E-001                  2.1025988500795504E-003                  6.1630907196949872E-004                  5.7221218635412083E-003                  1.2718648985637696E-003                  2.4871053158459599E-003                  9.0196342192604763E-016                  0.0000000000000000E+000                  0.0000000000000000E+000 
                                     465                  9.7716465035070921E-001                  2.4182202578727374E-001                  5.6254717376293772E+000                  8.3296879248788045E+000                  1.5887960741764388E-016                  6.7279999999955731E-001                  3.3522340100052052E-005                  3.1496647766034247E-001                  2.1025988500795504E-003                  6.1630907196949872E-004                  5.7221218635412083E-003                  1.2718648985637696E-003                  2.4871053158459599E-003                  1.1210628239741016E-015                  0.0000000000000000E+000                  0.0000000000000000E+000 
                                     466                  9.7645355183898941E-001                  2.4105711531621024E-001                  5.6314279791189676E+000                  8.3346584756993547E+000                  3.4920333362014844E-016                  6.7279999999955731E-001                  3.3522340100052269E-005                  3.1496647766034247E-001                  2.1025988500795504E-003                  6.1630907196949872E-004                  5.7221218635412083E-003                  1.2718648985637696E-003                  2.4871053158459599E-003                  1.3922449012816828E-015                  0.0000000000000000E+000                  0.0000000000000000E+000 
                                     467                  9.7572149812501752E-001                  2.4028202706337087E-001                  5.6373875502733428E+000                  8.3396156094323626E+000                  7.6516460972633661E-016                  6.7279999999955731E-001                  3.3522340100052486E-005                  3.1496647766034247E-001                  2.1025988500795504E-003                  6.1630907196949872E-004                  5.7221218635412083E-003                  1.2718648985637696E-003                  2.4871053158459599E-003                  1.7276083314537691E-015                  0.0000000000000000E+000                  0.0000000000000000E+000 
                                     468                  9.7496792958443357E-001                  2.3949663134566934E-001                  5.6433503200437052E+000                  8.3445589925167436E+000                  1.6714534393556990E-015                  6.7279999999955731E-001                  3.3522340100052716E-005                  3.1496647766034247E-001                  2.1025988500795504E-003                  6.1630907196949872E-004                  5.7221218635412083E-003                  1.2718648985637696E-003                  2.4871053158459599E-003                  2.1419937434705628E-015                  0.0000000000000000E+000                  0.0000000000000000E+000 
                                     469                  9.7419227463197533E-001                  2.3870079727962748E-001                  5.6493161545509745E+000                  8.3494883002572600E+000                  3.6399315921982852E-015                  6.7279999999955731E-001                  3.3522340100052947E-005                  3.1496647766034247E-001                  2.1025988500795504E-003                  6.1630907196949872E-004                  5.7221218635412083E-003                  1.2718648985637696E-003                  2.4871053158459599E-003                  2.6535888748496640E-015                  0.0000000000000000E+000                  0.0000000000000000E+000 
                                     470                  9.7339394959442860E-001                  2.3789439276444660E-001                  5.6552849182742770E+000                  8.3544032197817764E+000                  7.9022059256833107E-015                  6.7279999999955731E-001                  3.3522340100053184E-005                  3.1496647766034247E-001                  2.1025988500795504E-003                  6.1630907196949872E-004                  5.7221218635412083E-003                  1.2718648985637696E-003                  2.4871053158459599E-003                  3.2846635614604980E-015                  0.0000000000000000E+000                  0.0000000000000000E+000 
                                     471                  9.7257235858560631E-001                  2.3707728445866888E-001                  5.6612564746438192E+000                  8.3593034562923858E+000                  1.7102372661620251E-014                  6.7279999999955731E-001                  3.3522340100053421E-005                  3.1496647766034247E-001                  2.1025988500795504E-003                  6.1630907196949872E-004                  5.7221218635412083E-003                  1.2718648985637696E-003                  2.4871053158459599E-003                  4.0624614857737091E-015                  0.0000000000000000E+000                  0.0000000000000000E+000 
                                     472                  9.7172689338177165E-001                  2.3624933774365028E-001                  5.6672306862936690E+000                  8.3641887338344674E+000                  3.6898957172862690E-014                  6.7279999999955731E-001                  3.3522340100053672E-005                  3.1496647766034247E-001                  2.1025988500795504E-003                  6.1630907196949872E-004                  5.7221218635412083E-003                  1.2718648985637696E-003                  2.4871053158459599E-003                  5.0202811512728628E-015                  0.0000000000000000E+000                  0.0000000000000000E+000 
                                     473                  9.7085693329570721E-001                  2.3541041668341553E-001                  5.6732074157590660E+000                  8.3690587948712718E+000                  7.9363068315997880E-014                  6.7279999999955731E-001                  3.3522340100053916E-005                  3.1496647766034247E-001                  2.1025988500795504E-003                  6.1630907196949872E-004                  5.7221218635412083E-003                  1.2718648985637696E-003                  2.4871053158459599E-003                  6.1987850785246502E-015                  0.0000000000000000E+000                  0.0000000000000000E+000 
                                     474                  9.6996184505102179E-001                  2.3456038398302195E-001                  5.6791865261025132E+000                  8.3739134049124271E+000                  1.7016354213072890E-013                  6.7279999999955731E-001                  3.3522340100054166E-005                  3.1496647766034247E-001                  2.1025988500795504E-003                  6.1630907196949872E-004                  5.7221218635412083E-003                  1.2718648985637696E-003                  2.4871053158459599E-003                  7.6475837914036695E-015                  0.0000000000000000E+000                  0.0000000000000000E+000 
                                     475                  9.6904098265702832E-001                  2.3369910093537016E-001                  5.6851678811710658E+000                  8.3787523542468474E+000                  3.6371024866028458E-013                  6.7279999999955731E-001                  3.3522340100054424E-005                  3.1496647766034247E-001                  2.1025988500795504E-003                  6.1630907196949872E-004                  5.7221218635412083E-003                  1.2718648985637696E-003                  2.4871053158459599E-003                  9.4271504885676409E-015                  0.0000000000000000E+000                  0.0000000000000000E+000 
                                     476                  9.6809368728247558E-001                  2.3282642736143777E-001                  5.6911513459317344E+000                  8.3835754584314035E+000                  7.7496652698826905E-013                  6.7279999999955731E-001                  3.3522340100054688E-005                  3.1496647766034247E-001                  2.1025988500795504E-003                  6.1630907196949872E-004                  5.7221218635412083E-003                  1.2718648985637696E-003                  2.4871053158459599E-003                  1.1611133349723515E-014                  0.0000000000000000E+000                  0.0000000000000000E+000 
                                     477                  9.6711928712637341E-001                  2.3194222154606120E-001                  5.6971367868897911E+000                  8.3883825608126905E+000                  1.6460626811111277E-012                  6.7279999999955731E-001                  3.3522340100054959E-005                  3.1496647766034247E-001                  2.1025988500795504E-003                  6.1630907196949872E-004                  5.7221218635412083E-003                  1.2718648985637696E-003                  2.4871053158459599E-003                  1.4289145373081485E-014                  0.0000000000000000E+000                  0.0000000000000000E+000 
                                     478                  9.6611709728661910E-001                  2.3104634016484396E-001                  5.7031240724442105E+000                  8.3931735343985405E+000                  3.4853280971356934E-012                  6.7279999999955731E-001                  3.3522340100055230E-005                  3.1496647766034247E-001                  2.1025988500795504E-003                  6.1630907196949872E-004                  5.7221218635412083E-003                  1.2718648985637696E-003                  2.4871053158459599E-003                  1.7570127236872391E-014                  0.0000000000000000E+000                  0.0000000000000000E+000 
                                     479                  9.6508641962622033E-001                  2.3013863820298083E-001                  5.7091130731109283E+000                  8.3979482829735357E+000                  7.3565285972927400E-012                  6.7279999999955731E-001                  3.3522340100055515E-005                  3.1496647766034247E-001                  2.1025988500795504E-003                  6.1630907196949872E-004                  5.7221218635412083E-003                  1.2718648985637696E-003                  2.4871053158459599E-003                  2.1586397111342259E-014                  0.0000000000000000E+000                  0.0000000000000000E+000 
                                     480                  9.6402654263472576E-001                  2.2921896886711335E-001                  5.7151036616808666E+000                  8.4027067430835682E+000                  1.5478628486197604E-011                  6.7279999999955731E-001                  3.3522340100055793E-005                  3.1496647766034247E-001                  2.1025988500795504E-003                  6.1630907196949872E-004                  5.7221218635412083E-003                  1.2718648985637696E-003                  2.4871053158459599E-003                  2.6498523156387716E-014                  0.0000000000000000E+000                  0.0000000000000000E+000 
                                     481                  9.6293674128283890E-001                  2.2828718348797306E-001                  5.7210957135325176E+000                  8.4074488862906822E+000                  3.2465410241454627E-011                  6.7279999999955731E-001                  3.3522340100056084E-005                  3.1496647766034247E-001                  2.1025988500795504E-003                  6.1630907196949872E-004                  5.7221218635412083E-003                  1.2718648985637696E-003                  2.4871053158459599E-003                  3.2501180521992476E-014                  0.0000000000000000E+000                  0.0000000000000000E+000 
                                     482                  9.6181627687016857E-001                  2.2734313141268056E-001                  5.7270891070163970E+000                  8.4121747205548409E+000                  6.7879250052274631E-011                  6.7279999999955731E-001                  3.3522340100056375E-005                  3.1496647766034247E-001                  2.1025988500795504E-003                  6.1630907196949872E-004                  5.7221218635412083E-003                  1.2718648985637696E-003                  2.4871053158459599E-003                  3.9830185428348547E-014                  0.0000000000000000E+000                  0.0000000000000000E+000 
                                     483                  9.6066439686500160E-001                  2.2638665988800985E-001                  5.7330837237085914E+000                  8.4168842920160536E+000                  1.4147510779347865E-010                  6.7279999999955731E-001                  3.3522340100056674E-005                  3.1496647766034247E-001                  2.1025988500795504E-003                  6.1630907196949872E-004                  5.7221218635412083E-003                  1.2718648985637696E-003                  2.4871053158459599E-003                  4.8770934995445583E-014                  0.0000000000000000E+000                  0.0000000000000000E+000 
                                     484                  9.5948033473279815E-001                  2.2541761393323689E-001                  5.7390794487132508E+000                  8.4215776880120234E+000                  2.9393365950102010E-010                  6.7279999999955731E-001                  3.3522340100056978E-005                  3.1496647766034247E-001                  2.1025988500795504E-003                  6.1630907196949872E-004                  5.7221218635412083E-003                  1.2718648985637696E-003                  2.4871053158459599E-003                  5.9668524565366425E-014                  0.0000000000000000E+000                  0.0000000000000000E+000 
                                     485                  9.5826330975158747E-001                  2.2443583619919716E-001                  5.7450761711560023E+000                  8.4262550393936877E+000                  6.0875795794828849E-010                  6.7279999999955731E-001                  3.3522340100057290E-005                  3.1496647766034247E-001                  2.1025988500795504E-003                  6.1630907196949872E-004                  5.7221218635412083E-003                  1.2718648985637696E-003                  2.4871053158459599E-003                  7.2939865527999947E-014                  0.0000000000000000E+000                  0.0000000000000000E+000 
                                     486                  9.5701252681298277E-001                  2.2344116681432927E-001                  5.7510737848611111E+000                  8.4309165222646048E+000                  1.2567998628764675E-009                  6.7279999999955731E-001                  3.3522340100057609E-005                  3.1496647766034247E-001                  2.1025988500795504E-003                  6.1630907196949872E-004                  5.7221218635412083E-003                  1.2718648985637696E-003                  2.4871053158459599E-003                  8.9088186722415934E-014                  0.0000000000000000E+000                  0.0000000000000000E+000 
                                     487                  9.5572717620737202E-001                  2.2243344321830325E-001                  5.7555497741017740E+000                  8.1333655713152861E+000                  1.0772854256408668E-009                  6.7279999999955731E-001                  3.3522340100057846E-005                  3.1496647766034247E-001                  2.1025988500795504E-003                  6.1630907196949872E-004                  5.7221218635412083E-003                  1.2718648985637696E-003                  2.4871053158459599E-003                  1.0337774186147576E-013                  0.0000000000000000E+000                  0.0000000000000000E+000 
                                     488                  9.5507128094571869E-001                  2.2192464121545083E-001                  5.7593084108575834E+000                  8.3123576487492770E+000                  2.5369311546509353E-009                  6.7279999999955731E-001                  3.3522340100058056E-005                  3.1496647766034247E-001                  2.1025988500795504E-003                  6.1630907196949872E-004                  5.7221218635412083E-003                  1.2718648985637696E-003                  2.4871053158459599E-003                  1.1707882361146508E-013                  0.0000000000000000E+000                  0.0000000000000000E+000 
                                     489                  9.5407061959471984E-001                  2.2115519196078667E-001                  5.7645709431466550E+000                  8.4413477650516011E+000                  6.3472284902989860E-009                  6.7279999999955731E-001                  3.3522340100058340E-005                  3.1496647766034247E-001                  2.1025988500795504E-003                  6.1630907196949872E-004                  5.7221218635412083E-003                  1.2718648985637696E-003                  2.4871053158459599E-003                  1.3928680892319758E-013                  0.0000000000000000E+000                  0.0000000000000000E+000 
                                     490                  9.5270445398703685E-001                  2.2011748762844185E-001                  5.7705707869112128E+000                  8.4459594898991668E+000                  1.2970178913549555E-008                  6.7279999999955731E-001                  3.3522340100058679E-005                  3.1496647766034247E-001                  2.1025988500795504E-003                  6.1630907196949872E-004                  5.7221218635412083E-003                  1.2718648985637696E-003                  2.4871053158459599E-003                  1.6966101419371297E-013                  0.0000000000000000E+000                  0.0000000000000000E+000 
                                     491                  9.5130098535347918E-001                  2.1906617989757682E-001                  5.7765711359397516E+000                  8.4505566574984297E+000                  2.6420365218677088E-008                  6.7279999999955731E-001                  3.3522340100059018E-005                  3.1496647766034247E-001                  2.1025988500795504E-003                  6.1630907196949872E-004                  5.7221218635412083E-003                  1.2718648985637696E-003                  2.4871053158459599E-003                  2.0648615722134916E-013                  0.0000000000000000E+000                  0.0000000000000000E+000 
                                     492                  9.4985933907002007E-001                  2.1800109256288711E-001                  5.7825719165748080E+000                  8.4551397153980350E+000                  5.3649408067068304E-008                  6.7279999999955731E-001                  3.3522340100059370E-005                  3.1496647766034247E-001                  2.1025988500795504E-003                  6.1630907196949872E-004                  5.7221218635412083E-003                  1.2718648985637696E-003                  2.4871053158459599E-003                  2.5109450745541018E-013                  0.0000000000000000E+000                  0.0000000000000000E+000 
                                     493                  9.4837862444739729E-001                  2.1692204561032641E-001                  5.7885730617698128E+000                  8.4597091665499793E+000                  1.0859929015994567E-007                  6.7279999999955731E-001                  3.3522340100059723E-005                  3.1496647766034247E-001                  2.1025988500795504E-003                  6.1630907196949872E-004                  5.7221218635412083E-003                  1.2718648985637696E-003                  2.4871053158459599E-003                  3.0508548504980740E-013                  0.0000000000000000E+000                  0.0000000000000000E+000 
                                     494                  9.4685793437761434E-001                  2.1582885495777529E-001                  5.7945745097848382E+000                  8.4642655654784171E+000                  2.1914319231128156E-007                  6.7279999999955731E-001                  3.3522340100060089E-005                  3.1496647766034247E-001                  2.1025988500795504E-003                  6.1630907196949872E-004                  5.7221218635412083E-003                  1.2718648985637696E-003                  2.4871053158459599E-003                  3.7037758836355904E-013                  0.0000000000000000E+000                  0.0000000000000000E+000 
                                     495                  9.4529634496316195E-001                  2.1472133219199571E-001                  5.8005762037556394E+000                  8.4688095131953958E+000                  4.4083011724069665E-007                  6.7279999999955731E-001                  3.3522340100060455E-005                  3.1496647766034247E-001                  2.1025988500795504E-003                  6.1630907196949872E-004                  5.7221218635412083E-003                  1.2718648985637696E-003                  2.4871053158459599E-003                  4.4927009725398384E-013                  0.0000000000000000E+000                  0.0000000000000000E+000 
                                     496                  9.4369291512964149E-001                  2.1359928430532615E-001                  5.8065780920022956E+000                  8.4733416563800663E+000                  8.8401669795128103E-007                  6.7279999999955731E-001                  3.3522340100060834E-005                  3.1496647766034247E-001                  2.1025988500795504E-003                  6.1630907196949872E-004                  5.7221218635412083E-003                  1.2718648985637696E-003                  2.4871053158459599E-003                  5.4451633374933096E-013                  0.0000000000000000E+000                  0.0000000000000000E+000 
                                     497                  9.4204668621507148E-001                  2.1246251342143183E-001                  5.8125801273047282E+000                  8.4778626841689952E+000                  1.7672564115238691E-006                  6.7279999999955731E-001                  3.3522340100061214E-005                  3.1496647766034247E-001                  2.1025988500795504E-003                  6.1630907196949872E-004                  5.7221218635412083E-003                  1.2718648985637696E-003                  2.4871053158459599E-003                  6.5941055332765837E-013                  0.0000000000000000E+000                  0.0000000000000000E+000 
                                     498                  9.4035668154078522E-001                  2.1131081651604927E-001                  5.8185822662341957E+000                  8.4823733208304350E+000                  3.5220275494539815E-006                  6.7279999999955731E-001                  3.3522340100061600E-005                  3.1496647766034247E-001                  2.1025988500795504E-003                  6.1630907196949872E-004                  5.7221218635412083E-003                  1.2718648985637696E-003                  2.4871053158459599E-003                  7.9789092510642183E-013                  0.0000000000000000E+000                  0.0000000000000000E+000 
                                     499                  9.3862190598013728E-001                  2.1014398514389032E-001                  5.8245844695058180E+000                  8.4868743206203092E+000                  6.9975252087039872E-006                  6.7279999999955731E-001                  3.3522340100062000E-005                  3.1496647766034247E-001                  2.1025988500795504E-003                  6.1630907196949872E-004                  5.7221218635412083E-003                  1.2718648985637696E-003                  2.4871053158459599E-003                  9.6466150260139044E-013                  0.0000000000000000E+000                  0.0000000000000000E+000 
                                     500                  9.3684134552156506E-001                  2.0896180516675569E-001                  5.8305867027627203E+000                  8.4913664625514382E+000                  1.3859880233211594E-005                  6.7279999999955731E-001                  3.3522340100062399E-005                  3.1496647766034247E-001                  2.1025988500795504E-003                  6.1630907196949872E-004                  5.7221218635412083E-003                  1.2718648985637696E-003                  2.4871053158459599E-003                  1.1653365811798781E-012                  0.0000000000000000E+000                  0.0000000000000000E+000 
                                     501                  9.3501396682022420E-001                  2.0776405648365764E-001                  5.8365889373337243E+000                  8.4958505475955981E+000                  2.7367984612599827E-005                  6.7279999999955731E-001                  3.3522340100062813E-005                  3.1496647766034247E-001                  2.1025988500795504E-003                  6.1630907196949872E-004                  5.7221218635412083E-003                  1.2718648985637696E-003                  2.4871053158459599E-003                  1.4066113980408762E-012                  0.0000000000000000E+000                  0.0000000000000000E+000 
                                     502                  9.3313871675059368E-001                  2.0655051275675168E-001                  5.8425911505364043E+000                  8.5003273930815677E+000                  5.3876558706886342E-005                  6.7279999999955731E-001                  3.3522340100063233E-005                  3.1496647766034247E-001                  2.1025988500795504E-003                  6.1630907196949872E-004                  5.7221218635412083E-003                  1.2718648985637696E-003                  2.4871053158459599E-003                  1.6964638211195243E-012                  0.0000000000000000E+000                  0.0000000000000000E+000 
                                     503                  9.3121452197155141E-001                  2.0532094114110627E-001                  5.8485933266672454E+000                  8.5047978237635125E+000                  1.0573926056050328E-004                  6.7279999999955731E-001                  3.3522340100063660E-005                  3.1496647766034247E-001                  2.1025988500795504E-003                  6.1630907196949872E-004                  5.7221218635412083E-003                  1.2718648985637696E-003                  2.4871053158459599E-003                  2.0443925415300488E-012                  0.0000000000000000E+000                  0.0000000000000000E+000 
                                     504                  9.2924028850267737E-001                  2.0407510202861101E-001                  5.8545954589619731E+000                  8.5092626694776587E+000                  2.0689890611645065E-004                  6.7279999999955731E-001                  3.3522340100064094E-005                  3.1496647766034247E-001                  2.1025988500795504E-003                  6.1630907196949872E-004                  5.7221218635412083E-003                  1.2718648985637696E-003                  2.4871053158459599E-003                  2.4616981955071730E-012                  0.0000000000000000E+000                  0.0000000000000000E+000 
                                     505                  9.2721490130641415E-001                  2.0281274878841057E-001                  5.8605975504700893E+000                  8.5137227662539878E+000                  4.0361953065080262E-004                  6.7279999999955731E-001                  3.3522340100064541E-005                  3.1496647766034247E-001                  2.1025988500795504E-003                  6.1630907196949872E-004                  5.7221218635412083E-003                  1.2718648985637696E-003                  2.4871053158459599E-003                  2.9618148125307957E-012                  0.0000000000000000E+000                  0.0000000000000000E+000 
                                     506                  9.2513722388155029E-001                  2.0153362749374240E-001                  5.8665996146179697E+000                  8.5181789501153578E+000                  7.8502808667031546E-004                  6.7279999999955731E-001                  3.3522340100064981E-005                  3.1496647766034247E-001                  2.1025988500795504E-003                  6.1630907196949872E-004                  5.7221218635412083E-003                  1.2718648985637696E-003                  2.4871053158459599E-003                  3.5607004043557132E-012                  0.0000000000000000E+000                  0.0000000000000000E+000 
                                     507                  9.2300609787971499E-001                  2.0023747665626079E-001                  5.8726016784591755E+000                  8.5226320526021198E+000                  1.5223160236957592E-003                  6.7279999999955731E-001                  3.3522340100065449E-005                  3.1496647766034247E-001                  2.1025988500795504E-003                  6.1630907196949872E-004                  5.7221218635412083E-003                  1.2718648985637696E-003                  2.4871053158459599E-003                  4.2772972328672017E-012                  0.0000000000000000E+000                  0.0000000000000000E+000 
                                     508                  9.2082034274903568E-001                  1.9892402696362085E-001                  5.8786037852591999E+000                  8.5270829029115625E+000                  2.9433320482321872E-003                  6.7279999999955742E-001                  3.3522340100065910E-005                  3.1496647766034247E-001                  2.1025988500795504E-003                  6.1630907196949872E-004                  5.7221218635412083E-003                  1.2718648985637696E-003                  2.4871053158459599E-003                  5.1340736495989485E-012                  0.0000000000000000E+000                  0.0000000000000000E+000 
                                     509                  9.1857875539642442E-001                  1.9759300100064428E-001                  5.8846059940209399E+000                  8.5315323284271223E+000                  5.6741047451368829E-003                  6.7279999999955742E-001                  3.3522340100066391E-005                  3.1496647766034247E-001                  2.1025988500795504E-003                  6.1630907196949872E-004                  5.7221218635412083E-003                  1.2718648985637696E-003                  2.4871053158459599E-003                  6.1576612669699650E-012                  0.0000000000000000E+000                  0.0000000000000000E+000 
                                     510                  9.1628010986045816E-001                  1.9624411295804028E-001                  5.8906083789346875E+000                  8.5359811576319373E+000                  1.0906577347638509E-002                  6.7279999999955742E-001                  3.3522340100066865E-005                  3.1496647766034247E-001                  2.1025988500795504E-003                  6.1630907196949872E-004                  5.7221218635412083E-003                  1.2718648985637696E-003                  2.4871053158459599E-003                  7.3796038729312677E-012                  0.0000000000000000E+000                  0.0000000000000000E+000 
                                     511                  9.1392315701259108E-001                  1.9487706832048937E-001                  5.8966110293602734E+000                  8.5404302102571119E+000                  2.0903673262015029E-002                  6.7279999999955742E-001                  3.3522340100067360E-005                  3.1496647766034247E-001                  2.1025988500795504E-003                  6.1630907196949872E-004                  5.7221218635412083E-003                  1.2718648985637696E-003                  2.4871053158459599E-003                  8.8372375413251891E-012                  0.0000000000000000E+000                  0.0000000000000000E+000 
                                     512                  9.1150662429590934E-001                  1.9349156357353120E-001                  5.9026140496355683E+000                  8.5448802914078392E+000                  3.9949393649502556E-002                  6.7279999999955742E-001                  3.3522340100067861E-005                  3.1496647766034247E-001                  2.1025988500795504E-003                  6.1630907196949872E-004                  5.7221218635412083E-003                  1.2718648985637696E-003                  2.4871053158459599E-003                  1.0574724100484941E-011                  0.0000000000000000E+000                  0.0000000000000000E+000 
                                     513                  9.0902921549348370E-001                  1.9208728591839347E-001                  5.9086175551873206E+000                  8.5493321980966375E+000                  7.6131088808703049E-002                  6.7279999999955742E-001                  3.3522340100068376E-005                  3.1496647766034247E-001                  2.1025988500795504E-003                  6.1630907196949872E-004                  5.7221218635412083E-003                  1.2718648985637696E-003                  2.4871053158459599E-003                  1.2644262610665180E-011                  0.0000000000000000E+000                  0.0000000000000000E+000 
                                     514                  9.0648961050525279E-001                  1.9066391295509555E-001                  5.9146216647819214E+000                  8.5537867117542028E+000                  1.4467349055961712E-001                  6.7279999999955742E-001                  3.3522340100068891E-005                  3.1496647766034247E-001                  2.1025988500795504E-003                  6.1630907196949872E-004                  5.7221218635412083E-003                  1.2718648985637696E-003                  2.4871053158459599E-003                  1.5107507947067342E-011                  0.0000000000000000E+000                  0.0000000000000000E+000 
                                     515                  9.0388646515373794E-001                  1.8922111237814673E-001                  5.9206264965415283E+000                  8.5582445825801656E+000                  2.7415841813683250E-001                  6.7279999999955742E-001                  3.3522340100069426E-005                  3.1496647766034247E-001                  2.1025988500795504E-003                  6.1630907196949872E-004                  5.7221218635412083E-003                  1.2718648985637696E-003                  2.4871053158459599E-003                  1.8037232801834737E-011                  0.0000000000000000E+000                  0.0000000000000000E+000 
                                     516                  9.0121841103246481E-001                  1.8775854171387907E-001                  5.9266321679968819E+000                  8.5627065264864406E+000                  5.1809617839201816E-001                  6.7279999999955742E-001                  3.3522340100069962E-005                  3.1496647766034247E-001                  2.1025988500795504E-003                  6.1630907196949872E-004                  5.7221218635412083E-003                  1.2718648985637696E-003                  2.4871053158459599E-003                  2.1519273994921791E-011                  0.0000000000000000E+000                  0.0000000000000000E+000 
                                     517                  8.9848405539705145E-001                  1.8627584806033931E-001                  5.9326387948959223E+000                  8.5671732260297784E+000                  9.7639518173057505E-001                  6.7279999999955742E-001                  3.3522340100070511E-005                  3.1496647766034247E-001                  2.1025988500795504E-003                  6.1630907196949872E-004                  5.7221218635412083E-003                  1.2718648985637696E-003                  2.4871053158459599E-003                  2.5654808737300902E-011                  0.0000000000000000E+000                  0.0000000000000000E+000 
                                     518                  8.9568198107280406E-001                  1.8477266781645374E-001                  5.9386464895398428E+000                  8.5716453343831489E+000                  1.8350896103738343E+000                  6.7279999999955742E-001                  3.3522340100071080E-005                  3.1496647766034247E-001                  2.1025988500795504E-003                  6.1630907196949872E-004                  5.7221218635412083E-003                  1.2718648985637696E-003                  2.4871053158459599E-003                  3.0563014612006505E-011                  0.0000000000000000E+000                  0.0000000000000000E+000 
                                     519                  8.9281074638951796E-001                  1.8324862638917316E-001                  5.9446553603772525E+000                  8.5761234736598801E+000                  3.4396559995130973E+000                  6.7279999999955742E-001                  3.3522340100071642E-005                  3.1496647766034247E-001                  2.1025988500795504E-003                  6.1630907196949872E-004                  5.7221218635412083E-003                  1.2718648985637696E-003                  2.4871053158459599E-003                  3.6384177380710887E-011                  0.0000000000000000E+000                  0.0000000000000000E+000 
                                     520                  8.8986888516152141E-001                  1.8170333789715315E-001                  5.9522006324910661E+000                  8.7578399153448299E+000                  1.1308465006507010E+001                  6.7279999999955742E-001                  3.3522340100072381E-005                  3.1496647766034247E-001                  2.1025988500795504E-003                  6.1630907196949872E-004                  5.7221218635412083E-003                  1.2718648985637696E-003                  2.4871053158459599E-003                  4.5235202874846811E-011                  0.0000000000000000E+000                  0.0000000000000000E+000 
                                     521                  8.8532040103428900E-001                  1.7934461069709426E-001                  5.9596838278946986E+000                  8.5873496704207835E+000                  1.6353217729358679E+001                  6.7279999999955742E-001                  3.3522340100073120E-005                  3.1496647766034247E-001                  2.1025988500795504E-003                  6.1630907196949872E-004                  5.7221218635412083E-003                  1.2718648985637696E-003                  2.4871053158459599E-003                  5.6087309321852966E-011                  0.0000000000000000E+000                  0.0000000000000000E+000 
                                     522                  8.8219539840123340E-001                  1.7774443669934153E-001                  5.9649347060607694E+000                  8.4663447520544519E+000                  2.1061185475756986E+001                  6.7279999999955742E-001                  3.3522340100073648E-005                  3.1496647766034247E-001                  2.1025988500795504E-003                  6.1630907196949872E-004                  5.7221218635412083E-003                  1.2718648985637696E-003                  2.4871053158459599E-003                  6.5174707578675461E-011                  0.0000000000000000E+000                  0.0000000000000000E+000 
                                     523                  8.7980188970529138E-001                  1.7652945433856981E-001                  5.9702091254493306E+000                  8.5952365782577935E+000                  4.8228078032604301E+001                  6.7279999999955742E-001                  3.3522340100074190E-005                  3.1496647766034247E-001                  2.1025988500795504E-003                  6.1630907196949872E-004                  5.7221218635412083E-003                  1.2718648985637696E-003                  2.4871053158459599E-003                  7.5736244406254033E-011                  0.0000000000000000E+000                  0.0000000000000000E+000 
                                     524                  8.7654294116460330E-001                  1.7488928284503666E-001                  5.9762260350003915E+000                  8.5997554822116520E+000                  8.9156136180930062E+001                  6.7279999999955742E-001                  3.3522340100074814E-005                  3.1496647766034247E-001                  2.1025988500795504E-003                  6.1630907196949872E-004                  5.7221218635412083E-003                  1.2718648985637696E-003                  2.4871053158459599E-003                  8.9832179035845496E-011                  0.0000000000000000E+000                  0.0000000000000000E+000 
                                     525                  8.7320526934254228E-001                  1.7322564012800495E-001                  5.9822448609833678E+000                  8.6042837513795991E+000                  1.6439491298617807E+002                  6.7279999999955742E-001                  3.3522340100075457E-005                  3.1496647766034247E-001                  2.1025988500795504E-003                  6.1630907196949872E-004                  5.7221218635412083E-003                  1.2718648985637696E-003                  2.4871053158459599E-003                  1.0647954994036372E-010                  0.0000000000000000E+000                  0.0000000000000000E+000 
                                     526                  8.6978725721379679E-001                  1.7153806181705483E-001                  5.9882657362724299E+000                  8.6088218592114281E+000                  3.0235763393656879E+002                  6.7279999999955742E-001                  3.3522340100076108E-005                  3.1496647766034247E-001                  2.1025988500795504E-003                  6.1630907196949872E-004                  5.7221218635412083E-003                  1.2718648985637696E-003                  2.4871053158459599E-003                  1.2612737574708869E-010                  0.0000000000000000E+000                  0.0000000000000000E+000 
                                     527                  8.6628726449738502E-001                  1.6982606946465811E-001                  5.9942887927722293E+000                  8.6133702604300133E+000                  5.5470017656986715E+002                  6.7279999999955742E-001                  3.3522340100076772E-005                  3.1496647766034247E-001                  2.1025988500795504E-003                  6.1630907196949872E-004                  5.7221218635412083E-003                  1.2718648985637696E-003                  2.4871053158459599E-003                  1.4930148546486396E-010                  0.0000000000000000E+000                  0.0000000000000000E+000 
                                     528                  8.6270362805048584E-001                  1.6808917008858620E-001                  6.0003141590680196E+000                  8.6179293912589756E+000                  1.0151016961185524E+003                  6.7279999999955742E-001                  3.3522340100077450E-005                  3.1496647766034247E-001                  2.1025988500795504E-003                  6.1630907196949872E-004                  5.7221218635412083E-003                  1.2718648985637696E-003                  2.4871053158459599E-003                  1.7661727690074128E-010                  1.8191399058773452E-036                  0.0000000000000000E+000 
                                     529                  8.5903466232549186E-001                  1.6632685569487260E-001                  6.0063419600152725E+000                  8.6224996709751149E+000                  1.8530342880701978E+003                  6.7279999999955742E-001                  3.3522340100078141E-005                  3.1496647766034247E-001                  2.1025988500795504E-003                  6.1630907196949872E-004                  5.7221218635412083E-003                  1.2718648985637696E-003                  2.4871053158459599E-003                  2.0879453464177767E-010                  3.4129260531200632E-036                  0.0000000000000000E+000 
                                     530                  8.5527865991197838E-001                  1.6453860277482718E-001                  6.0123723163425895E+000                  8.6270815080665635E+000                  3.3743369634664737E+003                  6.7279999999955742E-001                  3.3522340100078845E-005                  3.1496647766034247E-001                  2.1025988500795504E-003                  6.1630907196949872E-004                  5.7221218635412083E-003                  1.2718648985637696E-003                  2.4871053158459599E-003                  2.4667462326693622E-010                  6.4581753268715481E-036                  0.0000000000000000E+000 
                                     531                  8.5143389215860554E-001                  1.6272387175520900E-001                  6.0184053442650551E+000                  8.6316752971763293E+000                  6.1296071257046688E+003                  6.7279999999955742E-001                  3.3522340100079557E-005                  3.1496647766034247E-001                  2.1025988500795504E-003                  6.1630907196949872E-004                  5.7221218635412083E-003                  1.2718648985637696E-003                  2.4871053158459599E-003                  2.9124043211425656E-010                  1.2188881727211757E-035                  0.0000000000000000E+000 
                                     532                  8.4749860986080683E-001                  1.6088210643719450E-001                  6.0244411552221289E+000                  8.6362814201484017E+000                  1.1107691074196140E+004                  6.7279999999955742E-001                  3.3522340100080289E-005                  3.1496647766034247E-001                  2.1025988500795504E-003                  6.1630907196949872E-004                  5.7221218635412083E-003                  1.2718648985637696E-003                  2.4871053158459599E-003                  3.4363949228835682E-010                  2.2945534458695274E-035                  0.0000000000000000E+000 
                                     533                  8.4347104401593109E-001                  1.5901273340635580E-001                  6.0304798555826542E+000                  8.6409002444153113E+000                  2.0080260002500618E+004                  6.7279999999955742E-001                  3.3522340100081034E-005                  3.1496647766034247E-001                  2.1025988500795504E-003                  6.1630907196949872E-004                  5.7221218635412083E-003                  1.2718648985637696E-003                  2.4871053158459599E-003                  4.0521075533459936E-010                  4.3084559308519594E-035                  0.0000000000000000E+000 
                                     534                  8.3934940667073155E-001                  1.5711516142353732E-001                  6.0365215462713149E+000                  8.6455321233115754E+000                  3.6213985441075019E+004                  6.7279999999955742E-001                  3.3522340100081793E-005                  3.1496647766034247E-001                  2.1025988500795504E-003                  6.1630907196949872E-004                  5.7221218635412083E-003                  1.2718648985637696E-003                  2.4871053158459599E-003                  4.7751559044431430E-010                  8.0694295969138046E-035                  0.0000000000000000E+000 
                                     535                  8.3513189187881187E-001                  1.5518878078731205E-001                  6.0425663224311448E+000                  8.6501774000465925E+000                  6.5155557567811353E+004                  6.7279999999955742E-001                  3.3522340100082566E-005                  3.1496647766034247E-001                  2.1025988500795504E-003                  6.1630907196949872E-004                  5.7221218635412083E-003                  1.2718648985637696E-003                  2.4871053158459599E-003                  5.6237364437607803E-010                  1.5075437306035119E-034                  0.0000000000000000E+000 
                                     536                  8.3081667674171267E-001                  1.5323296264987976E-001                  6.0486142735689779E+000                  8.6548364120199501E+000                  1.1695023782465115E+005                  6.7279999999955742E-001                  3.3522340100083352E-005                  3.1496647766034247E-001                  2.1025988500795504E-003                  6.1630907196949872E-004                  5.7221218635412083E-003                  1.2718648985637696E-003                  2.4871053158459599E-003                  6.6190430927930775E-010                  2.8093817921338085E-034                  0.0000000000000000E+000 
                                     537                  8.2640192252433420E-001                  1.5124705828151050E-001                  6.0546654842204486E+000                  8.6595094942596162E+000                  2.0942632916741414E+005                  6.7279999999955742E-001                  3.3522340100084158E-005                  3.1496647766034247E-001                  2.1025988500795504E-003                  6.1630907196949872E-004                  5.7221218635412083E-003                  1.2718648985637696E-003                  2.4871053158459599E-003                  7.7857464995173615E-010                  5.2224336476614499E-034                  0.0000000000000000E+000 
                                     538                  8.2188577586357536E-001                  1.4923039828388163E-001                  6.0607200341906493E+000                  8.6641969798892244E+000                  3.7415167537459964E+005                  6.7279999999955742E-001                  3.3522340100084978E-005                  3.1496647766034247E-001                  2.1025988500795504E-003                  6.1630907196949872E-004                  5.7221218635412083E-003                  1.2718648985637696E-003                  2.4871053158459599E-003                  9.1525475251595388E-010                  9.6841987671013076E-034                  0.0000000000000000E+000 
                                     539                  8.1726637010368675E-001                  1.4718229176273911E-001                  6.0667779984114771E+000                  8.6688992023940461E+000                  6.6689237846916751E+005                  6.7279999999955742E-001                  3.3522340100085811E-005                  3.1496647766034247E-001                  2.1025988500795504E-003                  6.1630907196949872E-004                  5.7221218635412083E-003                  1.2718648985637696E-003                  2.4871053158459599E-003                  1.0752816037550752E-009                  1.7913895653614030E-033                  0.0000000000000000E+000 
                                     540                  8.1254182673352737E-001                  1.4510202544874989E-001                  6.0728394472359719E+000                  8.6736164999958252E+000                  1.1859341379650359E+006                  6.7279999999955742E-001                  3.3522340100086665E-005                  3.1496647766034247E-001                  2.1025988500795504E-003                  6.1630907196949872E-004                  5.7221218635412083E-003                  1.2718648985637696E-003                  2.4871053158459599E-003                  1.2625327869679349E-009                  3.3056638026152920E-033                  0.0000000000000000E+000 
                                     541                  8.0771025690583631E-001                  1.4298886275272527E-001                  6.0789044467221407E+000                  8.6783492215084639E+000                  2.1041029071970521E+006                  6.7279999999955742E-001                  3.3522340100087533E-005                  3.1496647766034247E-001                  2.1025988500795504E-003                  6.1630907196949872E-004                  5.7221218635412083E-003                  1.2718648985637696E-003                  2.4871053158459599E-003                  1.4815114385322397E-009                  6.0852171412086368E-033                  0.0000000000000000E+000 
                                     542                  8.0276976304899761E-001                  1.4084204274303519E-001                  6.0849730585675168E+000                  8.6830977275348449E+000                  3.7245990253268196E+006                  6.7279999999955742E-001                  3.3522340100088414E-005                  3.1496647766034247E-001                  2.1025988500795504E-003                  6.1630907196949872E-004                  5.7221218635412083E-003                  1.2718648985637696E-003                  2.4871053158459599E-003                  1.7374441242706374E-009                  1.1175023307346835E-032                  0.0000000000000000E+000 
                                     543                  7.9771844060971142E-001                  1.3866077906270591E-001                  6.0910453403365414E+000                  8.6878623929948287E+000                  6.5781308256909288E+006                  6.7279999999955742E-001                  3.3522340100089322E-005                  3.1496647766034247E-001                  2.1025988500795504E-003                  6.1630907196949872E-004                  5.7221218635412083E-003                  1.2718648985637696E-003                  2.4871053158459599E-003                  2.0363935525814170E-009                  2.0473010967192375E-032                  0.0000000000000000E+000 
                                     544                  7.9255437990874222E-001                  1.3644425877533911E-001                  6.0971213458383513E+000                  8.6926436137153242E+000                  1.1591508695685593E+007                  6.7279999999955742E-001                  3.3522340100090243E-005                  3.1496647766034247E-001                  2.1025988500795504E-003                  6.1630907196949872E-004                  5.7221218635412083E-003                  1.2718648985637696E-003                  2.4871053158459599E-003                  2.3853882873939433E-009                  3.7418094607503909E-032                  0.0000000000000000E+000 
                                     545                  7.8727566808525618E-001                  1.3419164111366452E-001                  6.1032011252119167E+000                  8.6974418123012232E+000                  2.0379602715154234E+007                  6.7279999999955742E-001                  3.3522340100091178E-005                  3.1496647766034247E-001                  2.1025988500795504E-003                  6.1630907196949872E-004                  5.7221218635412083E-003                  1.2718648985637696E-003                  2.4871053158459599E-003                  2.7925719238601929E-009                  6.8226614284282142E-032                  0.0000000000000000E+000 
                                     546                  7.8188039113297392E-001                  1.3190205612686473E-001                  6.1092847250063471E+000                  8.7022574398781494E+000                  3.5749776636710547E+007                  6.7279999999955742E-001                  3.3522340100092147E-005                  3.1496647766034247E-001                  2.1025988500795504E-003                  6.1630907196949872E-004                  5.7221218635412083E-003                  1.2718648985637696E-003                  2.4871053158459599E-003                  3.2673745596944665E-009                  1.2410906398842893E-031                  0.0000000000000000E+000 
                                     547                  7.7636663606772438E-001                  1.2957460324094736E-001                  6.1153721883696281E+000                  8.7070909800613787E+000                  6.2571445080780171E+007                  6.7279999999955731E-001                  3.3522340100093116E-005                  3.1496647766034247E-001                  2.1025988500795504E-003                  6.1630907196949872E-004                  5.7221218635412083E-003                  1.2718648985637696E-003                  2.4871053158459599E-003                  3.8207097766437043E-009                  2.2523498018566840E-031                  0.0000000000000000E+000 
                                     548                  7.7073249321327364E-001                  1.2720834971377443E-001                  6.1214635551416707E+000                  8.7119429554426180E+000                  1.0927163005655326E+008                  6.7279999999955731E-001                  3.3522340100094119E-005                  3.1496647766034247E-001                  2.1025988500795504E-003                  6.1630907196949872E-004                  5.7221218635412083E-003                  1.2718648985637696E-003                  2.4871053158459599E-003                  4.4652007789521131E-009                  4.0780803547081889E-031                  0.0000000000000000E+000 
                                     549                  7.6497605858186146E-001                  1.2480232896272658E-001                  6.1275588615929824E+000                  8.7168139330628076E+000                  1.9040133032676369E+008                  6.7279999999955731E-001                  3.3522340100095136E-005                  3.1496647766034247E-001                  2.1025988500795504E-003                  6.1630907196949872E-004                  5.7221218635412083E-003                  1.2718648985637696E-003                  2.4871053158459599E-003                  5.2154398275415669E-009                  7.3666164980237873E-031                  0.0000000000000000E+000 
                                     550                  7.5909543635175558E-001                  1.2235553876050879E-001                  6.1336581396112768E+000                  8.7217045263443698E+000                  3.3102938989290822E+008                  6.7279999999955731E-001                  3.3522340100096179E-005                  3.1496647766034247E-001                  2.1025988500795504E-003                  6.1630907196949872E-004                  5.7221218635412083E-003                  1.2718648985637696E-003                  2.4871053158459599E-003                  6.0882856406138167E-009                  1.3276304682730493E-030                  0.0000000000000000E+000 
                                     551                  7.5308874148283267E-001                  1.1986693930895058E-001                  6.1397614161278584E+000                  8.7266153984649151E+000                  5.7424813609204280E+008                  6.7279999999955731E-001                  3.3522340100097236E-005                  3.1496647766034247E-001                  2.1025988500795504E-003                  6.1630907196949872E-004                  5.7221218635412083E-003                  1.2718648985637696E-003                  2.4871053158459599E-003                  7.1032041604647551E-009                  2.3871929114761803E-030                  0.0000000000000000E+000 
                                     552                  7.4695410245811134E-001                  1.1733545117318547E-001                  6.1458687129602456E+000                  8.7315472682233803E+000                  9.9396545892347085E+008                  6.7279999999955731E-001                  3.3522340100098320E-005                  3.1496647766034247E-001                  2.1025988500795504E-003                  6.1630907196949872E-004                  5.7221218635412083E-003                  1.2718648985637696E-003                  2.4871053158459599E-003                  8.2826587980550908E-009                  4.2825557427418579E-030                  0.0000000000000000E+000 
                                     553                  7.4068966413051551E-001                  1.1475995305046643E-001                  6.1519800458093838E+000                  8.7365009145533250E+000                  1.7166571061671731E+009                  6.7279999999955731E-001                  3.3522340100099432E-005                  3.1496647766034247E-001                  2.1025988500795504E-003                  6.1630907196949872E-004                  5.7221218635412083E-003                  1.2718648985637696E-003                  2.4871053158459599E-003                  9.6525568621157581E-009                  7.6652708377001406E-030                  0.0000000000000000E+000 
                                     554                  7.3429359068985156E-001                  1.1213927936826651E-001                  6.1580954232366594E+000                  8.7414771777660345E+000                  2.9582711261307344E+009                  6.7279999999955731E-001                  3.3522340100100557E-005                  3.1496647766034247E-001                  2.1025988500795504E-003                  6.1630907196949872E-004                  5.7221218635412083E-003                  1.2718648985637696E-003                  2.4871053158459599E-003                  1.1242760020710744E-008                  1.3688769634919981E-029                  0.0000000000000000E+000 
                                     555                  7.2776406878502664E-001                  1.0947221771794743E-001                  6.1642148466439828E+000                  8.7464769635119843E+000                  5.0866966400586329E+009                  6.7279999999955731E-001                  3.3522340100101715E-005                  3.1496647766034247E-001                  2.1025988500795504E-003                  6.1630907196949872E-004                  5.7221218635412083E-003                  1.2718648985637696E-003                  2.4871053158459599E-003                  1.3087667790381600E-008                  2.4390287712033972E-029                  0.0000000000000000E+000 
                                     556                  7.2109931079116629E-001                  1.0675750609411190E-001                  6.1703383104308314E+000                  8.7515012487760782E+000                  8.7272645559433861E+009                  6.7279999999955731E-001                  3.3522340100102894E-005                  3.1496647766034247E-001                  2.1025988500795504E-003                  6.1630907196949872E-004                  5.7221218635412083E-003                  1.2718648985637696E-003                  2.4871053158459599E-003                  1.5226883976501484E-008                  4.3359864366673770E-029                  0.0000000000000000E+000 
                                     557                  7.1429755820795993E-001                  1.0399382991068058E-001                  6.1764658021032366E+000                  8.7565510857365414E+000                  1.4940515763384047E+010                  6.7279999999955731E-001                  3.3522340100104101E-005                  3.1496647766034247E-001                  2.1025988500795504E-003                  6.1630907196949872E-004                  5.7221218635412083E-003                  1.2718648985637696E-003                  2.4871053158459599E-003                  1.7705977353860450E-008                  7.6909501264632529E-029                  0.0000000000000000E+000 
                                     558                  7.0735708522245488E-001                  1.0117981878859571E-001                  6.1825973025244272E+000                  8.7616276049933539E+000                  2.5521054336015018E+010                  6.7279999999955731E-001                  3.3522340100105327E-005                  3.1496647766034247E-001                  2.1025988500795504E-003                  6.1630907196949872E-004                  5.7221218635412083E-003                  1.2718648985637696E-003                  2.4871053158459599E-003                  2.0577349416137905E-008                  1.3611171463866691E-028                  0.0000000000000000E+000 
                                     559                  7.0027620245805089E-001                  9.8314043100134155E-002                  6.1887327865746862E+000                  8.7667320204037971E+000                  4.3498811705927681E+010                  6.7279999999955731E-001                  3.3522340100106587E-005                  3.1496647766034247E-001                  2.1025988500795504E-003                  6.1630907196949872E-004                  5.7221218635412083E-003                  1.2718648985637696E-003                  2.4871053158459599E-003                  2.3901223793215433E-008                  2.4034581708961549E-028                  0.0000000000000000E+000 
                                     560                  6.9305326090242603E-001                  9.5395010238435426E-002                  6.1948722242059491E+000                  8.7718656351214523E+000                  7.3977885523367111E+010                  6.7279999999955731E-001                  3.3522340100107875E-005                  3.1496647766034247E-001                  2.1025988500795504E-003                  6.1630907196949872E-004                  5.7221218635412083E-003                  1.2718648985637696E-003                  2.4871053158459599E-003                  2.7746773798026166E-008                  4.2345292130561933E-028                  0.0000000000000000E+000 
                                     561                  6.8568665601880130E-001                  9.2421160580101372E-002                  6.2010155811843957E+000                  8.7770298461996674E+000                  1.2553706386689658E+011                  6.7279999999955731E-001                  3.3522340100109183E-005                  3.1496647766034247E-001                  2.1025988500795504E-003                  6.1630907196949872E-004                  5.7221218635412083E-003                  1.2718648985637696E-003                  2.4871053158459599E-003                  3.2193406344761719E-008                  7.4439421920043791E-028                  0.0000000000000000E+000 
                                     562                  6.7817483208005802E-001                  8.9390863123648190E-002                  6.2071628195949158E+000                  8.7822261485577489E+000                  2.1256275723964417E+011                  6.7279999999955731E-001                  3.3522340100110531E-005                  3.1496647766034247E-001                  2.1025988500795504E-003                  6.1630907196949872E-004                  5.7221218635412083E-003                  1.2718648985637696E-003                  2.4871053158459599E-003                  3.7332223080137094E-008                  1.3056651295139722E-027                  0.0000000000000000E+000 
                                     563                  6.7051628674033348E-001                  8.6302410779530436E-002                  6.2133138987589289E+000                  8.7874561406658760E+000                  3.5912615355812335E+011                  6.7279999999955731E-001                  3.3522340100111900E-005                  3.1496647766034247E-001                  2.1025988500795504E-003                  6.1630907196949872E-004                  5.7221218635412083E-003                  1.2718648985637696E-003                  2.4871053158459599E-003                  4.3267682595322805E-008                  2.2850366181683484E-027                  0.0000000000000000E+000 
                                     564                  6.6270957583987622E-001                  8.3154015267987935E-002                  6.2194687760424152E+000                  8.7927215306621527E+000                  6.0541186131134180E+011                  6.7279999999955731E-001                  3.3522340100113310E-005                  3.1496647766034247E-001                  2.1025988500795504E-003                  6.1630907196949872E-004                  5.7221218635412083E-003                  1.2718648985637696E-003                  2.4871053158459599E-003                  5.0119489914532481E-008                  3.9901442620906843E-027                  0.0000000000000000E+000 
                                     565                  6.5475331847539664E-001                  7.9943801585422747E-002                  6.2240742743357211E+000                  8.4956449706224113E+000                  4.4674760511218030E+011                  6.7279999999955731E-001                  3.3522340100114380E-005                  3.1496647766034247E-001                  2.1025988500795504E-003                  6.1630907196949872E-004                  5.7221218635412083E-003                  1.2718648985637696E-003                  2.4871053158459599E-003                  5.5928172093792797E-008                  6.0457408568325532E-027                  0.0000000000000000E+000 
                                     566                  6.5071869694977491E-001                  7.8314964529390130E-002                  6.2271545743148380E+000                  8.4983056507651202E+000                  5.7909474294735193E+011                  6.7279999999955731E-001                  3.3522340100115112E-005                  3.1496647766034247E-001                  2.1025988500795504E-003                  6.1630907196949872E-004                  5.7221218635412083E-003                  1.2718648985637696E-003                  2.4871053158459599E-003                  6.0169413034579158E-008                  7.9758594301906585E-027                  0.0000000000000000E+000 
                                     567                  6.4664620237460668E-001                  7.6669929113635016E-002                  6.2302357991039603E+000                  8.5009762437975791E+000                  7.5023545619842078E+011                  6.7279999999955731E-001                  3.3522340100115844E-005                  3.1496647766034247E-001                  2.1025988500795504E-003                  6.1630907196949872E-004                  5.7221218635412083E-003                  1.2718648985637696E-003                  2.4871053158459599E-003                  6.4723489625576293E-008                  1.0516344589174243E-026                  0.0000000000000000E+000 
                                     568                  6.4253568237226555E-001                  7.5008433858362714E-002                  6.2333179430120591E+000                  8.5036570079665506E+000                  9.7141769594258643E+011                  6.7279999999955731E-001                  3.3522340100116596E-005                  3.1496647766034247E-001                  2.1025988500795504E-003                  6.1630907196949872E-004                  5.7221218635412083E-003                  1.2718648985637696E-003                  2.4871053158459599E-003                  6.9612802451591618E-008                  1.3858354452279822E-026                  0.0000000000000000E+000 
                                     569                  6.3838698958291829E-001                  7.3330210647160901E-002                  6.2364010003392130E+000                  8.5063482096606595E+000                  1.2571143473343201E+012                  6.7279999999955731E-001                  3.3522340100117341E-005                  3.1496647766034247E-001                  2.1025988500795504E-003                  6.1630907196949872E-004                  5.7221218635412083E-003                  1.2718648985637696E-003                  2.4871053158459599E-003                  7.4861305709677005E-008                  1.8252327295064158E-026                  0.0000000000000000E+000 
                                     570                  6.3419998186113113E-001                  7.1634984492159229E-002                  6.2394849653837072E+000                  8.5090501235665741E+000                  1.6259372507120210E+012                  6.7279999999955731E-001                  3.3522340100118107E-005                  3.1496647766034247E-001                  2.1025988500795504E-003                  6.1630907196949872E-004                  5.7221218635412083E-003                  1.2718648985637696E-003                  2.4871053158459599E-003                  8.0494611312774234E-008                  2.4026180921091494E-026                  0.0000000000000000E+000 
                                     571                  6.2997452247882968E-001                  6.9922473289207587E-002                  6.2425698324489707E+000                  8.5117630328215590E+000                  2.1018072119008772E+012                  6.7279999999955731E-001                  3.3522340100118873E-005                  3.1496647766034247E-001                  2.1025988500795504E-003                  6.1630907196949872E-004                  5.7221218635412083E-003                  1.2718648985637696E-003                  2.4871053158459599E-003                  8.6540099716326057E-008                  3.1609042314611211E-026                  0.0000000000000000E+000 
                                     572                  6.2571048033485543E-001                  6.8192387562604831E-002                  6.2456555958524334E+000                  8.5144872291192328E+000                  2.7154508325222007E+012                  6.7279999999955731E-001                  3.3522340100119659E-005                  3.1496647766034247E-001                  2.1025988500795504E-003                  6.1630907196949872E-004                  5.7221218635412083E-003                  1.2718648985637696E-003                  2.4871053158459599E-003                  9.3027037898956760E-008                  4.1562170880322447E-026                  0.0000000000000000E+000 
                                     573                  6.2140773017145079E-001                  6.6444430199059407E-002                  6.2487422499346055E+000                  8.5172230130241182E+000                  3.5063143126850112E+012                  6.7279999999955731E-001                  3.3522340100120452E-005                  3.1496647766034247E-001                  2.1025988500795504E-003                  6.1630907196949872E-004                  5.7221218635412083E-003                  1.2718648985637696E-003                  2.4871053158459599E-003                  9.9986704905462119E-008                  5.4619232823630584E-026                  0.0000000000000000E+000 
                                     574                  6.1706615279710098E-001                  6.4678296169505656E-002                  6.2518297890654608E+000                  8.5199706942985429E+000                  4.5250089358275146E+012                  6.7279999999955731E-001                  3.3522340100121245E-005                  3.1496647766034247E-001                  2.1025988500795504E-003                  6.1630907196949872E-004                  5.7221218635412083E-003                  1.2718648985637696E-003                  2.4871053158459599E-003                  1.0745252543263230E-007                  7.1738724581056613E-026                  0.0000000000000000E+000 
                                     575                  6.1268563531567422E-001                  6.2893672238115150E-002                  6.2549182076495438E+000                  8.5227305921226826E+000                  5.8364341299043721E+012                  6.7279999999955731E-001                  3.3522340100122051E-005                  3.1496647766034247E-001                  2.1025988500795504E-003                  6.1630907196949872E-004                  5.7221218635412083E-003                  1.2718648985637696E-003                  2.4871053158459599E-003                  1.1546021196217129E-007                  9.4172172198121523E-026                  0.0000000000000000E+000 
                                     576                  6.0826607136301014E-001                  6.1090236658295168E-002                  6.2580075001305397E+000                  8.5255030353215222E+000                  7.5237634867222217E+012                  6.7279999999955731E-001                  3.3522340100122878E-005                  3.1496647766034247E-001                  2.1025988500795504E-003                  6.1630907196949872E-004                  5.7221218635412083E-003                  1.2718648985637696E-003                  2.4871053158459599E-003                  1.2404791595933449E-007                  1.2355280396924710E-025                  0.0000000000000000E+000 
                                     577                  6.0380736135137780E-001                  5.9267658854989191E-002                  6.2610976609950777E+000                  8.5282883625965802E+000                  9.6935291991887266E+012                  6.7279999999955731E-001                  3.3522340100123698E-005                  3.1496647766034247E-001                  2.1025988500795504E-003                  6.1630907196949872E-004                  5.7221218635412083E-003                  1.2718648985637696E-003                  2.4871053158459599E-003                  1.3325638869187318E-007                  1.6201077768592012E-025                  0.0000000000000000E+000 
                                     578                  5.9930941272213523E-001                  5.7425599092557254E-002                  6.2641886847687775E+000                  8.5310869227389929E+000                  1.2482103832601062E+013                  6.7279999999955731E-001                  3.3522340100124538E-005                  3.1496647766034247E-001                  2.1025988500795504E-003                  6.1630907196949872E-004                  5.7221218635412083E-003                  1.2718648985637696E-003                  2.4871053158459599E-003                  1.4312915224576985E-007                  2.1232283216690428E-025                  0.0000000000000000E+000 
                                     579                  5.9477214020704205E-001                  5.5563708127576501E-002                  6.2672805660009789E+000                  8.5338990747828340E+000                  1.6063958399561449E+013                  6.7279999999955731E-001                  3.3522340100125385E-005                  3.1496647766034247E-001                  2.1025988500795504E-003                  6.1630907196949872E-004                  5.7221218635412083E-003                  1.2718648985637696E-003                  2.4871053158459599E-003                  1.5371268132836019E-007                  2.7810653398484215E-025                  0.0000000000000000E+000 
                                     580                  5.9019546609934037E-001                  5.3681626846038250E-002                  6.2703732992553771E+000                  8.5367251884626469E+000                  2.0662177363131801E+013                  6.7279999999955731E-001                  3.3522340100126245E-005                  3.1496647766034247E-001                  2.1025988500795504E-003                  6.1630907196949872E-004                  5.7221218635412083E-003                  1.2718648985637696E-003                  2.4871053158459599E-003                  1.6505659654577719E-007                  3.6407226852226321E-025                  0.0000000000000000E+000 
                                     581                  5.8557932053229211E-001                  5.1778985882796433E-002                  6.2734668791114938E+000                  8.5395656446240231E+000                  2.6561839482003270E+013                  6.7279999999955731E-001                  3.3522340100127120E-005                  3.1496647766034247E-001                  2.1025988500795504E-003                  6.1630907196949872E-004                  5.7221218635412083E-003                  1.2718648985637696E-003                  2.4871053158459599E-003                  1.7721386988365697E-007                  4.7634995918978202E-025                  0.0000000000000000E+000 
                                     582                  5.8092364176597799E-001                  4.9855405222521305E-002                  6.2765613001668958E+000                  8.5424208355756104E+000                  3.4127035401103508E+013                  6.7279999999955731E-001                  3.3522340100128000E-005                  3.1496647766034247E-001                  2.1025988500795504E-003                  6.1630907196949872E-004                  5.7221218635412083E-003                  1.2718648985637696E-003                  2.4871053158459599E-003                  1.9024104310151802E-007                  6.2291243725164883E-025                  0.0000000000000000E+000 
                                     583                  5.7622837648354752E-001                  4.7910493781423549E-002                  6.2796565570390133E+000                  8.5452911654588988E+000                  4.3822497702371023E+013                  6.7279999999955731E-001                  3.3522340100128895E-005                  3.1496647766034247E-001                  2.1025988500795504E-003                  6.1630907196949872E-004                  5.7221218635412083E-003                  1.2718648985637696E-003                  2.4871053158459599E-003                  2.0419845981825028E-007                  8.1412375248080424E-025                  0.0000000000000000E+000 
                                     584                  5.7149348009730472E-001                  4.5943848968623829E-002                  6.2827526443634092E+000                  8.5481770506475563E+000                  5.6241076964088594E+013                  6.7279999999955731E-001                  3.3522340100129803E-005                  3.1496647766034247E-001                  2.1025988500795504E-003                  6.1630907196949872E-004                  5.7221218635412083E-003                  1.2718648985637696E-003                  2.4871053158459599E-003                  2.1915051209226593E-007                  1.0634488938775019E-024                  0.0000000000000000E+000 
                                     585                  5.6671891706494637E-001                  4.3955056225920650E-002                  6.2858495567736563E+000                  8.5510789200841817E+000                  7.2138622378481359E+013                  6.7279999999955731E-001                  3.3522340100130711E-005                  3.1496647766034247E-001                  2.1025988500795504E-003                  6.1630907196949872E-004                  5.7221218635412083E-003                  1.2718648985637696E-003                  2.4871053158459599E-003                  2.3516590228482493E-007                  1.3883719077622093E-024                  0.0000000000000000E+000 
                                     586                  5.6190466121726834E-001                  4.1943688545049325E-002                  6.2889472888776732E+000                  8.5539972156719077E+000                  9.2478236320356578E+013                  6.7279999999955731E-001                  3.3522340100131646E-005                  3.1496647766034247E-001                  2.1025988500795504E-003                  6.1630907196949872E-004                  5.7221218635412083E-003                  1.2718648985637696E-003                  2.4871053158459599E-003                  2.5231792119367377E-007                  1.8115829577139951E-024                  0.0000000000000000E+000 
                                     587                  5.5705069609694069E-001                  3.9909305960925658E-002                  6.2920458352523321E+000                  8.5569323928996717E+000                  1.1848638816201184E+014                  6.7279999999955731E-001                  3.3522340100132581E-005                  3.1496647766034247E-001                  2.1025988500795504E-003                  6.1630907196949872E-004                  5.7221218635412083E-003                  1.2718648985637696E-003                  2.4871053158459599E-003                  2.7068474348647451E-007                  2.3625122469341141E-024                  0.0000000000000000E+000 
                                     588                  5.5215701530675776E-001                  3.7851455018412708E-002                  6.2951451904447753E+000                  8.5598849213893171E+000                  1.5172402281858031E+014                  6.7279999999955731E-001                  3.3522340100133530E-005                  3.1496647766034247E-001                  2.1025988500795504E-003                  6.1630907196949872E-004                  5.7221218635412083E-003                  1.2718648985637696E-003                  2.4871053158459599E-003                  2.9034974143476747E-007                  3.0793110693114630E-024                  0.0000000000000000E+000 
                                     589                  5.4722362286908488E-001                  3.5769668211463726E-002                  6.2982453489737020E+000                  8.5628552854580757E+000                  1.9417661638057422E+014                  6.7279999999955731E-001                  3.3522340100134499E-005                  3.1496647766034247E-001                  2.1025988500795504E-003                  6.1630907196949872E-004                  5.7221218635412083E-003                  1.2718648985637696E-003                  2.4871053158459599E-003                  3.1140181801263400E-007                  4.0114089027454401E-024                  0.0000000000000000E+000 
                                     590                  5.4225053359710340E-001                  3.3663463392970397E-002                  6.3013463053303402E+000                  8.5658439847104066E+000                  2.4836815547782028E+014                  6.7279999999955731E-001                  3.3522340100135475E-005                  3.1496647766034247E-001                  2.1025988500795504E-003                  6.1630907196949872E-004                  5.7221218635412083E-003                  1.2718648985637696E-003                  2.4871053158459599E-003                  3.3393576048472483E-007                  5.2228121267185542E-024                  0.0000000000000000E+000 
                                     591                  5.3723777347832513E-001                  3.1532343153463094E-002                  6.3044480539716465E+000                  8.5688515346944154E+000                  3.1750530993858406E+014                  6.7279999999955731E-001                  3.3522340100136471E-005                  3.1496647766034247E-001                  2.1025988500795504E-003                  6.1630907196949872E-004                  5.7221218635412083E-003                  1.2718648985637696E-003                  2.4871053158459599E-003                  3.5805261563079922E-007                  6.7963571568137248E-024                  0.0000000000000000E+000 
                                     592                  5.3218538007091765E-001                  2.9375794166505074E-002                  6.3075505893045536E+000                  8.5718784675282489E+000                  4.0565968457426656E+014                  6.7279999999955731E-001                  3.3522340100137467E-005                  3.1496647766034247E-001                  2.1025988500795504E-003                  6.1630907196949872E-004                  5.7221218635412083E-003                  1.2718648985637696E-003                  2.4871053158459599E-003                  3.8386008789770362E-007                  8.8391910674556435E-024                  0.0000000000000000E+000 
                                     593                  5.2709340291357165E-001                  2.7193286498943942E-002                  6.3106539056776363E+000                  8.5749253326010315E+000                  5.1799806837458369E+014                  6.7279999999955731E-001                  3.3522340100138483E-005                  3.1496647766034247E-001                  2.1025988500795504E-003                  6.1630907196949872E-004                  5.7221218635412083E-003                  1.2718648985637696E-003                  2.4871053158459599E-003                  4.1147296194151467E-007                  1.1489830120826124E-023                  0.0000000000000000E+000 
                                     594                  5.2196190394852049E-001                  2.4984272883527902E-002                  6.3137579973823303E+000                  8.5779926973373541E+000                  6.6107314204036075E+014                  6.7279999999955731E-001                  3.3522340100139520E-005                  3.1496647766034247E-001                  2.1025988500795504E-003                  6.1630907196949872E-004                  5.7221218635412083E-003                  1.2718648985637696E-003                  2.4871053158459599E-003                  4.4101355093041378E-007                  1.4927245444614146E-023                  0.0000000000000000E+000 
                                     595                  5.1679095795849450E-001                  2.2748187951263911E-002                  6.3168628586548188E+000                  8.5810811479973772E+000                  8.4319028291698062E+014                  6.7279999999955731E-001                  3.3522340100140564E-005                  3.1496647766034247E-001                  2.1025988500795504E-003                  6.1630907196949872E-004                  5.7221218635412083E-003                  1.2718648985637696E-003                  2.4871053158459599E-003                  4.7261217207096785E-007                  1.9382551251913116E-023                  0.0000000000000000E+000 
                                     596                  5.1158065301846578E-001                  2.0484447420853917E-002                  6.3199684836779726E+000                  8.5841912905126492E+000                  1.0748701077021750E+015                  6.7279999999955731E-001                  3.3522340100141621E-005                  3.1496647766034247E-001                  2.1025988500795504E-003                  6.1630907196949872E-004                  5.7221218635412083E-003                  1.2718648985637696E-003                  2.4871053158459599E-003                  5.0640765096451561E-007                  2.5154033046658555E-023                  0.0000000000000000E+000 
                                     597                  5.0633109096279472E-001                  1.8192447242341696E-002                  6.3230748665822407E+000                  8.5873237513895297E+000                  1.3694313747731480E+015                  6.7279999999955731E-001                  3.3522340100142698E-005                  3.1496647766034247E-001                  2.1025988500795504E-003                  6.1630907196949872E-004                  5.7221218635412083E-003                  1.2718648985637696E-003                  2.4871053158459599E-003                  5.4254785642321689E-007                  3.2626459474735016E-023                  0.0000000000000000E+000 
                                     598                  5.0104238786848010E-001                  1.5871562691727698E-002                  6.3261820014422270E+000                  8.5904791787406651E+000                  1.7437251143721648E+015                  6.7279999999955731E-001                  3.3522340100143796E-005                  3.1496647766034247E-001                  2.1025988500795504E-003                  6.1630907196949872E-004                  5.7221218635412083E-003                  1.2718648985637696E-003                  2.4871053158459599E-003                  5.8119026744264046E-007                  4.2295885487908534E-023                  0.0000000000000000E+000 
                                     599                  4.9571467455474216E-001                  1.3521147412728035E-002                  6.3292898822736188E+000                  8.5936582432339126E+000                  2.2190586255765232E+015                  6.7279999999955731E-001                  3.3522340100144894E-005                  3.1496647766034247E-001                  2.1025988500795504E-003                  6.1630907196949872E-004                  5.7221218635412083E-003                  1.2718648985637696E-003                  2.4871053158459599E-003                  6.2250257439829436E-007                  5.4801490176421495E-023                  0.0000000000000000E+000 
                                     600                  4.9034809709982791E-001                  1.1140532402716882E-002                  6.3323985030348720E+000                  8.5968616390952910E+000                  2.8223576937893640E+015                  6.7279999999955731E-001                  3.3522340100146019E-005                  3.1496647766034247E-001                  2.1025988500795504E-003                  6.1630907196949872E-004                  5.7221218635412083E-003                  1.2718648985637696E-003                  2.4871053158459599E-003                  6.6666331628844439E-007                  7.0966421308695911E-023                  0.0000000000000000E+000 
                                     601                  4.8494281737644096E-001                  8.7290249389147673E-003                  6.3355078576300139E+000                  8.6000900852121003E+000                  3.5876275393611640E+015                  6.7279999999955731E-001                  3.3522340100147157E-005                  3.1496647766034247E-001                  2.1025988500795504E-003                  6.1630907196949872E-004                  5.7221218635412083E-003                  1.2718648985637696E-003                  2.4871053158459599E-003                  7.1386255610468054E-007                  9.1850166504774182E-023                  0.0000000000000000E+000 
                                     602                  4.7949901360647157E-001                  6.2859074403200897E-003                  6.3386179399114315E+000                  8.6033443262958151E+000                  4.5577881047972320E+015                  6.7279999999955720E-001                  3.3522340100148309E-005                  3.1496647766034247E-001                  2.1025988500795504E-003                  6.1630907196949872E-004                  5.7221218635412083E-003                  1.2718648985637696E-003                  2.4871053158459599E-003                  7.6430259651557024E-007                  1.1881566687638245E-022                  0.0000000000000000E+000 
                                     603                  4.7401688093594396E-001                  3.8104362607525792E-003                  6.3417287436826282E+000                  8.6066251341270394E+000                  5.7869781525071800E+015                  6.7279999999955720E-001                  3.3522340100149488E-005                  3.1496647766034247E-001                  2.1025988500795504E-003                  6.1630907196949872E-004                  5.7221218635412083E-003                  1.2718648985637696E-003                  2.4871053158459599E-003                  8.1819873817130758E-007                  1.5361527738913163E-022                  0.0000000000000000E+000 
                                     604                  4.6849663203113984E-001                  1.3018404078784960E-003                  6.3448402627008171E+000                  8.6099333089401977E+000                  7.3434459506879360E+015                  6.7279999999955720E-001                  3.3522340100150667E-005                  3.1496647766034247E-001                  2.1025988500795504E-003                  6.1630907196949872E-004                  5.7221218635412083E-003                  1.2718648985637696E-003                  2.4871053158459599E-003                  8.7578008288090326E-007                  1.9850080153635335E-022                  0.0000000000000000E+000 
                                     605                  4.6293849769672119E-001                 -1.2406798176641701E-003                  6.3479524906796785E+000                  8.6132696808712979E+000                  9.3131735725427640E+015                  6.7279999999955720E-001                  3.3522340100151880E-005                  3.1496647766034247E-001                  2.1025988500795504E-003                  6.1630907196949872E-004                  5.7221218635412083E-003                  1.2718648985637696E-003                  2.4871053158459599E-003                  9.3729038446759963E-007                  2.5636426717959345E-022                  0.0000000000000000E+000 
                                     606                  4.5734272751639565E-001                 -3.8179542689583601E-003                  6.3510654212925051E+000                  8.6166351113705044E+000                  1.1804418033626226E+016                  6.7279999999955720E-001                  3.3522340100153100E-005                  3.1496647766034247E-001                  2.1025988500795504E-003                  6.1630907196949872E-004                  5.7221218635412083E-003                  1.2718648985637696E-003                  2.4871053158459599E-003                  1.0029889500099917E-006                  3.3091793396373505E-022                  0.0000000000000000E+000 
                                     607                  4.5170959051818826E-001                 -6.4308444911276913E-003                  6.3541790481753724E+000                  8.6200304947647428E+000                  1.4953397515520560E+016                  6.7279999999955720E-001                  3.3522340100154347E-005                  3.1496647766034247E-001                  2.1025988500795504E-003                  6.1630907196949872E-004                  5.7221218635412083E-003                  1.2718648985637696E-003                  2.4871053158459599E-003                  1.0731515941230804E-006                  4.2692434230362766E-022                  0.0000000000000000E+000 
                                     608                  4.4603937586557230E-001                 -9.0802453587007243E-003                  6.3572933649301779E+000                  8.6234567599256824E+000                  1.8931406621975376E+016                  6.7279999999955720E-001                  3.3522340100155607E-005                  3.1496647766034247E-001                  2.1025988500795504E-003                  6.1630907196949872E-004                  5.7221218635412083E-003                  1.2718648985637696E-003                  2.4871053158459599E-003                  1.1480716493185098E-006                  5.5049015124433481E-022                  0.0000000000000000E+000 
                                     609                  4.4033239357575332E-001                 -1.1767086819796062E-002                  6.3604083651275118E+000                  8.6269148720475446E+000                  2.3953713630249068E+016                  6.7279999999955720E-001                  3.3522340100156888E-005                  3.1496647766034247E-001                  2.1025988500795504E-003                  6.1630907196949872E-004                  5.7221218635412083E-003                  1.2718648985637696E-003                  2.4871053158459599E-003                  1.2280610355435738E-006                  7.0944123743709695E-022                  0.0000000000000000E+000 
                                     610                  4.3458897526650592E-001                 -1.4492335755601398E-002                  6.3635240423093249E+000                  8.6304058345685899E+000                  3.0290678790041808E+016                  6.7279999999955720E-001                  3.3522340100158189E-005                  3.1496647766034247E-001                  2.1025988500795504E-003                  6.1630907196949872E-004                  5.7221218635412083E-003                  1.2718648985637696E-003                  2.4871053158459599E-003                  1.3134513921936926E-006                  9.1380127762788176E-022                  0.0000000000000000E+000 
                                     611                  4.2880947493307503E-001                 -1.7256997964575482E-002                  6.3666403899913178E+000                  8.6339306912644300E+000                  3.8281638692143704E+016                  6.7279999999955720E-001                  3.3522340100159517E-005                  3.1496647766034247E-001                  2.1025988500795504E-003                  6.1630907196949872E-004                  5.7221218635412083E-003                  1.2718648985637696E-003                  2.4871053158459599E-003                  1.4045952760604979E-006                  1.1764020315658712E-021                  0.0000000000000000E+000 
                                     612                  4.2299426975651361E-001                 -2.0062120281820691E-002                  6.3697574016653427E+000                  8.6374905283822621E+000                  4.8352233242504768E+016                  6.7279999999955720E-001                  3.3522340100160859E-005                  3.1496647766034247E-001                  2.1025988500795504E-003                  6.1630907196949872E-004                  5.7221218635412083E-003                  1.2718648985637696E-003                  2.4871053158459599E-003                  1.5018674293356094E-006                  1.5136611559039372E-021                  0.0000000000000000E+000 
                                     613                  4.1714376094491185E-001                 -2.2908792844154129E-002                  6.3728750708019444E+000                  8.6410864769562270E+000                  6.1036012874510944E+016                  6.7279999999955720E-001                  3.3522340100162221E-005                  3.1496647766034247E-001                  2.1025988500795504E-003                  6.1630907196949872E-004                  5.7221218635412083E-003                  1.2718648985637696E-003                  2.4871053158459599E-003                  1.6056661209808259E-006                  1.9465729495584774E-021                  0.0000000000000000E+000 
                                     614                  4.1125837460962056E-001                 -2.5798151513285003E-002                  6.3759933908527815E+000                  8.6447197152895345E+000                  7.7001365178068240E+016                  6.7279999999955720E-001                  3.3522340100163610E-005                  3.1496647766034247E-001                  2.1025988500795504E-003                  6.1630907196949872E-004                  5.7221218635412083E-003                  1.2718648985637696E-003                  2.4871053158459599E-003                  1.7164145657022843E-006                  2.5019696658307786E-021                  0.0000000000000000E+000 
                                     615                  4.0533856267861473E-001                 -2.8731380470554520E-002                  6.3791123552528690E+000                  8.6483914716042900E+000                  9.7085046954318464E+016                  6.7279999999955720E-001                  3.3522340100165019E-005                  3.1496647766034247E-001                  2.1025988500795504E-003                  6.1630907196949872E-004                  5.7221218635412083E-003                  1.2718648985637696E-003                  2.4871053158459599E-003                  1.8345624248454298E-006                  3.2141264127859319E-021                  0.0000000000000000E+000 
                                     616                  3.9938480384914476E-001                 -3.1709714997958972E-002                  6.3822319574223405E+000                  8.6521030269014005E+000                  1.2233391318013858E+017                  6.7279999999955720E-001                  3.3522340100166449E-005                  3.1496647766034247E-001                  2.1025988500795504E-003                  6.1630907196949872E-004                  5.7221218635412083E-003                  1.2718648985637696E-003                  2.4871053158459599E-003                  1.9605873937122990E-006                  4.1268021731302164E-021                  0.0000000000000000E+000 
                                     617                  3.9339760458188733E-001                 -3.4734444461865431E-002                  6.3853521907654320E+000                  8.6558557180564080E+000                  1.5405680693796576E+017                  6.7279999999955720E-001                  3.3522340100167906E-005                  3.1496647766034247E-001                  2.1025988500795504E-003                  6.1630907196949872E-004                  5.7221218635412083E-003                  1.2718648985637696E-003                  2.4871053158459599E-003                  2.0949968795779705E-006                  5.2958339282444498E-021                  0.0000000000000000E+000 
                                     618                  3.8737750013926664E-001                 -3.7806915517593985E-002                  6.3884730486681374E+000                  8.6596509410955953E+000                  1.9388903801427139E+017                  6.7279999999955720E-001                  3.3522340100169390E-005                  3.1496647766034247E-001                  2.1025988500795504E-003                  6.1630907196949872E-004                  5.7221218635412083E-003                  1.2718648985637696E-003                  2.4871053158459599E-003                  2.2383297760771370E-006                  6.7924320117873987E-021                  0.0000000000000000E+000 
                                     619                  3.8132505567008862E-001                 -4.0928535554414655E-002                  6.3915945244985286E+000                  8.6634901547567136E+000                  2.4387244619116986E+017                  6.7279999999955720E-001                  3.3522340100170894E-005                  3.1496647766034247E-001                  2.1025988500795504E-003                  6.1630907196949872E-004                  5.7221218635412083E-003                  1.2718648985637696E-003                  2.4871053158459599E-003                  2.3911583391184142E-006                  8.7073640329733619E-021                  0.0000000000000000E+000 
                                     620                  3.7524086734258311E-001                 -4.4100776403203354E-002                  6.3947166116086223E+000                  8.6673748843244685E+000                  3.0655474361032205E+017                  6.7279999999955720E-001                  3.3522340100172419E-005                  3.1496647766034247E-001                  2.1025988500795504E-003                  6.1630907196949872E-004                  5.7221218635412083E-003                  1.2718648985637696E-003                  2.4871053158459599E-003                  2.5540901696329530E-006                  1.1156264200328249E-020                  0.0000000000000000E+000 
                                     621                  3.6912556352949105E-001                 -4.7325178331167471E-002                  6.3978393033361680E+000                  8.6713067257507515E+000                  3.8511268099346234E+017                  6.7279999999955720E-001                  3.3522340100173971E-005                  3.1496647766034247E-001                  2.1025988500795504E-003                  6.1630907196949872E-004                  5.7221218635412083E-003                  1.2718648985637696E-003                  2.4871053158459599E-003                  2.7277703089105611E-006                  1.4286366878735343E-020                  0.0000000000000000E+000 
                                     622                  3.6297980604853747E-001                 -5.0603354350622978E-002                  6.4009625930063025E+000                  8.6752873501094356E+000                  4.8350463234696730E+017                  6.7279999999955720E-001                  3.3522340100175556E-005                  3.1496647766034247E-001                  2.1025988500795504E-003                  6.1630907196949872E-004                  5.7221218635412083E-003                  1.2718648985637696E-003                  2.4871053158459599E-003                  2.9128834526024410E-006                  1.8285041738440542E-020                  0.0000000000000000E+000 
                                     623                  3.5680429146179932E-001                 -5.3936994871985389E-002                  6.4040864739335719E+000                  8.6793185084337203E+000                  6.0665948148633600E+017                  6.7279999999955731E-001                  3.3522340100177162E-005                  3.1496647766034247E-001                  2.1025988500795504E-003                  6.1630907196949872E-004                  5.7221218635412083E-003                  1.2718648985637696E-003                  2.4871053158459599E-003                  3.1101562897080662E-006                  2.3390606922089465E-020                  0.0000000000000000E+000 
                                     624                  3.5059975243786301E-001                 -5.7327872734694300E-002                  6.4072109394246901E+000                  8.6834020369183360E+000                  7.6071026566194790E+017                  6.7279999999955731E-001                  3.3522340100178809E-005                  3.1496647766034247E-001                  2.1025988500795504E-003                  6.1630907196949872E-004                  5.7221218635412083E-003                  1.2718648985637696E-003                  2.4871053158459599E-003                  3.3203599735674578E-006                  2.9906021109136824E-020                  0.0000000000000000E+000 
                                     625                  3.4436695918117122E-001                 -6.0777848653267255E-002                  6.4103359827811568E+000                  8.6875398625861298E+000                  9.5328294030217254E+017                  6.7279999999955731E-001                  3.3522340100180469E-005                  3.1496647766034247E-001                  2.1025988500795504E-003                  6.1630907196949872E-004                  5.7221218635412083E-003                  1.2718648985637696E-003                  2.4871053158459599E-003                  3.5443127322870367E-006                  3.8216211109733181E-020                  0.0000000000000000E+000 
                                     626                  3.3810672093155586E-001                 -6.4288877120534257E-002                  6.4134615973014144E+000                  8.6917340094474866E+000                  1.1938529690932268E+018                  6.7279999999955731E-001                  3.3522340100182163E-005                  3.1496647766034247E-001                  2.1025988500795504E-003                  6.1630907196949872E-004                  5.7221218635412083E-003                  1.2718648985637696E-003                  2.4871053158459599E-003                  3.7828826251704885E-006                  4.8809988077634914E-020                  0.0000000000000000E+000 
                                     627                  3.3181988753919822E-001                 -6.7863012815003121E-002                  6.4165877762830581E+000                  8.6959866051714432E+000                  1.4941853143714568E+018                  6.7279999999955731E-001                  3.3522340100183891E-005                  3.1496647766034247E-001                  2.1025988500795504E-003                  6.1630907196949872E-004                  5.7221218635412083E-003                  1.2718648985637696E-003                  2.4871053158459599E-003                  4.0369904534167788E-006                  6.2307753367378495E-020                  0.0000000000000000E+000 
                                     628                  3.2550735112056600E-001                 -7.1502417564758683E-002                  6.4197145130250908E+000                  8.7002998883463647E+000                  1.8688768800858877E+018                  6.7279999999955731E-001                  3.3522340100185646E-005                  3.1496647766034247E-001                  2.1025988500795504E-003                  6.1630907196949872E-004                  5.7221218635412083E-003                  1.2718648985637696E-003                  2.4871053158459599E-003                  4.3076128333677372E-006                  7.9496505396245973E-020                  0.0000000000000000E+000 
                                     629                  3.1917004780105257E-001                 -7.5209367926973206E-002                  6.4228418008321215E+000                  8.7046762163920590E+000                  2.3360246590931820E+018                  6.7279999999955731E-001                  3.3522340100187435E-005                  3.1496647766034247E-001                  2.1025988500795504E-003                  6.1630907196949872E-004                  5.7221218635412083E-003                  1.2718648985637696E-003                  2.4871053158459599E-003                  4.5957854407851282E-006                  1.0137404635487494E-019                  0.0000000000000000E+000 
                                     630                  3.1280895955051541E-001                 -7.8986263449542224E-002                  6.4259696330285614E+000                  8.7091180742015570E+000                  2.9180479664656292E+018                  6.7279999999955731E-001                  3.3522340100189265E-005                  3.1496647766034247E-001                  2.1025988500795504E-003                  6.1630907196949872E-004                  5.7221218635412083E-003                  1.2718648985637696E-003                  2.4871053158459599E-003                  4.9026064355732575E-006                  1.2920477558763857E-019                  0.0000000000000000E+000 
                                     631                  3.0642511611894635E-001                 -8.2835635689962495E-002                  6.4290980029744702E+000                  8.7136280835839592E+000                  3.6426994026177987E+018                  6.7279999999955731E-001                  3.3522340100191115E-005                  3.1496647766034247E-001                  2.1025988500795504E-003                  6.1630907196949872E-004                  5.7221218635412083E-003                  1.2718648985637696E-003                  2.4871053158459599E-003                  5.2292400771692070E-006                  1.6459007108401422E-019                  0.0000000000000000E+000 
                                     632                  3.0001959707890652E-001                 -8.6760158076312863E-002                  6.4322269040719817E+000                  8.7182090136206263E+000                  4.5443067256675379E+018                  6.7279999999955731E-001                  3.3522340100193005E-005                  3.1496647766034247E-001                  2.1025988500795504E-003                  6.1630907196949872E-004                  5.7221218635412083E-003                  1.2718648985637696E-003                  2.4871053158459599E-003                  5.5769205393269073E-006                  2.0955702788162396E-019                  0.0000000000000000E+000 
                                     633                  2.9359353398263072E-001                 -9.0762656706705996E-002                  6.4353563297688732E+000                  8.7228637919910064E+000                  5.6652968407656243E+018                  6.7279999999955731E-001                  3.3522340100194930E-005                  3.1496647766034247E-001                  2.1025988500795504E-003                  6.1630907196949872E-004                  5.7221218635412083E-003                  1.2718648985637696E-003                  2.4871053158459599E-003                  5.9469559347417980E-006                  2.6667027694186151E-019                  0.0000000000000000E+000 
                                     634                  2.8714811264319168E-001                 -9.4846122196229080E-002                  6.4384862735624653E+000                  8.7275955174127873E+000                  7.0580641243720294E+018                  6.7279999999955731E-001                  3.3522340100196888E-005                  3.1496647766034247E-001                  2.1025988500795504E-003                  6.1630907196949872E-004                  5.7221218635412083E-003                  1.2718648985637696E-003                  2.4871053158459599E-003                  6.3407325608422325E-006                  3.3917281110389914E-019                  0.0000000000000000E+000 
                                     635                  2.8068457554962079E-001                 -9.9013722695759393E-002                  6.4416167290044486E+000                  8.7324074733206967E+000                  8.7872586200629801E+018                  6.7279999999955731E-001                  3.3522340100198887E-005                  3.1496647766034247E-001                  2.1025988500795504E-003                  6.1630907196949872E-004                  5.7221218635412083E-003                  1.2718648985637696E-003                  2.4871053158459599E-003                  6.7597193787188494E-006                  4.3116325399386828E-019                  0.0000000000000000E+000 
                                     636                  2.7420422442689263E-001                 -1.0326881822452455E-001                  6.4447476897177767E+000                  8.7373031429459154E+000                  1.0932585586151627E+019                  6.7279999999955731E-001                  3.3522340100200920E-005                  3.1496647766034247E-001                  2.1025988500795504E-003                  6.1630907196949872E-004                  5.7221218635412083E-003                  1.2718648985637696E-003                  2.4871053158459599E-003                  7.2054727387191054E-006                  5.4781889015080969E-019                  0.0000000000000000E+000 
                                     637                  2.6770842295292130E-001                 -1.0761497647883750E-001                  6.4478791494247547E+000                  8.7422862259884493E+000                  1.3592226736037695E+019                  6.7279999999955731E-001                  3.3522340100202993E-005                  3.1496647766034247E-001                  2.1025988500795504E-003                  6.1630907196949872E-004                  5.7221218635412083E-003                  1.2718648985637696E-003                  2.4871053158459599E-003                  7.6796413652934505E-006                  6.9567610512641893E-019                  0.0000000000000000E+000 
                                     638                  2.6119859964584147E-001                 -1.1205599030353396E-001                  6.4510111019646965E+000                  8.7473606570767508E+000                  1.6887016532356194E+019                  6.7279999999955720E-001                  3.3522340100205108E-005                  3.1496647766034247E-001                  2.1025988500795504E-003                  6.1630907196949872E-004                  5.7221218635412083E-003                  1.2718648985637696E-003                  2.4871053158459599E-003                  8.1839716127661454E-006                  8.8298282915365090E-019                  0.0000000000000000E+000 
                                     639                  2.5467625093602420E-001                 -1.1659589704063880E-001                  6.4541435413012422E+000                  8.7525306262052069E+000                  2.0965534326224216E+019                  6.7279999999955720E-001                  3.3522340100207262E-005                  3.1496647766034247E-001                  2.1025988500795504E-003                  6.1630907196949872E-004                  5.7221218635412083E-003                  1.2718648985637696E-003                  2.4871053158459599E-003                  8.7203130062453305E-006                  1.1201412495704425E-018                  0.0000000000000000E+000 
                                     640                  2.4814294443954743E-001                 -1.2123900000232929E-001                  6.4572764615300322E+000                  8.7578006014328498E+000                  2.6010305723397210E+019                  6.7279999999955720E-001                  3.3522340100209458E-005                  3.1496647766034247E-001                  2.1025988500795504E-003                  6.1630907196949872E-004                  5.7221218635412083E-003                  1.2718648985637696E-003                  2.4871053158459599E-003                  9.2906240835093826E-006                  1.4202636317437366E-018                  0.0000000000000000E+000 
                                     641                  2.4160032245157195E-001                 -1.2598989235427638E-001                  6.4604098568873605E+000                  8.7631753541695954E+000                  3.2245344547234410E+019                  6.7279999999955720E-001                  3.3522340100211694E-005                  3.1496647766034247E-001                  2.1025988500795504E-003                  6.1630907196949872E-004                  5.7221218635412083E-003                  1.2718648985637696E-003                  2.4871053158459599E-003                  9.8969785527665186E-006                  1.7998697293369581E-018                  0.0000000000000000E+000 
                                     642                  2.3505010568020748E-001                 -1.3085348374162695E-001                  6.4635437217657765E+000                  8.7686599873842379E+000                  3.9945313249107501E+019                  6.7279999999955720E-001                  3.3522340100213978E-005                  3.1496647766034247E-001                  2.1025988500795504E-003                  6.1630907196949872E-004                  5.7221218635412083E-003                  1.2718648985637696E-003                  2.4871053158459599E-003                  1.0541571784592448E-005                  2.2797614219529974E-018                  0.0000000000000000E+000 
                                     643                  2.2849409724396200E-001                 -1.3583503004427988E-001                  6.4666780507469976E+000                  8.7742599671855661E+000                  4.9446633732130800E+019                  6.7279999999955720E-001                  3.3522340100216302E-005                  3.1496647766034247E-001                  2.1025988500795504E-003                  6.1630907196949872E-004                  5.7221218635412083E-003                  1.2718648985637696E-003                  2.4871053158459599E-003                  1.1226727657694926E-005                  2.8861190741531592E-018                  0.0000000000000000E+000 
                                     644                  2.2193418695863631E-001                 -1.4094016671363846E-001                  6.4698128386331151E+000                  8.7799811583173923E+000                  6.1160943851068039E+019                  6.7279999999955720E-001                  3.3522340100218674E-005                  3.1496647766034247E-001                  2.1025988500795504E-003                  6.1630907196949872E-004                  5.7221218635412083E-003                  1.2718648985637696E-003                  2.4871053158459599E-003                  1.1954905772408171E-005                  3.6518751108985526E-018                  0.0000000000000000E+000 
                                     645                  2.1537235594306237E-001                 -1.4617494622171412E-001                  6.4729480804634436E+000                  8.7858298640306280E+000                  7.5591367826043978E+019                  6.7279999999955720E-001                  3.3522340100221086E-005                  3.1496647766034247E-001                  2.1025988500795504E-003                  6.1630907196949872E-004                  5.7221218635412083E-003                  1.2718648985637696E-003                  2.4871053158459599E-003                  1.2728709050130959E-005                  4.6184338876938592E-018                  0.0000000000000000E+000 
                                     646                  2.0881068157680829E-001                 -1.5154588024604140E-001                  6.4760837715305790E+000                  8.7918128710643000E+000                  9.3352157189046223E+019                  6.7279999999955720E-001                  3.3522340100223553E-005                  3.1496647766034247E-001                  2.1025988500795504E-003                  6.1630907196949872E-004                  5.7221218635412083E-003                  1.2718648985637696E-003                  2.4871053158459599E-003                  1.3550891740980375E-005                  5.8378241487308757E-018                  0.0000000000000000E+000 
                                     647                  2.0225134284740653E-001                 -1.5705998732776472E-001                  6.4792199073987069E+000                  8.7979375005393816E+000                  1.1519235878941019E+020                  6.7279999999955720E-001                  3.3522340100226060E-005                  3.1496647766034247E-001                  2.1025988500795504E-003                  6.1630907196949872E-004                  5.7221218635412083E-003                  1.2718648985637696E-003                  2.4871053158459599E-003                  1.4424367861380156E-005                  7.3753915585402511E-018                  0.0000000000000000E+000 
                                     648                  1.9569662612984862E-001                 -1.6272484687773617E-001                  6.4823564839253374E+000                  8.8042116657288627E+000                  1.4202427968113376E+020                  6.7279999999955720E-001                  3.3522340100228621E-005                  3.1496647766034247E-001                  2.1025988500795504E-003                  6.1630907196949872E-004                  5.7221218635412083E-003                  1.2718648985637696E-003                  2.4871053158459599E-003                  1.5352220083950973E-005                  9.3131649693743528E-018                  0.0000000000000000E+000 
                                     649                  1.8914893144718267E-001                 -1.6854866057315188E-001                  6.4854934972936205E+000                  8.8106439378348060E+000                  1.7495764897156989E+020                  6.7279999999955720E-001                  3.3522340100231230E-005                  3.1496647766034247E-001                  2.1025988500795504E-003                  6.1630907196949872E-004                  5.7221218635412083E-003                  1.2718648985637696E-003                  2.4871053158459599E-003                  1.6337709106740137E-005                  1.1754062710631033E-017                  0.0000000000000000E+000 
                                     650                  1.8261077926759484E-001                 -1.7454032239242839E-001                  6.4886309440508878E+000                  8.8172436212418681E+000                  2.1534052716302274E+020                  6.7279999999955720E-001                  3.3522340100233893E-005                  3.1496647766034247E-001                  2.1025988500795504E-003                  6.1630907196949872E-004                  5.7221218635412083E-003                  1.2718648985637696E-003                  2.4871053158459599E-003                  1.7384283521757366E-005                  1.4827146081385346E-017                  0.0000000000000000E+000 
                                     651                  1.7608481790296204E-001                 -1.8070949879029660E-001                  6.4917688211435172E+000                  8.8240208397949615E+000                  2.6480817713035149E+020                  6.7279999999955720E-001                  3.3522340100236597E-005                  3.1496647766034247E-001                  2.1025988500795504E-003                  6.1630907196949872E-004                  5.7221218635412083E-003                  1.2718648985637696E-003                  2.4871053158459599E-003                  1.8495590210069276E-005                  1.8694177588612670E-017                  0.0000000000000000E+000 
                                     652                  1.6957383158365577E-001                 -1.8706672082704681E-001                  6.4949071259527509E+000                  8.8309866361343872E+000                  3.2534128352506656E+020                  6.7279999999955720E-001                  3.3522340100239348E-005                  3.1496647766034247E-001                  2.1025988500795504E-003                  6.1630907196949872E-004                  5.7221218635412083E-003                  1.2718648985637696E-003                  2.4871053158459599E-003                  1.9675485292344112E-005                  2.3557803208826007E-017                  0.0000000000000000E+000 
                                     653                  1.6308074929556293E-001                 -1.9362349045654012E-001                  6.4980458563364190E+000                  8.8381530865554101E+000                  3.9933510406124110E+020                  6.7279999999955720E-001                  3.3522340100242160E-005                  3.1496647766034247E-001                  2.1025988500795504E-003                  6.1630907196949872E-004                  5.7221218635412083E-003                  1.2718648985637696E-003                  2.4871053158459599E-003                  2.0928045665086113E-005                  2.9671755888178371E-017                  0.0000000000000000E+000 
                                     654                  1.5660865447975936E-001                 -2.0039240366733280E-001                  6.5011850106776237E+000                  8.8455334344047323E+000                  4.8968133629587882E+020                  6.7279999999955720E-001                  3.3522340100245020E-005                  3.1496647766034247E-001                  2.1025988500795504E-003                  6.1630907196949872E-004                  5.7221218635412083E-003                  1.2718648985637696E-003                  2.4871053158459599E-003                  2.2257581155330985E-005                  3.7353573684475527E-017                  0.0000000000000000E+000 
                                     655                  1.5016079571242533E-001                 -2.0738729378921600E-001                  6.5043245879353400E+000                  8.8531422457160129E+000                  5.9986467487275981E+020                  6.7279999999955720E-001                  3.3522340100247920E-005                  3.1496647766034247E-001                  2.1025988500795504E-003                  6.1630907196949872E-004                  5.7221218635412083E-003                  1.2718648985637696E-003                  2.4871053158459599E-003                  2.3668647328403182E-005                  4.7000444382476478E-017                  0.0000000000000000E+000 
                                     656                  1.4374059850251419E-001                 -2.1462339906268252E-001                  6.5074645876959432E+000                  8.8609955917374084E+000                  7.3407619742607606E+020                  6.7279999999955720E-001                  3.3522340100250874E-005                  3.1496647766034247E-001                  2.1025988500795504E-003                  6.1630907196949872E-004                  5.7221218635412083E-003                  1.2718648985637696E-003                  2.4871053158459599E-003                  2.5166058978379725E-005                  5.9108933833500010E-017                  0.0000000000000000E+000 
                                     657                  1.3735167837049819E-001                 -2.2211755957524620E-001                  6.5106050102428252E+000                  8.8691112640518615E+000                  8.9734587004479629E+020                  6.7279999999955720E-001                  3.3522340100253870E-005                  3.1496647766034247E-001                  2.1025988500795504E-003                  6.1630907196949872E-004                  5.7221218635412083E-003                  1.2718648985637696E-003                  2.4871053158459599E-003                  2.6754904342597645E-005                  7.4299539301208574E-017                  0.0000000000000000E+000 
                                     658                  1.3099785540431505E-001                 -2.2988844996566038E-001                  6.5137458566506119E+000                  8.8775090295522556E+000                  1.0956965189297648E+021                  6.7279999999955720E-001                  3.3522340100256919E-005                  3.1496647766034247E-001                  2.1025988500795504E-003                  6.1630907196949872E-004                  5.7221218635412083E-003                  1.2718648985637696E-003                  2.4871053158459599E-003                  2.8440560093178629E-005                  9.3347234059877600E-017                  0.0000000000000000E+000 
                                     659                  1.2468317052455455E-001                 -2.3795685598675215E-001                  6.5168871288996941E+000                  8.8862109345121869E+000                  1.3363215189801847E+021                  6.7279999999955709E-001                  3.3522340100260002E-005                  3.1496647766034247E-001                  2.1025988500795504E-003                  6.1630907196949872E-004                  5.7221218635412083E-003                  1.2718648985637696E-003                  2.4871053158459599E-003                  3.0228707146574911E-005                  1.1721944461682823E-016                  0.0000000000000000E+000 
                                     660                  1.1841190373864439E-001                 -2.4634600523748135E-001                  6.5200288300154714E+000                  8.8952416695584198E+000                  1.6277881787866239E+021                  6.7279999999955709E-001                  3.3522340100263133E-005                  3.1496647766034247E-001                  2.1025988500795504E-003                  6.1630907196949872E-004                  5.7221218635412083E-003                  1.2718648985637696E-003                  2.4871053158459599E-003                  3.2125347343033806E-005                  1.4712324613060703E-016                  0.0000000000000000E+000 
                                     661                  1.1218859472318329E-001                 -2.5508196531881244E-001                  6.5231709642317792E+000                  8.9046290107992583E+000                  1.9802682315810844E+021                  6.7279999999955709E-001                  3.3522340100266290E-005                  3.1496647766034247E-001                  2.1025988500795504E-003                  6.1630907196949872E-004                  5.7221218635412083E-003                  1.2718648985637696E-003                  2.4871053158459599E-003                  3.4136821053949960E-005                  1.8456398914796078E-016                  0.0000000000000000E+000 
                                     662                  1.0601806614828210E-001                 -2.6419412661369529E-001                  6.5263135371665726E+000                  8.9144043570422404E+000                  2.4057957636199243E+021                  6.7279999999955709E-001                  3.3522340100269469E-005                  3.1496647766034247E-001                  2.1025988500795504E-003                  6.1630907196949872E-004                  5.7221218635412083E-003                  1.2718648985637696E-003                  2.4871053158459599E-003                  3.6269825773447114E-005                  2.3141809367090197E-016                  0.0000000000000000E+000 
                                     663                  9.9905450252645717E-002                 -2.7371579224008474E-001                  6.5294565560496789E+000                  8.9246033893991079E+000                  2.9185510914874330E+021                  6.7279999999955709E-001                  3.3522340100272680E-005                  3.1496647766034247E-001                  2.1025988500795504E-003                  6.1630907196949872E-004                  5.7221218635412083E-003                  1.2718648985637696E-003                  2.4871053158459599E-003                  3.8531435771627626E-005                  2.9002338536434597E-016                  0.0000000000000000E+000 
                                     664                  9.3856219302201199E-002                 -2.8368490506444066E-001                  6.5326000300457219E+000                  8.9352668882890267E+000                  3.5351663927726718E+021                  6.7279999999955709E-001                  3.3522340100275886E-005                  3.1496647766034247E-001                  2.1025988500795504E-003                  6.1630907196949872E-004                  5.7221218635412083E-003                  1.2718648985637696E-003                  2.4871053158459599E-003                  4.0929122922293276E-005                  3.6329115930705237E-016                  0.0000000000000000E+000 
                                     665                  8.7876220725010973E-002                 -2.9414495186317474E-001                  6.5357439706731579E+000                  8.9464417552551687E+000                  4.2750446056284608E+021                  6.7279999999955709E-001                  3.3522340100279098E-005                  3.1496647766034247E-001                  2.1025988500795504E-003                  6.1630907196949872E-004                  5.7221218635412083E-003                  1.2718648985637696E-003                  2.4871053158459599E-003                  4.3470778809003760E-005                  4.5484514467850809E-016                  0.0000000000000000E+000 
                                     666                  8.1971717925207049E-002                 -3.0514609910607915E-001                  6.5388883923429209E+000                  8.9581823045333930E+000                  5.1606765606621078E+021                  6.7279999999955709E-001                  3.3522340100282289E-005                  3.1496647766034247E-001                  2.1025988500795504E-003                  6.1630907196949872E-004                  5.7221218635412083E-003                  1.2718648985637696E-003                  2.4871053158459599E-003                  4.6164738240578925E-005                  5.6919375007128522E-016                  0.0000000000000000E+000 
                                     667                  7.6149438058945446E-002                 -3.1674663544380427E-001                  6.5420333130578010E+000                  8.9705519147004811E+000                  6.2179316670646075E+021                  6.7279999999955709E-001                  3.3522340100285433E-005                  3.1496647766034247E-001                  2.1025988500795504E-003                  6.1630907196949872E-004                  5.7221218635412083E-003                  1.2718648985637696E-003                  2.4871053158459599E-003                  4.9019804349169734E-005                  7.1194347695785648E-016                  0.0000000000000000E+000 
                                     668                  7.0416628434109854E-002                 -3.2901482601312210E-001                  6.5451787553163205E+000                  8.9836251680799712E+000                  7.4762832403710943E+021                  6.7279999999955720E-001                  3.3522340100288510E-005                  3.1496647766034247E-001                  2.1025988500795504E-003                  6.1630907196949872E-004                  5.7221218635412083E-003                  1.2718648985637696E-003                  2.4871053158459599E-003                  5.2045275488481664E-005                  8.9006327034908191E-016                  0.0000000000000000E+000 
                                     669                  6.4781123715927230E-002                 -3.4203132827149535E-001                  6.5483247473192483E+000                  8.9974906621641146E+000                  8.9689082615601153E+021                  6.7279999999955720E-001                  3.3522340100291464E-005                  3.1496647766034247E-001                  2.1025988500795504E-003                  6.1630907196949872E-004                  5.7221218635412083E-003                  1.2718648985637696E-003                  2.4871053158459599E-003                  5.5250974253577167E-005                  1.1122118781618855E-015                  0.0000000000000000E+000 
                                     670                  5.9251426841189406E-002                 -3.5589238671586487E-001                  6.5514713246431864E+000                  9.0122547635426091E+000                  1.0732569569648378E+022                  6.7279999999955720E-001                  3.3522340100294256E-005                  3.1496647766034247E-001                  2.1025988500795504E-003                  6.1630907196949872E-004                  5.7221218635412083E-003                  1.2718648985637696E-003                  2.4871053158459599E-003                  5.8647279077202519E-005                  1.3891431199312034E-015                  0.0000000000000000E+000 
                                     671                  5.3836807575517634E-002                 -3.7071412883379617E-001                  6.5546185325794495E+000                  9.0280467113494876E+000                  1.2807141515446693E+022                  6.7279999999955720E-001                  3.3522340100296790E-005                  3.1496647766034247E-001                  2.1025988500795504E-003                  6.1630907196949872E-004                  5.7221218635412083E-003                  1.2718648985637696E-003                  2.4871053158459599E-003                  6.2245159045433803E-005                  1.7342075938702424E-015                  0.0000000000000000E+000 
                                     672                  4.8547424143549803E-002                 -3.8663845193808988E-001                  6.5577664294461835E+000                  9.0450256989263043E+000                  1.5234568551426974E+022                  6.7279999999955720E-001                  3.3522340100298945E-005                  3.1496647766034247E-001                  2.1025988500795504E-003                  6.1630907196949872E-004                  5.7221218635412083E-003                  1.2718648985637696E-003                  2.4871053158459599E-003                  6.6056212901212697E-005                  2.1639738381908694E-015                  0.0000000000000000E+000 
                                     673                  4.3394475579554517E-002                 -4.0384126512990942E-001                  6.5609150913912657E+000                  9.0633909336752971E+000                  1.8056935863686783E+022                  6.7279999999955720E-001                  3.3522340100300517E-005                  3.1496647766034247E-001                  2.1025988500795504E-003                  6.1630907196949872E-004                  5.7221218635412083E-003                  1.2718648985637696E-003                  2.4871053158459599E-003                  7.0092713757347977E-005                  2.6989975581117079E-015                  0.0000000000000000E+000 
                                     674                  3.8390395830435534E-002                 -4.2254431674979231E-001                  6.5640535288444513E+000                  9.0833844998841151E+000                  2.1299637196217874E+022                  6.7279999999549067E-001                  3.3522344166712912E-005                  3.1496647766034247E-001                  2.1025988500795504E-003                  6.1630907196949872E-004                  5.7221218635412083E-003                  1.2718648985637696E-003                  2.4871053158459599E-003                  7.4357034261705120E-005                  3.3624007444872966E-015                  0.0000000000000000E+000 
                                     675                  3.3549105967631235E-002                 -4.4303208912572278E-001                  6.5671383822189151E+000                  9.1052891563677054E+000                  2.4924033602637598E+022                  6.7279999999522044E-001                  3.3522344437264621E-005                  3.1496647766034230E-001                  2.1025988500795495E-003                  6.1630907196949839E-004                  5.7221218635412057E-003                  1.2718648985637689E-003                  2.4871053158459586E-003                  7.8817071995733730E-005                  4.1725403242546177E-015                  0.0000000000000000E+000 
                                     676                  2.8886349536709165E-002                 -4.6567626117572136E-001                  6.5701762039623226E+000                  9.1295457274060166E+000                  2.8915070764532709E+022                  6.7279999999493723E-001                  3.3522344720445929E-005                  3.1496647766034241E-001                  2.1025988500795504E-003                  6.1630907196949861E-004                  5.7221218635412074E-003                  1.2718648985637693E-003                  2.4871053158459595E-003                  8.3484743003108111E-005                  5.1599757947760115E-015                  0.0000000000000000E+000 
                                     677                  2.4420150806186043E-002                 -4.9097940259772055E-001                  6.5731725492871576E+000                  9.1567583183818098E+000                  3.3223409565813369E+022                  6.7279999999464024E-001                  3.3522345017003576E-005                  3.1496647766034253E-001                  2.1025988500795508E-003                  6.1630907196949883E-004                  5.7221218635412092E-003                  1.2718648985637698E-003                  2.4871053158459604E-003                  8.8372245333363407E-005                  6.3614092181707841E-015                  0.0000000000000000E+000 
                                     678                  2.0171461981688347E-002                 -5.1964452218034707E-001                  6.5774635444507057E+000                  9.5075058950729527E+000                  7.9282261811471644E+022                  6.7279999999418494E-001                  3.3522345472689066E-005                  3.1496647766034241E-001                  2.1025988500795499E-003                  6.1630907196949861E-004                  5.7221218635412074E-003                  1.2718648985637693E-003                  2.4871053158459595E-003                  9.5881309855253149E-005                  8.5805485237187286E-015                  0.0000000000000000E+000 
                                     679                  1.2431297823264525E-002                 -5.9176779271787994E-001                  6.5832170695240082E+000                  9.5966403689817774E+000                  9.5372263018214426E+022                  6.7279999999350837E-001                  3.3522346149030041E-005                  3.1496647766034247E-001                  2.1025988500795504E-003                  6.1630907196949872E-004                  5.7221218635412083E-003                  1.2718648985637696E-003                  2.4871053158459599E-003                  1.0702509041962311E-004                  1.2810814351880251E-014                  0.0000000000000000E+000 
                                     680                  5.9454402506500820E-003                 -7.0068358262763142E-001                  6.5877526192086684E+000                  9.3943680626909885E+000                  5.1411381038550371E+022                  6.7279999999291729E-001                  3.3522346740393236E-005                  3.1496647766034236E-001                  2.1025988500795499E-003                  6.1630907196949850E-004                  5.7221218635412066E-003                  1.2718648985637691E-003                  2.4871053158459591E-003                  1.1676879126764524E-004                  1.7563855073425718E-014                  0.0000000000000000E+000 
                                     681                  3.3153929222438658E-003                 -7.8629173596948843E-001                  6.5902554246056662E+000                  9.3540980326860943E+000                  3.6577058980738814E+022                  6.7279999999256779E-001                  3.3522347089652099E-005                  3.1496647766034241E-001                  2.1025988500795499E-003                  6.1630907196949861E-004                  5.7221218635412074E-003                  1.2718648985637693E-003                  2.4871053158459595E-003                  1.2252331966692697E-004                  2.0898263949779822E-014                  0.0000000000000000E+000 
                                     682                  1.7158205992681701E-003                 -8.8243955327050327E-001                  6.5920441242416796E+000                  9.2795858660125035E+000                  2.2063355230154171E+022                  6.7279999999230733E-001                  3.3522347350091908E-005                  3.1496647766034247E-001                  2.1025988500795504E-003                  6.1630907196949872E-004                  5.7221218635412083E-003                  1.2718648985637696E-003                  2.4871053158459599E-003                  1.2681436619087238E-004                  2.3660222168061453E-014                  0.0000000000000000E+000 
                                     683                  8.5318375671233925E-004                 -9.8411974451814821E-001                  6.5931748803494328E+000                  9.1143736978409748E+000                  1.0497273108991060E+022                  6.7279999999213791E-001                  3.3522347519549821E-005                  3.1496647766034241E-001                  2.1025988500795499E-003                  6.1630907196949861E-004                  5.7221218635412074E-003                  1.2718648985637693E-003                  2.4871053158459595E-003                  1.2960634492260417E-004                  2.5590497454665748E-014                  0.0000000000000000E+000 
                                     684                  4.7079755686990643E-004                 -1.0704814647635752E+000                  6.5938497006419539E+000                  9.0753981562942716E+000                  6.5975942071424930E+021                  6.7279999999203510E-001                  3.3522347622471568E-005                  3.1496647766034247E-001                  2.1025988500795504E-003                  6.1630907196949872E-004                  5.7221218635412083E-003                  1.2718648985637696E-003                  2.4871053158459599E-003                  1.3130206240051878E-004                  2.6816146900753601E-014                  0.0000000000000000E+000 
                                     685                  2.4039913441936686E-004                 -1.1680005095252965E+000                  6.5943240491159649E+000                  8.9660002993604095E+000                  3.3981209089699679E+021                  6.7279999999196161E-001                  3.3522347695647239E-005                  3.1496647766034247E-001                  2.1025988500795504E-003                  6.1630907196949872E-004                  5.7221218635412083E-003                  1.2718648985637696E-003                  2.4871053158459599E-003                  1.3250768308702799E-004                  2.7712462635145610E-014                  0.0000000000000000E+000 
                                     686                  1.2519992319412482E-004                 -1.2625795161690723E+000                  6.5946181237807675E+000                  8.8490344333491411E+000                  1.7305914520041656E+021                  6.7279999999191631E-001                  3.3522347741356606E-005                  3.1496647766034236E-001                  2.1025988500795495E-003                  6.1630907196949850E-004                  5.7221218635412066E-003                  1.2718648985637691E-003                  2.4871053158459591E-003                  1.3326077336553492E-004                  2.8283023554223984E-014                  0.0000000000000000E+000 
                                     687                  6.7600317581545402E-005                 -1.3518817961182676E+000                  6.5947984242804720E+000                  8.7185360086154837E+000                  8.7510507449692730E+020                  6.7279999999188800E-001                  3.3522347769512402E-005                  3.1496647766034241E-001                  2.1025988500795499E-003                  6.1630907196949861E-004                  5.7221218635412074E-003                  1.2718648985637693E-003                  2.4871053158459595E-003                  1.3372465663557021E-004                  2.8638597846515289E-014                  0.0000000000000000E+000 
                                     688                  3.8800514775200197E-005                 -1.4323029626348904E+000                  6.5949068025685191E+000                  8.5663905589813982E+000                  4.4052726044794526E+020                  6.7279999999187112E-001                  3.3522347786484828E-005                  3.1496647766034247E-001                  2.1025988500795504E-003                  6.1630907196949872E-004                  5.7221218635412083E-003                  1.2718648985637696E-003                  2.4871053158459599E-003                  1.3400428711972135E-004                  2.8854466923114343E-014                  0.0000000000000000E+000 
                                     689                  2.4400613372027598E-005                 -1.4994784324634296E+000                  6.5949700179348412E+000                  8.3845426357315453E+000                  2.2113581779685432E+020                  6.7279999999186124E-001                  3.3522347796401307E-005                  3.1496647766034247E-001                  2.1025988500795504E-003                  6.1630907196949872E-004                  5.7221218635412083E-003                  1.2718648985637696E-003                  2.4871053158459599E-003                  1.3416766605659121E-004                  2.8981125805600754E-014                  0.0000000000000000E+000 
                                     690                  1.7200662670449968E-005                 -1.5501139402304167E+000                  6.5950173557621845E+000                  8.5108588802574143E+000                  2.2179118367220105E+020                  6.7279999999185369E-001                  3.3522347803835030E-005                  3.1496647766034247E-001                  2.1025988500795504E-003                  6.1630907196949872E-004                  5.7221218635412083E-003                  1.2718648985637696E-003                  2.4871053158459599E-003                  1.3429014068867730E-004                  2.9076333479247488E-014                  0.0000000000000000E+000 
                                     691                  1.0000711968872341E-005                 -1.6286385944150106E+000                  6.5950653929595422E+000                  8.5283475794896919E+000                  1.5449692370981847E+020                  6.7279999999184603E-001                  3.3522347811385807E-005                  3.1496647766034247E-001                  2.1025988500795504E-003                  6.1630907196949872E-004                  5.7221218635412083E-003                  1.2718648985637696E-003                  2.4871053158459599E-003                  1.3441454405665857E-004                  2.9173266132807241E-014                  0.0000000000000000E+000 
                                     692                  5.0003559850415888E-006                 -1.7289990956958350E+000                  6.5951025907007548E+000                  8.4279626282935229E+000                  7.7428296470041575E+019                  6.7279999999184026E-001                  3.3522347817237741E-005                  3.1496647766034247E-001                  2.1025988500795504E-003                  6.1630907196949872E-004                  5.7221218635412083E-003                  1.2718648985637696E-003                  2.4871053158459599E-003                  1.3451095819254388E-004                  2.9248547072313375E-014                  0.0000000000000000E+000 
                                     693                  2.5001779930707017E-006                 -1.8293532409365574E+000                  6.5951260193453232E+000                  8.3275930736398127E+000                  3.8770888479085388E+019                  6.7279999999183659E-001                  3.3522347820925750E-005                  3.1496647766034247E-001                  2.1025988500795504E-003                  6.1630907196949872E-004                  5.7221218635412083E-003                  1.2718648985637696E-003                  2.4871053158459599E-003                  1.3457171988999329E-004                  2.9296061111099940E-014                  0.0000000000000000E+000 
                                     694                  1.2500889970852582E-006                 -1.9297033805526087E+000                  6.5951407766945511E+000                  8.2272332117275475E+000                  1.9403335347821842E+019                  6.7279999999183426E-001                  3.3522347823249649E-005                  3.1496647766034247E-001                  2.1025988500795504E-003                  6.1630907196949872E-004                  5.7221218635412083E-003                  1.2718648985637696E-003                  2.4871053158459599E-003                  1.3461000712216135E-004                  2.9326028852569856E-014                  0.0000000000000000E+000 
                                     695                  6.2504449903702540E-007                 -2.0300509929828467E+000                  6.5951500725374137E+000                  8.1268794440422489E+000                  9.7073067996348252E+018                  6.7279999999183282E-001                  3.3522347824713817E-005                  3.1496647766034236E-001                  2.1025988500795495E-003                  6.1630907196949850E-004                  5.7221218635412066E-003                  1.2718648985637691E-003                  2.4871053158459591E-003                  1.3463413043811825E-004                  2.9344921552853969E-014                  0.0000000000000000E+000 
                                     696                  3.1252225006842004E-007                 -2.1303970054705754E+000                  6.5951559282699019E+000                  8.0265294928104343E+000                  4.8554303639138161E+018                  6.7279999999183193E-001                  3.3522347825636296E-005                  3.1496647766034236E-001                  2.1025988500795495E-003                  6.1630907196949850E-004                  5.7221218635412066E-003                  1.2718648985637691E-003                  2.4871053158459591E-003                  1.3464932870716560E-004                  2.9356828845339607E-014                  0.0000000000000000E+000 
                                     697                  1.5626112558411734E-007                 -2.2307419941710247E+000                  6.5951596170359821E+000                  7.9261819003684133E+000                  2.4282750391328369E+018                  6.7279999999183138E-001                  3.3522347826217456E-005                  3.1496647766034236E-001                  2.1025988500795495E-003                  6.1630907196949850E-004                  5.7221218635412066E-003                  1.2718648985637691E-003                  2.4871053158459591E-003                  1.3465890361962716E-004                  2.9364332202647061E-014                  0.0000000000000000E+000 
                                     698                  7.8130563341966024E-008                 -2.3310863060942717E+000                  6.5951627153379233E+000                  8.5113356972633767E+000                  2.4287453784643077E+018                  6.7279999999183071E-001                  3.3522347826705638E-005                  3.1496647766034241E-001                  2.1025988500795499E-003                  6.1630907196949861E-004                  5.7221218635412074E-003                  1.2718648985637693E-003                  2.4871053158459595E-003                  1.3466694639848587E-004                  2.9370635962283820E-014                  0.0000000000000000E+000 
