                                       1                                        2                                        3                                        4                                        5                                        6                                        7                                        8                                        9                                       10                                       11                                       12                                       13                                       14                                       15                                       16                                       17                                       18                                       19                                       20                                       21                                       22                                       23                                       24                                       25                                       26                                       27                                       28                                       29                                       30                                       31                                       32                                       33                                       34                                       35                                       36                                       37                                       38                                       39                                       40                                       41                                       42                                       43                                       44                                       45                                       46                                       47                                       48                                       49 
                            model_number                                num_zones                             initial_mass                                initial_z                                 star_age                                time_step                                     Teff                            photosphere_L                            photosphere_r                               center_eta                                center_h1                               center_he3                               center_he4                               center_c12                               center_n14                               center_o16                              center_ne20                                star_mass                                star_mdot                             star_mass_h1                            star_mass_he3                            star_mass_he4                            star_mass_c12                            star_mass_n14                            star_mass_o16                           star_mass_ne20                             he_core_mass                             co_core_mass                             fe_core_mass                   neutron_rich_core_mass                             dynamic_time                             kh_timescale                            nuc_timescale                           power_nuc_burn                             power_h_burn                            power_he_burn                                power_neu                                burn_min1                                burn_min2                             time_seconds                           version_number                                 compiler                                    build                         MESA_SDK_version                             math_backend                                     date                                     msun                                     rsun                                     lsun 
                                      25                                      694                  1.0500000000000005E+000                  1.2200000000000001E-002                  4.7198108322034473E-003                  7.9496847203390779E-004                  4.5469095917688101E+003                  1.5910537573589525E+000                  2.0326516158760750E+000                 -4.1761607613150513E+000                  7.3279999999999990E-001                  2.7137132103725387E-005                  2.5497286286789633E-001                  2.1025988500795504E-003                  6.1630907196949872E-004                  5.7221218635412083E-003                  1.2718648985637696E-003                  1.0500000000000005E+000                  0.0000000000000000E+000                  7.6944000000000001E-001                  2.8493988708901463E-005                  2.6772150601129130E-001                  2.2077287925835291E-003                  6.4712452556797370E-004                  6.0082279567182702E-003                  1.3354581434919591E-003                  0.0000000000000000E+000                  0.0000000000000000E+000                  0.0000000000000000E+000                  0.0000000000000000E+000                  2.8304587578012521E+004                  8.0280802157199280E+006                  6.5993998954688587E+009                  6.5330294128123304E-006                  6.5330294128123304E-006                  0.0000000000000000E+000                  2.6142231070415261E-007                  5.0000000000000000E+001                  1.0000000000000000E+003                  1.4894590231834352E+005                               "r24.08.1"                               "gfortran"                                 "13.3.0"                    "x86_64-linux-24.7.1"                                 "CRMATH"                               "20251005"                  1.9884098706980504E+033                  6.9570000000000000E+010                  3.8280000000000003E+033 

                                       1                                        2                                        3                                        4                                        5                                        6                                        7                                        8                                        9                                       10                                       11                                       12                                       13                                       14                                       15                                       16                                       17 
                                    zone                                     mass                                     logR                                     logT                                   log_dr          raw_rate_r_he3_he3_to_h1_h1_he4                                       h1                                      he3                                      he4                                      c12                                      n14                                      o16                                     ne20                                     mg24                                       pp                                      cno                                tri_alpha 
                                       1                  1.0500000000000005E+000                  3.0806294958347680E-001                  3.6577506272798606E+000                  4.7333123128102832E+000                  8.6659665048594405E-051                  7.3279999999999990E-001                  2.7137132103714830E-005                  2.5497286286789628E-001                  2.1025988500795504E-003                  6.1630907196949872E-004                  5.7221218635412083E-003                  1.2718648985637696E-003                  2.4871053158459599E-003                  2.4690886841785208E-026                  0.0000000000000000E+000                  0.0000000000000000E+000 
                                       2                  1.0499999999989507E+000                  3.0806278339084919E-001                  3.6578278464885732E+000                  4.8296839606006490E+000                  1.0845904034214816E-050                  7.3279999999999990E-001                  2.7137132103715528E-005                  2.5497286286789633E-001                  2.1025988500795508E-003                  6.1630907196949883E-004                  5.7221218635412092E-003                  1.2718648985637698E-003                  2.4871053158459604E-003                  2.4721546317792693E-026                  0.0000000000000000E+000                  0.0000000000000000E+000 
                                       3                  1.0499999999976379E+000                  3.0806257590733793E-001                  3.6579137279236003E+000                  4.8290868893344969E+000                  1.0860835704320823E-050                  7.3279999999999990E-001                  2.7137132103715528E-005                  2.5497286286789633E-001                  2.1025988500795508E-003                  6.1630907196949883E-004                  5.7221218635412083E-003                  1.2718648985637698E-003                  2.4871053158459608E-003                  2.4755593679085423E-026                  0.0000000000000000E+000                  0.0000000000000000E+000 
                                       4                  1.0499999999963257E+000                  3.0806236870878173E-001                  3.6580426655809113E+000                  5.1292234162383323E+000                  2.1766436336587441E-050                  7.3279999999999990E-001                  2.7137132103715524E-005                  2.5497286286789633E-001                  2.1025988500795508E-003                  6.1630907196949883E-004                  5.7221218635412092E-003                  1.2718648985637698E-003                  2.4871053158459604E-003                  2.4806630473854851E-026                  0.0000000000000000E+000                  0.0000000000000000E+000 
                                       5                  1.0499999999937004E+000                  3.0806195516303142E-001                  3.6583010136807905E+000                  5.4284741802000172E+000                  4.3711709724721185E-050                  7.3279999999999990E-001                  2.7137132103715524E-005                  2.5497286286789633E-001                  2.1025988500795508E-003                  6.1630907196949883E-004                  5.7221218635412092E-003                  1.2718648985637698E-003                  2.4871053158459604E-003                  2.4908577314212245E-026                  0.0000000000000000E+000                  0.0000000000000000E+000 
                                       6                  1.0499999999884504E+000                  3.0806113145188124E-001                  3.6589059536041013E+000                  5.8223018569074201E+000                  1.1031968118693834E-049                  7.3279999999999990E-001                  2.7137132103714830E-005                  2.5497286286789628E-001                  2.1025988500795504E-003                  6.1630907196949883E-004                  5.7221218635412083E-003                  1.2718648985637696E-003                  2.4871053158459599E-003                  2.5145813624214349E-026                  0.0000000000000000E+000                  0.0000000000000000E+000 
                                       7                  1.0499999999753256E+000                  3.0805909157454259E-001                  3.6597782957423708E+000                  5.8165235180408423E+000                  1.1179834897721141E-049                  7.3279999999999990E-001                  2.7137132103714830E-005                  2.5497286286789628E-001                  2.1025988500795504E-003                  6.1630907196949883E-004                  5.7221218635412083E-003                  1.2718648985637696E-003                  2.4871053158459599E-003                  2.5482985547283387E-026                  0.0000000000000000E+000                  0.0000000000000000E+000 
                                       8                  1.0499999999622005E+000                  3.0805707864886062E-001                  3.6610976519607230E+000                  6.1090851426306365E+000                  2.2800255715801754E-049                  7.3279999999999990E-001                  2.7137132103714830E-005                  2.5497286286789628E-001                  2.1025988500795504E-003                  6.1630907196949883E-004                  5.7221218635412083E-003                  1.2718648985637696E-003                  2.4871053158459599E-003                  2.5985311405461914E-026                  0.0000000000000000E+000                  0.0000000000000000E+000 
                                       9                  1.0499999999359506E+000                  3.0805313051066280E-001                  3.6637790929542549E+000                  6.3938629671721250E+000                  4.7340565240467342E-049                  7.3279999999999990E-001                  2.7137132103714830E-005                  2.5497286286789628E-001                  2.1025988500795504E-003                  6.1630907196949883E-004                  5.7221218635412083E-003                  1.2718648985637696E-003                  2.4871053158459599E-003                  2.6977273005840318E-026                  0.0000000000000000E+000                  0.0000000000000000E+000 
                                      10                  1.0499999998834506E+000                  3.0804552416692366E-001                  3.6667771306781436E+000                  6.1731263813696184E+000                  3.0742716588416578E-049                  7.3279999999999990E-001                  2.7137132103714823E-005                  2.5497286286789628E-001                  2.1025988500795504E-003                  6.1630907196949872E-004                  5.7221218635412083E-003                  1.2718648985637696E-003                  2.4871053158459599E-003                  2.8030671093082784E-026                  0.0000000000000000E+000                  0.0000000000000000E+000 
                                      11                  1.0499999998506380E+000                  3.0804094859429942E-001                  3.6691197218713563E+000                  6.1609647685266120E+000                  3.1616433624018455E-049                  7.3279999999999990E-001                  2.7137132103714823E-005                  2.5497286286789628E-001                  2.1025988500795504E-003                  6.1630907196949872E-004                  5.7221218635412083E-003                  1.2718648985637696E-003                  2.4871053158459599E-003                  2.8827640104015254E-026                  0.0000000000000000E+000                  0.0000000000000000E+000 
                                      12                  1.0499999998178255E+000                  3.0803649932848776E-001                  3.6714977551731054E+000                  6.1493100595669761E+000                  3.2477034653219156E-049                  7.3279999999999990E-001                  2.7137132103714823E-005                  2.5497286286789628E-001                  2.1025988500795504E-003                  6.1630907196949872E-004                  5.7221218635412083E-003                  1.2718648985637696E-003                  2.4871053158459599E-003                  2.9612658452031152E-026                  0.0000000000000000E+000                  0.0000000000000000E+000 
                                      13                  1.0499999997850131E+000                  3.0803216783132825E-001                  3.6739087054032362E+000                  6.1381299110328778E+000                  3.3324609607958786E-049                  7.3279999999999990E-001                  2.7137132103714823E-005                  2.5497286286789628E-001                  2.1025988500795504E-003                  6.1630907196949872E-004                  5.7221218635412083E-003                  1.2718648985637696E-003                  2.4871053158459599E-003                  3.0385807400619592E-026                  0.0000000000000000E+000                  0.0000000000000000E+000 
                                      14                  1.0499999997522005E+000                  3.0802794637635028E-001                  3.6775662517794898E+000                  6.4232000283153843E+000                  6.9146038581997543E-049                  7.3279999999999990E-001                  2.7137132103714826E-005                  2.5497286286789628E-001                  2.1025988500795504E-003                  6.1630907196949872E-004                  5.7221218635412083E-003                  1.2718648985637696E-003                  2.4871053158459599E-003                  3.1524616096426548E-026                  0.0000000000000000E+000                  0.0000000000000000E+000 
                                      15                  1.0499999996865754E+000                  3.0801980798707695E-001                  3.6825620881748358E+000                  6.4033523473181484E+000                  7.2382053268543712E-049                  7.3279999999999990E-001                  2.7137132103714826E-005                  2.5497286286789628E-001                  2.1025988500795504E-003                  6.1630907196949872E-004                  5.7221218635412083E-003                  1.2718648985637696E-003                  2.4871053158459599E-003                  3.3000613765755002E-026                  0.0000000000000000E+000                  0.0000000000000000E+000 
                                      16                  1.0499999996209504E+000                  3.0801203301684799E-001                  3.6876564326395709E+000                  6.3849530666874541E+000                  7.5517117881871153E-049                  7.3279999999999990E-001                  2.7137132103714823E-005                  2.5497286286789628E-001                  2.1025988500795504E-003                  6.1630907196949872E-004                  5.7221218635412083E-003                  1.2718648985637696E-003                  2.4871053158459599E-003                  3.4430607843888934E-026                  0.0000000000000000E+000                  0.0000000000000000E+000 
                                      17                  1.0499999995553255E+000                  3.0800458042961976E-001                  3.6928377365991887E+000                  6.3678504788290438E+000                  7.8552970406467514E-049                  7.3279999999999990E-001                  2.7137132103714823E-005                  2.5497286286789628E-001                  2.1025988500795504E-003                  6.1630907196949872E-004                  5.7221218635412083E-003                  1.2718648985637696E-003                  2.4871053158459599E-003                  3.5815386359395150E-026                  0.0000000000000000E+000                  0.0000000000000000E+000 
                                      18                  1.0499999994897005E+000                  3.0799741550230858E-001                  3.6980964438729118E+000                  6.3519157339822554E+000                  8.1491334320954294E-049                  7.3279999999999990E-001                  2.7137132103714823E-005                  2.5497286286789628E-001                  2.1025988500795504E-003                  6.1630907196949872E-004                  5.7221218635412083E-003                  1.2718648985637696E-003                  2.4871053158459599E-003                  3.7155731133094159E-026                  0.0000000000000000E+000                  0.0000000000000000E+000 
                                      19                  1.0499999994240754E+000                  3.0799050858780974E-001                  3.7034253683740164E+000                  6.3370393550048050E+000                  8.4333745531422990E-049                  7.3279999999999990E-001                  2.7137132103714823E-005                  2.5497286286789628E-001                  2.1025988500795504E-003                  6.1630907196949872E-004                  5.7221218635412083E-003                  1.2718648985637696E-003                  2.4871053158459599E-003                  3.8452338788215621E-026                  0.0000000000000000E+000                  0.0000000000000000E+000 
                                      20                  1.0499999993584506E+000                  3.0798383415306180E-001                  3.7088197549353521E+000                  6.3231280218050552E+000                  8.7081491891281936E-049                  7.3279999999999990E-001                  2.7137132103714819E-005                  2.5497286286789628E-001                  2.1025988500795504E-003                  6.1630907196949872E-004                  5.7221218635412083E-003                  1.2718648985637696E-003                  2.4871053158459599E-003                  3.9705793115537044E-026                  0.0000000000000000E+000                  0.0000000000000000E+000 
                                      21                  1.0499999992928255E+000                  3.0797737002833514E-001                  3.7142770332909336E+000                  6.3101019956312108E+000                  8.9735569751958847E-049                  7.3279999999999990E-001                  2.7137132103714819E-005                  2.5497286286789628E-001                  2.1025988500795504E-003                  6.1630907196949872E-004                  5.7221218635412083E-003                  1.2718648985637696E-003                  2.4871053158459599E-003                  4.0916545210456880E-026                  0.0000000000000000E+000                  0.0000000000000000E+000 
                                      22                  1.0499999992272004E+000                  3.0797109681480972E-001                  3.7225347116974694E+000                  6.5930610816032820E+000                  1.8710433004965112E-048                  7.3279999999999990E-001                  2.7137132103714823E-005                  2.5497286286789628E-001                  2.1025988500795504E-003                  6.1630907196949872E-004                  5.7221218635412083E-003                  1.2718648985637696E-003                  2.4871053158459599E-003                  4.2657666767726749E-026                  0.0000000000000000E+000                  0.0000000000000000E+000 
                                      23                  1.0499999990959505E+000                  3.0795906147628610E-001                  3.7338660055133248E+000                  6.5716011845189053E+000                  1.9659262702800091E-048                  7.3279999999999990E-001                  2.7137132103714823E-005                  2.5497286286789628E-001                  2.1025988500795504E-003                  6.1630907196949872E-004                  5.7221218635412083E-003                  1.2718648985637696E-003                  2.4871053158459599E-003                  4.4822009601914865E-026                  0.0000000000000000E+000                  0.0000000000000000E+000 
                                      24                  1.0499999989647004E+000                  3.0794760607891930E-001                  3.7426735602954766E+000                  6.2563151101351311E+000                  1.0158049091706033E-048                  7.3279999999999990E-001                  2.7137132103714853E-005                  2.5497286286789628E-001                  2.1025988500795504E-003                  6.1630907196949872E-004                  5.7221218635412083E-003                  1.2718648985637696E-003                  2.4871053158459599E-003                  4.6320341342970527E-026                  0.0000000000000000E+000                  0.0000000000000000E+000 
                                      25                  1.0499999988990754E+000                  3.0794206323584317E-001                  3.7486714871745845E+000                  6.2475913116410524E+000                  1.0364421855023347E-048                  7.3279999999999990E-001                  2.7137132103714853E-005                  2.5497286286789628E-001                  2.1025988500795504E-003                  6.1630907196949872E-004                  5.7221218635412083E-003                  1.2718648985637696E-003                  2.4871053158459599E-003                  4.7261889743596290E-026                  0.0000000000000000E+000                  0.0000000000000000E+000 
                                      26                  1.0499999988334503E+000                  3.0793663055399112E-001                  3.7556643239678298E+000                  6.3355091503587024E+000                  1.3226939081480284E-048                  7.3279999999999990E-001                  2.7137132103714853E-005                  2.5497286286789628E-001                  2.1025988500795504E-003                  6.1630907196949872E-004                  5.7221218635412083E-003                  1.2718648985637696E-003                  2.4871053158459599E-003                  4.8252529798708264E-026                  0.0000000000000000E+000                  0.0000000000000000E+000 
                                      27                  1.0499999987514193E+000                  3.0792997876975398E-001                  3.7639192549429157E+000                  6.3266701530972629E+000                  1.3499308430191326E-048                  7.3279999999999990E-001                  2.7137132103714853E-005                  2.5497286286789628E-001                  2.1025988500795504E-003                  6.1630907196949872E-004                  5.7221218635412083E-003                  1.2718648985637696E-003                  2.4871053158459599E-003                  4.9246681197404622E-026                  0.0000000000000000E+000                  0.0000000000000000E+000 
                                      28                  1.0499999986693880E+000                  3.0792346089904771E-001                  3.7727118599806300E+000                  6.3190206503201791E+000                  1.3739595434425056E-048                  7.3279999999999990E-001                  2.7137132103714853E-005                  2.5497286286789628E-001                  2.1025988500795504E-003                  6.1630907196949872E-004                  5.7221218635412083E-003                  1.2718648985637696E-003                  2.4871053158459599E-003                  5.0123744994598213E-026                  0.0000000000000000E+000                  0.0000000000000000E+000 
                                      29                  1.0499999985873569E+000                  3.0791705673129494E-001                  3.7796363880959607E+000                  6.0129831726079850E+000                  6.9496190803559655E-049                  7.3279999999999990E-001                  2.7137132103714853E-005                  2.5497286286789628E-001                  2.1025988500795504E-003                  6.1630907196949872E-004                  5.7221218635412083E-003                  1.2718648985637696E-003                  2.4871053158459599E-003                  5.0706458587375674E-026                  0.0000000000000000E+000                  0.0000000000000000E+000 
                                      30                  1.0499999985463413E+000                  3.0791389132102887E-001                  3.7843028414454705E+000                  6.0098748983884960E+000                  6.9996380537410532E-049                  7.3279999999999990E-001                  2.7137132103714853E-005                  2.5497286286789628E-001                  2.1025988500795504E-003                  6.1630907196949872E-004                  5.7221218635412083E-003                  1.2718648985637696E-003                  2.4871053158459599E-003                  5.1071610921463278E-026                  0.0000000000000000E+000                  0.0000000000000000E+000 
                                      31                  1.0499999985053257E+000                  3.0791074846210847E-001                  3.7890023749921333E+000                  6.0069380426300620E+000                  7.0472341862960491E-049                  7.3279999999999990E-001                  2.7137132103714853E-005                  2.5497286286789628E-001                  2.1025988500795504E-003                  6.1630907196949872E-004                  5.7221218635412083E-003                  1.2718648985637696E-003                  2.4871053158459599E-003                  5.1419077823243310E-026                  0.0000000000000000E+000                  0.0000000000000000E+000 
                                      32                  1.0499999984643098E+000                  3.0790762676211869E-001                  3.7937044006984921E+000                  6.0041373989887843E+000                  7.0929283158202786E-049                  7.3279999999999990E-001                  2.7137132103714853E-005                  2.5497286286789628E-001                  2.1025988500795504E-003                  6.1630907196949872E-004                  5.7221218635412083E-003                  1.2718648985637696E-003                  2.4871053158459599E-003                  5.1752661304520775E-026                  0.0000000000000000E+000                  0.0000000000000000E+000 
                                      33                  1.0499999984232942E+000                  3.0790452510610589E-001                  3.8007039676144867E+000                  6.3011542562653649E+000                  1.4317854764564042E-048                  7.3279999999999990E-001                  2.7137132103714853E-005                  2.5497286286789628E-001                  2.1025988500795504E-003                  6.1630907196949872E-004                  5.7221218635412083E-003                  1.2718648985637696E-003                  2.4871053158459599E-003                  5.2234481196510457E-026                  0.0000000000000000E+000                  0.0000000000000000E+000 
                                      34                  1.0499999983412631E+000                  3.0789837878688736E-001                  3.8098387061175321E+000                  6.2960345708182572E+000                  1.4488047426126187E-048                  7.3279999999999990E-001                  2.7137132103714853E-005                  2.5497286286789628E-001                  2.1025988500795504E-003                  6.1630907196949872E-004                  5.7221218635412083E-003                  1.2718648985637696E-003                  2.4871053158459599E-003                  5.2855724248743381E-026                  0.0000000000000000E+000                  0.0000000000000000E+000 
                                      35                  1.0499999982592318E+000                  3.0789230441275889E-001                  3.8186356002116231E+000                  6.2910405412151027E+000                  1.4656017263141280E-048                  7.3279999999999990E-001                  2.7137132103714853E-005                  2.5497286286789628E-001                  2.1025988500795504E-003                  6.1630907196949872E-004                  5.7221218635412083E-003                  1.2718648985637696E-003                  2.4871053158459599E-003                  5.3468859405587540E-026                  0.0000000000000000E+000                  0.0000000000000000E+000 
                                      36                  1.0499999981772006E+000                  3.0788629940535450E-001                  3.8270417040615738E+000                  6.2860921726924133E+000                  1.4824371108623792E-048                  7.3279999999999990E-001                  2.7137132103714853E-005                  2.5497286286789628E-001                  2.1025988500795504E-003                  6.1630907196949872E-004                  5.7221218635412083E-003                  1.2718648985637696E-003                  2.4871053158459599E-003                  5.4083402178106588E-026                  0.0000000000000000E+000                  0.0000000000000000E+000 
                                      37                  1.0499999980951693E+000                  3.0788036234929406E-001                  3.8330549500701636E+000                  5.9813308114280597E+000                  7.4762967108700072E-049                  7.3279999999999990E-001                  2.7137132103714853E-005                  2.5497286286789628E-001                  2.1025988500795504E-003                  6.1630907196949872E-004                  5.7221218635412083E-003                  1.2718648985637696E-003                  2.4871053158459599E-003                  5.4551456573040833E-026                  0.0000000000000000E+000                  0.0000000000000000E+000 
                                      38                  1.0499999980541537E+000                  3.0787741918688033E-001                  3.8369528863283859E+000                  5.9788564704753764E+000                  7.5191152034848587E-049                  7.3279999999999990E-001                  2.7137132103714853E-005                  2.5497286286789628E-001                  2.1025988500795504E-003                  6.1630907196949872E-004                  5.7221218635412083E-003                  1.2718648985637696E-003                  2.4871053158459599E-003                  5.4864062140029376E-026                  0.0000000000000000E+000                  0.0000000000000000E+000 
                                      39                  1.0499999980131380E+000                  3.0787449272532996E-001                  3.8426359887726798E+000                  6.2761906075487630E+000                  1.5167057153550693E-048                  7.3279999999999990E-001                  2.7137132103714853E-005                  2.5497286286789628E-001                  2.1025988500795504E-003                  6.1630907196949872E-004                  5.7221218635412083E-003                  1.2718648985637696E-003                  2.4871053158459599E-003                  5.5334328585416527E-026                  0.0000000000000000E+000                  0.0000000000000000E+000 
                                      40                  1.0499999979311070E+000                  3.0786868934111061E-001                  3.8498354093495819E+000                  6.2712050283419210E+000                  1.5342581651086999E-048                  7.3279999999999990E-001                  2.7137132103714853E-005                  2.5497286286789628E-001                  2.1025988500795504E-003                  6.1630907196949872E-004                  5.7221218635412083E-003                  1.2718648985637696E-003                  2.4871053158459599E-003                  5.5975064969571532E-026                  0.0000000000000000E+000                  0.0000000000000000E+000 
                                      41                  1.0499999978490757E+000                  3.0786295212095405E-001                  3.8566563083736316E+000                  6.2661899656398194E+000                  1.5521186396363441E-048                  7.3279999999999990E-001                  2.7137132103714853E-005                  2.5497286286789628E-001                  2.1025988500795504E-003                  6.1630907196949872E-004                  5.7221218635412083E-003                  1.2718648985637696E-003                  2.4871053158459599E-003                  5.6627051940752457E-026                  0.0000000000000000E+000                  0.0000000000000000E+000 
                                      42                  1.0499999977670444E+000                  3.0785728069642543E-001                  3.8631165003037182E+000                  6.2611451078072902E+000                  1.5702942840826879E-048                  7.3279999999999990E-001                  2.7137132103714853E-005                  2.5497286286789628E-001                  2.1025988500795504E-003                  6.1630907196949872E-004                  5.7221218635412083E-003                  1.2718648985637696E-003                  2.4871053158459599E-003                  5.7290550628934454E-026                  0.0000000000000000E+000                  0.0000000000000000E+000 
                                      43                  1.0499999976850132E+000                  3.0785167469843100E-001                  3.8692349432915352E+000                  6.2560726158066098E+000                  1.5887833820780672E-048                  7.3279999999999990E-001                  2.7137132103714853E-005                  2.5497286286789628E-001                  2.1025988500795504E-003                  6.1630907196949872E-004                  5.7221218635412083E-003                  1.2718648985637696E-003                  2.4871053158459599E-003                  5.7965498684234809E-026                  0.0000000000000000E+000                  0.0000000000000000E+000 
                                      44                  1.0499999976029821E+000                  3.0784613372561481E-001                  3.8750310823576761E+000                  6.2509763433644814E+000                  1.6075777201157167E-048                  7.3279999999999990E-001                  2.7137132103714853E-005                  2.5497286286789628E-001                  2.1025988500795504E-003                  6.1630907196949872E-004                  5.7221218635412083E-003                  1.2718648985637696E-003                  2.4871053158459599E-003                  5.8651596573926914E-026                  0.0000000000000000E+000                  0.0000000000000000E+000 
                                      45                  1.0499999975209509E+000                  3.0784065732442961E-001                  3.8805243711880553E+000                  6.2458610085148569E+000                  1.6266652987027202E-048                  7.3279999999999990E-001                  2.7137132103714853E-005                  2.5497286286789628E-001                  2.1025988500795504E-003                  6.1630907196949872E-004                  5.7221218635412083E-003                  1.2718648985637696E-003                  2.4871053158459599E-003                  5.9348406543652059E-026                  0.0000000000000000E+000                  0.0000000000000000E+000 
                                      46                  1.0499999974389198E+000                  3.0783524498076070E-001                  3.8857338856600450E+000                  6.2407318784689627E+000                  1.6460313152751778E-048                  7.3279999999999990E-001                  2.7137132103714853E-005                  2.5497286286789628E-001                  2.1025988500795504E-003                  6.1630907196949872E-004                  5.7221218635412083E-003                  1.2718648985637696E-003                  2.4871053158459599E-003                  6.0055388492637995E-026                  0.0000000000000000E+000                  0.0000000000000000E+000 
                                      47                  1.0499999973568885E+000                  3.0782989611601952E-001                  3.8931283272841224E+000                  6.5341301669860297E+000                  3.3505465538822918E-048                  7.3279999999999990E-001                  2.7137132103714853E-005                  2.5497286286789628E-001                  2.1025988500795504E-003                  6.1630907196949872E-004                  5.7221218635412083E-003                  1.2718648985637696E-003                  2.4871053158459599E-003                  6.1122918740131787E-026                  0.0000000000000000E+000                  0.0000000000000000E+000 
                                      48                  1.0499999971928260E+000                  3.0781938454002111E-001                  3.8998426941477264E+000                  6.2253208197129286E+000                  1.7056137437260641E-048                  7.3279999999999990E-001                  2.7137132103714853E-005                  2.5497286286789628E-001                  2.1025988500795504E-003                  6.1630907196949872E-004                  5.7221218635412083E-003                  1.2718648985637696E-003                  2.4871053158459599E-003                  6.2230569439601616E-026                  0.0000000000000000E+000                  0.0000000000000000E+000 
                                      49                  1.0499999971107947E+000                  3.0781422196561048E-001                  3.9062009729415554E+000                  6.5187244088739362E+000                  3.4717815984617615E-048                  7.3279999999999990E-001                  2.7137132103714853E-005                  2.5497286286789628E-001                  2.1025988500795504E-003                  6.1630907196949872E-004                  5.7221218635412083E-003                  1.2718648985637696E-003                  2.4871053158459599E-003                  6.3335922821924266E-026                  0.0000000000000000E+000                  0.0000000000000000E+000 
                                      50                  1.0499999969467324E+000                  3.0780407636953988E-001                  3.9139217682564271E+000                  6.5085192524134117E+000                  3.5544925580649878E-048                  7.3279999999999990E-001                  2.7137132103714853E-005                  2.5497286286789628E-001                  2.1025988500795504E-003                  6.1630907196949872E-004                  5.7221218635412083E-003                  1.2718648985637696E-003                  2.4871053158459599E-003                  6.4845755047383630E-026                  0.0000000000000000E+000                  0.0000000000000000E+000 
                                      51                  1.0499999967826699E+000                  3.0779416616908561E-001                  3.9209669670003446E+000                  6.4984026985500254E+000                  3.6384277514995323E-048                  7.3279999999999990E-001                  2.7137132103714853E-005                  2.5497286286789628E-001                  2.1025988500795504E-003                  6.1630907196949872E-004                  5.7221218635412083E-003                  1.2718648985637696E-003                  2.4871053158459599E-003                  6.6377967787373898E-026                  0.0000000000000000E+000                  0.0000000000000000E+000 
                                      52                  1.0499999966186071E+000                  3.0778448393270053E-001                  3.9258183689067914E+000                  6.1898127446735725E+000                  1.8512205302797085E-048                  7.3279999999999990E-001                  2.7137132103714853E-005                  2.5497286286789628E-001                  2.1025988500795504E-003                  6.1630907196949872E-004                  5.7221218635412083E-003                  1.2718648985637696E-003                  2.4871053158459599E-003                  6.7546534352845336E-026                  0.0000000000000000E+000                  0.0000000000000000E+000 
                                      53                  1.0499999965365761E+000                  3.0777972627768513E-001                  3.9304529850854264E+000                  6.4834441453577707E+000                  3.7661781638208261E-048                  7.3279999999999990E-001                  2.7137132103714853E-005                  2.5497286286789628E-001                  2.1025988500795504E-003                  6.1630907196949872E-004                  5.7221218635412083E-003                  1.2718648985637696E-003                  2.4871053158459599E-003                  6.8710077563451391E-026                  0.0000000000000000E+000                  0.0000000000000000E+000 
                                      54                  1.0499999963725135E+000                  3.0777037154451553E-001                  3.9361610962670337E+000                  6.4736432170667566E+000                  3.8523016821120869E-048                  7.3279999999999990E-001                  2.7137132103714853E-005                  2.5497286286789628E-001                  2.1025988500795504E-003                  6.1630907196949872E-004                  5.7221218635412083E-003                  1.2718648985637696E-003                  2.4871053158459599E-003                  7.0282322155764978E-026                  0.0000000000000000E+000                  0.0000000000000000E+000 
                                      55                  1.0499999962084510E+000                  3.0776122536488720E-001                  3.9414453732789005E+000                  6.4639931446616758E+000                  3.9390224333940275E-048                  7.3279999999999990E-001                  2.7137132103714853E-005                  2.5497286286789628E-001                  2.1025988500795504E-003                  6.1630907196949872E-004                  5.7221218635412083E-003                  1.2718648985637696E-003                  2.4871053158459599E-003                  7.1865503568822694E-026                  0.0000000000000000E+000                  0.0000000000000000E+000 
                                      56                  1.0499999960443887E+000                  3.0775227998682780E-001                  3.9463555920520776E+000                  6.4545021296993070E+000                  4.0262168930476519E-048                  7.3279999999999990E-001                  2.7137132103714853E-005                  2.5497286286789628E-001                  2.1025988500795504E-003                  6.1630907196949872E-004                  5.7221218635412083E-003                  1.2718648985637696E-003                  2.4871053158459599E-003                  7.3457366974214322E-026                  0.0000000000000000E+000                  0.0000000000000000E+000 
                                      57                  1.0499999958803259E+000                  3.0774352780092662E-001                  3.9509343045080629E+000                  6.4451756481986964E+000                  4.1137790943822657E-048                  7.3279999999999990E-001                  2.7137132103714853E-005                  2.5497286286789628E-001                  2.1025988500795504E-003                  6.1630907196949872E-004                  5.7221218635412083E-003                  1.2718648985637696E-003                  2.4871053158459599E-003                  7.5055977910521788E-026                  0.0000000000000000E+000                  0.0000000000000000E+000 
                                      58                  1.0499999957162636E+000                  3.0773496139378559E-001                  3.9552179794885487E+000                  6.4360167262460291E+000                  4.2016206904731021E-048                  7.3279999999999990E-001                  2.7137132103714853E-005                  2.5497286286789628E-001                  2.1025988500795504E-003                  6.1630907196949872E-004                  5.7221218635412083E-003                  1.2718648985637696E-003                  2.4871053158459599E-003                  7.6659723448681689E-026                  0.0000000000000000E+000                  0.0000000000000000E+000 
                                      59                  1.0499999955522010E+000                  3.0772657358991984E-001                  3.9592379908936146E+000                  6.4270264897196157E+000                  4.2896680221749673E-048                  7.3279999999999990E-001                  2.7137132103714853E-005                  2.5497286286789628E-001                  2.1025988500795504E-003                  6.1630907196949872E-004                  5.7221218635412083E-003                  1.2718648985637696E-003                  2.4871053158459599E-003                  7.8267258696410348E-026                  0.0000000000000000E+000                  0.0000000000000000E+000 
                                      60                  1.0499999953881385E+000                  3.0771835747827364E-001                  3.9630214371516090E+000                  6.4182046437797773E+000                  4.3778592690669645E-048                  7.3279999999999990E-001                  2.7137132103714853E-005                  2.5497286286789628E-001                  2.1025988500795504E-003                  6.1630907196949872E-004                  5.7221218635412083E-003                  1.2718648985637696E-003                  2.4871053158459599E-003                  7.9877454809577742E-026                  0.0000000000000000E+000                  0.0000000000000000E+000 
                                      61                  1.0499999952240759E+000                  3.0771030642649427E-001                  3.9665918068271666E+000                  6.4095499151808530E+000                  4.4661413951181919E-048                  7.3279999999999990E-001                  2.7137132103714853E-005                  2.5497286286789628E-001                  2.1025988500795504E-003                  6.1630907196949872E-004                  5.7221218635412083E-003                  1.2718648985637696E-003                  2.4871053158459599E-003                  8.1489343248514517E-026                  0.0000000000000000E+000                  0.0000000000000000E+000 
                                      62                  1.0499999950600134E+000                  3.0770241408510252E-001                  3.9716486429961049E+000                  6.6979740543846358E+000                  9.1958429679714595E-048                  7.3279999999999990E-001                  2.7137132103714853E-005                  2.5497286286789628E-001                  2.1025988500795504E-003                  6.1630907196949872E-004                  5.7221218635412083E-003                  1.2718648985637696E-003                  2.4871053158459599E-003                  8.3895494752366616E-026                  0.0000000000000000E+000                  0.0000000000000000E+000 
                                      63                  1.0499999947318883E+000                  3.0768708057389454E-001                  3.9762221481161619E+000                  6.3845714823070541E+000                  4.7310431846914863E-048                  7.3279999999999990E-001                  2.7137132103714853E-005                  2.5497286286789628E-001                  2.1025988500795504E-003                  6.1630907196949872E-004                  5.7221218635412083E-003                  1.2718648985637696E-003                  2.4871053158459599E-003                  8.6326215520603083E-026                  0.0000000000000000E+000                  0.0000000000000000E+000 
                                      64                  1.0499999945678260E+000                  3.0767962895842754E-001                  3.9791203823550094E+000                  6.3765584193073970E+000                  4.8193086639441594E-048                  7.3279999999999990E-001                  2.7137132103714853E-005                  2.5497286286789628E-001                  2.1025988500795504E-003                  6.1630907196949872E-004                  5.7221218635412083E-003                  1.2718648985637696E-003                  2.4871053158459599E-003                  8.7937929074965540E-026                  0.0000000000000000E+000                  0.0000000000000000E+000 
                                      65                  1.0499999944037635E+000                  3.0767231344593904E-001                  3.9818854192031252E+000                  6.3686970658233726E+000                  4.9075032498726288E-048                  7.3279999999999990E-001                  2.7137132103714853E-005                  2.5497286286789628E-001                  2.1025988500795504E-003                  6.1630907196949872E-004                  5.7221218635412083E-003                  1.2718648985637696E-003                  2.4871053158459599E-003                  8.9548379586119303E-026                  0.0000000000000000E+000                  0.0000000000000000E+000 
                                      66                  1.0499999942397009E+000                  3.0766512904348542E-001                  3.9858434220911474E+000                  6.6582565925752082E+000                  1.0078182985734439E-047                  7.3279999999999990E-001                  2.7137132103714853E-005                  2.5497286286789628E-001                  2.1025988500795504E-003                  6.1630907196949872E-004                  5.7221218635412083E-003                  1.2718648985637696E-003                  2.4871053158459599E-003                  9.1951264663781451E-026                  0.0000000000000000E+000                  0.0000000000000000E+000 
                                      67                  1.0499999939115758E+000                  3.0765113443449554E-001                  3.9906947973477482E+000                  6.6433945475839931E+000                  1.0429699680792574E-047                  7.3279999999999990E-001                  2.7137132103714853E-005                  2.5497286286789628E-001                  2.1025988500795504E-003                  6.1630907196949872E-004                  5.7221218635412083E-003                  1.2718648985637696E-003                  2.4871053158459599E-003                  9.5160830574800937E-026                  0.0000000000000000E+000                  0.0000000000000000E+000 
                                      68                  1.0499999935834510E+000                  3.0763761020651353E-001                  3.9951738106248285E+000                  6.6290688289889346E+000                  1.0780133319019280E-047                  7.3279999999999990E-001                  2.7137132103714853E-005                  2.5497286286789628E-001                  2.1025988500795504E-003                  6.1630907196949872E-004                  5.7221218635412083E-003                  1.2718648985637696E-003                  2.4871053158459599E-003                  9.8360626969908928E-026                  0.0000000000000000E+000                  0.0000000000000000E+000 
                                      69                  1.0499999932553257E+000                  3.0762452441280375E-001                  3.9982949882071055E+000                  6.3175969524987945E+000                  5.5214798368354621E-048                  7.3279999999999990E-001                  2.7137132103714853E-005                  2.5497286286789628E-001                  2.1025988500795504E-003                  6.1630907196949872E-004                  5.7221218635412083E-003                  1.2718648985637696E-003                  2.4871053158459599E-003                  1.0076056163551342E-025                  0.0000000000000000E+000                  0.0000000000000000E+000 
                                      70                  1.0499999930912634E+000                  3.0761813680960320E-001                  4.0003006228104434E+000                  6.3108085775144049E+000                  5.6086267863902848E-048                  7.3279999999999990E-001                  2.7137132103714853E-005                  2.5497286286789628E-001                  2.1025988500795504E-003                  6.1630907196949872E-004                  5.7221218635412083E-003                  1.2718648985637696E-003                  2.4871053158459599E-003                  1.0235211980278813E-025                  0.0000000000000000E+000                  0.0000000000000000E+000 
                                      71                  1.0499999929272008E+000                  3.0761184818177839E-001                  4.0032038661227327E+000                  6.6019018053564249E+000                  1.1477356901703994E-047                  7.3279999999999990E-001                  2.7137132103714853E-005                  2.5497286286789628E-001                  2.1025988500795504E-003                  6.1630907196949872E-004                  5.7221218635412083E-003                  1.2718648985637696E-003                  2.4871053158459599E-003                  1.0472729636723551E-025                  0.0000000000000000E+000                  0.0000000000000000E+000 
                                      72                  1.0499999925990757E+000                  3.0759955516677678E-001                  4.0068318101492464E+000                  6.5890057488611102E+000                  1.1823938714163386E-047                  7.3279999999999990E-001                  2.7137132103714853E-005                  2.5497286286789628E-001                  2.1025988500795504E-003                  6.1630907196949872E-004                  5.7221218635412083E-003                  1.2718648985637696E-003                  2.4871053158459599E-003                  1.0789226268422229E-025                  0.0000000000000000E+000                  0.0000000000000000E+000 
                                      73                  1.0499999922709506E+000                  3.0758762148456897E-001                  4.0102406620942048E+000                  6.5765317656323736E+000                  1.2169134270936574E-047                  7.3279999999999990E-001                  2.7137132103714853E-005                  2.5497286286789628E-001                  2.1025988500795504E-003                  6.1630907196949872E-004                  5.7221218635412083E-003                  1.2718648985637696E-003                  2.4871053158459599E-003                  1.1104467865152143E-025                  0.0000000000000000E+000                  0.0000000000000000E+000 
                                      74                  1.0499999919428256E+000                  3.0757602537660517E-001                  4.0134543128519873E+000                  6.5644555082281437E+000                  1.2512924235737222E-047                  7.3279999999999990E-001                  2.7137132103714853E-005                  2.5497286286789628E-001                  2.1025988500795504E-003                  6.1630907196949872E-004                  5.7221218635412083E-003                  1.2718648985637696E-003                  2.4871053158459599E-003                  1.1418436481063035E-025                  0.0000000000000000E+000                  0.0000000000000000E+000 
                                      75                  1.0499999916147007E+000                  3.0756474697824754E-001                  4.0164930651547284E+000                  6.5527543231630299E+000                  1.2855301218126129E-047                  7.3279999999999990E-001                  2.7137132103714853E-005                  2.5497286286789628E-001                  2.1025988500795504E-003                  6.1630907196949872E-004                  5.7221218635412083E-003                  1.2718648985637696E-003                  2.4871053158459599E-003                  1.1731125088829567E-025                  0.0000000000000000E+000                  0.0000000000000000E+000 
                                      76                  1.0499999912865756E+000                  3.0755376811505070E-001                  4.0193743025114834E+000                  6.5414071732954655E+000                  1.3196266632460681E-047                  7.3279999999999990E-001                  2.7137132103714853E-005                  2.5497286286789628E-001                  2.1025988500795504E-003                  6.1630907196949872E-004                  5.7221218635412083E-003                  1.2718648985637696E-003                  2.4871053158459599E-003                  1.2042534711977716E-025                  0.0000000000000000E+000                  0.0000000000000000E+000 
                                      77                  1.0499999909584505E+000                  3.0754307212325560E-001                  4.0221130118396999E+000                  6.5303945375807100E+000                  1.3535828468261290E-047                  7.3279999999999990E-001                  2.7137132103714853E-005                  2.5497286286789628E-001                  2.1025988500795504E-003                  6.1630907196949872E-004                  5.7221218635412083E-003                  1.2718648985637696E-003                  2.4871053158459599E-003                  1.2352672389087001E-025                  0.0000000000000000E+000                  0.0000000000000000E+000 
                                      78                  1.0499999906303257E+000                  3.0753264369187999E-001                  4.0247221948500558E+000                  6.5196982872015292E+000                  1.3874000182385152E-047                  7.3279999999999990E-001                  2.7137132103714853E-005                  2.5497286286789628E-001                  2.1025988500795504E-003                  6.1630907196949872E-004                  5.7221218635412083E-003                  1.2718648985637696E-003                  2.4871053158459599E-003                  1.2661550162250988E-025                  0.0000000000000000E+000                  0.0000000000000000E+000 
                                      79                  1.0499999903022004E+000                  3.0752246872418759E-001                  4.0272131954820951E+000                  6.5093015994796479E+000                  1.4210798883468923E-047                  7.3279999999999990E-001                  2.7137132103714853E-005                  2.5497286286789628E-001                  2.1025988500795504E-003                  6.1630907196949872E-004                  5.7221218635412083E-003                  1.2718648985637696E-003                  2.4871053158459599E-003                  1.2969183418904866E-025                  0.0000000000000000E+000                  0.0000000000000000E+000 
                                      80                  1.0499999899740755E+000                  3.0751253421522429E-001                  4.0295959644441917E+000                  6.4991888643994944E+000                  1.4546244019306189E-047                  7.3279999999999990E-001                  2.7137132103714853E-005                  2.5497286286789628E-001                  2.1025988500795504E-003                  6.1630907196949872E-004                  5.7221218635412083E-003                  1.2718648985637696E-003                  2.4871053158459599E-003                  1.3275589692768560E-025                  0.0000000000000000E+000                  0.0000000000000000E+000 
                                      81                  1.0499999896459504E+000                  3.0750282814361424E-001                  4.0330164692656556E+000                  6.7855939709554614E+000                  3.0090834310724638E-047                  7.3279999999999990E-001                  2.7137132103714853E-005                  2.5497286286789628E-001                  2.1025988500795504E-003                  6.1630907196949872E-004                  5.7221218635412083E-003                  1.2718648985637696E-003                  2.4871053158459599E-003                  1.3731567412794923E-025                  0.0000000000000000E+000                  0.0000000000000000E+000 
                                      82                  1.0499999889897005E+000                  3.0748405820571756E-001                  4.0372301734723601E+000                  6.7669017155742175E+000                  3.1416893131302374E-047                  7.3279999999999990E-001                  2.7137132103714853E-005                  2.5497286286789628E-001                  2.1025988500795504E-003                  6.1630907196949872E-004                  5.7221218635412083E-003                  1.2718648985637696E-003                  2.4871053158459599E-003                  1.4337253329794877E-025                  0.0000000000000000E+000                  0.0000000000000000E+000 
                                      83                  1.0499999883334503E+000                  3.0746607823602823E-001                  4.0417511360777008E+000                  6.8650118694768194E+000                  4.3276658421620356E-047                  7.3279999999999990E-001                  2.7137132103714853E-005                  2.5497286286789628E-001                  2.1025988500795504E-003                  6.1630907196949872E-004                  5.7221218635412083E-003                  1.2718648985637696E-003                  2.4871053158459599E-003                  1.5031255007521140E-025                  0.0000000000000000E+000                  0.0000000000000000E+000 
                                      84                  1.0499999874711683E+000                  3.0744354002877233E-001                  4.0452752046075604E+000                  6.5473319847822395E+000                  2.2485730292069403E-047                  7.3279999999999990E-001                  2.7137132103714853E-005                  2.5497286286789628E-001                  2.1025988500795504E-003                  6.1630907196949872E-004                  5.7221218635412083E-003                  1.2718648985637696E-003                  2.4871053158459599E-003                  1.5620473147937241E-025                  0.0000000000000000E+000                  0.0000000000000000E+000 
                                      85                  1.0499999870400272E+000                  3.0743269436403048E-001                  4.0475237082397628E+000                  6.5366704960278428E+000                  2.3045700550716147E-047                  7.3279999999999990E-001                  2.7137132103714853E-005                  2.5497286286789628E-001                  2.1025988500795504E-003                  6.1630907196949872E-004                  5.7221218635412083E-003                  1.2718648985637696E-003                  2.4871053158459599E-003                  1.6009851101006633E-025                  0.0000000000000000E+000                  0.0000000000000000E+000 
                                      86                  1.0499999866088860E+000                  3.0742211144676213E-001                  4.0496822222294204E+000                  6.5263117772663204E+000                  2.3603127368762697E-047                  7.3279999999999990E-001                  2.7137132103714853E-005                  2.5497286286789628E-001                  2.1025988500795504E-003                  6.1630907196949872E-004                  5.7221218635412083E-003                  1.2718648985637696E-003                  2.4871053158459599E-003                  1.6397473939469523E-025                  0.0000000000000000E+000                  0.0000000000000000E+000 
                                      87                  1.0499999861777449E+000                  3.0741177771603595E-001                  4.0527915605741605E+000                  6.8123744877158972E+000                  4.8864913276612033E-047                  7.3279999999999990E-001                  2.7137132103714853E-005                  2.5497286286789628E-001                  2.1025988500795504E-003                  6.1630907196949872E-004                  5.7221218635412083E-003                  1.2718648985637696E-003                  2.4871053158459599E-003                  1.6974196542569412E-025                  0.0000000000000000E+000                  0.0000000000000000E+000 
                                      88                  1.0499999853154629E+000                  3.0739180969608548E-001                  4.0566449312066171E+000                  6.7932819236443969E+000                  5.1065639439906412E-047                  7.3279999999999990E-001                  2.7137132103714853E-005                  2.5497286286789628E-001                  2.1025988500795504E-003                  6.1630907196949872E-004                  5.7221218635412083E-003                  1.2718648985637696E-003                  2.4871053158459599E-003                  1.7739442887924923E-025                  0.0000000000000000E+000                  0.0000000000000000E+000 
                                      89                  1.0499999844531807E+000                  3.0737269963932984E-001                  4.0602403107052645E+000                  6.7751430951168077E+000                  5.3248213580412379E-047                  7.3279999999999990E-001                  2.7137132103714853E-005                  2.5497286286789628E-001                  2.1025988500795504E-003                  6.1630907196949872E-004                  5.7221218635412083E-003                  1.2718648985637696E-003                  2.4871053158459599E-003                  1.8498426482699323E-025                  0.0000000000000000E+000                  0.0000000000000000E+000 
                                      90                  1.0499999835908986E+000                  3.0735437050863451E-001                  4.0636098403019423E+000                  6.7578684198560781E+000                  5.5413510215013268E-047                  7.3279999999999990E-001                  2.7137132103714853E-005                  2.5497286286789628E-001                  2.1025988500795504E-003                  6.1630907196949872E-004                  5.7221218635412083E-003                  1.2718648985637696E-003                  2.4871053158459599E-003                  1.9251449232955675E-025                  0.0000000000000000E+000                  0.0000000000000000E+000 
                                      91                  1.0499999827286164E+000                  3.0733675540653266E-001                  4.0663850523834606E+000                  6.6184478445707366E+000                  4.2972355266492411E-047                  7.3279999999999990E-001                  2.7137132103714853E-005                  2.5497286286789628E-001                  2.1025988500795504E-003                  6.1630907196949872E-004                  5.7221218635412083E-003                  1.2718648985637696E-003                  2.4871053158459599E-003                  1.9906322909385479E-025                  0.0000000000000000E+000                  0.0000000000000000E+000 
                                      92                  1.0499999820819048E+000                  3.0732397690920904E-001                  4.0686616819030714E+000                  6.6064912986878657E+000                  4.4174425871753939E-047                  7.3279999999999990E-001                  2.7137132103714853E-005                  2.5497286286789628E-001                  2.1025988500795504E-003                  6.1630907196949872E-004                  5.7221218635412083E-003                  1.2718648985637696E-003                  2.4871053158459599E-003                  2.0463772327111572E-025                  0.0000000000000000E+000                  0.0000000000000000E+000 
                                      93                  1.0499999814351932E+000                  3.0731154505679742E-001                  4.0712083851649155E+000                  6.7179744189746060E+000                  6.0756642927085115E-047                  7.3279999999999990E-001                  2.7137132103714853E-005                  2.5497286286789628E-001                  2.1025988500795504E-003                  6.1630907196949872E-004                  5.7221218635412083E-003                  1.2718648985637696E-003                  2.4871053158459599E-003                  2.1109820348727578E-025                  0.0000000000000000E+000                  0.0000000000000000E+000 
                                      94                  1.0499999805729112E+000                  3.0729547441514599E-001                  4.0739699498953348E+000                  6.7031729719275628E+000                  6.2867591058264630E-047                  7.3279999999999990E-001                  2.7137132103714853E-005                  2.5497286286789628E-001                  2.1025988500795504E-003                  6.1630907196949872E-004                  5.7221218635412083E-003                  1.2718648985637696E-003                  2.4871053158459599E-003                  2.1844094514557504E-025                  0.0000000000000000E+000                  0.0000000000000000E+000 
                                      95                  1.0499999797106290E+000                  3.0727994169306194E-001                  4.0765960605767004E+000                  6.6889542098846384E+000                  6.4964507036782688E-047                  7.3279999999999990E-001                  2.7137132103714853E-005                  2.5497286286789628E-001                  2.1025988500795504E-003                  6.1630907196949872E-004                  5.7221218635412083E-003                  1.2718648985637696E-003                  2.4871053158459599E-003                  2.2573528533074892E-025                  0.0000000000000000E+000                  0.0000000000000000E+000 
                                      96                  1.0499999788483469E+000                  3.0726490874722967E-001                  4.0790993874074788E+000                  6.6752743717534635E+000                  6.7047962639157476E-047                  7.3279999999999990E-001                  2.7137132103714853E-005                  2.5497286286789628E-001                  2.1025988500795504E-003                  6.1630907196949872E-004                  5.7221218635412083E-003                  1.2718648985637696E-003                  2.4871053158459599E-003                  2.3298319839921877E-025                  0.0000000000000000E+000                  0.0000000000000000E+000 
                                      97                  1.0499999779860647E+000                  3.0725034144755270E-001                  4.0820867358990123E+000                  6.8349881115751163E+000                  1.0444555794596159E-046                  7.3279999999999990E-001                  2.7137132103714853E-005                  2.5497286286789628E-001                  2.1025988500795504E-003                  6.1630907196949872E-004                  5.7221218635412083E-003                  1.2718648985637696E-003                  2.4871053158459599E-003                  2.4196740748938091E-025                  0.0000000000000000E+000                  0.0000000000000000E+000 
                                      98                  1.0499999766926416E+000                  3.0722929830488560E-001                  4.0854488289071540E+000                  6.8162428883264745E+000                  1.0906273784905641E-046                  7.3279999999999990E-001                  2.7137132103714853E-005                  2.5497286286789628E-001                  2.1025988500795504E-003                  6.1630907196949872E-004                  5.7221218635412083E-003                  1.2718648985637696E-003                  2.4871053158459599E-003                  2.5267695953514338E-025                  0.0000000000000000E+000                  0.0000000000000000E+000 
                                      99                  1.0499999753992184E+000                  3.0720914315763015E-001                  4.0880867780091741E+000                  6.6252240212688651E+000                  7.5256823499938370E-047                  7.3279999999999990E-001                  2.7137132103714853E-005                  2.5497286286789628E-001                  2.1025988500795504E-003                  6.1630907196949872E-004                  5.7221218635412083E-003                  1.2718648985637696E-003                  2.4871053158459599E-003                  2.6154386185607060E-025                  0.0000000000000000E+000                  0.0000000000000000E+000 
                                     100                  1.0499999745369362E+000                  3.0719615989992022E-001                  4.0909876736796926E+000                  6.8788832221588994E+000                  1.4549792695451398E-046                  7.3279999999999990E-001                  2.7137132103714853E-005                  2.5497286286789628E-001                  2.1025988500795504E-003                  6.1630907196949872E-004                  5.7221218635412083E-003                  1.2718648985637696E-003                  2.4871053158459599E-003                  2.7158682813567508E-025                  0.0000000000000000E+000                  0.0000000000000000E+000 
                                     101                  1.0499999729314140E+000                  3.0717287571647439E-001                  4.0945174510159896E+000                  6.8586719877197133E+000                  1.5244512853797880E-046                  7.3279999999999990E-001                  2.7137132103714853E-005                  2.5497286286789628E-001                  2.1025988500795504E-003                  6.1630907196949872E-004                  5.7221218635412083E-003                  1.2718648985637696E-003                  2.4871053158459599E-003                  2.8457122367118827E-025                  0.0000000000000000E+000                  0.0000000000000000E+000 
                                     102                  1.0499999713258918E+000                  3.0715064914209572E-001                  4.0978295606904558E+000                  6.8395363317028846E+000                  1.5932821954124597E-046                  7.3279999999999990E-001                  2.7137132103714853E-005                  2.5497286286789628E-001                  2.1025988500795504E-003                  6.1630907196949872E-004                  5.7221218635412083E-003                  1.2718648985637696E-003                  2.4871053158459599E-003                  2.9743690716498384E-025                  0.0000000000000000E+000                  0.0000000000000000E+000 
                                     103                  1.0499999697203695E+000                  3.0712937957624675E-001                  4.1009494964208439E+000                  6.8213681941671069E+000                  1.6615082776255813E-046                  7.3279999999999990E-001                  2.7137132103714853E-005                  2.5497286286789628E-001                  2.1025988500795504E-003                  6.1630907196949872E-004                  5.7221218635412083E-003                  1.2718648985637696E-003                  2.4871053158459599E-003                  3.1019060542149610E-025                  0.0000000000000000E+000                  0.0000000000000000E+000 
                                     104                  1.0499999681148473E+000                  3.0710898046144630E-001                  4.1031631639675572E+000                  6.5072679975705654E+000                  8.5619563870962260E-047                  7.3279999999999990E-001                  2.7137132103714853E-005                  2.5497286286789628E-001                  2.1025988500795504E-003                  6.1630907196949872E-004                  5.7221218635412083E-003                  1.2718648985637696E-003                  2.4871053158459599E-003                  3.1970298977497283E-025                  0.0000000000000000E+000                  0.0000000000000000E+000 
                                     105                  1.0499999673120863E+000                  3.0709908294404908E-001                  4.1053142712894273E+000                  6.7957301291496481E+000                  1.7627876513844613E-046                  7.3279999999999990E-001                  2.7137132103714853E-005                  2.5497286286789628E-001                  2.1025988500795504E-003                  6.1630907196949872E-004                  5.7221218635412083E-003                  1.2718648985637696E-003                  2.4871053158459599E-003                  3.2912496304978504E-025                  0.0000000000000000E+000                  0.0000000000000000E+000 
                                     106                  1.0499999657065642E+000                  3.0707985189526155E-001                  4.1080397309760395E+000                  6.7796021973510578E+000                  1.8296401971221913E-046                  7.3279999999999990E-001                  2.7137132103714853E-005                  2.5497286286789628E-001                  2.1025988500795504E-003                  6.1630907196949872E-004                  5.7221218635412083E-003                  1.2718648985637696E-003                  2.4871053158459599E-003                  3.4162438762659784E-025                  0.0000000000000000E+000                  0.0000000000000000E+000 
                                     107                  1.0499999641010418E+000                  3.0706132110593082E-001                  4.1099871012376541E+000                  6.4669168439361222E+000                  9.3976357209831510E-047                  7.3279999999999990E-001                  2.7137132103714853E-005                  2.5497286286789628E-001                  2.1025988500795504E-003                  6.1630907196949872E-004                  5.7221218635412083E-003                  1.2718648985637696E-003                  2.4871053158459599E-003                  3.5095237399241374E-025                  0.0000000000000000E+000                  0.0000000000000000E+000 
                                     108                  1.0499999632982808E+000                  3.0705230077769929E-001                  4.1118860404752526E+000                  6.7566924041022451E+000                  1.9289884957314961E-046                  7.3279999999999990E-001                  2.7137132103714853E-005                  2.5497286286789628E-001                  2.1025988500795504E-003                  6.1630907196949872E-004                  5.7221218635412083E-003                  1.2718648985637696E-003                  2.4871053158459599E-003                  3.6020129737395884E-025                  0.0000000000000000E+000                  0.0000000000000000E+000 
                                     109                  1.0499999616927587E+000                  3.0703472108815999E-001                  4.1143064846988464E+000                  6.7421940298478971E+000                  1.9946311390196719E-046                  7.3279999999999990E-001                  2.7137132103714853E-005                  2.5497286286789628E-001                  2.1025988500795504E-003                  6.1630907196949872E-004                  5.7221218635412083E-003                  1.2718648985637696E-003                  2.4871053158459599E-003                  3.7247678984954811E-025                  0.0000000000000000E+000                  0.0000000000000000E+000 
                                     110                  1.0499999600872365E+000                  3.0701771790949622E-001                  4.1177772921893361E+000                  7.0225764246597899E+000                  4.1839802236587854E-046                  7.3279999999999990E-001                  2.7137132103714853E-005                  2.5497286286789628E-001                  2.1025988500795504E-003                  6.1630907196949872E-004                  5.7221218635412083E-003                  1.2718648985637696E-003                  2.4871053158459599E-003                  3.9068500225281940E-025                  0.0000000000000000E+000                  0.0000000000000000E+000 
                                     111                  1.0499999568761922E+000                  3.0698528863526647E-001                  4.1209834232453835E+000                  6.7019226159357723E+000                  2.1889274600632003E-046                  7.3279999999999990E-001                  2.7137132103714853E-005                  2.5497286286789628E-001                  2.1025988500795504E-003                  6.1630907196949872E-004                  5.7221218635412083E-003                  1.2718648985637696E-003                  2.4871053158459599E-003                  4.0881623518660313E-025                  0.0000000000000000E+000                  0.0000000000000000E+000 
                                     112                  1.0499999552706700E+000                  3.0696978950298853E-001                  4.1230376588409383E+000                  6.6894442787219379E+000                  2.2528914486533787E-046                  7.3279999999999990E-001                  2.7137132103714853E-005                  2.5497286286789628E-001                  2.1025988500795504E-003                  6.1630907196949872E-004                  5.7221218635412083E-003                  1.2718648985637696E-003                  2.4871053158459599E-003                  4.2078110960113726E-025                  0.0000000000000000E+000                  0.0000000000000000E+000 
                                     113                  1.0499999536651479E+000                  3.0695472883178038E-001                  4.1255107688787573E+000                  6.8505430240462193E+000                  3.4983312145934595E-046                  7.3279999999999990E-001                  2.7137132103714853E-005                  2.5497286286789628E-001                  2.1025988500795504E-003                  6.1630907196949872E-004                  5.7221218635412083E-003                  1.2718648985637696E-003                  2.4871053158459599E-003                  4.3562126314812007E-025                  0.0000000000000000E+000                  0.0000000000000000E+000 
                                     114                  1.0499999512568645E+000                  3.0693290346676227E-001                  4.1283270009688646E+000                  6.8333237495945092E+000                  3.6401812048931900E-046                  7.3279999999999990E-001                  2.7137132103714853E-005                  2.5497286286789628E-001                  2.1025988500795504E-003                  6.1630907196949872E-004                  5.7221218635412083E-003                  1.2718648985637696E-003                  2.4871053158459599E-003                  4.5331340637553278E-025                  0.0000000000000000E+000                  0.0000000000000000E+000 
                                     115                  1.0499999488485812E+000                  3.0691192548792195E-001                  4.1305680046979809E+000                  6.6472536913751741E+000                  2.5275278214987927E-046                  7.3279999999999990E-001                  2.7137132103714853E-005                  2.5497286286789628E-001                  2.1025988500795504E-003                  6.1630907196949872E-004                  5.7221218635412083E-003                  1.2718648985637696E-003                  2.4871053158459599E-003                  4.6801498231484990E-025                  0.0000000000000000E+000                  0.0000000000000000E+000 
                                     116                  1.0499999472288548E+000                  3.0689825730104847E-001                  4.1323120598702330E+000                  6.6365370180256313E+000                  2.5908342029723696E-046                  7.3279999999999990E-001                  2.7137132103714853E-005                  2.5497286286789628E-001                  2.1025988500795504E-003                  6.1630907196949872E-004                  5.7221218635412083E-003                  1.2718648985637696E-003                  2.4871053158459599E-003                  4.7975669457826638E-025                  0.0000000000000000E+000                  0.0000000000000000E+000 
                                     117                  1.0499999456091285E+000                  3.0688492184917571E-001                  4.1348450885527690E+000                  6.9221022687882430E+000                  5.3699894990164295E-046                  7.3279999999999990E-001                  2.7137132103714853E-005                  2.5497286286789628E-001                  2.1025988500795504E-003                  6.1630907196949872E-004                  5.7221218635412083E-003                  1.2718648985637696E-003                  2.4871053158459599E-003                  4.9722236748715574E-025                  0.0000000000000000E+000                  0.0000000000000000E+000 
                                     118                  1.0499999423696755E+000                  3.0685918279853497E-001                  4.1380299105194558E+000                  6.9024329922210530E+000                  5.6194401855808914E-046                  7.3279999999999990E-001                  2.7137132103714853E-005                  2.5497286286789628E-001                  2.1025988500795504E-003                  6.1630907196949872E-004                  5.7221218635412083E-003                  1.2718648985637696E-003                  2.4871053158459599E-003                  5.2035980740827682E-025                  0.0000000000000000E+000                  0.0000000000000000E+000 
                                     119                  1.0499999391302226E+000                  3.0683458204456432E-001                  4.1402900647461269E+000                  6.5873058817039700E+000                  2.9026634287796200E-046                  7.3279999999999990E-001                  2.7137132103714853E-005                  2.5497286286789628E-001                  2.1025988500795504E-003                  6.1630907196949872E-004                  5.7221218635412083E-003                  1.2718648985637696E-003                  2.4871053158459599E-003                  5.3760317197535075E-025                  0.0000000000000000E+000                  0.0000000000000000E+000 
                                     120                  1.0499999375104960E+000                  3.0682267402439412E-001                  4.1424865046755226E+000                  6.8748217773689930E+000                  5.9892959275196677E-046                  7.3279999999999990E-001                  2.7137132103714853E-005                  2.5497286286789628E-001                  2.1025988500795504E-003                  6.1630907196949872E-004                  5.7221218635412083E-003                  1.2718648985637696E-003                  2.4871053158459599E-003                  5.5467006891679748E-025                  0.0000000000000000E+000                  0.0000000000000000E+000 
                                     121                  1.0499999342710431E+000                  3.0679958673456847E-001                  4.1452701345535141E+000                  6.8575344125394588E+000                  6.2331619593424314E-046                  7.3279999999999990E-001                  2.7137132103714853E-005                  2.5497286286789628E-001                  2.1025988500795504E-003                  6.1630907196949872E-004                  5.7221218635412083E-003                  1.2718648985637696E-003                  2.4871053158459599E-003                  5.7729576632691220E-025                  0.0000000000000000E+000                  0.0000000000000000E+000 
                                     122                  1.0499999310315900E+000                  3.0677739924187170E-001                  4.1479208009360944E+000                  6.8410462362621569E+000                  6.4750054349472303E-046                  7.3279999999999990E-001                  2.7137132103714853E-005                  2.5497286286789628E-001                  2.1025988500795504E-003                  6.1630907196949872E-004                  5.7221218635412083E-003                  1.2718648985637696E-003                  2.4871053158459599E-003                  5.9973616809042031E-025                  0.0000000000000000E+000                  0.0000000000000000E+000 
                                     123                  1.0499999277921372E+000                  3.0675603724604344E-001                  4.1498197811331954E+000                  6.5281140996182279E+000                  3.3276990099069014E-046                  7.3279999999999990E-001                  2.7137132103714853E-005                  2.5497286286789628E-001                  2.1025988500795504E-003                  6.1630907196949872E-004                  5.7221218635412083E-003                  1.2718648985637696E-003                  2.4871053158459599E-003                  6.1647610680545403E-025                  0.0000000000000000E+000                  0.0000000000000000E+000 
                                     124                  1.0499999261724107E+000                  3.0674564461362946E-001                  4.1516739437391221E+000                  6.8176605498253400E+000                  6.8342083476754660E-046                  7.3279999999999990E-001                  2.7137132103714853E-005                  2.5497286286789628E-001                  2.1025988500795504E-003                  6.1630907196949872E-004                  5.7221218635412083E-003                  1.2718648985637696E-003                  2.4871053158459599E-003                  6.3307046219106733E-025                  0.0000000000000000E+000                  0.0000000000000000E+000 
                                     125                  1.0499999229329575E+000                  3.0672540103285467E-001                  4.1540533911890369E+000                  6.8066430756243284E+000                  7.1350320725717793E-046                  7.3279999999999990E-001                  2.7137132103714853E-005                  2.5497286286789628E-001                  2.1025988500795504E-003                  6.1630907196949872E-004                  5.7221218635412083E-003                  1.2718648985637696E-003                  2.4871053158459599E-003                  6.5518357606449136E-025                  0.0000000000000000E+000                  0.0000000000000000E+000 
                                     126                  1.0499999196648466E+000                  3.0670566363701146E-001                  4.1563454722662101E+000                  6.7923324541541401E+000                  7.3747174726421561E-046                  7.3279999999999990E-001                  2.7137132103714853E-005                  2.5497286286789628E-001                  2.1025988500795504E-003                  6.1630907196949872E-004                  5.7221218635412083E-003                  1.2718648985637696E-003                  2.4871053158459599E-003                  6.7723635913451944E-025                  0.0000000000000000E+000                  0.0000000000000000E+000 
                                     127                  1.0499999163967355E+000                  3.0668656516389609E-001                  4.1585475842422435E+000                  6.7785749162219213E+000                  7.6127317558778523E-046                  7.3279999999999990E-001                  2.7137132103714853E-005                  2.5497286286789628E-001                  2.1025988500795504E-003                  6.1630907196949872E-004                  5.7221218635412083E-003                  1.2718648985637696E-003                  2.4871053158459599E-003                  6.9913745357963454E-025                  0.0000000000000000E+000                  0.0000000000000000E+000 
                                     128                  1.0499999131286244E+000                  3.0666806140713448E-001                  4.1611948634088511E+000                  6.9382057844977609E+000                  1.1861439696214209E-045                  7.3279999999999990E-001                  2.7137132103714853E-005                  2.5497286286789628E-001                  2.1025988500795504E-003                  6.1630907196949872E-004                  5.7221218635412083E-003                  1.2718648985637696E-003                  2.4871053158459599E-003                  7.2627525707727092E-025                  0.0000000000000000E+000                  0.0000000000000000E+000 
                                     129                  1.0499999082264579E+000                  3.0664133667300503E-001                  4.1647033555149617E+000                  7.0413083098169489E+000                  1.6633091075990044E-045                  7.3279999999999990E-001                  2.7137132103714853E-005                  2.5497286286789628E-001                  2.1025988500795504E-003                  6.1630907196949872E-004                  5.7221218635412083E-003                  1.2718648985637696E-003                  2.4871053158459599E-003                  7.6391123437030403E-025                  0.0000000000000000E+000                  0.0000000000000000E+000 
                                     130                  1.0499999016902359E+000                  3.0660744865064465E-001                  4.1679832853393286E+000                  6.8957508956168434E+000                  1.3083111244110724E-045                  7.3279999999999990E-001                  2.7137132103714853E-005                  2.5497286286789628E-001                  2.1025988500795504E-003                  6.1630907196949872E-004                  5.7221218635412083E-003                  1.2718648985637696E-003                  2.4871053158459599E-003                  8.0124080997784385E-025                  0.0000000000000000E+000                  0.0000000000000000E+000 
                                     131                  1.0499998967880693E+000                  3.0658320947339762E-001                  4.1706784974640705E+000                  6.8846343810572055E+000                  1.3783460098123570E-045                  7.3279999999999990E-001                  2.7137132103714853E-005                  2.5497286286789628E-001                  2.1025988500795504E-003                  6.1630907196949872E-004                  5.7221218635412083E-003                  1.2718648985637696E-003                  2.4871053158459599E-003                  8.3311523174293181E-025                  0.0000000000000000E+000                  0.0000000000000000E+000 
                                     132                  1.0499998918206650E+000                  3.0655958156418706E-001                  4.1732682975265432E+000                  6.8684359933659298E+000                  1.4308794056823162E-045                  7.3279999999999990E-001                  2.7137132103714853E-005                  2.5497286286789628E-001                  2.1025988500795504E-003                  6.1630907196949872E-004                  5.7221218635412083E-003                  1.2718648985637696E-003                  2.4871053158459599E-003                  8.6493866180694541E-025                  0.0000000000000000E+000                  0.0000000000000000E+000 
                                     133                  1.0499998868532612E+000                  3.0653681748426292E-001                  4.1761574055667845E+000                  6.9753837702343171E+000                  1.9887702531237504E-045                  7.3279999999999990E-001                  2.7137132103714853E-005                  2.5497286286789628E-001                  2.1025988500795504E-003                  6.1630907196949872E-004                  5.7221218635412083E-003                  1.2718648985637696E-003                  2.4871053158459599E-003                  9.0171295046151462E-025                  0.0000000000000000E+000                  0.0000000000000000E+000 
                                     134                  1.0499998802300556E+000                  3.0650769530829675E-001                  4.1792809318343762E+000                  6.9558629262478018E+000                  2.0804746366712597E-045                  7.3279999999999990E-001                  2.7137132103714853E-005                  2.5497286286789628E-001                  2.1025988500795504E-003                  6.1630907196949872E-004                  5.7221218635412083E-003                  1.2718648985637696E-003                  2.4871053158459599E-003                  9.4338859397161476E-025                  0.0000000000000000E+000                  0.0000000000000000E+000 
                                     135                  1.0499998736068503E+000                  3.0647985131882960E-001                  4.1822437546873097E+000                  6.9373615042118484E+000                  2.1712927190726230E-045                  7.3279999999999990E-001                  2.7137132103714853E-005                  2.5497286286789628E-001                  2.1025988500795504E-003                  6.1630907196949872E-004                  5.7221218635412083E-003                  1.2718648985637696E-003                  2.4871053158459599E-003                  9.8466765346658511E-025                  0.0000000000000000E+000                  0.0000000000000000E+000 
                                     136                  1.0499998669836450E+000                  3.0645316692737973E-001                  4.1843592526986342E+000                  6.6230411498845019E+000                  1.1194852209377655E-045                  7.3279999999999990E-001                  2.7137132103714853E-005                  2.5497286286789628E-001                  2.1025988500795504E-003                  6.1630907196949872E-004                  5.7221218635412083E-003                  1.2718648985637696E-003                  2.4871053158459599E-003                  1.0154327818650137E-024                  0.0000000000000000E+000                  0.0000000000000000E+000 
                                     137                  1.0499998636720425E+000                  3.0644022625741502E-001                  4.1864212288077853E+000                  6.9113038321656859E+000                  2.3059704971999201E-045                  7.3279999999999990E-001                  2.7137132103714853E-005                  2.5497286286789628E-001                  2.1025988500795504E-003                  6.1630907196949872E-004                  5.7221218635412083E-003                  1.2718648985637696E-003                  2.4871053158459599E-003                  1.0458931060835555E-024                  0.0000000000000000E+000                  0.0000000000000000E+000 
                                     138                  1.0499998570488371E+000                  3.0641509359602198E-001                  4.1890483051124239E+000                  6.8949406839016509E+000                  2.3947833623726043E-045                  7.3279999999999990E-001                  2.7137132103714853E-005                  2.5497286286789628E-001                  2.1025988500795504E-003                  6.1630907196949872E-004                  5.7221218635412083E-003                  1.2718648985637696E-003                  2.4871053158459599E-003                  1.0862751217648669E-024                  0.0000000000000000E+000                  0.0000000000000000E+000 
                                     139                  1.0499998504256318E+000                  3.0639088887950755E-001                  4.1921966167232032E+000                  7.0534866560682810E+000                  3.7739867743808032E-045                  7.3279999999999990E-001                  2.7137132103714853E-005                  2.5497286286789628E-001                  2.1025988500795504E-003                  6.1630907196949872E-004                  5.7221218635412083E-003                  1.2718648985637696E-003                  2.4871053158459599E-003                  1.1363498832195458E-024                  0.0000000000000000E+000                  0.0000000000000000E+000 
                                     140                  1.0499998404468220E+000                  3.0635601698750908E-001                  4.1957695553321361E+000                  7.0351107765387324E+000                  4.0074773450771611E-045                  7.3279999999999990E-001                  2.7137132103714853E-005                  2.5497286286789628E-001                  2.1025988500795504E-003                  6.1630907196949872E-004                  5.7221218635412083E-003                  1.2718648985637696E-003                  2.4871053158459599E-003                  1.1962618686107536E-024                  0.0000000000000000E+000                  0.0000000000000000E+000 
                                     141                  1.0499998303800091E+000                  3.0632258718720617E-001                  4.1985900785404331E+000                  6.8414386253024535E+000                  2.7823742347225302E-045                  7.3279999999999990E-001                  2.7137132103714853E-005                  2.5497286286789628E-001                  2.1025988500795504E-003                  6.1630907196949872E-004                  5.7221218635412083E-003                  1.2718648985637696E-003                  2.4871053158459599E-003                  1.2459711093044226E-024                  0.0000000000000000E+000                  0.0000000000000000E+000 
                                     142                  1.0499998236688002E+000                  3.0630118347770868E-001                  4.2013082299183262E+000                  7.0020768601840153E+000                  4.3508003398439673E-045                  7.3279999999999990E-001                  2.7137132103714853E-005                  2.5497286286789628E-001                  2.1025988500795504E-003                  6.1630907196949872E-004                  5.7221218635412083E-003                  1.2718648985637696E-003                  2.4871053158459599E-003                  1.2951989331060900E-024                  0.0000000000000000E+000                  0.0000000000000000E+000 
                                     143                  1.0499998135723090E+000                  3.0627019833668356E-001                  4.2038966775721747E+000                  6.8124627672382800E+000                  3.0279112805520238E-045                  7.3279999999999990E-001                  2.7137132103714853E-005                  2.5497286286789628E-001                  2.1025988500795504E-003                  6.1630907196949872E-004                  5.7221218635412083E-003                  1.2718648985637696E-003                  2.4871053158459599E-003                  1.3443107941417714E-024                  0.0000000000000000E+000                  0.0000000000000000E+000 
                                     144                  1.0499998068017440E+000                  3.0625017368875362E-001                  4.2064037405808561E+000                  6.9731700637069514E+000                  4.7061675518291322E-045                  7.3279999999999990E-001                  2.7137132103714853E-005                  2.5497286286789628E-001                  2.1025988500795504E-003                  6.1630907196949872E-004                  5.7221218635412083E-003                  1.2718648985637696E-003                  2.4871053158459599E-003                  1.3930773046504069E-024                  0.0000000000000000E+000                  0.0000000000000000E+000 
                                     145                  1.0499997966458963E+000                  3.0622118045249613E-001                  4.2092758765609872E+000                  6.9574177955002758E+000                  4.9240240152655746E-045                  7.3279999999999990E-001                  2.7137132103714853E-005                  2.5497286286789628E-001                  2.1025988500795504E-003                  6.1630907196949872E-004                  5.7221218635412083E-003                  1.2718648985637696E-003                  2.4871053158459599E-003                  1.4512960975160131E-024                  0.0000000000000000E+000                  0.0000000000000000E+000 
                                     146                  1.0499997864450090E+000                  3.0619321815164385E-001                  4.2115740991202948E+000                  6.7709707414153817E+000                  3.4219000548801309E-045                  7.3279999999999990E-001                  2.7137132103714853E-005                  2.5497286286789628E-001                  2.1025988500795504E-003                  6.1630907196949872E-004                  5.7221218635412083E-003                  1.2718648985637696E-003                  2.4871053158459599E-003                  1.4997431598171938E-024                  0.0000000000000000E+000                  0.0000000000000000E+000 
                                     147                  1.0499997795843645E+000                  3.0617501490167937E-001                  4.2133664343249073E+000                  6.7599836069011756E+000                  3.5098649610484193E-045                  7.3279999999999990E-001                  2.7137132103714853E-005                  2.5497286286789628E-001                  2.1025988500795504E-003                  6.1630907196949872E-004                  5.7221218635412083E-003                  1.2718648985637696E-003                  2.4871053158459599E-003                  1.5384095142238782E-024                  0.0000000000000000E+000                  0.0000000000000000E+000 
                                     148                  1.0499997727237200E+000                  3.0615726566116103E-001                  4.2155411595027461E+000                  6.9228205251585901E+000                  5.4284967407804418E-045                  7.3279999999999990E-001                  2.7137132103714853E-005                  2.5497286286789628E-001                  2.1025988500795504E-003                  6.1630907196949872E-004                  5.7221218635412083E-003                  1.2718648985637696E-003                  2.4871053158459599E-003                  1.5863864230053326E-024                  0.0000000000000000E+000                  0.0000000000000000E+000 
                                     149                  1.0499997624327531E+000                  3.0613144077119175E-001                  4.2180442272199556E+000                  6.9075326821117393E+000                  5.6236486907874363E-045                  7.3279999999999990E-001                  2.7137132103714853E-005                  2.5497286286789628E-001                  2.1025988500795504E-003                  6.1630907196949872E-004                  5.7221218635412083E-003                  1.2718648985637696E-003                  2.4871053158459599E-003                  1.6435897870837278E-024                  0.0000000000000000E+000                  0.0000000000000000E+000 
                                     150                  1.0499997521417861E+000                  3.0610650768629677E-001                  4.2200485713408176E+000                  6.7191794462181820E+000                  3.8568255337105683E-045                  7.3279999999999990E-001                  2.7137132103714853E-005                  2.5497286286789628E-001                  2.1025988500795504E-003                  6.1630907196949872E-004                  5.7221218635412083E-003                  1.2718648985637696E-003                  2.4871053158459599E-003                  1.6909620315642073E-024                  0.0000000000000000E+000                  0.0000000000000000E+000 
                                     151                  1.0499997452811418E+000                  3.0609034761299159E-001                  4.2219998181800085E+000                  6.8834448506698243E+000                  5.9454791063511835E-045                  7.3279999999999990E-001                  2.7137132103714853E-005                  2.5497286286789628E-001                  2.1025988500795504E-003                  6.1630907196949872E-004                  5.7221218635412083E-003                  1.2718648985637696E-003                  2.4871053158459599E-003                  1.7379447986020040E-024                  0.0000000000000000E+000                  0.0000000000000000E+000 
                                     152                  1.0499997349901748E+000                  3.0606675757686586E-001                  4.2242810324023718E+000                  6.8791650672683184E+000                  6.2754468971430788E-045                  7.3279999999999990E-001                  2.7137132103714853E-005                  2.5497286286789628E-001                  2.1025988500795504E-003                  6.1630907196949872E-004                  5.7221218635412083E-003                  1.2718648985637696E-003                  2.4871053158459599E-003                  1.7946163696888796E-024                  0.0000000000000000E+000                  0.0000000000000000E+000 
                                     153                  1.0499997244700301E+000                  3.0604339760595850E-001                  4.2270578833657080E+000                  7.0385277017149583E+000                  9.7841166136997693E-045                  7.3279999999999990E-001                  2.7137132103714853E-005                  2.5497286286789628E-001                  2.1025988500795504E-003                  6.1630907196949872E-004                  5.7221218635412083E-003                  1.2718648985637696E-003                  2.4871053158459599E-003                  1.8655661561806901E-024                  0.0000000000000000E+000                  0.0000000000000000E+000 
                                     154                  1.0499997086898132E+000                  3.0600967947671454E-001                  4.2296956014019562E+000                  6.8464298342614089E+000                  6.7684987792482811E-045                  7.3279999999999990E-001                  2.7137132103714853E-005                  2.5497286286789628E-001                  2.1025988500795504E-003                  6.1630907196949872E-004                  5.7221218635412083E-003                  1.2718648985637696E-003                  2.4871053158459599E-003                  1.9360859271389849E-024                  0.0000000000000000E+000                  0.0000000000000000E+000 
                                     155                  1.0499996981696682E+000                  3.0598801275047371E-001                  4.2322434345746274E+000                  7.0072516639015898E+000                  1.0517344240799612E-044                  7.3279999999999990E-001                  2.7137132103714853E-005                  2.5497286286789628E-001                  2.1025988500795504E-003                  6.1630907196949872E-004                  5.7221218635412083E-003                  1.2718648985637696E-003                  2.4871053158459599E-003                  2.0058459372133045E-024                  0.0000000000000000E+000                  0.0000000000000000E+000 
                                     156                  1.0499996823894513E+000                  3.0595663356627112E-001                  4.2356432844386749E+000                  7.1118738175496512E+000                  1.4697136145169814E-044                  7.3279999999999990E-001                  2.7137132103714853E-005                  2.5497286286789628E-001                  2.1025988500795504E-003                  6.1630907196949872E-004                  5.7221218635412083E-003                  1.2718648985637696E-003                  2.4871053158459599E-003                  2.1025870368604789E-024                  0.0000000000000000E+000                  0.0000000000000000E+000 
                                     157                  1.0499996613491618E+000                  3.0591670355279371E-001                  4.2383913805395741E+000                  6.7942688218142973E+000                  7.6354892727620696E-045                  7.3279999999999990E-001                  2.7137132103714853E-005                  2.5497286286789628E-001                  2.1025988500795504E-003                  6.1630907196949872E-004                  5.7221218635412083E-003                  1.2718648985637696E-003                  2.4871053158459599E-003                  2.1849686501797883E-024                  0.0000000000000000E+000                  0.0000000000000000E+000 
                                     158                  1.0499996508290170E+000                  3.0589748485155738E-001                  4.2404917103960882E+000                  6.9162707732718856E+000                  1.0711677240170813E-044                  7.3279999999999990E-001                  2.7137132103714853E-005                  2.5497286286789628E-001                  2.1025988500795504E-003                  6.1630907196949872E-004                  5.7221218635412083E-003                  1.2718648985637696E-003                  2.4871053158459599E-003                  2.2491612104128794E-024                  0.0000000000000000E+000                  0.0000000000000000E+000 
                                     159                  1.0499996364902882E+000                  3.0587203130382906E-001                  4.2422435196351396E+000                  6.6047638648283877E+000                  5.4870923959333870E-045                  7.3279999999999990E-001                  2.7137132103714853E-005                  2.5497286286789628E-001                  2.1025988500795504E-003                  6.1630907196949872E-004                  5.7221218635412083E-003                  1.2718648985637696E-003                  2.4871053158459599E-003                  2.3044778055168351E-024                  0.0000000000000000E+000                  0.0000000000000000E+000 
                                     160                  1.0499996293209235E+000                  3.0585960733499057E-001                  4.2439613133499146E+000                  6.8956501660632057E+000                  1.1234471899495382E-044                  7.3279999999999990E-001                  2.7137132103714853E-005                  2.5497286286789628E-001                  2.1025988500795504E-003                  6.1630907196949872E-004                  5.7221218635412083E-003                  1.2718648985637696E-003                  2.4871053158459599E-003                  2.3593334028041972E-024                  0.0000000000000000E+000                  0.0000000000000000E+000 
                                     161                  1.0499996149821946E+000                  3.0583533201271340E-001                  4.2467245665917455E+000                  7.0554643762281399E+000                  1.7497674004250362E-044                  7.3279999999999990E-001                  2.7137132103714853E-005                  2.5497286286789628E-001                  2.1025988500795504E-003                  6.1630907196949872E-004                  5.7221218635412083E-003                  1.2718648985637696E-003                  2.4871053158459599E-003                  2.4501066709841325E-024                  0.0000000000000000E+000                  0.0000000000000000E+000 
                                     162                  1.0499995934741011E+000                  3.0580025610732292E-001                  4.2499205728858902E+000                  7.0481048701582854E+000                  1.8766202629881474E-044                  7.3279999999999990E-001                  2.7137132103714853E-005                  2.5497286286789628E-001                  2.1025988500795504E-003                  6.1630907196949872E-004                  5.7221218635412083E-003                  1.2718648985637696E-003                  2.4871053158459599E-003                  2.5595732642677502E-024                  0.0000000000000000E+000                  0.0000000000000000E+000 
                                     163                  1.0499995713897106E+000                  3.0576576682427231E-001                  4.2524910612628366E+000                  6.8568417877727752E+000                  1.2957274529221506E-044                  7.3279999999999990E-001                  2.7137132103714853E-005                  2.5497286286789628E-001                  2.1025988500795504E-003                  6.1630907196949872E-004                  5.7221218635412083E-003                  1.2718648985637696E-003                  2.4871053158459599E-003                  2.6512674203936555E-024                  0.0000000000000000E+000                  0.0000000000000000E+000 
                                     164                  1.0499995566667832E+000                  3.0574356189310192E-001                  4.2544827126203897E+000                  6.8451776249919787E+000                  1.3311335994272124E-044                  7.3279999999999990E-001                  2.7137132103714853E-005                  2.5497286286789628E-001                  2.1025988500795504E-003                  6.1630907196949872E-004                  5.7221218635412083E-003                  1.2718648985637696E-003                  2.4871053158459599E-003                  2.7239953577056426E-024                  0.0000000000000000E+000                  0.0000000000000000E+000 
                                     165                  1.0499995419438561E+000                  3.0572194430787797E-001                  4.2564148574748160E+000                  6.8338923898807380E+000                  1.3663109928570281E-044                  7.3279999999999990E-001                  2.7137132103714853E-005                  2.5497286286789628E-001                  2.1025988500795504E-003                  6.1630907196949872E-004                  5.7221218635412083E-003                  1.2718648985637696E-003                  2.4871053158459599E-003                  2.7962643851285871E-024                  0.0000000000000000E+000                  0.0000000000000000E+000 
                                     166                  1.0499995272209290E+000                  3.0570088018956110E-001                  4.2587589443842102E+000                  6.9963891052258669E+000                  2.1148864432266511E-044                  7.3279999999999990E-001                  2.7137132103714853E-005                  2.5497286286789628E-001                  2.1025988500795504E-003                  6.1630907196949872E-004                  5.7221218635412083E-003                  1.2718648985637696E-003                  2.4871053158459599E-003                  2.8858792553440719E-024                  0.0000000000000000E+000                  0.0000000000000000E+000 
                                     167                  1.0499995051365385E+000                  3.0567025591251368E-001                  4.2614568664739965E+000                  6.9807321743756443E+000                  2.1928258914937730E-044                  7.3279999999999990E-001                  2.7137132103714853E-005                  2.5497286286789628E-001                  2.1025988500795504E-003                  6.1630907196949872E-004                  5.7221218635412083E-003                  1.2718648985637696E-003                  2.4871053158459599E-003                  2.9926651196475678E-024                  0.0000000000000000E+000                  0.0000000000000000E+000 
                                     168                  1.0499994830521477E+000                  3.0564071397349712E-001                  4.2640789178423582E+000                  6.9758283834818107E+000                  2.3252366883118204E-044                  7.3279999999999990E-001                  2.7137132103714853E-005                  2.5497286286789628E-001                  2.1025988500795504E-003                  6.1630907196949872E-004                  5.7221218635412083E-003                  1.2718648985637696E-003                  2.4871053158459599E-003                  3.0997938904520293E-024                  0.0000000000000000E+000                  0.0000000000000000E+000 
                                     169                  1.0499994604403207E+000                  3.0561150175209906E-001                  4.2670725689902129E+000                  7.0886338518911600E+000                  3.2634567617492352E-044                  7.3279999999999990E-001                  2.7137132103714853E-005                  2.5497286286789628E-001                  2.1025988500795504E-003                  6.1630907196949872E-004                  5.7221218635412083E-003                  1.2718648985637696E-003                  2.4871053158459599E-003                  3.2258221198925750E-024                  0.0000000000000000E+000                  0.0000000000000000E+000 
                                     170                  1.0499994299395936E+000                  3.0557362230793106E-001                  4.2703427137580103E+000                  7.0698929251704099E+000                  3.4079479412227695E-044                  7.3279999999999990E-001                  2.7137132103714853E-005                  2.5497286286789628E-001                  2.1025988500795504E-003                  6.1630907196949872E-004                  5.7221218635412083E-003                  1.2718648985637696E-003                  2.4871053158459599E-003                  3.3692642832987309E-024                  0.0000000000000000E+000                  0.0000000000000000E+000 
                                     171                  1.0499993994388666E+000                  3.0553733959505291E-001                  4.2734598592254756E+000                  7.0521164165115469E+000                  3.5509174311491858E-044                  7.3279999999999990E-001                  2.7137132103714853E-005                  2.5497286286789628E-001                  2.1025988500795504E-003                  6.1630907196949872E-004                  5.7221218635412083E-003                  1.2718648985637696E-003                  2.4871053158459599E-003                  3.5112337930141118E-024                  0.0000000000000000E+000                  0.0000000000000000E+000 
                                     172                  1.0499993689381393E+000                  3.0550250916795052E-001                  4.2760771950884209E+000                  6.9161215117946870E+000                  2.7810956576735182E-044                  7.3279999999999990E-001                  2.7137132103714853E-005                  2.5497286286789628E-001                  2.1025988500795504E-003                  6.1630907196949872E-004                  5.7221218635412083E-003                  1.2718648985637696E-003                  2.4871053158459599E-003                  3.6348862785970363E-024                  0.0000000000000000E+000                  0.0000000000000000E+000 
                                     173                  1.0499993458589651E+000                  3.0547704121467117E-001                  4.2779081826963150E+000                  6.7372389791481728E+000                  1.9326439258724260E-044                  7.3279999999999990E-001                  2.7137132103714853E-005                  2.5497286286789628E-001                  2.1025988500795504E-003                  6.1630907196949872E-004                  5.7221218635412083E-003                  1.2718648985637696E-003                  2.4871053158459599E-003                  3.7236404712137111E-024                  0.0000000000000000E+000                  0.0000000000000000E+000 
                                     174                  1.0499993302013435E+000                  3.0546017053104652E-001                  4.2800782415982050E+000                  7.0261085798087279E+000                  3.9755014703949906E-044                  7.3279999999999990E-001                  2.7137132103714853E-005                  2.5497286286789628E-001                  2.1025988500795504E-003                  6.1630907196949872E-004                  5.7221218635412083E-003                  1.2718648985637696E-003                  2.4871053158459599E-003                  3.8303015705605810E-024                  0.0000000000000000E+000                  0.0000000000000000E+000 
                                     175                  1.0499992988861004E+000                  3.0542735895262418E-001                  4.2830587047299922E+000                  7.0688628905451649E+000                  4.7384002853899253E-044                  7.3279999999999990E-001                  2.7137132103714853E-005                  2.5497286286789628E-001                  2.1025988500795504E-003                  6.1630907196949872E-004                  5.7221218635412083E-003                  1.2718648985637696E-003                  2.4871053158459599E-003                  3.9818716341241446E-024                  0.0000000000000000E+000                  0.0000000000000000E+000 
                                     176                  1.0499992629758572E+000                  3.0539115000156436E-001                  4.2863639767780111E+000                  7.1197297388698439E+000                  5.7999754841951562E-044                  7.3279999999999990E-001                  2.7137132103714853E-005                  2.5497286286789628E-001                  2.1025988500795504E-003                  6.1630907196949872E-004                  5.7221218635412083E-003                  1.2718648985637696E-003                  2.4871053158459599E-003                  4.1560056275670051E-024                  0.0000000000000000E+000                  0.0000000000000000E+000 
                                     177                  1.0499992208537086E+000                  3.0535043811267470E-001                  4.2891936285041172E+000                  6.9278365400540984E+000                  4.0105480568487320E-044                  7.3279999999999990E-001                  2.7137132103714853E-005                  2.5497286286789628E-001                  2.1025988500795504E-003                  6.1630907196949872E-004                  5.7221218635412083E-003                  1.2718648985637696E-003                  2.4871053158459599E-003                  4.3114235869844999E-024                  0.0000000000000000E+000                  0.0000000000000000E+000 
                                     178                  1.0499991927722763E+000                  3.0532426463106460E-001                  4.2913199774477295E+000                  6.8897371984409590E+000                  3.8788355522543704E-044                  7.3279999999999990E-001                  2.7137132103714853E-005                  2.5497286286789628E-001                  2.1025988500795504E-003                  6.1630907196949872E-004                  5.7221218635412083E-003                  1.2718648985637696E-003                  2.4871053158459599E-003                  4.4309981958632580E-024                  0.0000000000000000E+000                  0.0000000000000000E+000 
                                     179                  1.0499991663425092E+000                  3.0530028805138371E-001                  4.2937279454218542E+000                  7.0245739194711998E+000                  5.6241025867713213E-044                  7.3279999999999990E-001                  2.7137132103714853E-005                  2.5497286286789628E-001                  2.1025988500795504E-003                  6.1630907196949872E-004                  5.7221218635412083E-003                  1.2718648985637696E-003                  2.4871053158459599E-003                  4.5693328878592025E-024                  0.0000000000000000E+000                  0.0000000000000000E+000 
                                     180                  1.0499991291753572E+000                  3.0526758017910544E-001                  4.2968841212002555E+000                  7.1322606376326920E+000                  7.8040242796655665E-044                  7.3279999999999990E-001                  2.7137132103714853E-005                  2.5497286286789628E-001                  2.1025988500795504E-003                  6.1630907196949872E-004                  5.7221218635412083E-003                  1.2718648985637696E-003                  2.4871053158459599E-003                  4.7562654349739151E-024                  0.0000000000000000E+000                  0.0000000000000000E+000 
                                     181                  1.0499990796191545E+000                  3.0522566451773969E-001                  4.3004278790582697E+000                  7.1402851748389402E+000                  8.6906404974583450E-044                  7.3279999999999990E-001                  2.7137132103714853E-005                  2.5497286286789628E-001                  2.1025988500795504E-003                  6.1630907196949872E-004                  5.7221218635412083E-003                  1.2718648985637696E-003                  2.4871053158459599E-003                  4.9746406437474462E-024                  0.0000000000000000E+000                  0.0000000000000000E+000 
                                     182                  1.0499990268433859E+000                  3.0518296301401943E-001                  4.3038557448394732E+000                  7.1093762579923103E+000                  8.8186341375798040E-044                  7.3279999999999990E-001                  2.7137132103714853E-005                  2.5497286286789628E-001                  2.1025988500795504E-003                  6.1630907196949872E-004                  5.7221218635412083E-003                  1.2718648985637696E-003                  2.4871053158459599E-003                  5.1943298201782160E-024                  0.0000000000000000E+000                  0.0000000000000000E+000 
                                     183                  1.0499989755438255E+000                  3.0514319119187000E-001                  4.3067049130522053E+000                  6.9779020251454638E+000                  6.9951877978447139E-044                  7.3279999999999990E-001                  2.7137132103714853E-005                  2.5497286286789628E-001                  2.1025988500795504E-003                  6.1630907196949872E-004                  5.7221218635412083E-003                  1.2718648985637696E-003                  2.4871053158459599E-003                  5.3837198787528062E-024                  0.0000000000000000E+000                  0.0000000000000000E+000 
                                     184                  1.0499989362756275E+000                  3.0511380550580136E-001                  4.3093898894366101E+000                  7.0604512248140159E+000                  9.0393068671387937E-044                  7.3279999999999990E-001                  2.7137132103714853E-005                  2.5497286286789628E-001                  2.1025988500795504E-003                  6.1630907196949872E-004                  5.7221218635412083E-003                  1.2718648985637696E-003                  2.4871053158459599E-003                  5.5665503260955548E-024                  0.0000000000000000E+000                  0.0000000000000000E+000 
                                     185                  1.0499988871903798E+000                  3.0507826549977324E-001                  4.3122557751284676E+000                  7.0451648198741106E+000                  9.3646465121875882E-044                  7.3279999999999990E-001                  2.7137132103714853E-005                  2.5497286286789628E-001                  2.1025988500795504E-003                  6.1630907196949872E-004                  5.7221218635412083E-003                  1.2718648985637696E-003                  2.4871053158459599E-003                  5.7680200485137988E-024                  0.0000000000000000E+000                  0.0000000000000000E+000 
                                     186                  1.0499988381051322E+000                  3.0504395192073569E-001                  4.3148979657798572E+000                  6.9932000102840863E+000                  8.8645488422775966E-044                  7.3279999999999990E-001                  2.7137132103714853E-005                  2.5497286286789628E-001                  2.1025988500795504E-003                  6.1630907196949872E-004                  5.7221218635412083E-003                  1.2718648985637696E-003                  2.4871053158459599E-003                  5.9594049687967705E-024                  0.0000000000000000E+000                  0.0000000000000000E+000 
                                     187                  1.0499987931251968E+000                  3.0501350568614477E-001                  4.3177134354393658E+000                  7.0945756715947086E+000                  1.1987736626376068E-043                  7.3279999999999990E-001                  2.7137132103714853E-005                  2.5497286286789628E-001                  2.1025988500795504E-003                  6.1630907196949872E-004                  5.7221218635412083E-003                  1.2718648985637696E-003                  2.4871053158459599E-003                  6.1684249666300235E-024                  0.0000000000000000E+000                  0.0000000000000000E+000 
                                     188                  1.0499987343475110E+000                  3.0497505149322207E-001                  4.3210366221336463E+000                  7.1467378809218136E+000                  1.4648340709753073E-043                  7.3279999999999990E-001                  2.7137132103714853E-005                  2.5497286286789628E-001                  2.1025988500795504E-003                  6.1630907196949872E-004                  5.7221218635412083E-003                  1.2718648985637696E-003                  2.4871053158459599E-003                  6.4233376981471676E-024                  0.0000000000000000E+000                  0.0000000000000000E+000 
                                     189                  1.0499986653587574E+000                  3.0493168574739032E-001                  4.3242520194107419E+000                  7.0732971569499687E+000                  1.3366454712432022E-043                  7.3279999999999990E-001                  2.7137132103714853E-005                  2.5497286286789628E-001                  2.1025988500795504E-003                  6.1630907196949872E-004                  5.7221218635412083E-003                  1.2718648985637696E-003                  2.4871053158459599E-003                  6.6793531313256952E-024                  0.0000000000000000E+000                  0.0000000000000000E+000 
                                     190                  1.0499986048062901E+000                  3.0489506340739836E-001                  4.3264843565875477E+000                  6.7974764238839196E+000                  7.4734949834103025E-044                  7.3279999999999990E-001                  2.7137132103714853E-005                  2.5497286286789628E-001                  2.1025988500795504E-003                  6.1630907196949872E-004                  5.7221218635412083E-003                  1.2718648985637696E-003                  2.4871053158459599E-003                  6.8627237473121726E-024                  0.0000000000000000E+000                  0.0000000000000000E+000 
                                     191                  1.0499985718493245E+000                  3.0487565663235178E-001                  4.3286905783807157E+000                  7.0573541997558795E+000                  1.4325861312664539E-043                  7.3279999999999990E-001                  2.7137132103714853E-005                  2.5497286286789628E-001                  2.1025988500795504E-003                  6.1630907196949872E-004                  5.7221218635412083E-003                  1.2718648985637696E-003                  2.4871053158459599E-003                  7.0461601500387140E-024                  0.0000000000000000E+000                  0.0000000000000000E+000 
                                     192                  1.0499985103093592E+000                  3.0484034982040964E-001                  4.3314606677445875E+000                  7.0431223760126453E+000                  1.4805464743101577E-043                  7.3279999999999990E-001                  2.7137132103714853E-005                  2.5497286286789628E-001                  2.1025988500795504E-003                  6.1630907196949872E-004                  5.7221218635412083E-003                  1.2718648985637696E-003                  2.4871053158459599E-003                  7.2835272987350057E-024                  0.0000000000000000E+000                  0.0000000000000000E+000 
                                     193                  1.0499984487693939E+000                  3.0480617852682840E-001                  4.3341226608729846E+000                  7.0260799882279423E+000                  1.5158334101414048E-043                  7.3279999999999990E-001                  2.7137132103714853E-005                  2.5497286286789628E-001                  2.1025988500795504E-003                  6.1630907196949872E-004                  5.7221218635412083E-003                  1.2718648985637696E-003                  2.4871053158459599E-003                  7.5179000638022017E-024                  0.0000000000000000E+000                  0.0000000000000000E+000 
                                     194                  1.0499983877149537E+000                  3.0477331966267052E-001                  4.3362454893103379E+000                  6.8321967077594286E+000                  1.0197189096484075E-043                  7.3279999999999990E-001                  2.7137132103714853E-005                  2.5497286286789628E-001                  2.1025988500795504E-003                  6.1630907196949872E-004                  5.7221218635412083E-003                  1.2718648985637696E-003                  2.4871053158459599E-003                  7.7098962543531171E-024                  0.0000000000000000E+000                  0.0000000000000000E+000 
                                     195                  1.0499983476593604E+000                  3.0475229174780949E-001                  4.3387107243850087E+000                  7.1208284034641505E+000                  2.0987981399689968E-043                  7.3279999999999990E-001                  2.7137132103714853E-005                  2.5497286286789628E-001                  2.1025988500795504E-003                  6.1630907196949872E-004                  5.7221218635412083E-003                  1.2718648985637696E-003                  2.4871053158459599E-003                  7.9357623536267986E-024                  0.0000000000000000E+000                  0.0000000000000000E+000 
                                     196                  1.0499982675481736E+000                  3.0471141664509049E-001                  4.3415011798853138E+000                  6.9920362754295731E+000                  1.6650125911832388E-043                  7.3279999999999990E-001                  2.7137132103714853E-005                  2.5497286286789628E-001                  2.1025988500795504E-003                  6.1630907196949872E-004                  5.7221218635412083E-003                  1.2718648985637696E-003                  2.4871053158459599E-003                  8.2004165935432559E-024                  0.0000000000000000E+000                  0.0000000000000000E+000 
                                     197                  1.0499982060326261E+000                  3.0468102862809349E-001                  4.3442594504245289E+000                  7.1082403869751003E+000                  2.3185341613926614E-043                  7.3279999999999990E-001                  2.7137132103714853E-005                  2.5497286286789628E-001                  2.1025988500795504E-003                  6.1630907196949872E-004                  5.7221218635412083E-003                  1.2718648985637696E-003                  2.4871053158459599E-003                  8.4675610956956018E-024                  0.0000000000000000E+000                  0.0000000000000000E+000 
                                     198                  1.0499981230571240E+000                  3.0464131482089807E-001                  4.3471342259709482E+000                  7.0419759455997264E+000                  2.1264812892137327E-043                  7.3279999999999990E-001                  2.7137132103714853E-005                  2.5497286286789628E-001                  2.1025988500795504E-003                  6.1630907196949872E-004                  5.7221218635412083E-003                  1.2718648985637696E-003                  2.4871053158459599E-003                  8.7548388506850636E-024                  0.0000000000000000E+000                  0.0000000000000000E+000 
                                     199                  1.0499980494356014E+000                  3.0460721799225327E-001                  4.3501498139933581E+000                  7.1441898915033883E+000                  2.8819151538974474E-043                  7.3279999999999990E-001                  2.7137132103714853E-005                  2.5497286286789628E-001                  2.1025988500795504E-003                  6.1630907196949872E-004                  5.7221218635412083E-003                  1.2718648985637696E-003                  2.4871053158459599E-003                  9.0634095414738639E-024                  0.0000000000000000E+000                  0.0000000000000000E+000 
                                     200                  1.0499979530342862E+000                  3.0456406940751268E-001                  4.3534681104810149E+000                  7.1380668357476234E+000                  3.0635448741082394E-043                  7.3279999999999990E-001                  2.7137132103714853E-005                  2.5497286286789628E-001                  2.1025988500795504E-003                  6.1630907196949872E-004                  5.7221218635412083E-003                  1.2718648985637696E-003                  2.4871053158459599E-003                  9.4141528174459548E-024                  0.0000000000000000E+000                  0.0000000000000000E+000 
                                     201                  1.0499978543495216E+000                  3.0452152070232652E-001                  4.3567152452717961E+000                  7.1290307006054512E+000                  3.2279871415408638E-043                  7.3279999999999990E-001                  2.7137132103714853E-005                  2.5497286286789628E-001                  2.1025988500795504E-003                  6.1630907196949872E-004                  5.7221218635412083E-003                  1.2718648985637696E-003                  2.4871053158459599E-003                  9.7680465559252319E-024                  0.0000000000000000E+000                  0.0000000000000000E+000 
                                     202                  1.0499977541089107E+000                  3.0447984409808221E-001                  4.3591839611261047E+000                  6.8720024857542059E+000                  1.8880272358557100E-043                  7.3279999999999990E-001                  2.7137132103714853E-005                  2.5497286286789628E-001                  2.1025988500795504E-003                  6.1630907196949872E-004                  5.7221218635412083E-003                  1.2718648985637696E-003                  2.4871053158459599E-003                  1.0045676974084874E-023                  0.0000000000000000E+000                  0.0000000000000000E+000 
                                     203                  1.0499976970878284E+000                  3.0445678212395721E-001                  4.3611197804893180E+000                  6.9464065336923513E+000                  2.3394069430001414E-043                  7.3279999999999990E-001                  2.7137132103714853E-005                  2.5497286286789628E-001                  2.1025988500795504E-003                  6.1630907196949872E-004                  5.7221218635412083E-003                  1.2718648985637696E-003                  2.4871053158459599E-003                  1.0266425674805643E-023                  0.0000000000000000E+000                  0.0000000000000000E+000 
                                     204                  1.0499976279427898E+000                  3.0442940891289649E-001                  4.3640837797219003E+000                  7.2039026752352715E+000                  4.5178393149218815E-043                  7.3279999999999990E-001                  2.7137132103714853E-005                  2.5497286286789628E-001                  2.1025988500795504E-003                  6.1630907196949872E-004                  5.7221218635412083E-003                  1.2718648985637696E-003                  2.4871053158459599E-003                  1.0610276880013960E-023                  0.0000000000000000E+000                  0.0000000000000000E+000 
                                     205                  1.0499974987068974E+000                  3.0437987982405651E-001                  4.3676291910425729E+000                  7.1510235319727338E+000                  4.3246261876866538E-043                  7.3279999999999990E-001                  2.7137132103714853E-005                  2.5497286286789628E-001                  2.1025988500795504E-003                  6.1630907196949872E-004                  5.7221218635412083E-003                  1.2718648985637696E-003                  2.4871053158459599E-003                  1.1036952722960321E-023                  0.0000000000000000E+000                  0.0000000000000000E+000 
                                     206                  1.0499973797455764E+000                  3.0433602393820103E-001                  4.3708577133504836E+000                  7.1262407203299709E+000                  4.3830476721025878E-043                  7.3279999999999990E-001                  2.7137132103714853E-005                  2.5497286286789628E-001                  2.1025988500795504E-003                  6.1630907196949872E-004                  5.7221218635412083E-003                  1.2718648985637696E-003                  2.4871053158459599E-003                  1.1437051566080927E-023                  0.0000000000000000E+000                  0.0000000000000000E+000 
                                     207                  1.0499972633636501E+000                  3.0429459653436525E-001                  4.3735454616227294E+000                  6.9871032500485457E+000                  3.3729864177237512E-043                  7.3279999999999990E-001                  2.7137132103714853E-005                  2.5497286286789628E-001                  2.1025988500795504E-003                  6.1630907196949872E-004                  5.7221218635412083E-003                  1.2718648985637696E-003                  2.4871053158459599E-003                  1.1779756388229869E-023                  0.0000000000000000E+000                  0.0000000000000000E+000 
                                     208                  1.0499971763874851E+000                  3.0426452289425848E-001                  4.3760453726408901E+000                  7.0674877276722770E+000                  4.2830986245531981E-043                  7.3279999999999990E-001                  2.7137132103714853E-005                  2.5497286286789628E-001                  2.1025988500795504E-003                  6.1630907196949872E-004                  5.7221218635412083E-003                  1.2718648985637696E-003                  2.4871053158459599E-003                  1.2104333783215497E-023                  0.0000000000000000E+000                  0.0000000000000000E+000 
                                     209                  1.0499970688818816E+000                  3.0422833164218582E-001                  4.3781821035303006E+000                  6.8323985437260584E+000                  2.6099970598292178E-043                  7.3279999999999990E-001                  2.7137132103714853E-005                  2.5497286286789628E-001                  2.1025988500795504E-003                  6.1630907196949872E-004                  5.7221218635412083E-003                  1.2718648985637696E-003                  2.4871053158459599E-003                  1.2388954154288211E-023                  0.0000000000000000E+000                  0.0000000000000000E+000 
                                     210                  1.0499970048643603E+000                  3.0420726753519384E-001                  4.3805713236094244E+000                  7.1346835277226495E+000                  5.5072609385168031E-043                  7.3279999999999990E-001                  2.7137132103714853E-005                  2.5497286286789628E-001                  2.1025988500795504E-003                  6.1630907196949872E-004                  5.7221218635412083E-003                  1.2718648985637696E-003                  2.4871053158459599E-003                  1.2710432966787786E-023                  0.0000000000000000E+000                  0.0000000000000000E+000 
                                     211                  1.0499968731729328E+000                  3.0416501432651416E-001                  4.3836725943331931E+000                  7.1204473101758401E+000                  5.6918706174287325E-043                  7.3279999999999990E-001                  2.7137132103714853E-005                  2.5497286286789628E-001                  2.1025988500795504E-003                  6.1630907196949872E-004                  5.7221218635412083E-003                  1.2718648985637696E-003                  2.4871053158459599E-003                  1.3140032239083504E-023                  0.0000000000000000E+000                  0.0000000000000000E+000 
                                     212                  1.0499967414815052E+000                  3.0412411981255288E-001                  4.3864184936104742E+000                  7.0292295973765437E+000                  4.8887014525264036E-043                  7.3279999999999990E-001                  2.7137132103714853E-005                  2.5497286286789628E-001                  2.1025988500795504E-003                  6.1630907196949872E-004                  5.7221218635412083E-003                  1.2718648985637696E-003                  2.4871053158459599E-003                  1.3530564832495964E-023                  0.0000000000000000E+000                  0.0000000000000000E+000 
                                     213                  1.0499966316110625E+000                  3.0409096974937450E-001                  4.3893151896542255E+000                  7.1586567281872462E+000                  6.9961802596382886E-043                  7.3279999999999990E-001                  2.7137132103714853E-005                  2.5497286286789628E-001                  2.1025988500795504E-003                  6.1630907196949872E-004                  5.7221218635412083E-003                  1.2718648985637696E-003                  2.4871053158459599E-003                  1.3950360553866328E-023                  0.0000000000000000E+000                  0.0000000000000000E+000 
                                     214                  1.0499964790691205E+000                  3.0404630649158632E-001                  4.3932242908923476E+000                  7.2909921994298683E+000                  1.0287064400169374E-042                  7.3279999999999990E-001                  2.7137132103714853E-005                  2.5497286286789628E-001                  2.1025988500795504E-003                  6.1630907196949872E-004                  5.7221218635412083E-003                  1.2718648985637696E-003                  2.4871053158459599E-003                  1.4532347518542422E-023                  0.0000000000000000E+000                  0.0000000000000000E+000 
                                     215                  1.0499962636820550E+000                  3.0398572520516576E-001                  4.3980885856515881E+000                  7.3614849530571389E+000                  1.3368000130992606E-042                  7.3279999999999990E-001                  2.7137132103714853E-005                  2.5497286286789628E-001                  2.1025988500795504E-003                  6.1630907196949872E-004                  5.7221218635412083E-003                  1.2718648985637696E-003                  2.4871053158459599E-003                  1.5283828217693881E-023                  0.0000000000000000E+000                  0.0000000000000000E+000 
                                     216                  1.0499959974333140E+000                  3.0391445677879886E-001                  4.4023736950348420E+000                  7.1798732143492918E+000                  9.6050323763078262E-043                  7.3279999999999990E-001                  2.7137132103714853E-005                  2.5497286286789628E-001                  2.1025988500795504E-003                  6.1630907196949872E-004                  5.7221218635412083E-003                  1.2718648985637696E-003                  2.4871053158459599E-003                  1.5976568938185886E-023                  0.0000000000000000E+000                  0.0000000000000000E+000 
                                     217                  1.0499958143542027E+000                  3.0386753823499685E-001                  4.4052137300472021E+000                  7.0065583500241075E+000                  6.8255835750389583E-043                  7.3279999999999990E-001                  2.7137132103714853E-005                  2.5497286286789628E-001                  2.1025988500795504E-003                  6.1630907196949872E-004                  5.7221218635412083E-003                  1.2718648985637696E-003                  2.4871053158459599E-003                  1.6448043375870647E-023                  0.0000000000000000E+000                  0.0000000000000000E+000 
                                     218                  1.0499956879496724E+000                  3.0383605576045264E-001                  4.4086401739717278E+000                  7.3005224408470193E+000                  1.4377183992936632E-042                  7.3279999999999990E-001                  2.7137132103714853E-005                  2.5497286286789628E-001                  2.1025988500795504E-003                  6.1630907196949872E-004                  5.7221218635412083E-003                  1.2718648985637696E-003                  2.4871053158459599E-003                  1.7024822774031117E-023                  0.0000000000000000E+000                  0.0000000000000000E+000 
                                     219                  1.0499954306347410E+000                  3.0377410028838808E-001                  4.4125236330510624E+000                  7.1715135907408234E+000                  1.1541145791713357E-042                  7.3279999999999990E-001                  2.7137132103714853E-005                  2.5497286286789628E-001                  2.1025988500795504E-003                  6.1630907196949872E-004                  5.7221218635412083E-003                  1.2718648985637696E-003                  2.4871053158459599E-003                  1.7704616420389089E-023                  0.0000000000000000E+000                  0.0000000000000000E+000 
                                     220                  1.0499952319364583E+000                  3.0372806140120645E-001                  4.4163976304626100E+000                  7.2939532679496883E+000                  1.6506489970673954E-042                  7.3279999999999990E-001                  2.7137132103714853E-005                  2.5497286286789628E-001                  2.1025988500795504E-003                  6.1630907196949872E-004                  5.7221218635412083E-003                  1.2718648985637696E-003                  2.4871053158459599E-003                  1.8398441900454193E-023                  0.0000000000000000E+000                  0.0000000000000000E+000 
                                     221                  1.0499949583697052E+000                  3.0366702090795428E-001                  4.4207571877590617E+000                  7.2907841239213464E+000                  1.7838248314096482E-042                  7.3279999999999990E-001                  2.7137132103714853E-005                  2.5497286286789628E-001                  2.1025988500795504E-003                  6.1630907196949872E-004                  5.7221218635412083E-003                  1.2718648985637696E-003                  2.4871053158459599E-003                  1.9206809219803364E-023                  0.0000000000000000E+000                  0.0000000000000000E+000 
                                     222                  1.0499946750566045E+000                  3.0360641573245467E-001                  4.4245073080712141E+000                  7.1614897920836702E+000                  1.4242141148422476E-042                  7.3279999999999990E-001                  2.7137132103714853E-005                  2.5497286286789628E-001                  2.1025988500795504E-003                  6.1630907196949872E-004                  5.7221218635412083E-003                  1.2718648985637696E-003                  2.4871053158459599E-003                  1.9926158899476492E-023                  0.0000000000000000E+000                  0.0000000000000000E+000 
                                     223                  1.0499944569452748E+000                  3.0356140996343139E-001                  4.4277149205177331E+000                  7.1634086032443225E+000                  1.5210399540992734E-042                  7.3279999999999990E-001                  2.7137132103714853E-005                  2.5497286286789628E-001                  2.1025988500795504E-003                  6.1630907196949872E-004                  5.7221218635412083E-003                  1.2718648985637696E-003                  2.4871053158459599E-003                  2.0555437122030212E-023                  0.0000000000000000E+000                  0.0000000000000000E+000 
                                     224                  1.0499942310666206E+000                  3.0351620021338815E-001                  4.4309077489141044E+000                  7.1604778942387695E+000                  1.6052283211177442E-042                  7.3279999999999990E-001                  2.7137132103714853E-005                  2.5497286286789628E-001                  2.1025988500795504E-003                  6.1630907196949872E-004                  5.7221218635412083E-003                  1.2718648985637696E-003                  2.4871053158459599E-003                  2.1196801201767398E-023                  0.0000000000000000E+000                  0.0000000000000000E+000 
                                     225                  1.0499939998266676E+000                  3.0347128986160066E-001                  4.4346126238361023E+000                  7.2830335553761696E+000                  2.2819004061489778E-042                  7.3279999999999990E-001                  2.7137132103714853E-005                  2.5497286286789628E-001                  2.1025988500795504E-003                  6.1630907196949872E-004                  5.7221218635412083E-003                  1.2718648985637696E-003                  2.4871053158459599E-003                  2.1957459852781859E-023                  0.0000000000000000E+000                  0.0000000000000000E+000 
                                     226                  1.0499936823817306E+000                  3.0341172990767845E-001                  4.4387924731174460E+000                  7.2813475987057883E+000                  2.4574059949376733E-042                  7.3279999999999990E-001                  2.7137132103714853E-005                  2.5497286286789628E-001                  2.1025988500795504E-003                  6.1630907196949872E-004                  5.7221218635412083E-003                  1.2718648985637696E-003                  2.4871053158459599E-003                  2.2843061069513553E-023                  0.0000000000000000E+000                  0.0000000000000000E+000 
                                     227                  1.0499933536390504E+000                  3.0335239259891433E-001                  4.4418701697987020E+000                  6.9754495486053356E+000                  1.2866391680104468E-042                  7.3279999999999990E-001                  2.7137132103714853E-005                  2.5497286286789628E-001                  2.1025988500795504E-003                  6.1630907196949872E-004                  5.7221218635412083E-003                  1.2718648985637696E-003                  2.4871053158459599E-003                  2.3516448019576749E-023                  0.0000000000000000E+000                  0.0000000000000000E+000 
                                     228                  1.0499931863942389E+000                  3.0332305165141155E-001                  4.4449838012157645E+000                  7.2793653971262486E+000                  2.7419123391493844E-042                  7.3279999999999990E-001                  2.7137132103714853E-005                  2.5497286286789628E-001                  2.1025988500795504E-003                  6.1630907196949872E-004                  5.7221218635412083E-003                  1.2718648985637696E-003                  2.4871053158459599E-003                  2.4204231863647768E-023                  0.0000000000000000E+000                  0.0000000000000000E+000 
                                     229                  1.0499928400046996E+000                  3.0326397250761850E-001                  4.4490880261162253E+000                  7.2783758492758786E+000                  2.9479347303204227E-042                  7.3279999999999990E-001                  2.7137132103714853E-005                  2.5497286286789628E-001                  2.1025988500795504E-003                  6.1630907196949872E-004                  5.7221218635412083E-003                  1.2718648985637696E-003                  2.4871053158459599E-003                  2.5139546298300899E-023                  0.0000000000000000E+000                  0.0000000000000000E+000 
                                     230                  1.0499924812949948E+000                  3.0320501981299403E-001                  4.4531668742765351E+000                  7.2776370295440111E+000                  3.1675512959280971E-042                  7.3279999999999990E-001                  2.7137132103714853E-005                  2.5497286286789628E-001                  2.1025988500795504E-003                  6.1630907196949872E-004                  5.7221218635412083E-003                  1.2718648985637696E-003                  2.4871053158459599E-003                  2.6095713937306858E-023                  0.0000000000000000E+000                  0.0000000000000000E+000 
                                     231                  1.0499921098301599E+000                  3.0314615934001704E-001                  4.4572228313580080E+000                  7.2771346464932272E+000                  3.4016158253834681E-042                  7.3279999999999990E-001                  2.7137132103714853E-005                  2.5497286286789628E-001                  2.1025988500795504E-003                  6.1630907196949872E-004                  5.7221218635412083E-003                  1.2718648985637696E-003                  2.4871053158459599E-003                  2.7073284887187150E-023                  0.0000000000000000E+000                  0.0000000000000000E+000 
                                     232                  1.0499917251600086E+000                  3.0308735895159200E-001                  4.4612581908002342E+000                  7.2768554834240584E+000                  3.6510343845861270E-042                  7.3279999999999990E-001                  2.7137132103714853E-005                  2.5497286286789628E-001                  2.1025988500795504E-003                  6.1630907196949872E-004                  5.7221218635412083E-003                  1.2718648985637696E-003                  2.4871053158459599E-003                  2.8072821944859366E-023                  0.0000000000000000E+000                  0.0000000000000000E+000 
                                     233                  1.0499913268186032E+000                  3.0302858839315916E-001                  4.4652750736009708E+000                  7.2767873732403903E+000                  3.9167677693281499E-042                  7.3279999999999990E-001                  2.7137132103714853E-005                  2.5497286286789628E-001                  2.1025988500795504E-003                  6.1630907196949872E-004                  5.7221218635412083E-003                  1.2718648985637696E-003                  2.4871053158459599E-003                  2.9094895665642044E-023                  0.0000000000000000E+000                  0.0000000000000000E+000 
                                     234                  1.0499909143237103E+000                  3.0296981909867565E-001                  4.4692754476411540E+000                  7.2769191579926584E+000                  4.1998341026686643E-042                  7.3279999999999990E-001                  2.7137132103714853E-005                  2.5497286286789628E-001                  2.1025988500795504E-003                  6.1630907196949872E-004                  5.7221218635412083E-003                  1.2718648985637696E-003                  2.4871053158459599E-003                  3.0140080204184383E-023                  0.0000000000000000E+000                  0.0000000000000000E+000 
                                     235                  1.0499904871762362E+000                  3.0291102401076681E-001                  4.4732611433657894E+000                  7.2772404797165446E+000                  4.5013132258411486E-042                  7.3279999999999990E-001                  2.7137132103714853E-005                  2.5497286286789628E-001                  2.1025988500795504E-003                  6.1630907196949872E-004                  5.7221218635412083E-003                  1.2718648985637696E-003                  2.4871053158459599E-003                  3.1208961355537639E-023                  0.0000000000000000E+000                  0.0000000000000000E+000 
                                     236                  1.0499900448596429E+000                  3.0285217743636544E-001                  4.4772338654563750E+000                  7.2777416905903678E+000                  4.8223505555100795E-042                  7.3279999999999990E-001                  2.7137132103714853E-005                  2.5497286286789628E-001                  2.1025988500795504E-003                  6.1630907196949872E-004                  5.7221218635412083E-003                  1.2718648985637696E-003                  2.4871053158459599E-003                  3.2302138169837142E-023                  0.0000000000000000E+000                  0.0000000000000000E+000 
                                     237                  1.0499895868393452E+000                  3.0279325492049874E-001                  4.4811952030313531E+000                  7.2784137852500326E+000                  5.1641610666973398E-042                  7.3279999999999990E-001                  2.7137132103714853E-005                  2.5497286286789628E-001                  2.1025988500795504E-003                  6.1630907196949872E-004                  5.7221218635412083E-003                  1.2718648985637696E-003                  2.4871053158459599E-003                  3.3420223729513731E-023                  0.0000000000000000E+000                  0.0000000000000000E+000 
                                     238                  1.0499891125620870E+000                  3.0273423313426601E-001                  4.4851466406899450E+000                  7.2792483943069053E+000                  5.5280328391296038E-042                  7.3279999999999990E-001                  2.7137132103714853E-005                  2.5497286286789628E-001                  2.1025988500795504E-003                  6.1630907196949872E-004                  5.7221218635412083E-003                  1.2718648985637696E-003                  2.4871053158459599E-003                  3.4563841618513669E-023                  0.0000000000000000E+000                  0.0000000000000000E+000 
                                     239                  1.0499886214552956E+000                  3.0267508976788993E-001                  4.4890895715684396E+000                  7.2802377758531662E+000                  5.9153306989815725E-042                  7.3279999999999990E-001                  2.7137132103714853E-005                  2.5497286286789628E-001                  2.1025988500795504E-003                  6.1630907196949872E-004                  5.7221218635412083E-003                  1.2718648985637696E-003                  2.4871053158459599E-003                  3.5733622264236945E-023                  0.0000000000000000E+000                  0.0000000000000000E+000 
                                     240                  1.0499881129264141E+000                  3.0261580342836109E-001                  4.4930253073900479E+000                  7.2813746960936880E+000                  6.3275015340001407E-042                  7.3279999999999990E-001                  2.7137132103714853E-005                  2.5497286286789628E-001                  2.1025988500795504E-003                  6.1630907196949872E-004                  5.7221218635412083E-003                  1.2718648985637696E-003                  2.4871053158459599E-003                  3.6930208522823397E-023                  0.0000000000000000E+000                  0.0000000000000000E+000 
                                     241                  1.0499875863622126E+000                  3.0255635355618071E-001                  4.4969550842330559E+000                  7.2826523765146760E+000                  6.7660792898565834E-042                  7.3279999999999990E-001                  2.7137132103714853E-005                  2.5497286286789628E-001                  2.1025988500795504E-003                  6.1630907196949872E-004                  5.7221218635412083E-003                  1.2718648985637696E-003                  2.4871053158459599E-003                  3.8154256961049804E-023                  0.0000000000000000E+000                  0.0000000000000000E+000 
                                     242                  1.0499870411280732E+000                  3.0249672035173891E-001                  4.5008800674674818E+000                  7.2840644536931602E+000                  7.2326901738220156E-042                  7.3279999999999990E-001                  2.7137132103714853E-005                  2.5497286286789628E-001                  2.1025988500795504E-003                  6.1630907196949872E-004                  5.7221218635412083E-003                  1.2718648985637696E-003                  2.4871053158459599E-003                  3.9406438554881763E-023                  0.0000000000000000E+000                  0.0000000000000000E+000 
                                     243                  1.0499864765672540E+000                  3.0243688470923513E-001                  4.5048013580940056E+000                  7.2856049683672106E+000                  7.7290577228760078E-042                  7.3279999999999990E-001                  2.7137132103714853E-005                  2.5497286286789628E-001                  2.1025988500795504E-003                  6.1630907196949872E-004                  5.7221218635412083E-003                  1.2718648985637696E-003                  2.4871053158459599E-003                  4.0687437005326530E-023                  0.0000000000000000E+000                  0.0000000000000000E+000 
                                     244                  1.0499858920001255E+000                  3.0237682815379058E-001                  4.5087200023639689E+000                  7.2872683697890306E+000                  8.2570078043034435E-042                  7.3279999999999990E-001                  2.7137132103714853E-005                  2.5497286286789628E-001                  2.1025988500795504E-003                  6.1630907196949872E-004                  5.7221218635412083E-003                  1.2718648985637696E-003                  2.4871053158459599E-003                  4.1997945488925672E-023                  0.0000000000000000E+000                  0.0000000000000000E+000 
                                     245                  1.0499852867233821E+000                  3.0231653277929471E-001                  4.5126369993311757E+000                  7.2890494554810887E+000                  8.8184750301593233E-042                  7.3279999999999990E-001                  2.7137132103714853E-005                  2.5497286286789628E-001                  2.1025988500795504E-003                  6.1630907196949872E-004                  5.7221218635412083E-003                  1.2718648985637696E-003                  2.4871053158459599E-003                  4.3338669554404445E-023                  0.0000000000000000E+000                  0.0000000000000000E+000 
                                     246                  1.0499846600092273E+000                  3.0225598119563984E-001                  4.5165533039745149E+000                  7.2909433381823137E+000                  9.4155092044282790E-042                  7.3279999999999990E-001                  2.7137132103714853E-005                  2.5497286286789628E-001                  2.1025988500795504E-003                  6.1630907196949872E-004                  5.7221218635412083E-003                  1.2718648985637696E-003                  2.4871053158459599E-003                  4.4710328046357986E-023                  0.0000000000000000E+000                  0.0000000000000000E+000 
                                     247                  1.0499840111045293E+000                  3.0219515648144490E-001                  4.5204698296076469E+000                  7.2929454204965412E+000                  1.0050282068871295E-041                  7.3279999999999990E-001                  2.7137132103714853E-005                  2.5497286286789628E-001                  2.1025988500795504E-003                  6.1630907196949872E-004                  5.7221218635412083E-003                  1.2718648985637696E-003                  2.4871053158459599E-003                  4.6113653616337747E-023                  0.0000000000000000E+000                  0.0000000000000000E+000 
                                     248                  1.0499833392299505E+000                  3.0213404214105372E-001                  4.5243874512913083E+000                  7.2950513785779014E+000                  1.0725094259642027E-041                  7.3279999999999990E-001                  2.7137132103714853E-005                  2.5497286286789628E-001                  2.1025988500795504E-003                  6.1630907196949872E-004                  5.7221218635412083E-003                  1.2718648985637696E-003                  2.4871053158459599E-003                  4.7549392449432985E-023                  0.0000000000000000E+000                  0.0000000000000000E+000 
                                     249                  1.0499826435790451E+000                  3.0207262206440860E-001                  4.5283070123712905E+000                  7.2972571610123689E+000                  1.1442382277822740E-041                  7.3279999999999990E-001                  2.7137132103714853E-005                  2.5497286286789628E-001                  2.1025988500795504E-003                  6.1630907196949872E-004                  5.7221218635412083E-003                  1.2718648985637696E-003                  2.4871053158459599E-003                  4.9018302419734456E-023                  0.0000000000000000E+000                  0.0000000000000000E+000 
                                     250                  1.0499819233173271E+000                  3.0201088048750813E-001                  4.5322293301879872E+000                  7.2995589673723078E+000                  1.2204726285746881E-041                  7.3279999999999990E-001                  2.7137132103714853E-005                  2.5497286286789628E-001                  2.1025988500795504E-003                  6.1630907196949872E-004                  5.7221218635412083E-003                  1.2718648985637696E-003                  2.4871053158459599E-003                  5.0521153377283960E-023                  0.0000000000000000E+000                  0.0000000000000000E+000 
                                     251                  1.0499811775813057E+000                  3.0194880195617763E-001                  4.5361551981847459E+000                  7.3019532289394036E+000                  1.3014858352342704E-041                  7.3279999999999990E-001                  2.7137132103714853E-005                  2.5497286286789628E-001                  2.1025988500795504E-003                  6.1630907196949872E-004                  5.7221218635412083E-003                  1.2718648985637696E-003                  2.4871053158459599E-003                  5.2058727492042628E-023                  0.0000000000000000E+000                  0.0000000000000000E+000 
                                     252                  1.0499804054774904E+000                  3.0188637129277285E-001                  4.5400853873157763E+000                  7.3044365916973932E+000                  1.3875671128563514E-041                  7.3279999999999990E-001                  2.7137132103714853E-005                  2.5497286286789628E-001                  2.1025988500795504E-003                  6.1630907196949872E-004                  5.7221218635412083E-003                  1.2718648985637696E-003                  2.4871053158459599E-003                  5.3631819474724807E-023                  0.0000000000000000E+000                  0.0000000000000000E+000 
                                     253                  1.0499796060813598E+000                  3.0182357356543299E-001                  4.5440206478183134E+000                  7.3070058997799565E+000                  1.4790227040697511E-041                  7.3279999999999990E-001                  2.7137132103714853E-005                  2.5497286286789628E-001                  2.1025988500795504E-003                  6.1630907196949872E-004                  5.7221218635412083E-003                  1.2718648985637696E-003                  2.4871053158459599E-003                  5.5241236942189570E-023                  0.0000000000000000E+000                  0.0000000000000000E+000 
                                     254                  1.0499787784362973E+000                  3.0176039405976912E-001                  4.5479617126521941E+000                  7.3096581817243207E+000                  1.5761767950634331E-041                  7.3279999999999990E-001                  2.7137132103714853E-005                  2.5497286286789628E-001                  2.1025988500795504E-003                  6.1630907196949872E-004                  5.7221218635412083E-003                  1.2718648985637696E-003                  2.4871053158459599E-003                  5.6887800611698310E-023                  0.0000000000000000E+000                  0.0000000000000000E+000 
                                     255                  1.0499779215524894E+000                  3.0169681825254657E-001                  4.5519093009454696E+000                  7.3123906495595588E+000                  1.6793724894452841E-041                  7.3279999999999990E-001                  2.7137132103714853E-005                  2.5497286286789628E-001                  2.1025988500795504E-003                  6.1630907196949872E-004                  5.7221218635412083E-003                  1.2718648985637696E-003                  2.4871053158459599E-003                  5.8572342887824744E-023                  0.0000000000000000E+000                  0.0000000000000000E+000 
                                     256                  1.0499770344057890E+000                  3.0163283178543715E-001                  4.5558641197019485E+000                  7.3152006895627482E+000                  1.7889728585166321E-041                  7.3279999999999990E-001                  2.7137132103714853E-005                  2.5497286286789628E-001                  2.1025988500795504E-003                  6.1630907196949872E-004                  5.7221218635412083E-003                  1.2718648985637696E-003                  2.4871053158459599E-003                  6.0295707472324757E-023                  0.0000000000000000E+000                  0.0000000000000000E+000 
                                     257                  1.0499761159365382E+000                  3.0156842043998311E-001                  4.5598268650362792E+000                  7.3180858512725191E+000                  1.9053620555940331E-041                  7.3279999999999990E-001                  2.7137132103714853E-005                  2.5497286286789628E-001                  2.1025988500795504E-003                  6.1630907196949872E-004                  5.7221218635412083E-003                  1.2718648985637696E-003                  2.4871053158459599E-003                  6.2058749285914589E-023                  0.0000000000000000E+000                  0.0000000000000000E+000 
                                     258                  1.0499751650483524E+000                  3.0150357011399387E-001                  4.5637982232533254E+000                  7.3210438340747199E+000                  2.0289465043755489E-041                  7.3279999999999990E-001                  2.7137132103714853E-005                  2.5497286286789628E-001                  2.1025988500795504E-003                  6.1630907196949872E-004                  5.7221218635412083E-003                  1.2718648985637696E-003                  2.4871053158459599E-003                  6.3862334866046098E-023                  0.0000000000000000E+000                  0.0000000000000000E+000 
                                     259                  1.0499741806068641E+000                  3.0143826679971952E-001                  4.5677788715208152E+000                  7.3240724665618426E+000                  2.1601561951236777E-041                  7.3279999999999990E-001                  2.7137132103714853E-005                  2.5497286286789628E-001                  2.1025988500795504E-003                  6.1630907196949872E-004                  5.7221218635412083E-003                  1.2718648985637696E-003                  2.4871053158459599E-003                  6.5707344079297355E-023                  0.0000000000000000E+000                  0.0000000000000000E+000 
                                     260                  1.0499731614384231E+000                  3.0137249656490245E-001                  4.5717694786552849E+000                  7.3271697095717938E+000                  2.2994459468162242E-041                  7.3279999999999990E-001                  2.7137132103714853E-005                  2.5497286286789628E-001                  2.1025988500795504E-003                  6.1630907196949872E-004                  5.7221218635412083E-003                  1.2718648985637696E-003                  2.4871053158459599E-003                  6.7594668468964748E-023                  0.0000000000000000E+000                  0.0000000000000000E+000 
                                     261                  1.0499721063287539E+000                  3.0130624553315760E-001                  4.5757707064285960E+000                  7.3303336533192773E+000                  2.4472967553454249E-041                  7.3279999999999990E-001                  2.7137132103714853E-005                  2.5497286286789628E-001                  2.1025988500795504E-003                  6.1630907196949872E-004                  5.7221218635412083E-003                  1.2718648985637696E-003                  2.4871053158459599E-003                  6.9525210385034268E-023                  0.0000000000000000E+000                  0.0000000000000000E+000 
                                     262                  1.0499710140215668E+000                  3.0123949986450632E-001                  4.5797832109491212E+000                  7.3335625106497506E+000                  2.6042172283122190E-041                  7.3279999999999990E-001                  2.7137132103714853E-005                  2.5497286286789628E-001                  2.1025988500795504E-003                  6.1630907196949872E-004                  5.7221218635412083E-003                  1.2718648985637696E-003                  2.4871053158459599E-003                  7.1499882678589839E-023                  0.0000000000000000E+000                  0.0000000000000000E+000 
                                     263                  1.0499698832171227E+000                  3.0117224573662293E-001                  4.5838076434859616E+000                  7.3368546076697232E+000                  2.7707451122132969E-041                  7.3279999999999990E-001                  2.7137132103714853E-005                  2.5497286286789628E-001                  2.1025988500795504E-003                  6.1630907196949872E-004                  5.7221218635412083E-003                  1.2718648985637696E-003                  2.4871053158459599E-003                  7.3519608890052164E-023                  0.0000000000000000E+000                  0.0000000000000000E+000 
                                     264                  1.0499687125707495E+000                  3.0110446932719059E-001                  4.5878446489585647E+000                  7.3402083651370891E+000                  2.9474489686955927E-041                  7.3279999999999990E-001                  2.7137132103714853E-005                  2.5497286286789628E-001                  2.1025988500795504E-003                  6.1630907196949872E-004                  5.7221218635412083E-003                  1.2718648985637696E-003                  2.4871053158459599E-003                  7.5585325206158402E-023                  0.0000000000000000E+000                  0.0000000000000000E+000 
                                     265                  1.0499675006913092E+000                  3.0103615679883411E-001                  4.5918948643044502E+000                  7.3436222965036748E+000                  3.1349298482359041E-041                  7.3279999999999990E-001                  2.7137132103714853E-005                  2.5497286286789628E-001                  2.1025988500795504E-003                  6.1630907196949872E-004                  5.7221218635412083E-003                  1.2718648985637696E-003                  2.4871053158459599E-003                  7.7697979837998487E-023                  0.0000000000000000E+000                  0.0000000000000000E+000 
                                     266                  1.0499662461396129E+000                  3.0096729428407698E-001                  4.5959589192939161E+000                  7.3470950055566560E+000                  3.3338230470025494E-041                  7.3279999999999990E-001                  2.7137132103714853E-005                  2.5497286286789628E-001                  2.1025988500795504E-003                  6.1630907196949872E-004                  5.7221218635412083E-003                  1.2718648985637696E-003                  2.4871053158459599E-003                  7.9858532366884700E-023                  0.0000000000000000E+000                  0.0000000000000000E+000 
                                     267                  1.0499649474267829E+000                  3.0089786787036144E-001                  4.6000374379936346E+000                  7.3506251825464304E+000                  3.5447999653815226E-041                  7.3279999999999990E-001                  2.7137132103714853E-005                  2.5497286286789628E-001                  2.1025988500795504E-003                  6.1630907196949872E-004                  5.7221218635412083E-003                  1.2718648985637696E-003                  2.4871053158459599E-003                  8.2067953410846394E-023                  0.0000000000000000E+000                  0.0000000000000000E+000 
                                     268                  1.0499636030125605E+000                  3.0082786358535107E-001                  4.6041310392503521E+000                  7.3542115992517969E+000                  3.7685700696374017E-041                  7.3279999999999990E-001                  2.7137132103714853E-005                  2.5497286286789628E-001                  2.1025988500795504E-003                  6.1630907196949872E-004                  5.7221218635412083E-003                  1.2718648985637696E-003                  2.4871053158459599E-003                  8.4327224477680149E-023                  0.0000000000000000E+000                  0.0000000000000000E+000 
                                     269                  1.0499622113035556E+000                  3.0075726738267977E-001                  4.6082403335652433E+000                  7.3578530989007813E+000                  4.0058830033335533E-041                  7.3279999999999990E-001                  2.7137132103714853E-005                  2.5497286286789628E-001                  2.1025988500795504E-003                  6.1630907196949872E-004                  5.7221218635412083E-003                  1.2718648985637696E-003                  2.4871053158459599E-003                  8.6637338890064219E-023                  0.0000000000000000E+000                  0.0000000000000000E+000 
                                     270                  1.0499607706514409E+000                  3.0068606512899293E-001                  4.6123659199434268E+000                  7.3615485850371334E+000                  4.2575308402282364E-041                  7.3279999999999990E-001                  2.7137132103714853E-005                  2.5497286286789628E-001                  2.1025988500795504E-003                  6.1630907196949872E-004                  5.7221218635412083E-003                  1.2718648985637696E-003                  2.4871053158459599E-003                  8.8999303252876049E-023                  0.0000000000000000E+000                  0.0000000000000000E+000 
                                     271                  1.0499592793510810E+000                  3.0061424259250497E-001                  4.6165083863475962E+000                  7.3652970176811108E+000                  4.5243503959879432E-041                  7.3279999999999990E-001                  2.7137132103714853E-005                  2.5497286286789628E-001                  2.1025988500795504E-003                  6.1630907196949872E-004                  5.7221218635412083E-003                  1.2718648985637696E-003                  2.4871053158459599E-003                  9.1414137500768149E-023                  0.0000000000000000E+000                  0.0000000000000000E+000 
                                     272                  1.0499577356386056E+000                  3.0054178543192145E-001                  4.6206683109520812E+000                  7.3690974125231721E+000                  4.8072256374570552E-041                  7.3279999999999990E-001                  2.7137132103714853E-005                  2.5497286286789628E-001                  2.1025988500795504E-003                  6.1630907196949872E-004                  5.7221218635412083E-003                  1.2718648985637696E-003                  2.4871053158459599E-003                  9.3882874483246980E-023                  0.0000000000000000E+000                  0.0000000000000000E+000 
                                     273                  1.0499561376894111E+000                  3.0046867918522197E-001                  4.6248462618454216E+000                  7.3729488397256180E+000                  5.1070902116917056E-041                  7.3279999999999990E-001                  2.7137132103714853E-005                  2.5497286286789628E-001                  2.1025988500795504E-003                  6.1630907196949872E-004                  5.7221218635412083E-003                  1.2718648985637696E-003                  2.4871053158459599E-003                  9.6406559491449214E-023                  0.0000000000000000E+000                  0.0000000000000000E+000 
                                     274                  1.0499544836161019E+000                  3.0039490925835310E-001                  4.6290427929256142E+000                  7.3768504217804471E+000                  5.4249301179172086E-041                  7.3279999999999990E-001                  2.7137132103714853E-005                  2.5497286286789628E-001                  2.1025988500795504E-003                  6.1630907196949872E-004                  5.7221218635412083E-003                  1.2718648985637696E-003                  2.4871053158459599E-003                  9.8986250058959902E-023                  0.0000000000000000E+000                  0.0000000000000000E+000 
                                     275                  1.0499527714663583E+000                  3.0032046091397818E-001                  4.6332584405146111E+000                  7.3808013122969189E+000                  5.7617867649679946E-041                  7.3279999999999990E-001                  2.7137132103714853E-005                  2.5497286286789628E-001                  2.1025988500795504E-003                  6.1630907196949872E-004                  5.7221218635412083E-003                  1.2718648985637696E-003                  2.4871053158459599E-003                  1.0162302027042704E-022                  0.0000000000000000E+000                  0.0000000000000000E+000 
                                     276                  1.0499509992207365E+000                  3.0024531926357850E-001                  4.6374937236384746E+000                  7.3848006911158750E+000                  6.1187600350709847E-041                  7.3279999999999990E-001                  2.7137132103714853E-005                  2.5497286286789628E-001                  2.1025988500795504E-003                  6.1630907196949872E-004                  5.7221218635412083E-003                  1.2718648985637696E-003                  2.4871053158459599E-003                  1.0431796179618133E-022                  0.0000000000000000E+000                  0.0000000000000000E+000 
                                     277                  1.0499491647903922E+000                  3.0016946926023880E-001                  4.6417491447422305E+000                  7.3888477630395162E+000                  6.4970114731501442E-041                  7.3279999999999990E-001                  2.7137132103714853E-005                  2.5497286286789628E-001                  2.1025988500795504E-003                  6.1630907196949872E-004                  5.7221218635412083E-003                  1.2718648985637696E-003                  2.4871053158459599E-003                  1.0707218419954652E-022                  0.0000000000000000E+000                  0.0000000000000000E+000 
                                     278                  1.0499472660147320E+000                  3.0009289569151282E-001                  4.6460251882850923E+000                  7.3929417682315428E+000                  6.8977674601158525E-041                  7.3279999999999990E-001                  2.7137132103714853E-005                  2.5497286286789628E-001                  2.1025988500795504E-003                  6.1630907196949872E-004                  5.7221218635412083E-003                  1.2718648985637696E-003                  2.4871053158459599E-003                  1.0988681223396934E-022                  0.0000000000000000E+000                  0.0000000000000000E+000 
                                     279                  1.0499453006589832E+000                  3.0001558317029359E-001                  4.6503223166048659E+000                  7.3970819770920029E+000                  7.3223227580833068E-041                  7.3279999999999990E-001                  2.7137132103714853E-005                  2.5497286286789628E-001                  2.1025988500795504E-003                  6.1630907196949872E-004                  5.7221218635412083E-003                  1.2718648985637696E-003                  2.4871053158459599E-003                  1.1276298679709066E-022                  0.0000000000000000E+000                  0.0000000000000000E+000 
                                     280                  1.0499432664116866E+000                  2.9993751612635855E-001                  4.6546409674053795E+000                  7.4012676653415186E+000                  7.7720446148634915E-041                  7.3279999999999990E-001                  2.7137132103714853E-005                  2.5497286286789628E-001                  2.1025988500795504E-003                  6.1630907196949872E-004                  5.7221218635412083E-003                  1.2718648985637696E-003                  2.4871053158459599E-003                  1.1570187147628997E-022                  0.0000000000000000E+000                  0.0000000000000000E+000 
                                     281                  1.0499411608821023E+000                  2.9985867880222061E-001                  4.6589815537213806E+000                  7.4054981106202202E+000                  8.2483768035076400E-041                  7.3279999999999990E-001                  2.7137132103714853E-005                  2.5497286286789628E-001                  2.1025988500795504E-003                  6.1630907196949872E-004                  5.7221218635412083E-003                  1.2718648985637696E-003                  2.4871053158459599E-003                  1.1870465405483052E-022                  0.0000000000000000E+000                  0.0000000000000000E+000 
                                     282                  1.0499389815975328E+000                  2.9977905524959575E-001                  4.6633444637307040E+000                  7.4097725939105148E+000                  8.7528438060218264E-041                  7.3279999999999990E-001                  2.7137132103714853E-005                  2.5497286286789628E-001                  2.1025988500795504E-003                  6.1630907196949872E-004                  5.7221218635412083E-003                  1.2718648985637696E-003                  2.4871053158459599E-003                  1.2177254683841986E-022                  0.0000000000000000E+000                  0.0000000000000000E+000 
                                     283                  1.0499367260005554E+000                  2.9969862932563174E-001                  4.6677300586308776E+000                  7.4140904194580202E+000                  9.2870548200049710E-041                  7.3279999999999990E-001                  2.7137132103714853E-005                  2.5497286286789628E-001                  2.1025988500795504E-003                  6.1630907196949872E-004                  5.7221218635412083E-003                  1.2718648985637696E-003                  2.4871053158459599E-003                  1.2490678147759858E-022                  0.0000000000000000E+000                  0.0000000000000000E+000 
                                     284                  1.0499343914461641E+000                  2.9961738468542048E-001                  4.6721386695958396E+000                  7.4184508962765596E+000                  9.8527087234096306E-041                  7.3279999999999990E-001                  2.7137132103714853E-005                  2.5497286286789628E-001                  2.1025988500795504E-003                  6.1630907196949872E-004                  5.7221218635412083E-003                  1.2718648985637696E-003                  2.4871053158459599E-003                  1.2810861451493745E-022                  0.0000000000000000E+000                  0.0000000000000000E+000 
                                     285                  1.0499319751988161E+000                  2.9953530477782564E-001                  4.6765705963682720E+000                  7.4228533220700372E+000                  1.0451599362456441E-040                  7.3279999999999990E-001                  2.7137132103714853E-005                  2.5497286286789628E-001                  2.1025988500795504E-003                  6.1630907196949872E-004                  5.7221218635412083E-003                  1.2718648985637696E-003                  2.4871053158459599E-003                  1.3137933297560149E-022                  0.0000000000000000E+000                  0.0000000000000000E+000 
                                     286                  1.0499294744293832E+000                  2.9945237284436960E-001                  4.6810261066536158E+000                  7.4272969818124075E+000                  1.1085620876427002E-040                  7.3279999999999990E-001                  2.7137132103714853E-005                  2.5497286286789628E-001                  2.1025988500795504E-003                  6.1630907196949872E-004                  5.7221218635412083E-003                  1.2718648985637696E-003                  2.4871053158459599E-003                  1.3472025614957415E-022                  0.0000000000000000E+000                  0.0000000000000000E+000 
                                     287                  1.0499268862119993E+000                  2.9936857191854510E-001                  4.6855054352093655E+000                  7.4317811565165961E+000                  1.1756773058317186E-040                  7.3279999999999990E-001                  2.7137132103714853E-005                  2.5497286286789628E-001                  2.1025988500795504E-003                  6.1630907196949872E-004                  5.7221218635412083E-003                  1.2718648985637696E-003                  2.4871053158459599E-003                  1.3813273415647784E-022                  0.0000000000000000E+000                  0.0000000000000000E+000 
                                     288                  1.0499242075208062E+000                  2.9928388482358953E-001                  4.6900087823457488E+000                  7.4363051314669484E+000                  1.2467166962692274E-040                  7.3279999999999990E-001                  2.7137132103714853E-005                  2.5497286286789628E-001                  2.1025988500795504E-003                  6.1630907196949872E-004                  5.7221218635412083E-003                  1.2718648985637696E-003                  2.4871053158459599E-003                  1.4161814631541597E-022                  0.0000000000000000E+000                  0.0000000000000000E+000 
                                     289                  1.0499214352265904E+000                  2.9919829416872873E-001                  4.6945363124015449E+000                  7.4408681736328530E+000                  1.3219031690689613E-040                  7.3279999999999990E-001                  2.7137132103714853E-005                  2.5497286286789628E-001                  2.1025988500795504E-003                  6.1630907196949872E-004                  5.7221218635412083E-003                  1.2718648985637696E-003                  2.4871053158459599E-003                  1.4517790967477281E-022                  0.0000000000000000E+000                  0.0000000000000000E+000 
                                     290                  1.0499185660933121E+000                  2.9911178234992858E-001                  4.6990881525438040E+000                  7.4454695271188855E+000                  1.4014721178779839E-040                  7.3279999999999990E-001                  2.7137132103714853E-005                  2.5497286286789628E-001                  2.1025988500795504E-003                  6.1630907196949872E-004                  5.7221218635412083E-003                  1.2718648985637696E-003                  2.4871053158459599E-003                  1.4881348246667798E-022                  0.0000000000000000E+000                  0.0000000000000000E+000 
                                     291                  1.0499155967745164E+000                  2.9902433155181773E-001                  4.7036643916615830E+000                  7.4501084140285938E+000                  1.4856721237155103E-040                  7.3279999999999990E-001                  2.7137132103714853E-005                  2.5497286286789628E-001                  2.1025988500795504E-003                  6.1630907196949872E-004                  5.7221218635412083E-003                  1.2718648985637696E-003                  2.4871053158459599E-003                  1.5252636588630207E-022                  0.0000000000000000E+000                  0.0000000000000000E+000 
                                     292                  1.0499125238096292E+000                  2.9893592374975220E-001                  4.7082650800803005E+000                  7.4547840504623393E+000                  1.5747656446900947E-040                  7.3279999999999990E-001                  2.7137132103714853E-005                  2.5497286286789628E-001                  2.1025988500795504E-003                  6.1630907196949872E-004                  5.7221218635412083E-003                  1.2718648985637696E-003                  2.4871053158459599E-003                  1.5631810034762267E-022                  0.0000000000000000E+000                  0.0000000000000000E+000 
                                     293                  1.0499093436201297E+000                  2.9884654070891326E-001                  4.7128902295252093E+000                  7.4594956384106856E+000                  1.6690298223161140E-040                  7.3279999999999990E-001                  2.7137132103714853E-005                  2.5497286286789628E-001                  2.1025988500795504E-003                  6.1630907196949872E-004                  5.7221218635412083E-003                  1.2718648985637696E-003                  2.4871053158459599E-003                  1.6019027013547476E-022                  0.0000000000000000E+000                  0.0000000000000000E+000 
                                     294                  1.0499060525055990E+000                  2.9875616398525323E-001                  4.7175398121429870E+000                  7.4642423569526919E+000                  1.7687573447741024E-040                  7.3279999999999990E-001                  2.7137132103714853E-005                  2.5497286286789628E-001                  2.1025988500795504E-003                  6.1630907196949872E-004                  5.7221218635412083E-003                  1.2718648985637696E-003                  2.4871053158459599E-003                  1.6414450873416685E-022                  0.0000000000000000E+000                  0.0000000000000000E+000 
                                     295                  1.0499026466396375E+000                  2.9866477492855525E-001                  4.7222137591301534E+000                  7.4690233613116552E+000                  1.8742573389113380E-040                  7.3279999999999990E-001                  2.7137132103714853E-005                  2.5497286286789628E-001                  2.1025988500795504E-003                  6.1630907196949872E-004                  5.7221218635412083E-003                  1.2718648985637696E-003                  2.4871053158459599E-003                  1.6818250179046495E-022                  0.0000000000000000E+000                  0.0000000000000000E+000 
                                     296                  1.0498991220656497E+000                  2.9857235468607540E-001                  4.7269119607815444E+000                  7.4738377895226629E+000                  1.9858562799327309E-040                  7.3279999999999990E-001                  2.7137132103714853E-005                  2.5497286286789628E-001                  2.1025988500795504E-003                  6.1630907196949872E-004                  5.7221218635412083E-003                  1.2718648985637696E-003                  2.4871053158459599E-003                  1.7230598695535170E-022                  0.0000000000000000E+000                  0.0000000000000000E+000 
                                     297                  1.0498954746924907E+000                  2.9847888420516094E-001                  4.7316342681029235E+000                  7.4786847662081088E+000                  2.1038989629028785E-040                  7.3279999999999990E-001                  2.7137132103714853E-005                  2.5497286286789628E-001                  2.1025988500795504E-003                  6.1630907196949872E-004                  5.7221218635412083E-003                  1.2718648985637696E-003                  2.4871053158459599E-003                  1.7651675485063612E-022                  0.0000000000000000E+000                  0.0000000000000000E+000 
                                     298                  1.0498917002899710E+000                  2.9838434423539617E-001                  4.7363804931005831E+000                  7.4835633968019515E+000                  2.2287495740237480E-040                  7.3279999999999990E-001                  2.7137132103714853E-005                  2.5497286286789628E-001                  2.1025988500795504E-003                  6.1630907196949872E-004                  5.7221218635412083E-003                  1.2718648985637696E-003                  2.4871053158459599E-003                  1.8081665386259348E-022                  0.0000000000000000E+000                  0.0000000000000000E+000 
                                     299                  1.0498877944842140E+000                  2.9828871533233975E-001                  4.7411504074911930E+000                  7.4884727658871997E+000                  2.3607928124644841E-040                  7.3279999999999990E-001                  2.7137132103714853E-005                  2.5497286286789628E-001                  2.1025988500795504E-003                  6.1630907196949872E-004                  5.7221218635412083E-003                  1.2718648985637696E-003                  2.4871053158459599E-003                  1.8520759367984163E-022                  0.0000000000000000E+000                  0.0000000000000000E+000 
                                     300                  1.0498837527528622E+000                  2.9819197786203910E-001                  4.7459437426505842E+000                  7.4934119356593412E+000                  2.5004350799633762E-040                  7.3279999999999990E-001                  2.7137132103714853E-005                  2.5497286286789628E-001                  2.1025988500795504E-003                  6.1630907196949872E-004                  5.7221218635412083E-003                  1.2718648985637696E-003                  2.4871053158459599E-003                  1.8969154891304348E-022                  0.0000000000000000E+000                  0.0000000000000000E+000 
                                     301                  1.0498795704201285E+000                  2.9809411200633984E-001                  4.7507601922854867E+000                  7.4983799483625582E+000                  2.6481057221414759E-040                  7.3279999999999990E-001                  2.7137132103714853E-005                  2.5497286286789628E-001                  2.1025988500795504E-003                  6.1630907196949872E-004                  5.7221218635412083E-003                  1.2718648985637696E-003                  2.4871053158459599E-003                  1.9427056122165893E-022                  0.0000000000000000E+000                  0.0000000000000000E+000 
                                     302                  1.0498752426516873E+000                  2.9799509776812821E-001                  4.7555994142766336E+000                  7.5033758325586719E+000                  2.8042583163652275E-040                  7.3279999999999990E-001                  2.7137132103714853E-005                  2.5497286286789628E-001                  2.1025988500795504E-003                  6.1630907196949872E-004                  5.7221218635412083E-003                  1.2718648985637696E-003                  2.4871053158459599E-003                  1.9894673958597657E-022                  0.0000000000000000E+000                  0.0000000000000000E+000 
                                     303                  1.0498707644493972E+000                  2.9789491497560533E-001                  4.7604610299126779E+000                  7.5083986030994181E+000                  2.9693720697837472E-040                  7.3279999999999990E-001                  2.7137132103714853E-005                  2.5497286286789628E-001                  2.1025988500795504E-003                  6.1630907196949872E-004                  5.7221218635412083E-003                  1.2718648985637696E-003                  2.4871053158459599E-003                  2.0372226336931120E-022                  0.0000000000000000E+000                  0.0000000000000000E+000 
                                     304                  1.0498661306458554E+000                  2.9779354328698077E-001                  4.7653446238143875E+000                  7.5134472597191717E+000                  3.1439533117904002E-040                  7.3279999999999990E-001                  2.7137132103714853E-005                  2.5497286286789628E-001                  2.1025988500795504E-003                  6.1630907196949872E-004                  5.7221218635412083E-003                  1.2718648985637696E-003                  2.4871053158459599E-003                  2.0859938620712342E-022                  0.0000000000000000E+000                  0.0000000000000000E+000 
                                     305                  1.0498613358987725E+000                  2.9769096219592817E-001                  4.7702497469149545E+000                  7.5185207878125464E+000                  3.3285370624518314E-040                  7.3279999999999990E-001                  2.7137132103714853E-005                  2.5497286286789628E-001                  2.1025988500795504E-003                  6.1630907196949872E-004                  5.7221218635412083E-003                  1.2718648985637696E-003                  2.4871053158459599E-003                  2.1358043899402657E-022                  0.0000000000000000E+000                  0.0000000000000000E+000 
                                     306                  1.0498563746851657E+000                  2.9758715103732181E-001                  4.7751759192551786E+000                  7.5236181674472835E+000                  3.5236886285689193E-040                  7.3279999999999990E-001                  2.7137132103714853E-005                  2.5497286286789628E-001                  2.1025988500795504E-003                  6.1630907196949872E-004                  5.7221218635412083E-003                  1.2718648985637696E-003                  2.4871053158459599E-003                  2.1866782874116422E-022                  0.0000000000000000E+000                  0.0000000000000000E+000 
                                     307                  1.0498512412953653E+000                  2.9748208899126688E-001                  4.7801226298955202E+000                  7.5287383743595395E+000                  3.7300053443115477E-040                  7.3279999999999990E-001                  2.7137132103714853E-005                  2.5497286286789628E-001                  2.1025988500795504E-003                  6.1630907196949872E-004                  5.7221218635412083E-003                  1.2718648985637696E-003                  2.4871053158459599E-003                  2.2386404114609374E-022                  0.0000000000000000E+000                  0.0000000000000000E+000 
                                     308                  1.0498459298268246E+000                  2.9737575508724534E-001                  4.7850893368680909E+000                  7.5338803766060218E+000                  3.9481184534282532E-040                  7.3279999999999990E-001                  2.7137132103714853E-005                  2.5497286286789628E-001                  2.1025988500795504E-003                  6.1630907196949872E-004                  5.7221218635412083E-003                  1.2718648985637696E-003                  2.4871053158459599E-003                  2.2917164559898736E-022                  0.0000000000000000E+000                  0.0000000000000000E+000 
                                     309                  1.0498404341777323E+000                  2.9726812820944809E-001                  4.7900754692794187E+000                  7.5390431282871848E+000                  4.1786951404038022E-040                  7.3279999999999990E-001                  2.7137132103714853E-005                  2.5497286286789628E-001                  2.1025988500795504E-003                  6.1630907196949872E-004                  5.7221218635412083E-003                  1.2718648985637696E-003                  2.4871053158459599E-003                  2.3459330216372046E-022                  0.0000000000000000E+000                  0.0000000000000000E+000 
                                     310                  1.0498347480404171E+000                  2.9715918710410072E-001                  4.7950804295203389E+000                  7.5442255816900685E+000                  4.4224405151239522E-040                  7.3279999999999990E-001                  2.7137132103714853E-005                  2.5497286286789628E-001                  2.1025988500795504E-003                  6.1630907196949872E-004                  5.7221218635412083E-003                  1.2718648985637696E-003                  2.4871053158459599E-003                  2.4013175875191700E-022                  0.0000000000000000E+000                  0.0000000000000000E+000 
                                     311                  1.0498288648945393E+000                  2.9704891038423459E-001                  4.8001035934843550E+000                  7.5494266903044274E+000                  4.6800997822355930E-040                  7.3279999999999990E-001                  2.7137132103714853E-005                  2.5497286286789628E-001                  2.1025988500795504E-003                  6.1630907196949872E-004                  5.7221218635412083E-003                  1.2718648985637696E-003                  2.4871053158459599E-003                  2.4578985281874406E-022                  0.0000000000000000E+000                  0.0000000000000000E+000 
                                     312                  1.0498227780000655E+000                  2.9693727653404056E-001                  4.8051443107875746E+000                  7.5546454040496611E+000                  4.9524606149185079E-040                  7.3279999999999990E-001                  2.7137132103714853E-005                  2.5497286286789628E-001                  2.1025988500795504E-003                  6.1630907196949872E-004                  5.7221218635412083E-003                  1.2718648985637696E-003                  2.4871053158459599E-003                  2.5157051740504137E-022                  0.0000000000000000E+000                  0.0000000000000000E+000 
                                     313                  1.0498164803900178E+000                  2.9682426391478350E-001                  4.8102019066952781E+000                  7.5598806587627356E+000                  5.2403557588993525E-040                  7.3279999999999990E-001                  2.7137132103714853E-005                  2.5497286286789628E-001                  2.1025988500795504E-003                  6.1630907196949872E-004                  5.7221218635412083E-003                  1.2718648985637696E-003                  2.4871053158459599E-003                  2.5747679140427157E-022                  0.0000000000000000E+000                  0.0000000000000000E+000 
                                     314                  1.0498099648629935E+000                  2.9670985077389100E-001                  4.8152756841562558E+000                  7.5651313915325220E+000                  5.5446655017451370E-040                  7.3279999999999990E-001                  2.7137132103714853E-005                  2.5497286286789628E-001                  2.1025988500795504E-003                  6.1630907196949872E-004                  5.7221218635412083E-003                  1.2718648985637696E-003                  2.4871053158459599E-003                  2.6351181470917445E-022                  0.0000000000000000E+000                  0.0000000000000000E+000 
                                     315                  1.0498032239754425E+000                  2.9659401525053913E-001                  4.8203649242872713E+000                  7.5703965449516133E+000                  5.8663203894559204E-040                  7.3279999999999990E-001                  2.7137132103714853E-005                  2.5497286286789628E-001                  2.1025988500795504E-003                  6.1630907196949872E-004                  5.7221218635412083E-003                  1.2718648985637696E-003                  2.4871053158459599E-003                  2.6967882930535982E-022                  0.0000000000000000E+000                  0.0000000000000000E+000 
                                     316                  1.0497962500336995E+000                  2.9647673538044195E-001                  4.8254688872634643E+000                  7.5756750629667158E+000                  6.2063042116465990E-040                  7.3279999999999990E-001                  2.7137132103714853E-005                  2.5497286286789628E-001                  2.1025988500795504E-003                  6.1630907196949872E-004                  5.7221218635412083E-003                  1.2718648985637696E-003                  2.4871053158459599E-003                  2.7598118571168094E-022                  0.0000000000000000E+000                  0.0000000000000000E+000 
                                     317                  1.0497890350857590E+000                  2.9635798910206118E-001                  4.8305868156766403E+000                  7.5809658834499549E+000                  6.5656572302805360E-040                  7.3279999999999990E-001                  2.7137132103714853E-005                  2.5497286286789628E-001                  2.1025988500795504E-003                  6.1630907196949872E-004                  5.7221218635412083E-003                  1.2718648985637696E-003                  2.4871053158459599E-003                  2.8242235207606255E-022                  0.0000000000000000E+000                  0.0000000000000000E+000 
                                     318                  1.0497815709127893E+000                  2.9623775426523635E-001                  4.8357179378191528E+000                  7.5862679543720546E+000                  6.9454792598481645E-040                  7.3279999999999990E-001                  2.7137132103714853E-005                  2.5497286286789628E-001                  2.1025988500795504E-003                  6.1630907196949872E-004                  5.7221218635412083E-003                  1.2718648985637696E-003                  2.4871053158459599E-003                  2.8900590797465542E-022                  0.0000000000000000E+000                  0.0000000000000000E+000 
                                     319                  1.0497738490203721E+000                  2.9611600863577892E-001                  4.8408614686517621E+000                  7.5915802374480110E+000                  7.3469330742913353E-040                  7.3279999999999990E-001                  2.7137132103714853E-005                  2.5497286286789628E-001                  2.1025988500795504E-003                  6.1630907196949872E-004                  5.7221218635412083E-003                  1.2718648985637696E-003                  2.4871053158459599E-003                  2.9573554560719057E-022                  0.0000000000000000E+000                  0.0000000000000000E+000 
                                     320                  1.0497658606294655E+000                  2.9599272989925807E-001                  4.8460166114482295E+000                  7.5969017037474220E+000                  7.7712481443424872E-040                  7.3279999999999990E-001                  2.7137132103714853E-005                  2.5497286286789628E-001                  2.1025988500795504E-003                  6.1630907196949872E-004                  5.7221218635412083E-003                  1.2718648985637696E-003                  2.4871053158459599E-003                  3.0261507662117358E-022                  0.0000000000000000E+000                  0.0000000000000000E+000 
                                     321                  1.0497575966670771E+000                  2.9586789566620847E-001                  4.8511825622754978E+000                  7.6022313299739173E+000                  8.2197246045885406E-040                  7.3279999999999990E-001                  2.7137132103714853E-005                  2.5497286286789628E-001                  2.1025988500795504E-003                  6.1630907196949872E-004                  5.7221218635412083E-003                  1.2718648985637696E-003                  2.4871053158459599E-003                  3.0964843897175764E-022                  0.0000000000000000E+000                  0.0000000000000000E+000 
                                     322                  1.0497490477566405E+000                  2.9574148347865947E-001                  4.8563585139434995E+000                  7.6075681142578420E+000                  8.6937370855627253E-040                  7.3279999999999990E-001                  2.7137132103714853E-005                  2.5497286286789628E-001                  2.1025988500795504E-003                  6.1630907196949872E-004                  5.7221218635412083E-003                  1.2718648985637696E-003                  2.4871053158459599E-003                  3.1683968953679293E-022                  0.0000000000000000E+000                  0.0000000000000000E+000 
                                     323                  1.0497402042080861E+000                  2.9561347081231604E-001                  4.8615436572536419E+000                  7.6129110785636769E+000                  9.1947389663638062E-040                  7.3279999999999990E-001                  2.7137132103714853E-005                  2.5497286286789628E-001                  2.1025988500795504E-003                  6.1630907196949872E-004                  5.7221218635412083E-003                  1.2718648985637696E-003                  2.4871053158459599E-003                  3.2419300555615608E-022                  0.0000000000000000E+000                  0.0000000000000000E+000 
                                     324                  1.0497310560075990E+000                  2.9548383507803549E-001                  4.8667371833496382E+000                  7.6182592604808264E+000                  9.7242670870878639E-040                  7.3279999999999990E-001                  2.7137132103714853E-005                  2.5497286286789628E-001                  2.1025988500795504E-003                  6.1630907196949872E-004                  5.7221218635412083E-003                  1.2718648985637696E-003                  2.4871053158459599E-003                  3.3171269406458921E-022                  0.0000000000000000E+000                  0.0000000000000000E+000 
                                     325                  1.0497215928070607E+000                  2.9535255362574531E-001                  4.8719382887095017E+000                  7.6236117116028677E+000                  1.0283946640240845E-039                  7.3279999999999990E-001                  2.7137132103714853E-005                  2.5497286286789628E-001                  2.1025988500795504E-003                  6.1630907196949872E-004                  5.7221218635412083E-003                  1.2718648985637696E-003                  2.4871053158459599E-003                  3.3940319723578792E-022                  0.0000000000000000E+000                  0.0000000000000000E+000 
                                     326                  1.0497118039131561E+000                  2.9521960374896361E-001                  4.8771461790093502E+000                  7.6289675165846358E+000                  1.0875495844798819E-039                  7.3279999999999990E-001                  2.7137132103714853E-005                  2.5497286286789628E-001                  2.1025988500795504E-003                  6.1630907196949872E-004                  5.7221218635412083E-003                  1.2718648985637696E-003                  2.4871053158459599E-003                  3.4726908089394729E-022                  0.0000000000000000E+000                  0.0000000000000000E+000 
                                     327                  1.0497016782761384E+000                  2.9508496268354312E-001                  4.8823600704665218E+000                  7.6343257948691035E+000                  1.1500731221784919E-039                  7.3279999999999990E-001                  2.7137132103714853E-005                  2.5497286286789628E-001                  2.1025988500795504E-003                  6.1630907196949872E-004                  5.7221218635412083E-003                  1.2718648985637696E-003                  2.4871053158459599E-003                  3.5531503572202988E-022                  0.0000000000000000E+000                  0.0000000000000000E+000 
                                     328                  1.0496912044782383E+000                  2.9494860760562402E-001                  4.8875791929946546E+000                  7.6396856899561127E+000                  1.2161573501297450E-039                  7.3279999999999990E-001                  2.7137132103714853E-005                  2.5497286286789628E-001                  2.1025988500795504E-003                  6.1630907196949872E-004                  5.7221218635412083E-003                  1.2718648985637696E-003                  2.4871053158459599E-003                  3.6354588905136977E-022                  0.0000000000000000E+000                  0.0000000000000000E+000 
                                     329                  1.0496803707217091E+000                  2.9481051563269539E-001                  4.8928027957200309E+000                  7.6450463731020326E+000                  1.2860053519400399E-039                  7.3279999999999990E-001                  2.7137132103714853E-005                  2.5497286286789628E-001                  2.1025988500795504E-003                  6.1630907196949872E-004                  5.7221218635412083E-003                  1.2718648985637696E-003                  2.4871053158459599E-003                  3.7196660514139864E-022                  0.0000000000000000E+000                  0.0000000000000000E+000 
                                     330                  1.0496691648164929E+000                  2.9467066382335888E-001                  4.8980301506056554E+000                  7.6504070615485951E+000                  1.3598317970723579E-039                  7.3279999999999990E-001                  2.7137132103714853E-005                  2.5497286286789628E-001                  2.1025988500795504E-003                  6.1630907196949872E-004                  5.7221218635412083E-003                  1.2718648985637696E-003                  2.4871053158459599E-003                  3.8058227194871119E-022                  0.0000000000000000E+000                  0.0000000000000000E+000 
                                     331                  1.0496575741675012E+000                  2.9452902917095058E-001                  4.9032605538652483E+000                  7.6557670182377366E+000                  1.4378635931242246E-039                  7.3279999999999990E-001                  2.7137132103714853E-005                  2.5497286286789628E-001                  2.1025988500795504E-003                  6.1630907196949872E-004                  5.7221218635412083E-003                  1.2718648985637696E-003                  2.4871053158459599E-003                  3.8939810267020524E-022                  0.0000000000000000E+000                  0.0000000000000000E+000 
                                     332                  1.0496455857614952E+000                  2.9438558859666397E-001                  4.9084933300551654E+000                  7.6611255371683571E+000                  1.5203406247398870E-039                  7.3279999999999990E-001                  2.7137132103714853E-005                  2.5497286286789628E-001                  2.1025988500795504E-003                  6.1630907196949872E-004                  5.7221218635412083E-003                  1.2718648985637696E-003                  2.4871053158459599E-003                  3.9841945118087642E-022                  0.0000000000000000E+000                  0.0000000000000000E+000 
                                     333                  1.0496331861535542E+000                  2.9424031894695352E-001                  4.9137278380614324E+000                  7.6664819545170335E+000                  1.6075164506406374E-039                  7.3279999999999990E-001                  2.7137132103714853E-005                  2.5497286286789628E-001                  2.1025988500795504E-003                  6.1630907196949872E-004                  5.7221218635412083E-003                  1.2718648985637696E-003                  2.4871053158459599E-003                  4.0765180391895688E-022                  0.0000000000000000E+000                  0.0000000000000000E+000 
                                     334                  1.0496203614531185E+000                  2.9409319698683328E-001                  4.9189634742123927E+000                  7.6718356651842772E+000                  1.6996590057037394E-039                  7.3279999999999990E-001                  2.7137132103714853E-005                  2.5497286286789628E-001                  2.1025988500795504E-003                  6.1630907196949872E-004                  5.7221218635412083E-003                  1.2718648985637696E-003                  2.4871053158459599E-003                  4.1710076486870880E-022                  0.0000000000000000E+000                  0.0000000000000000E+000 
                                     335                  1.0496070973096063E+000                  2.9394419938690125E-001                  4.9241996737186211E+000                  7.6771861191472812E+000                  1.7970514028218811E-039                  7.3279999999999990E-001                  2.7137132103714853E-005                  2.5497286286789628E-001                  2.1025988500795504E-003                  6.1630907196949872E-004                  5.7221218635412083E-003                  1.2718648985637696E-003                  2.4871053158459599E-003                  4.2677205834543538E-022                  0.0000000000000000E+000                  0.0000000000000000E+000 
                                     336                  1.0495933788975904E+000                  2.9379330271063964E-001                  4.9294359159169607E+000                  7.6825328011321439E+000                  1.8999928552625105E-039                  7.3279999999999990E-001                  2.7137132103714853E-005                  2.5497286286789628E-001                  2.1025988500795504E-003                  6.1630907196949872E-004                  5.7221218635412083E-003                  1.2718648985637696E-003                  2.4871053158459599E-003                  4.3667154994431585E-022                  0.0000000000000000E+000                  0.0000000000000000E+000 
                                     337                  1.0495791909015222E+000                  2.9364048340791571E-001                  4.9346717307287511E+000                  7.6878752545575049E+000                  2.0087994675250545E-039                  7.3279999999999990E-001                  2.7137132103714853E-005                  2.5497286286789628E-001                  2.1025988500795504E-003                  6.1630907196949872E-004                  5.7221218635412083E-003                  1.2718648985637696E-003                  2.4871053158459599E-003                  4.4680522281816323E-022                  0.0000000000000000E+000                  0.0000000000000000E+000 
                                     338                  1.0495645174999799E+000                  2.9348571779941240E-001                  4.9399067009946638E+000                  7.6932130969613839E+000                  2.1238050794493701E-039                  7.3279999999999990E-001                  2.7137132103714853E-005                  2.5497286286789628E-001                  2.1025988500795504E-003                  6.1630907196949872E-004                  5.7221218635412083E-003                  1.2718648985637696E-003                  2.4871053158459599E-003                  4.5717915982884106E-022                  0.0000000000000000E+000                  0.0000000000000000E+000 
                                     339                  1.0495493423494291E+000                  2.9332898205438229E-001                  4.9451404639604837E+000                  7.6985460115000395E+000                  2.2453622530294730E-039                  7.3279999999999990E-001                  2.7137132103714853E-005                  2.5497286286789628E-001                  2.1025988500795504E-003                  6.1630907196949872E-004                  5.7221218635412083E-003                  1.2718648985637696E-003                  2.4871053158459599E-003                  4.6779954966359671E-022                  0.0000000000000000E+000                  0.0000000000000000E+000 
                                     340                  1.0495336485674802E+000                  2.9317025217000048E-001                  4.9503727172216259E+000                  7.7038737232332108E+000                  2.3738434021807691E-039                  7.3279999999999990E-001                  2.7137132103714853E-005                  2.5497286286789628E-001                  2.1025988500795504E-003                  6.1630907196949872E-004                  5.7221218635412083E-003                  1.2718648985637696E-003                  2.4871053158459599E-003                  4.7867271151959004E-022                  0.0000000000000000E+000                  0.0000000000000000E+000 
                                     341                  1.0495174187156286E+000                  2.9300950395812597E-001                  4.9556032249173070E+000                  7.7091960347650375E+000                  2.5096416705085786E-039                  7.3279999999999990E-001                  2.7137132103714853E-005                  2.5497286286789628E-001                  2.1025988500795504E-003                  6.1630907196949872E-004                  5.7221218635412083E-003                  1.2718648985637696E-003                  2.4871053158459599E-003                  4.8980505327571013E-022                  0.0000000000000000E+000                  0.0000000000000000E+000 
                                     342                  1.0495006347814606E+000                  2.9284671301783927E-001                  4.9608318193247962E+000                  7.7145128378465859E+000                  2.6531719414778597E-039                  7.3279999999999990E-001                  2.7137132103714853E-005                  2.5497286286789628E-001                  2.1025988500795504E-003                  6.1630907196949872E-004                  5.7221218635412083E-003                  1.2718648985637696E-003                  2.4871053158459599E-003                  5.0120305264084503E-022                  0.0000000000000000E+000                  0.0000000000000000E+000 
                                     343                  1.0494832781603107E+000                  2.9268185470182528E-001                  4.9660584012452604E+000                  7.7198240958490780E+000                  2.8048720592795934E-039                  7.3279999999999990E-001                  2.7137132103714853E-005                  2.5497286286789628E-001                  2.1025988500795504E-003                  6.1630907196949872E-004                  5.7221218635412083E-003                  1.2718648985637696E-003                  2.4871053158459599E-003                  5.1287327146013512E-022                  0.0000000000000000E+000                  0.0000000000000000E+000 
                                     344                  1.0494653296363528E+000                  2.9251490408739850E-001                  4.9712829405737580E+000                  7.7251298176559366E+000                  2.9652041922348307E-039                  7.3279999999999990E-001                  2.7137132103714853E-005                  2.5497286286789628E-001                  2.1025988500795504E-003                  6.1630907196949872E-004                  5.7221218635412083E-003                  1.2718648985637696E-003                  2.4871053158459599E-003                  5.2482238325189762E-022                  0.0000000000000000E+000                  0.0000000000000000E+000 
                                     345                  1.0494467693631135E+000                  2.9234583595595004E-001                  4.9765054769020090E+000                  7.7304300935704884E+000                  3.1346558541446753E-039                  7.3279999999999990E-001                  2.7137132103714853E-005                  2.5497286286789628E-001                  2.1025988500795504E-003                  6.1630907196949872E-004                  5.7221218635412083E-003                  1.2718648985637696E-003                  2.4871053158459599E-003                  5.3705712405865554E-022                  0.0000000000000000E+000                  0.0000000000000000E+000 
                                     346                  1.0494275768434078E+000                  2.9217462475707590E-001                  4.9817261199072691E+000                  7.7357251011424806E+000                  3.3137411268194865E-039                  7.3279999999999990E-001                  2.7137132103714853E-005                  2.5497286286789628E-001                  2.1025988500795504E-003                  6.1630907196949872E-004                  5.7221218635412083E-003                  1.2718648985637696E-003                  2.4871053158459599E-003                  5.4958427620047320E-022                  0.0000000000000000E+000                  0.0000000000000000E+000 
                                     347                  1.0494077309086809E+000                  2.9200124456827431E-001                  4.9869450447408594E+000                  7.7410150734564143E+000                  3.5030022252964321E-039                  7.3279999999999990E-001                  2.7137132103714853E-005                  2.5497286286789628E-001                  2.1025988500795504E-003                  6.1630907196949872E-004                  5.7221218635412083E-003                  1.2718648985637696E-003                  2.4871053158459599E-003                  5.6241070145576863E-022                  0.0000000000000000E+000                  0.0000000000000000E+000 
                                     348                  1.0493872096977239E+000                  2.9182566906513685E-001                  4.9921624792234436E+000                  7.7463002678639299E+000                  3.7030111953526311E-039                  7.3279999999999990E-001                  2.7137132103714853E-005                  2.5497286286789628E-001                  2.1025988500795504E-003                  6.1630907196949872E-004                  5.7221218635412083E-003                  1.2718648985637696E-003                  2.4871053158459599E-003                  5.7554337871998324E-022                  0.0000000000000000E+000                  0.0000000000000000E+000 
                                     349                  1.0493659906347443E+000                  2.9164787150274457E-001                  4.9973786946250467E+000                  7.7515809911682458E+000                  3.9143712560314724E-039                  7.3279999999999990E-001                  2.7137132103714853E-005                  2.5497286286789628E-001                  2.1025988500795504E-003                  6.1630907196949872E-004                  5.7221218635412083E-003                  1.2718648985637696E-003                  2.4871053158459599E-003                  5.8898936740153249E-022                  0.0000000000000000E+000                  0.0000000000000000E+000 
                                     350                  1.0493440504067697E+000                  2.9146782468578236E-001                  5.0025940039445151E+000                  7.7568575996839710E+000                  4.1377183791041198E-039                  7.3279999999999990E-001                  2.7137132103714853E-005                  2.5497286286789628E-001                  2.1025988500795504E-003                  6.1630907196949872E-004                  5.7221218635412083E-003                  1.2718648985637696E-003                  2.4871053158459599E-003                  6.0275580186031604E-022                  0.0000000000000000E+000                  0.0000000000000000E+000 
                                     351                  1.0493213649403677E+000                  2.9128550093709377E-001                  5.0078087557956978E+000                  7.7621304651924001E+000                  4.3737232799621679E-039                  7.3279999999999990E-001                  2.7137132103714853E-005                  2.5497286286789628E-001                  2.1025988500795504E-003                  6.1630907196949872E-004                  5.7221218635412083E-003                  1.2718648985637696E-003                  2.4871053158459599E-003                  6.1684993601198374E-022                  0.0000000000000000E+000                  0.0000000000000000E+000 
                                     352                  1.0492979093776609E+000                  2.9110087207912133E-001                  5.0130233236741804E+000                  7.7673999620483638E+000                  4.6230933700442619E-039                  7.3279999999999990E-001                  2.7137132103714853E-005                  2.5497286286789628E-001                  2.1025988500795504E-003                  6.1630907196949872E-004                  5.7221218635412083E-003                  1.2718648985637696E-003                  2.4871053158459599E-003                  6.3127916234942211E-022                  0.0000000000000000E+000                  0.0000000000000000E+000 
                                     353                  1.0492736580516158E+000                  2.9091390942017120E-001                  5.0182381008299455E+000                  7.7726664877869700E+000                  4.8865744672630333E-039                  7.3279999999999990E-001                  2.7137132103714853E-005                  2.5497286286789628E-001                  2.1025988500795504E-003                  6.1630907196949872E-004                  5.7221218635412083E-003                  1.2718648985637696E-003                  2.4871053158459599E-003                  6.4605098140345532E-022                  0.0000000000000000E+000                  0.0000000000000000E+000 
                                     354                  1.0492485844605868E+000                  2.9072458373129434E-001                  5.0234535002818053E+000                  7.7779304614175837E+000                  5.1649527881413645E-039                  7.3279999999999990E-001                  2.7137132103714853E-005                  2.5497286286789628E-001                  2.1025988500795504E-003                  6.1630907196949872E-004                  5.7221218635412083E-003                  1.2718648985637696E-003                  2.4871053158459599E-003                  6.6117300201052938E-022                  0.0000000000000000E+000                  0.0000000000000000E+000 
                                     355                  1.0492226612420958E+000                  2.9053286522293714E-001                  5.0286699495098928E+000                  7.7831922853349766E+000                  5.4590574822844841E-039                  7.3279999999999990E-001                  2.7137132103714853E-005                  2.5497286286789628E-001                  2.1025988500795504E-003                  6.1630907196949872E-004                  5.7221218635412083E-003                  1.2718648985637696E-003                  2.4871053158459599E-003                  6.7665300024754666E-022                  0.0000000000000000E+000                  0.0000000000000000E+000 
                                     356                  1.0491958601458642E+000                  2.9033872353765278E-001                  5.0338878813050467E+000                  7.7884523453252790E+000                  5.7697629171421560E-039                  7.3279999999999990E-001                  2.7137132103714853E-005                  2.5497286286789628E-001                  2.1025988500795504E-003                  6.1630907196949872E-004                  5.7221218635412083E-003                  1.2718648985637696E-003                  2.4871053158459599E-003                  6.9249892322588532E-022                  0.0000000000000000E+000                  0.0000000000000000E+000 
                                     357                  1.0491681520060674E+000                  2.9014212774288967E-001                  5.0391077294351048E+000                  7.7937110269420460E+000                  6.0979908629022631E-039                  7.3279999999999990E-001                  2.7137132103714853E-005                  2.5497286286789628E-001                  2.1025988500795504E-003                  6.1630907196949872E-004                  5.7221218635412083E-003                  1.2718648985637696E-003                  2.4871053158459599E-003                  7.0871886573936781E-022                  0.0000000000000000E+000                  0.0000000000000000E+000 
                                     358                  1.0491395067127713E+000                  2.8994304631635676E-001                  5.0443299277630604E+000                  7.7989687118820674E+000                  6.4447130254081906E-039                  7.3279999999999990E-001                  2.7137132103714853E-005                  2.5497286286789628E-001                  2.1025988500795504E-003                  6.1630907196949872E-004                  5.7221218635412083E-003                  1.2718648985637696E-003                  2.4871053158459599E-003                  7.2532107835623713E-022                  0.0000000000000000E+000                  0.0000000000000000E+000 
                                     359                  1.0491098931825245E+000                  2.8974144713268640E-001                  5.0495549088965266E+000                  7.8042257588430406E+000                  6.8109539627678739E-039                  7.3279999999999990E-001                  2.7137132103714853E-005                  2.5497286286789628E-001                  2.1025988500795504E-003                  6.1630907196949872E-004                  5.7221218635412083E-003                  1.2718648985637696E-003                  2.4871053158459599E-003                  7.4231400409490751E-022                  0.0000000000000000E+000                  0.0000000000000000E+000 
                                     360                  1.0490792793280761E+000                  2.8953729745880730E-001                  5.0547831030696759E+000                  7.8094825141984447E+000                  7.1977937434048497E-039                  7.3279999999999990E-001                  2.7137132103714853E-005                  2.5497286286789628E-001                  2.1025988500795504E-003                  6.1630907196949872E-004                  5.7221218635412083E-003                  1.2718648985637696E-003                  2.4871053158459599E-003                  7.5970626543202027E-022                  0.0000000000000000E+000                  0.0000000000000000E+000 
                                     361                  1.0490476320272040E+000                  2.8933056394451084E-001                  5.0600149381100792E+000                  7.8147393202736444E+000                  7.6063707374432661E-039                  7.3279999999999990E-001                  2.7137132103714853E-005                  2.5497286286789628E-001                  2.1025988500795504E-003                  6.1630907196949872E-004                  5.7221218635412083E-003                  1.2718648985637696E-003                  2.4871053158459599E-003                  7.7750665322214301E-022                  0.0000000000000000E+000                  0.0000000000000000E+000 
                                     362                  1.0490149170906176E+000                  2.8912121260899393E-001                  5.0652508391480753E+000                  7.8199965088367565E+000                  8.0378847864516716E-039                  7.3279999999999990E-001                  2.7137132103714853E-005                  2.5497286286789628E-001                  2.1025988500795504E-003                  6.1630907196949872E-004                  5.7221218635412083E-003                  1.2718648985637696E-003                  2.4871053158459599E-003                  7.9572414222275153E-022                  0.0000000000000000E+000                  0.0000000000000000E+000 
                                     363                  1.0489810992289177E+000                  2.8890920883029458E-001                  5.0704912258611694E+000                  7.8252543793775251E+000                  8.4936008626104136E-039                  7.3279999999999990E-001                  2.7137132103714853E-005                  2.5497286286789628E-001                  2.1025988500795504E-003                  6.1630907196949872E-004                  5.7221218635412083E-003                  1.2718648985637696E-003                  2.4871053158459599E-003                  8.1436793826763204E-022                  0.0000000000000000E+000                  0.0000000000000000E+000 
                                     364                  1.0489461420185842E+000                  2.8869451734537821E-001                  5.0757365097635843E+000                  7.8305132133535160E+000                  8.9748522793398755E-039                  7.3279999999999990E-001                  2.7137132103714853E-005                  2.5497286286789628E-001                  2.1025988500795504E-003                  6.1630907196949872E-004                  5.7221218635412083E-003                  1.2718648985637696E-003                  2.4871053158459599E-003                  8.3344745836043226E-022                  0.0000000000000000E+000                  0.0000000000000000E+000 
                                     365                  1.0489100078670011E+000                  2.8847710224368817E-001                  5.0809870940908493E+000                  7.8357732790863048E+000                  9.4830441806735918E-039                  7.3279999999999990E-001                  2.7137132103714853E-005                  2.5497286286789628E-001                  2.1025988500795504E-003                  6.1630907196949872E-004                  5.7221218635412083E-003                  1.2718648985637696E-003                  2.4871053158459599E-003                  8.5297232565909412E-022                  0.0000000000000000E+000                  0.0000000000000000E+000 
                                     366                  1.0488726579765244E+000                  2.8825692695838362E-001                  5.0862433737781805E+000                  7.8410348281679401E+000                  1.0019657397011154E-038                  7.3279999999999990E-001                  2.7137132103714853E-005                  2.5497286286789628E-001                  2.1025988500795504E-003                  6.1630907196949872E-004                  5.7221218635412083E-003                  1.2718648985637696E-003                  2.4871053158459599E-003                  8.7295238231083511E-022                  0.0000000000000000E+000                  0.0000000000000000E+000 
                                     367                  1.0488340523075332E+000                  2.8803395425944572E-001                  5.0915057340888250E+000                  7.8462980888223184E+000                  1.0586252605906903E-038                  7.3279999999999990E-001                  2.7137132103714853E-005                  2.5497286286789628E-001                  2.1025988500795504E-003                  6.1630907196949872E-004                  5.7221218635412083E-003                  1.2718648985637696E-003                  2.4871053158459599E-003                  8.9339771057749518E-022                  0.0000000000000000E+000                  0.0000000000000000E+000 
                                     368                  1.0487941495404132E+000                  2.8780814625038353E-001                  5.0967745492718892E+000                  7.8515632697881932E+000                  1.1184474487075155E-038                  7.3279999999999990E-001                  2.7137132103714853E-005                  2.5497286286789628E-001                  2.1025988500795504E-003                  6.1630907196949872E-004                  5.7221218635412083E-003                  1.2718648985637696E-003                  2.4871053158459599E-003                  9.1431863299864373E-022                  0.0000000000000000E+000                  0.0000000000000000E+000 
                                     369                  1.0487529070364499E+000                  2.8757946436327325E-001                  5.1020501822376394E+000                  7.8568305609971816E+000                  1.1816056160432606E-038                  7.3279999999999990E-001                  2.7137132103714853E-005                  2.5497286286789628E-001                  2.1025988500795504E-003                  6.1630907196949872E-004                  5.7221218635412083E-003                  1.2718648985637696E-003                  2.4871053158459599E-003                  9.3572571914329041E-022                  0.0000000000000000E+000                  0.0000000000000000E+000 
                                     370                  1.0487102807976005E+000                  2.8734786935370554E-001                  5.1073329845595250E+000                  7.8621001385161211E+000                  1.2482823730182877E-038                  7.3279999999999990E-001                  2.7137132103714853E-005                  2.5497286286789628E-001                  2.1025988500795504E-003                  6.1630907196949872E-004                  5.7221218635412083E-003                  1.2718648985637696E-003                  2.4871053158459599E-003                  9.5762978242896354E-022                  0.0000000000000000E+000                  0.0000000000000000E+000 
                                     371                  1.0486662254251096E+000                  2.8711332129332356E-001                  5.1126232966927985E+000                  7.8673721669324941E+000                  1.3186701111749918E-038                  7.3279999999999990E-001                  2.7137132103714853E-005                  2.5497286286789628E-001                  2.1025988500795504E-003                  6.1630907196949872E-004                  5.7221218635412083E-003                  1.2718648985637696E-003                  2.4871053158459599E-003                  9.8004188212091886E-022                  0.0000000000000000E+000                  0.0000000000000000E+000 
                                     372                  1.0486206940769423E+000                  2.8687577956116284E-001                  5.1179214478980617E+000                  7.8726467929917341E+000                  1.3929715364029652E-038                  7.3279999999999990E-001                  2.7137132103714853E-005                  2.5497286286789628E-001                  2.1025988500795504E-003                  6.1630907196949872E-004                  5.7221218635412083E-003                  1.2718648985637696E-003                  2.4871053158459599E-003                  1.0029733457784451E-021                  0.0000000000000000E+000                  0.0000000000000000E+000 
                                     373                  1.0485736384240072E+000                  2.8663520283854693E-001                  5.1232277558669646E+000                  7.8779241453665891E+000                  1.4714002114058022E-038                  7.3279999999999990E-001                  2.7137132103714853E-005                  2.5497286286789628E-001                  2.1025988500795504E-003                  6.1630907196949872E-004                  5.7221218635412083E-003                  1.2718648985637696E-003                  2.4871053158459599E-003                  1.0264357777800300E-021                  0.0000000000000000E+000                  0.0000000000000000E+000 
                                     374                  1.0485250086051972E+000                  2.8639154910437897E-001                  5.1285425271534875E+000                  7.8832043521855946E+000                  1.5541810612121282E-038                  7.3279999999999990E-001                  2.7137132103714853E-005                  2.5497286286789628E-001                  2.1025988500795504E-003                  6.1630907196949872E-004                  5.7221218635412083E-003                  1.2718648985637696E-003                  2.4871053158459599E-003                  1.0504410221084675E-021                  0.0000000000000000E+000                  0.0000000000000000E+000 
                                     375                  1.0484747531812473E+000                  2.8614477562075957E-001                  5.1338660582047488E+000                  7.8884875380715069E+000                  1.6415509686818020E-038                  7.3279999999999990E-001                  2.7137132103714853E-005                  2.5497286286789628E-001                  2.1025988500795504E-003                  6.1630907196949872E-004                  5.7221218635412083E-003                  1.2718648985637696E-003                  2.4871053158459599E-003                  1.0750011745313768E-021                  0.0000000000000000E+000                  0.0000000000000000E+000 
                                     376                  1.0484228190873175E+000                  2.8589483891997386E-001                  5.1391986355552994E+000                  7.8937738104897948E+000                  1.7337594456930929E-038                  7.3279999999999990E-001                  2.7137132103714853E-005                  2.5497286286789628E-001                  2.1025988500795504E-003                  6.1630907196949872E-004                  5.7221218635412083E-003                  1.2718648985637696E-003                  2.4871053158459599E-003                  1.1001286246358102E-021                  0.0000000000000000E+000                  0.0000000000000000E+000 
                                     377                  1.0483691515842579E+000                  2.8564169479920271E-001                  5.1445405350693605E+000                  7.8990632632617945E+000                  1.8310692815508944E-038                  7.3279999999999990E-001                  2.7137132103714853E-005                  2.5497286286789628E-001                  2.1025988500795504E-003                  6.1630907196949872E-004                  5.7221218635412083E-003                  1.2718648985637696E-003                  2.4871053158459599E-003                  1.1258360564241482E-021                  0.0000000000000000E+000                  0.0000000000000000E+000 
                                     378                  1.0483136942085161E+000                  2.8538529831343562E-001                  5.1498920194532767E+000                  7.9043559994879971E+000                  1.9337571347283115E-038                  7.3279999999999990E-001                  2.7137132103714853E-005                  2.5497286286789628E-001                  2.1025988500795504E-003                  6.1630907196949872E-004                  5.7221218635412083E-003                  1.2718648985637696E-003                  2.4871053158459599E-003                  1.1521363932921249E-021                  0.0000000000000000E+000                  0.0000000000000000E+000 
                                     379                  1.0482563887206604E+000                  2.8512560375483120E-001                  5.1552533354216612E+000                  7.9096521107917370E+000                  2.0421143318842943E-038                  7.3279999999999990E-001                  2.7137132103714853E-005                  2.5497286286789628E-001                  2.1025988500795504E-003                  6.1630907196949872E-004                  5.7221218635412083E-003                  1.2718648985637696E-003                  2.4871053158459599E-003                  1.1790428600548302E-021                  0.0000000000000000E+000                  0.0000000000000000E+000 
                                     380                  1.0481971750524726E+000                  2.8486256464393367E-001                  5.1606247126740223E+000                  7.9149516645864395E+000                  2.1564476930429174E-038                  7.3279999999999990E-001                  2.7137132103714853E-005                  2.5497286286789628E-001                  2.1025988500795504E-003                  6.1630907196949872E-004                  5.7221218635412083E-003                  1.2718648985637696E-003                  2.4871053158459599E-003                  1.2065690297832982E-021                  0.0000000000000000E+000                  0.0000000000000000E+000 
                                     381                  1.0481359912525845E+000                  2.8459613372877574E-001                  5.1660063626861401E+000                  7.9202547091424824E+000                  2.2770803194471472E-038                  7.3279999999999990E-001                  2.7137132103714853E-005                  2.5497286286789628E-001                  2.1025988500795504E-003                  6.1630907196949872E-004                  5.7221218635412083E-003                  1.2718648985637696E-003                  2.4871053158459599E-003                  1.2347288213602425E-021                  0.0000000000000000E+000                  0.0000000000000000E+000 
                                     382                  1.0480727734306743E+000                  2.8432626298142438E-001                  5.1713984750952431E+000                  7.9255612822040087E+000                  2.4043523912177752E-038                  7.3279999999999990E-001                  2.7137132103714853E-005                  2.5497286286789628E-001                  2.1025988500795504E-003                  6.1630907196949872E-004                  5.7221218635412083E-003                  1.2718648985637696E-003                  2.4871053158459599E-003                  1.2635364832316755E-021                  0.0000000000000000E+000                  0.0000000000000000E+000 
                                     383                  1.0480074557002614E+000                  2.8405290358951957E-001                  5.1768012145446960E+000                  7.9308713925056704E+000                  2.5386221567080644E-038                  7.3279999999999990E-001                  2.7137132103714853E-005                  2.5497286286789628E-001                  2.1025988500795504E-003                  6.1630907196949872E-004                  5.7221218635412083E-003                  1.2718648985637696E-003                  2.4871053158459599E-003                  1.2930066612924428E-021                  0.0000000000000000E+000                  0.0000000000000000E+000 
                                     384                  1.0479399701199912E+000                  2.8377600595968855E-001                  5.1822147200472823E+000                  7.9361850160187482E+000                  2.6802669143660936E-038                  7.3279999999999990E-001                  2.7137132103714853E-005                  2.5497286286789628E-001                  2.1025988500795504E-003                  6.1630907196949872E-004                  5.7221218635412083E-003                  1.2718648985637696E-003                  2.4871053158459599E-003                  1.3231544284810219E-021                  0.0000000000000000E+000                  0.0000000000000000E+000 
                                     385                  1.0478702466333389E+000                  2.8349551972425457E-001                  5.1876391051948669E+000                  7.9415020937964922E+000                  2.8296840444188219E-038                  7.3279999999999990E-001                  2.7137132103714853E-005                  2.5497286286789628E-001                  2.1025988500795504E-003                  6.1630907196949872E-004                  5.7221218635412083E-003                  1.2718648985637696E-003                  2.4871053158459599E-003                  1.3539953117383875E-021                  0.0000000000000000E+000                  0.0000000000000000E+000 
                                     386                  1.0477982130066958E+000                  2.8321139375042781E-001                  5.1930744588569784E+000                  7.9468225337816758E+000                  2.9872920749250861E-038                  7.3279999999999990E-001                  2.7137132103714853E-005                  2.5497286286789628E-001                  2.1025988500795504E-003                  6.1630907196949872E-004                  5.7221218635412083E-003                  1.2718648985637696E-003                  2.4871053158459599E-003                  1.3855453077486859E-021                  0.0000000000000000E+000                  0.0000000000000000E+000 
                                     387                  1.0477237947657971E+000                  2.8292357614951552E-001                  5.1985208454191261E+000                  7.9521462160822747E+000                  3.1535317790222272E-038                  7.3279999999999990E-001                  2.7137132103714853E-005                  2.5497286286789628E-001                  2.1025988500795504E-003                  6.1630907196949872E-004                  5.7221218635412083E-003                  1.2718648985637696E-003                  2.4871053158459599E-003                  1.4178208868213574E-021                  0.0000000000000000E+000                  0.0000000000000000E+000 
                                     388                  1.0476469151304466E+000                  2.8263201428378637E-001                  5.2039783046678822E+000                  7.9574729914049964E+000                  3.3288673751588511E-038                  7.3279999999999990E-001                  2.7137132103714853E-005                  2.5497286286789628E-001                  2.1025988500795504E-003                  6.1630907196949872E-004                  5.7221218635412083E-003                  1.2718648985637696E-003                  2.4871053158459599E-003                  1.4508390196604565E-021                  0.0000000000000000E+000                  0.0000000000000000E+000 
                                     389                  1.0475674949475109E+000                  2.8233665477542225E-001                  5.2094468538796210E+000                  7.9628026648724157E+000                  3.5137879072766203E-038                  7.3279999999999990E-001                  2.7137132103714853E-005                  2.5497286286789628E-001                  2.1025988500795504E-003                  6.1630907196949872E-004                  5.7221218635412083E-003                  1.2718648985637696E-003                  2.4871053158459599E-003                  1.4846172575238489E-021                  0.0000000000000000E+000                  0.0000000000000000E+000 
                                     390                  1.0474854526222335E+000                  2.8203744352776450E-001                  5.2149264908585078E+000                  7.9681350103701440E+000                  3.7088084738330820E-038                  7.3279999999999990E-001                  2.7137132103714853E-005                  2.5497286286789628E-001                  2.1025988500795504E-003                  6.1630907196949872E-004                  5.7221218635412083E-003                  1.2718648985637696E-003                  2.4871053158459599E-003                  1.5191737073190803E-021                  0.0000000000000000E+000                  0.0000000000000000E+000 
                                     391                  1.0474007040478610E+000                  2.8173432573847512E-001                  5.2204171945700812E+000                  7.9734697838659736E+000                  3.9144715131799676E-038                  7.3279999999999990E-001                  2.7137132103714853E-005                  2.5497286286789628E-001                  2.1025988500795504E-003                  6.1630907196949872E-004                  5.7221218635412083E-003                  1.2718648985637696E-003                  2.4871053158459599E-003                  1.5545270069297352E-021                  0.0000000000000000E+000                  0.0000000000000000E+000 
                                     392                  1.0473131625334517E+000                  2.8142724590463453E-001                  5.2259189258484202E+000                  7.9788067161485197E+000                  4.1313483255999314E-038                  7.3279999999999990E-001                  2.7137132103714853E-005                  2.5497286286789628E-001                  2.1025988500795504E-003                  6.1630907196949872E-004                  5.7221218635412083E-003                  1.2718648985637696E-003                  2.4871053158459599E-003                  1.5906963753340044E-021                  0.0000000000000000E+000                  0.0000000000000000E+000 
                                     393                  1.0472227387297948E+000                  2.8111614783383976E-001                  5.2314316324666823E+000                  7.9841455002707216E+000                  4.3600407513967633E-038                  7.3279999999999990E-001                  2.7137132103714853E-005                  2.5497286286789628E-001                  2.1025988500795504E-003                  6.1630907196949872E-004                  5.7221218635412083E-003                  1.2718648985637696E-003                  2.4871053158459599E-003                  1.6277016892984144E-021                  0.0000000000000000E+000                  0.0000000000000000E+000 
                                     394                  1.0471293405534026E+000                  2.8080097466559711E-001                  5.2369552535851964E+000                  7.9894858211185644E+000                  4.6011825319610685E-038                  7.3279999999999990E-001                  2.7137132103714853E-005                  2.5497286286789628E-001                  2.1025988500795504E-003                  6.1630907196949872E-004                  5.7221218635412083E-003                  1.2718648985637696E-003                  2.4871053158459599E-003                  1.6655633958337425E-021                  0.0000000000000000E+000                  0.0000000000000000E+000 
                                     395                  1.0470328731085228E+000                  2.8048166887280357E-001                  5.2424897196732951E+000                  7.9948273615793495E+000                  4.8554409269413645E-038                  7.3279999999999990E-001                  2.7137132103714853E-005                  2.5497286286789628E-001                  2.1025988500795504E-003                  6.1630907196949872E-004                  5.7221218635412083E-003                  1.2718648985637696E-003                  2.4871053158459599E-003                  1.7043025074861660E-021                  0.0000000000000000E+000                  0.0000000000000000E+000 
                                     396                  1.0469332386071215E+000                  2.8015817225910500E-001                  5.2480349560769941E+000                  8.0001698001672867E+000                  5.1235184947754855E-038                  7.3279999999999990E-001                  2.7137132103714853E-005                  2.5497286286789628E-001                  2.1025988500795504E-003                  6.1630907196949872E-004                  5.7221218635412083E-003                  1.2718648985637696E-003                  2.4871053158459599E-003                  1.7439406307726579E-021                  0.0000000000000000E+000                  0.0000000000000000E+000 
                                     397                  1.0468303362868470E+000                  2.7983042595823576E-001                  5.2535908916150360E+000                  8.0055128193488354E+000                  5.4061548322594737E-038                  7.3279999999999990E-001                  2.7137132103714853E-005                  2.5497286286789628E-001                  2.1025988500795504E-003                  6.1630907196949872E-004                  5.7221218635412083E-003                  1.2718648985637696E-003                  2.4871053158459599E-003                  1.7844999481464473E-021                  0.0000000000000000E+000                  0.0000000000000000E+000 
                                     398                  1.0467240623270060E+000                  2.7949837042730746E-001                  5.2591574626421282E+000                  8.0108561179902331E+000                  5.7041283302013162E-038                  7.3279999999999990E-001                  2.7137132103714853E-005                  2.5497286286789628E-001                  2.1025988500795504E-003                  6.1630907196949872E-004                  5.7221218635412083E-003                  1.2718648985637696E-003                  2.4871053158459599E-003                  1.8260031785603839E-021                  0.0000000000000000E+000                  0.0000000000000000E+000 
                                     399                  1.0466143097624390E+000                  2.7916194543035638E-001                  5.2647346121278176E+000                  8.0161994187174770E+000                  6.0182580480016514E-038                  7.3279999999999990E-001                  2.7137132103714853E-005                  2.5497286286789628E-001                  2.1025988500795504E-003                  6.1630907196949872E-004                  5.7221218635412083E-003                  1.2718648985637696E-003                  2.4871053158459599E-003                  1.8684735547353458E-021                  0.0000000000000000E+000                  0.0000000000000000E+000 
                                     400                  1.0465009683951971E+000                  2.7882109001537075E-001                  5.2703222916715182E+000                  8.0215425088125620E+000                  6.3494051639915016E-038                  7.3279999999999990E-001                  2.7137132103714853E-005                  2.5497286286789628E-001                  2.1025988500795504E-003                  6.1630907196949872E-004                  5.7221218635412083E-003                  1.2718648985637696E-003                  2.4871053158459599E-003                  1.9119346380028658E-021                  0.0000000000000000E+000                  0.0000000000000000E+000 
                                     401                  1.0463839247039604E+000                  2.7847574245762569E-001                  5.2759204648349387E+000                  8.0268852105620265E+000                  6.6984754130633338E-038                  7.3279999999999990E-001                  2.7137132103714853E-005                  2.5497286286789628E-001                  2.1025988500795504E-003                  6.1630907196949872E-004                  5.7221218635412083E-003                  1.2718648985637696E-003                  2.4871053158459599E-003                  1.9564104463802388E-021                  0.0000000000000000E+000                  0.0000000000000000E+000 
                                     402                  1.0462630617511379E+000                  2.7812584022353526E-001                  5.2815291077634088E+000                  8.0322273635852373E+000                  7.0664215582062154E-038                  7.3279999999999990E-001                  2.7137132103714853E-005                  2.5497286286789628E-001                  2.1025988500795504E-003                  6.1630907196949872E-004                  5.7221218635412083E-003                  1.2718648985637696E-003                  2.4871053158459599E-003                  2.0019255429113298E-021                  0.0000000000000000E+000                  0.0000000000000000E+000 
                                     403                  1.0461382590875756E+000                  2.7777131994700743E-001                  5.2871482044437261E+000                  8.0375688755352570E+000                  7.4542448797568074E-038                  7.3279999999999990E-001                  2.7137132103714853E-005                  2.5497286286789628E-001                  2.1025988500795504E-003                  6.1630907196949872E-004                  5.7221218635412083E-003                  1.2718648985637696E-003                  2.4871053158459599E-003                  2.0485047886636318E-021                  0.0000000000000000E+000                  0.0000000000000000E+000 
                                     404                  1.0460093926548035E+000                  2.7741211736280208E-001                  5.2927777350296346E+000                  8.0429097503422060E+000                  7.8629968888004298E-038                  7.3279999999999990E-001                  2.7137132103714853E-005                  2.5497286286789628E-001                  2.1025988500795504E-003                  6.1630907196949872E-004                  5.7221218635412083E-003                  1.2718648985637696E-003                  2.4871053158459599E-003                  2.0961731747282857E-021                  0.0000000000000000E+000                  0.0000000000000000E+000 
                                     405                  1.0458763346848634E+000                  2.7704816721231507E-001                  5.2984176691041007E+000                  8.0482499832885956E+000                  8.2937834878061469E-038                  7.3279999999999990E-001                  2.7137132103714853E-005                  2.5497286286789628E-001                  2.1025988500795504E-003                  6.1630907196949872E-004                  5.7221218635412083E-003                  1.2718648985637696E-003                  2.4871053158459599E-003                  2.1449563383962171E-021                  0.0000000000000000E+000                  0.0000000000000000E+000 
                                     406                  1.0457389535976871E+000                  2.7667940323284618E-001                  5.3040679666434674E+000                  8.0535895591499109E+000                  1.4197604049293617E-037                  7.3279999999999990E-001                  2.7137132103714853E-005                  2.5497286286789628E-001                  2.1025988500795504E-003                  6.1630907196949872E-004                  5.7221218635412083E-003                  1.2718648985637696E-003                  2.4871053158459599E-003                  2.4955102747432692E-021                  0.0000000000000000E+000                  0.0000000000000000E+000 
                                     407                  1.0455971138959295E+000                  2.7630575814855862E-001                  5.3097285697715391E+000                  8.0589285139426465E+000                  3.6804660078099254E-037                  7.3279999999999990E-001                  2.7137132103714853E-005                  2.5497286286789628E-001                  2.1025988500795504E-003                  6.1630907196949872E-004                  5.7221218635412083E-003                  1.2718648985637696E-003                  2.4871053158459599E-003                  3.2408846736603360E-021                  0.0000000000000000E+000                  0.0000000000000000E+000 
                                     408                  1.0454506760571742E+000                  2.7592716360779668E-001                  5.3153993897422884E+000                  8.0642668869335417E+000                  9.5183325163073041E-037                  7.3279999999999990E-001                  2.7137132103714853E-005                  2.5497286286789628E-001                  2.1025988500795504E-003                  6.1630907196949872E-004                  5.7221218635412083E-003                  1.2718648985637696E-003                  2.4871053158459599E-003                  4.2061201168157074E-021                  0.0000000000000000E+000                  0.0000000000000000E+000 
                                     409                  1.0452994964234339E+000                  2.7554355015941845E-001                  5.3210803042113941E+000                  8.0696046746030401E+000                  2.4557200009879846E-036                  7.3279999999999990E-001                  2.7137132103714853E-005                  2.5497286286789628E-001                  2.1025988500795504E-003                  6.1630907196949872E-004                  5.7221218635412083E-003                  1.2718648985637696E-003                  2.4871053158459599E-003                  5.4552033930065115E-021                  0.0000000000000000E+000                  0.0000000000000000E+000 
                                     410                  1.0451434270877527E+000                  2.7515484726966943E-001                  5.3267711609020889E+000                  8.0749418278598917E+000                  6.3203999900789670E-036                  7.3279999999999990E-001                  2.7137132103714853E-005                  2.5497286286789628E-001                  2.1025988500795504E-003                  6.1630907196949872E-004                  5.7221218635412083E-003                  1.2718648985637696E-003                  2.4871053158459599E-003                  7.0704698183921728E-021                  0.0000000000000000E+000                  0.0000000000000000E+000 
                                     411                  1.0449823157777369E+000                  2.7476098334365379E-001                  5.3324717817200353E+000                  8.0802782528566599E+000                  1.6227234695716510E-035                  7.3279999999999990E-001                  2.7137132103714853E-005                  2.5497286286789628E-001                  2.1025988500795504E-003                  6.1630907196949872E-004                  5.7221218635412083E-003                  1.2718648985637696E-003                  2.4871053158459599E-003                  9.1577790259747395E-021                  0.0000000000000000E+000                  0.0000000000000000E+000 
                                     412                  1.0448160057363218E+000                  2.7436188574839648E-001                  5.3381819648669282E+000                  8.0856138328654499E+000                  4.1558860221990662E-035                  7.3279999999999990E-001                  2.7137132103714853E-005                  2.5497286286789628E-001                  2.1025988500795504E-003                  6.1630907196949872E-004                  5.7221218635412083E-003                  1.2718648985637696E-003                  2.4871053158459599E-003                  1.1853123019045793E-020                  0.0000000000000000E+000                  0.0000000000000000E+000 
                                     413                  1.0446443355997701E+000                  2.7395748081792404E-001                  5.3439014855701847E+000                  8.0909484251362844E+000                  1.0616608868675887E-034                  7.3279999999999990E-001                  2.7137132103714853E-005                  2.5497286286789628E-001                  2.1025988500795504E-003                  6.1630907196949872E-004                  5.7221218635412083E-003                  1.2718648985637696E-003                  2.4871053158459599E-003                  1.5331055202972468E-020                  0.0000000000000000E+000                  0.0000000000000000E+000 
                                     414                  1.0444671392728264E+000                  2.7354769386244659E-001                  5.3496301039112559E+000                  8.0962818121137250E+000                  2.7051677911554951E-034                  7.3279999999999990E-001                  2.7137132103714853E-005                  2.5497286286789628E-001                  2.1025988500795504E-003                  6.1630907196949872E-004                  5.7221218635412083E-003                  1.2718648985637696E-003                  2.4871053158459599E-003                  1.9815439071971784E-020                  0.0000000000000000E+000                  0.0000000000000000E+000 
                                     415                  1.0442842458009569E+000                  2.7313244922559576E-001                  5.3553675761310187E+000                  8.1016137428044050E+000                  6.8749901094780039E-034                  7.3279999999999990E-001                  2.7137132103714853E-005                  2.5497286286789628E-001                  2.1025988500795504E-003                  6.1630907196949872E-004                  5.7221218635412083E-003                  1.2718648985637696E-003                  2.4871053158459599E-003                  2.5593140277762141E-020                  0.0000000000000000E+000                  0.0000000000000000E+000 
                                     416                  1.0440954792394648E+000                  2.7271167030617638E-001                  5.3611136579142338E+000                  8.1069439777914543E+000                  1.7426211929093984E-033                  7.3279999999999990E-001                  2.7137132103714853E-005                  2.5497286286789628E-001                  2.1025988500795504E-003                  6.1630907196949872E-004                  5.7221218635412083E-003                  1.2718648985637696E-003                  2.4871053158459599E-003                  3.3031445020490462E-020                  0.0000000000000000E+000                  0.0000000000000000E+000 
                                     417                  1.0439006585189676E+000                  2.7228527953780690E-001                  5.3668681049740190E+000                  8.1122722669433500E+000                  4.4052522740346579E-033                  7.3279999999999990E-001                  2.7137132103714853E-005                  2.5497286286789628E-001                  2.1025988500795504E-003                  6.1630907196949872E-004                  5.7221218635412083E-003                  1.2718648985637696E-003                  2.4871053158459599E-003                  4.2600204248823953E-020                  0.0000000000000000E+000                  0.0000000000000000E+000 
                                     418                  1.0436995973076728E+000                  2.7185319838995070E-001                  5.3726306786554767E+000                  8.1175983242294905E+000                  1.1106061754430106E-032                  7.3279999999999990E-001                  2.7137132103714853E-005                  2.5497286286789628E-001                  2.1025988500795504E-003                  6.1630907196949872E-004                  5.7221218635412083E-003                  1.2718648985637696E-003                  2.4871053158459599E-003                  5.4899971375635119E-020                  0.0000000000000000E+000                  0.0000000000000000E+000 
                                     419                  1.0434921038707754E+000                  2.7141534739502743E-001                  5.3784011505277212E+000                  8.1229218767038098E+000                  2.7922636256027686E-032                  7.3279999999999990E-001                  2.7137132103714853E-005                  2.5497286286789628E-001                  2.1025988500795504E-003                  6.1630907196949872E-004                  5.7221218635412083E-003                  1.2718648985637696E-003                  2.4871053158459599E-003                  7.0697709602278021E-020                  0.0000000000000000E+000                  0.0000000000000000E+000 
                                     420                  1.0432779809269830E+000                  2.7097164612788416E-001                  5.3841793022427531E+000                  8.1282426686792348E+000                  7.0007772180504728E-032                  7.3279999999999990E-001                  2.7137132103714853E-005                  2.5497286286789628E-001                  2.1025988500795504E-003                  6.1630907196949872E-004                  5.7221218635412083E-003                  1.2718648985637696E-003                  2.4871053158459599E-003                  9.0972065240665370E-020                  0.0000000000000000E+000                  0.0000000000000000E+000 
                                     421                  1.0430570255021674E+000                  2.7052201318008096E-001                  5.3899649255130777E+000                  8.1335604421619223E+000                  1.7503183444129250E-031                  7.3279999999999990E-001                  2.7137132103714853E-005                  2.5497286286789628E-001                  2.1025988500795504E-003                  6.1630907196949872E-004                  5.7221218635412083E-003                  1.2718648985637696E-003                  2.4871053158459599E-003                  1.1697072748732295E-019                  0.0000000000000000E+000                  0.0000000000000000E+000 
                                     422                  1.0428290287799442E+000                  2.7006636615352192E-001                  5.3957578228135468E+000                  8.1388749457157878E+000                  4.3637216771703028E-031                  7.3279999999999990E-001                  2.7137132103714853E-005                  2.5497286286789628E-001                  2.1025988500795504E-003                  6.1630907196949872E-004                  5.7221218635412083E-003                  1.2718648985637696E-003                  2.4871053158459599E-003                  1.5028303073670496E-019                  0.0000000000000000E+000                  0.0000000000000000E+000 
                                     423                  1.0425937759484467E+000                  2.6960462164480975E-001                  5.4015578076742230E+000                  8.1441859455860026E+000                  1.0848149205372875E-030                  7.3279999999999990E-001                  2.7137132103714853E-005                  2.5497286286789628E-001                  2.1025988500795504E-003                  6.1630907196949872E-004                  5.7221218635412083E-003                  1.2718648985637696E-003                  2.4871053158459599E-003                  1.9293176740728824E-019                  0.0000000000000000E+000                  0.0000000000000000E+000 
                                     424                  1.0423510460436483E+000                  2.6913669521712896E-001                  5.4073647042182920E+000                  8.1494932210225137E+000                  2.6890751179118077E-030                  7.3279999999999990E-001                  2.7137132103714853E-005                  2.5497286286789628E-001                  2.1025988500795504E-003                  6.1630907196949872E-004                  5.7221218635412083E-003                  1.2718648985637696E-003                  2.4871053158459599E-003                  2.4748919225366057E-019                  0.0000000000000000E+000                  0.0000000000000000E+000 
                                     425                  1.0421006117898561E+000                  2.6866250137592196E-001                  5.4131783460640595E+000                  8.1547965581982069E+000                  6.6464531962408223E-030                  7.3279999999999990E-001                  2.7137132103714853E-005                  2.5497286286789628E-001                  2.1025988500795504E-003                  6.1630907196949872E-004                  5.7221218635412083E-003                  1.2718648985637696E-003                  2.4871053158459599E-003                  3.1722345784417867E-019                  0.0000000000000000E+000                  0.0000000000000000E+000 
                                     426                  1.0418422394375422E+000                  2.6818195355027502E-001                  5.4189985756433936E+000                  8.1600957528766127E+000                  1.6379794226168489E-029                  7.3279999999999990E-001                  2.7137132103714853E-005                  2.5497286286789628E-001                  2.1025988500795504E-003                  6.1630907196949872E-004                  5.7221218635412083E-003                  1.2718648985637696E-003                  2.4871053158459599E-003                  4.0628329442581246E-019                  0.0000000000000000E+000                  0.0000000000000000E+000 
                                     427                  1.0415756885986331E+000                  2.6769496407070481E-001                  5.4248252441478515E+000                  8.1653906098264102E+000                  4.0248601011826905E-029                  7.3279999999999990E-001                  2.7137132103714853E-005                  2.5497286286789628E-001                  2.1025988500795504E-003                  6.1630907196949872E-004                  5.7221218635412083E-003                  1.2718648985637696E-003                  2.4871053158459599E-003                  5.1993073066169403E-019                  0.0000000000000000E+000                  0.0000000000000000E+000 
                                     428                  1.0413007120790791E+000                  2.6720144414677688E-001                  5.4306582107197467E+000                  8.1706809401970286E+000                  9.8607558149862999E-029                  7.3279999999999990E-001                  2.7137132103714853E-005                  2.5497286286789628E-001                  2.1025988500795504E-003                  6.1630907196949872E-004                  5.7221218635412083E-003                  1.2718648985637696E-003                  2.4871053158459599E-003                  6.6483407377574797E-019                  0.0000000000000000E+000                  0.0000000000000000E+000 
                                     429                  1.0410170557078569E+000                  2.6670130384692559E-001                  5.4364973414162909E+000                  8.1759665615240653E+000                  2.4086870609646120E-028                  7.3279999999999990E-001                  2.7137132103714853E-005                  2.5497286286789628E-001                  2.1025988500795504E-003                  6.1630907196949872E-004                  5.7221218635412083E-003                  1.2718648985637696E-003                  2.4871053158459599E-003                  8.4943640732464780E-019                  0.0000000000000000E+000                  0.0000000000000000E+000 
                                     430                  1.0407244581627590E+000                  2.6619445207762010E-001                  5.4423425090080535E+000                  8.1812472974710033E+000                  5.8661820508013567E-028                  7.3279999999999990E-001                  2.7137132103714853E-005                  2.5497286286789628E-001                  2.1025988500795504E-003                  6.1630907196949872E-004                  5.7221218635412083E-003                  1.2718648985637696E-003                  2.4871053158459599E-003                  1.0844186895983040E-018                  0.0000000000000000E+000                  0.0000000000000000E+000 
                                     431                  1.0404226507937220E+000                  2.6568079656216298E-001                  5.4481935926818021E+000                  8.1865229751552206E+000                  1.4243953608190656E-027                  7.3279999999999990E-001                  2.7137132103714853E-005                  2.5497286286789628E-001                  2.1025988500795504E-003                  6.1630907196949872E-004                  5.7221218635412083E-003                  1.2718648985637696E-003                  2.4871053158459599E-003                  1.3832812083529129E-018                  0.0000000000000000E+000                  0.0000000000000000E+000 
                                     432                  1.0401113574439678E+000                  2.6516024382201780E-001                  5.4540504771574314E+000                  8.1917934221809059E+000                  3.4482655222798959E-027                  7.3279999999999990E-001                  2.7137132103714853E-005                  2.5497286286789628E-001                  2.1025988500795504E-003                  6.1630907196949872E-004                  5.7221218635412083E-003                  1.2718648985637696E-003                  2.4871053158459599E-003                  1.7630729460152831E-018                  0.0000000000000000E+000                  0.0000000000000000E+000 
                                     433                  1.0397902942692274E+000                  2.6463269916125959E-001                  5.4599130521751205E+000                  8.1970584665969799E+000                  8.3226500771518680E-027                  7.3279999999999990E-001                  2.7137132103714853E-005                  2.5497286286789628E-001                  2.1025988500795504E-003                  6.1630907196949872E-004                  5.7221218635412083E-003                  1.2718648985637696E-003                  2.4871053158459599E-003                  2.2453056864865284E-018                  0.0000000000000000E+000                  0.0000000000000000E+000 
                                     434                  1.0394591695549098E+000                  2.6409806665082308E-001                  5.4657812124719136E+000                  8.2023179372458799E+000                  2.0026705233506338E-026                  7.3279999999999990E-001                  2.7137132103714853E-005                  2.5497286286789628E-001                  2.1025988500795504E-003                  6.1630907196949872E-004                  5.7221218635412083E-003                  1.2718648985637696E-003                  2.4871053158459599E-003                  2.8570986721415709E-018                  0.0000000000000000E+000                  0.0000000000000000E+000 
                                     435                  1.0391176835303855E+000                  2.6355624911205811E-001                  5.4716548574326298E+000                  8.2075716621091690E+000                  4.8044187335413572E-026                  7.3279999999999990E-001                  2.7137132103714853E-005                  2.5497286286789628E-001                  2.1025988500795504E-003                  6.1630907196949872E-004                  5.7221218635412083E-003                  1.2718648985637696E-003                  2.4871053158459599E-003                  3.6326106232405935E-018                  0.0000000000000000E+000                  0.0000000000000000E+000 
                                     436                  1.0387655281809756E+000                  2.6300714810208436E-001                  5.4775338906869750E+000                  8.2128194678611806E+000                  1.1490859715387600E-025                  7.3279999999999990E-001                  2.7137132103714853E-005                  2.5497286286789628E-001                  2.1025988500795504E-003                  6.1630907196949872E-004                  5.7221218635412083E-003                  1.2718648985637696E-003                  2.4871053158459599E-003                  4.6148296457408302E-018                  0.0000000000000000E+000                  0.0000000000000000E+000 
                                     437                  1.0384023870582215E+000                  2.6245066389955951E-001                  5.4834182200409600E+000                  8.2180611792915599E+000                  2.7399440472061430E-025                  7.3279999999999990E-001                  2.7137132103714853E-005                  2.5497286286789628E-001                  2.1025988500795504E-003                  6.1630907196949872E-004                  5.7221218635412083E-003                  1.2718648985637696E-003                  2.4871053158459599E-003                  5.8578085415634004E-018                  0.0000000000000000E+000                  0.0000000000000000E+000 
                                     438                  1.0380279350888000E+000                  2.6188669549107479E-001                  5.4893077576019866E+000                  8.2232966176043103E+000                  6.5133728561712969E-025                  7.3279999999999990E-001                  2.7137132103714853E-005                  2.5497286286789628E-001                  2.1025988500795504E-003                  6.1630907196949872E-004                  5.7221218635412083E-003                  1.2718648985637696E-003                  2.4871053158459599E-003                  7.4294539109996894E-018                  0.0000000000000000E+000                  0.0000000000000000E+000 
                                     439                  1.0376418383827180E+000                  2.6131514055971944E-001                  5.4952024199551328E+000                  8.2285256002203582E+000                  1.5436298767477011E-024                  7.3279999999999990E-001                  2.7137132103714853E-005                  2.5497286286789628E-001                  2.1025988500795504E-003                  6.1630907196949872E-004                  5.7221218635412083E-003                  1.2718648985637696E-003                  2.4871053158459599E-003                  9.4150031515875898E-018                  0.0000000000000000E+000                  0.0000000000000000E+000 
                                     440                  1.0372437540404520E+000                  2.6073589547399134E-001                  5.5011021281851136E+000                  8.2337479416633883E+000                  3.6471332585030801E-024                  7.3279999999999990E-001                  2.7137132103714853E-005                  2.5497286286789628E-001                  2.1025988500795504E-003                  6.1630907196949872E-004                  5.7221218635412083E-003                  1.2718648985637696E-003                  2.4871053158459599E-003                  1.1921355149824810E-017                  0.0000000000000000E+000                  0.0000000000000000E+000 
                                     441                  1.0368333299585744E+000                  2.6014885527561876E-001                  5.5070068079476728E+000                  8.2389634536598670E+000                  8.5907258444758070E-024                  7.3279999999999990E-001                  2.7137132103714853E-005                  2.5497286286789628E-001                  2.1025988500795504E-003                  6.1630907196949872E-004                  5.7221218635412083E-003                  1.2718648985637696E-003                  2.4871053158459599E-003                  1.5082459601953662E-017                  0.0000000000000000E+000                  0.0000000000000000E+000 
                                     442                  1.0364102046343995E+000                  2.5955391366728048E-001                  5.5129163898873408E+000                  8.2441719453766975E+000                  2.0173291675513435E-023                  7.3279999999999990E-001                  2.7137132103714853E-005                  2.5497286286789628E-001                  2.1025988500795504E-003                  6.1630907196949872E-004                  5.7221218635412083E-003                  1.2718648985637696E-003                  2.4871053158459599E-003                  1.9066018097081642E-017                  0.0000000000000000E+000                  0.0000000000000000E+000 
                                     443                  1.0359740069700576E+000                  2.5895096300002740E-001                  5.5188308099134806E+000                  8.2493732228482308E+000                  4.7227140424456182E-023                  7.3279999999999990E-001                  2.7137132103714853E-005                  2.5497286286789628E-001                  2.1025988500795504E-003                  6.1630907196949872E-004                  5.7221218635412083E-003                  1.2718648985637696E-003                  2.4871053158459599E-003                  2.4081808899587554E-017                  0.0000000000000000E+000                  0.0000000000000000E+000 
                                     444                  1.0355243560769580E+000                  2.5833989426152587E-001                  5.5247500090704831E+000                  8.2545670881917843E+000                  1.1022348383655638E-022                  7.3279999999999990E-001                  2.7137132103714853E-005                  2.5497286286789628E-001                  2.1025988500795504E-003                  6.1630907196949872E-004                  5.7221218635412083E-003                  1.2718648985637696E-003                  2.4871053158459599E-003                  3.0392019601688899E-017                  0.0000000000000000E+000                  0.0000000000000000E+000 
                                     445                  1.0350608610813037E+000                  2.5772059706549488E-001                  5.5306739333264101E+000                  8.2597533415419377E+000                  2.5646266798579742E-022                  7.3279999999999990E-001                  2.7137132103714853E-005                  2.5497286286789628E-001                  2.1025988500795504E-003                  6.1630907196949872E-004                  5.7221218635412083E-003                  1.2718648985637696E-003                  2.4871053158459599E-003                  3.8324060773979884E-017                  0.0000000000000000E+000                  0.0000000000000000E+000 
                                     446                  1.0345831209296859E+000                  2.5709295963850415E-001                  5.5366025333531779E+000                  8.2649317798972817E+000                  5.9489723470922399E-022                  7.3279999999999990E-001                  2.7137132103714853E-005                  2.5497286286789628E-001                  2.1025988500795504E-003                  6.1630907196949872E-004                  5.7221218635412083E-003                  1.2718648985637696E-003                  2.4871053158459599E-003                  4.8286442986887315E-017                  0.0000000000000000E+000                  0.0000000000000000E+000 
                                     447                  1.0340907241948134E+000                  2.5645686880844021E-001                  5.5425357643086519E+000                  8.2701021964918269E+000                  1.3757135978297941E-021                  7.3279999999999990E-001                  2.7137132103714853E-005                  2.5497286286789628E-001                  2.1025988500795504E-003                  6.1630907196949872E-004                  5.7221218635412083E-003                  1.2718648985637696E-003                  2.4871053158459599E-003                  6.0788432421138213E-017                  0.0000000000000000E+000                  0.0000000000000000E+000 
                                     448                  1.0335832488817240E+000                  2.5581220999400128E-001                  5.5484735848558433E+000                  8.2752643835624742E+000                  3.1716344414346756E-021                  7.3279999999999990E-001                  2.7137132103714853E-005                  2.5497286286789628E-001                  2.1025988500795504E-003                  6.1630907196949872E-004                  5.7221218635412083E-003                  1.2718648985637696E-003                  2.4871053158459599E-003                  7.6464360699698699E-017                  0.0000000000000000E+000                  0.0000000000000000E+000 
                                     449                  1.0330602622356897E+000                  2.5515886719019437E-001                  5.5544159553048162E+000                  8.2804181299392905E+000                  7.2896735596176257E-021                  7.3279999999999990E-001                  2.7137132103714853E-005                  2.5497286286789628E-001                  2.1025988500795504E-003                  6.1630907196949872E-004                  5.7221218635412083E-003                  1.2718648985637696E-003                  2.4871053158459599E-003                  9.6103663360636948E-017                  0.0000000000000000E+000                  0.0000000000000000E+000 
                                     450                  1.0325213205528101E+000                  2.5449672295740039E-001                  5.5603628365748481E+000                  8.2855632154851904E+000                  1.6703358065642059E-020                  7.3279999999999990E-001                  2.7137132103714853E-005                  2.5497286286789628E-001                  2.1025988500795504E-003                  6.1630907196949872E-004                  5.7221218635412083E-003                  1.2718648985637696E-003                  2.4871053158459599E-003                  1.2068796812755129E-016                  0.0000000000000000E+000                  0.0000000000000000E+000 
                                     451                  1.0319659689922038E+000                  2.5382565841918148E-001                  5.5663141895539647E+000                  8.2906994138541226E+000                  3.8156731040458226E-020                  7.3279999999999990E-001                  2.7137132103714853E-005                  2.5497286286789628E-001                  2.1025988500795504E-003                  6.1630907196949872E-004                  5.7221218635412083E-003                  1.2718648985637696E-003                  2.4871053158459599E-003                  1.5143684410555334E-016                  0.0000000000000000E+000                  0.0000000000000000E+000 
                                     452                  1.0313937413895129E+000                  2.5314555325651222E-001                  5.5722699725101146E+000                  8.2958264964482389E+000                  8.6898234891723324E-020                  7.3279999999999990E-001                  2.7137132103714853E-005                  2.5497286286789628E-001                  2.1025988500795504E-003                  6.1630907196949872E-004                  5.7221218635412083E-003                  1.2718648985637696E-003                  2.4871053158459599E-003                  1.8986417072450867E-016                  0.0000000000000000E+000                  0.0000000000000000E+000 
                                     453                  1.0308041600719531E+000                  2.5245628569620943E-001                  5.5782301387677355E+000                  8.3009442232851089E+000                  1.9729845466940030E-019                  7.3279999999999990E-001                  2.7137132103714853E-005                  2.5497286286789628E-001                  2.1025988500795504E-003                  6.1630907196949872E-004                  5.7221218635412083E-003                  1.2718648985637696E-003                  2.4871053158459599E-003                  2.3784753765684173E-016                  0.0000000000000000E+000                  0.0000000000000000E+000 
                                     454                  1.0301967356761574E+000                  2.5175773251413636E-001                  5.5841946364460888E+000                  8.3060523416351657E+000                  4.4659061767660271E-019                  7.3279999999999990E-001                  2.7137132103714853E-005                  2.5497286286789628E-001                  2.1025988500795504E-003                  6.1630907196949872E-004                  5.7221218635412083E-003                  1.2718648985637696E-003                  2.4871053158459599E-003                  2.9771361735925035E-016                  0.0000000000000000E+000                  0.0000000000000000E+000 
                                     455                  1.0295709669693660E+000                  2.5104976904172482E-001                  5.5901634076333027E+000                  8.3111505894637698E+000                  1.0077867259907024E-018                  7.3279999999999990E-001                  2.7137132103714853E-005                  2.5497286286789628E-001                  2.1025988500795504E-003                  6.1630907196949872E-004                  5.7221218635412083E-003                  1.2718648985637696E-003                  2.4871053158459599E-003                  3.7234307311563266E-016                  0.0000000000000000E+000                  0.0000000000000000E+000 
                                     456                  1.0289263406729567E+000                  2.5033226916810308E-001                  5.5961363869911143E+000                  8.3162386947218145E+000                  2.2672550454968870E-018                  7.3279999999999990E-001                  2.7137132103714853E-005                  2.5497286286789628E-001                  2.1025988500795504E-003                  6.1630907196949872E-004                  5.7221218635412083E-003                  1.2718648985637696E-003                  2.4871053158459599E-003                  4.6529934965575629E-016                  0.0000000000000000E+000                  0.0000000000000000E+000 
                                     457                  1.0282623312879366E+000                  2.4960510534437425E-001                  5.6021135013040340E+000                  8.3213163748878962E+000                  5.0851529526965093E-018                  7.3279999999999990E-001                  2.7137132103714853E-005                  2.5497286286789628E-001                  2.1025988500795504E-003                  6.1630907196949872E-004                  5.7221218635412083E-003                  1.2718648985637696E-003                  2.4871053158459599E-003                  5.8098664802116807E-016                  0.0000000000000000E+000                  0.0000000000000000E+000 
                                     458                  1.0275784009222204E+000                  2.4886814858975834E-001                  5.6080946699390521E+000                  8.3263833362723947E+000                  1.1370469959766472E-017                  7.3279999999999990E-001                  2.7137132103714853E-005                  2.5497286286789628E-001                  2.1025988500795504E-003                  6.1630907196949872E-004                  5.7221218635412083E-003                  1.2718648985637696E-003                  2.4871053158459599E-003                  7.2484352598578555E-016                  0.0000000000000000E+000                  0.0000000000000000E+000 
                                     459                  1.0268739991209139E+000                  2.4812126850012076E-001                  5.6140798056892951E+000                  8.3314392757374538E+000                  2.5346740811569468E-017                  7.3279999999999990E-001                  2.7137132103714853E-005                  2.5497286286789628E-001                  2.1025988500795504E-003                  6.1630907196949872E-004                  5.7221218635412083E-003                  1.2718648985637696E-003                  2.4871053158459599E-003                  9.0357993507795819E-016                  0.0000000000000000E+000                  0.0000000000000000E+000 
                                     460                  1.0261485626996989E+000                  2.4736433325482057E-001                  5.6200688151879667E+000                  8.3364838864320046E+000                  5.6329182278271372E-017                  7.3279999999999990E-001                  2.7137132103714853E-005                  2.5497286286789628E-001                  2.1025988500795504E-003                  6.1630907196949872E-004                  5.7221218635412083E-003                  1.2718648985637696E-003                  2.4871053158459599E-003                  1.1254671440104622E-015                  0.0000000000000000E+000                  0.0000000000000000E+000 
                                     461                  1.0254015155804832E+000                  2.4659720961459100E-001                  5.6260615991048111E+000                  8.3415168585520512E+000                  1.2479880963973336E-016                  7.3279999999999990E-001                  2.7137132103714853E-005                  2.5497286286789628E-001                  2.1025988500795504E-003                  6.1630907196949872E-004                  5.7221218635412083E-003                  1.2718648985637696E-003                  2.4871053158459599E-003                  1.4006920304388744E-015                  0.0000000000000000E+000                  0.0000000000000000E+000 
                                     462                  1.0246322686280416E+000                  2.4581976291857519E-001                  5.6320580534714946E+000                  8.3465378772335814E+000                  2.7564556838716176E-016                  7.3279999999999990E-001                  2.7137132103714853E-005                  2.5497286286789628E-001                  2.1025988500795504E-003                  6.1630907196949872E-004                  5.7221218635412083E-003                  1.2718648985637696E-003                  2.4871053158459599E-003                  1.7417896929408290E-015                  0.0000000000000000E+000                  0.0000000000000000E+000 
                                     463                  1.0238402194882550E+000                  2.4503185708563330E-001                  5.6380580709708354E+000                  8.3515466311853768E+000                  6.0695008025100984E-016                  7.3279999999999990E-001                  2.7137132103714853E-005                  2.5497286286789628E-001                  2.1025988500795504E-003                  6.1630907196949872E-004                  5.7221218635412083E-003                  1.2718648985637696E-003                  2.4871053158459599E-003                  2.1641711314972844E-015                  0.0000000000000000E+000                  0.0000000000000000E+000 
                                     464                  1.0230247524294167E+000                  2.4423335460048845E-001                  5.6440615410965664E+000                  8.3565428155046053E+000                  1.3323368853536880E-015                  7.3279999999999990E-001                  2.7137132103714853E-005                  2.5497286286789628E-001                  2.1025988500795504E-003                  6.1630907196949872E-004                  5.7221218635412083E-003                  1.2718648985637696E-003                  2.4871053158459599E-003                  2.6867662614661354E-015                  0.0000000000000000E+000                  0.0000000000000000E+000 
                                     465                  1.0221852381858749E+000                  2.4342411649427820E-001                  5.6500683507824956E+000                  8.3615261293463199E+000                  2.9156268874728641E-015                  7.3279999999999990E-001                  2.7137132103714853E-005                  2.5497286286789628E-001                  2.1025988500795504E-003                  6.1630907196949872E-004                  5.7221218635412083E-003                  1.2718648985637696E-003                  2.4871053158459599E-003                  3.3328068493023290E-015                  0.0000000000000000E+000                  0.0000000000000000E+000 
                                     466                  1.0213210338020500E+000                  2.4260400232878734E-001                  5.6560783854973975E+000                  8.3664962811323083E+000                  6.3606921880116382E-015                  7.3279999999999990E-001                  2.7137132103714853E-005                  2.5497286286789628E-001                  2.1025988500795504E-003                  6.1630907196949872E-004                  5.7221218635412083E-003                  1.2718648985637696E-003                  2.4871053158459599E-003                  4.1307788909605879E-015                  0.0000000000000000E+000                  0.0000000000000000E+000 
                                     467                  1.0204314824771934E+000                  2.4177287017025079E-001                  5.6620915296695928E+000                  8.3714529932064057E+000                  1.3833405691800641E-014                  7.3279999999999990E-001                  2.7137132103714853E-005                  2.5497286286789628E-001                  2.1025988500795504E-003                  6.1630907196949872E-004                  5.7221218635412083E-003                  1.2718648985637696E-003                  2.4871053158459599E-003                  5.1155799379316874E-015                  0.0000000000000000E+000                  0.0000000000000000E+000 
                                     468                  1.0195159134128455E+000                  2.4093057655295577E-001                  5.6681076668869430E+000                  8.3763960008526386E+000                  2.9991899422045922E-014                  7.3279999999999990E-001                  2.7137132103714853E-005                  2.5497286286789628E-001                  2.1025988500795504E-003                  6.1630907196949872E-004                  5.7221218635412083E-003                  1.2718648985637696E-003                  2.4871053158459599E-003                  6.3299242484970040E-015                  0.0000000000000000E+000                  0.0000000000000000E+000 
                                     469                  1.0185736416624520E+000                  2.4007697644293702E-001                  5.6741266804745720E+000                  8.3813250534848311E+000                  6.4822662231023099E-014                  7.3279999999999990E-001                  2.7137132103714853E-005                  2.5497286286789628E-001                  2.1025988500795504E-003                  6.1630907196949872E-004                  5.7221218635412083E-003                  1.2718648985637696E-003                  2.4871053158459599E-003                  7.8260473009542992E-015                  0.0000000000000000E+000                  0.0000000000000000E+000 
                                     470                  1.0176039679809641E+000                  2.3921192319751491E-001                  5.6801484539586760E+000                  8.3862399193197739E+000                  1.3966764643034852E-013                  7.3279999999999990E-001                  2.7137132103714853E-005                  2.5497286286789628E-001                  2.1025988500795504E-003                  6.1630907196949872E-004                  5.7221218635412083E-003                  1.2718648985637696E-003                  2.4871053158459599E-003                  9.6677714018212892E-015                  0.0000000000000000E+000                  0.0000000000000000E+000 
                                     471                  1.0166061786749714E+000                  2.3833526851336698E-001                  5.6861728712403483E+000                  8.3911403858586198E+000                  2.9999151485148069E-013                  7.3279999999999990E-001                  2.7137132103714853E-005                  2.5497286286789628E-001                  2.1025988500795504E-003                  6.1630907196949872E-004                  5.7221218635412083E-003                  1.2718648985637696E-003                  2.4871053158459599E-003                  1.1933006601735487E-014                  0.0000000000000000E+000                  0.0000000000000000E+000 
                                     472                  1.0155795454549426E+000                  2.3744686237085003E-001                  5.6921998168230097E+000                  8.3960262595948549E+000                  6.4233947317181934E-013                  7.3279999999999990E-001                  2.7137132103714853E-005                  2.5497286286789628E-001                  2.1025988500795504E-003                  6.1630907196949872E-004                  5.7221218635412083E-003                  1.2718648985637696E-003                  2.4871053158459599E-003                  1.4716775912507237E-014                  0.0000000000000000E+000                  0.0000000000000000E+000 
                                     473                  1.0145233252888943E+000                  2.3654655297598146E-001                  5.6982291760963184E+000                  8.4008973687079127E+000                  1.3710748417514770E-012                  7.3279999999999990E-001                  2.7137132103714853E-005                  2.5497286286789628E-001                  2.1025988500795504E-003                  6.1630907196949872E-004                  5.7221218635412083E-003                  1.2718648985637696E-003                  2.4871053158459599E-003                  1.8134871281141202E-014                  0.0000000000000000E+000                  0.0000000000000000E+000 
                                     474                  1.0134367602553576E+000                  2.3563418669372765E-001                  5.7042608355888502E+000                  8.4057535646164041E+000                  2.9174082674609382E-012                  7.3279999999999990E-001                  2.7137132103714853E-005                  2.5497286286789628E-001                  2.1025988500795504E-003                  6.1630907196949872E-004                  5.7221218635412083E-003                  1.2718648985637696E-003                  2.4871053158459599E-003                  2.2328267800326649E-014                  0.0000000000000000E+000                  0.0000000000000000E+000 
                                     475                  1.0123190773960942E+000                  2.3470960797443799E-001                  5.7102946830672874E+000                  8.4105947220294404E+000                  6.1883020504657865E-012                  7.3279999999999990E-001                  2.7137132103714853E-005                  2.5497286286789628E-001                  2.1025988500795504E-003                  6.1630907196949872E-004                  5.7221218635412083E-003                  1.2718648985637696E-003                  2.4871053158459599E-003                  2.7468448434002805E-014                  0.0000000000000000E+000                  0.0000000000000000E+000 
                                     476                  1.0111694885694096E+000                  2.3377265927624730E-001                  5.7163306075842852E+000                  8.4154207399066721E+000                  1.3085278172758157E-011                  7.3279999999999990E-001                  2.7137132103714853E-005                  2.5497286286789628E-001                  2.1025988500795504E-003                  6.1630907196949872E-004                  5.7221218635412083E-003                  1.2718648985637696E-003                  2.4871053158459599E-003                  3.3763821086586912E-014                  0.0000000000000000E+000                  0.0000000000000000E+000 
                                     477                  1.0099871903027966E+000                  2.3282318098128957E-001                  5.7223684997110533E+000                  8.4202315433880592E+000                  2.7582312167717232E-011                  7.3279999999999990E-001                  2.7137132103714853E-005                  2.5497286286789628E-001                  2.1025988500795504E-003                  6.1630907196949872E-004                  5.7221218635412083E-003                  1.2718648985637696E-003                  2.4871053158459599E-003                  4.1467445207477156E-014                  0.0000000000000000E+000                  0.0000000000000000E+000 
                                     478                  1.0087713636425806E+000                  2.3186101130323022E-001                  5.7284082517979780E+000                  8.4250270846238760E+000                  5.7958069811230938E-011                  7.3279999999999990E-001                  2.7137132103714853E-005                  2.5497286286789628E-001                  2.1025988500795504E-003                  6.1630907196949872E-004                  5.7221218635412083E-003                  1.2718648985637696E-003                  2.4871053158459599E-003                  5.0886326703911980E-014                  0.0000000000000000E+000                  0.0000000000000000E+000 
                                     479                  1.0075211740008179E+000                  2.3088598618805603E-001                  5.7344497581248541E+000                  8.4298073435367247E+000                  1.2140376856829057E-010                  7.3279999999999990E-001                  2.7137132103714853E-005                  2.5497286286789628E-001                  2.1025988500795504E-003                  6.1630907196949872E-004                  5.7221218635412083E-003                  1.2718648985637696E-003                  2.4871053158459599E-003                  6.2392589072513086E-014                  0.0000000000000000E+000                  0.0000000000000000E+000 
                                     480                  1.0062357709992942E+000                  2.2989793920792537E-001                  5.7404929151130277E+000                  8.4345723298500346E+000                  2.5350417304386627E-010                  7.3279999999999990E-001                  2.7137132103714853E-005                  2.5497286286789628E-001                  2.1025988500795504E-003                  6.1630907196949872E-004                  5.7221218635412083E-003                  1.2718648985637696E-003                  2.4871053158459599E-003                  7.6436887382293101E-014                  0.0000000000000000E+000                  0.0000000000000000E+000 
                                     481                  1.0049142883082456E+000                  2.2889670144479904E-001                  5.7465376217262092E+000                  8.4393220850016295E+000                  5.2768245037947483E-010                  7.3279999999999990E-001                  2.7137132103714853E-005                  2.5497286286789628E-001                  2.1025988500795504E-003                  6.1630907196949872E-004                  5.7221218635412083E-003                  1.2718648985637696E-003                  2.4871053158459599E-003                  9.3564501461856715E-014                  0.0000000000000000E+000                  0.0000000000000000E+000 
                                     482                  1.0035558434776251E+000                  2.2788210136350853E-001                  5.7525837800942412E+000                  8.4440566837462825E+000                  1.0949516385228503E-009                  7.3279999999999990E-001                  2.7137132103714853E-005                  2.5497286286789628E-001                  2.1025988500795504E-003                  6.1630907196949872E-004                  5.7221218635412083E-003                  1.2718648985637696E-003                  2.4871053158459599E-003                  1.1443462673670984E-013                  0.0000000000000000E+000                  0.0000000000000000E+000 
                                     483                  1.0021595377604817E+000                  2.2685396467438054E-001                  5.7586312960818500E+000                  8.4487762362343819E+000                  2.2649176141937019E-009                  7.3279999999999990E-001                  2.7137132103714853E-005                  2.5497286286789628E-001                  2.1025988500795504E-003                  6.1630907196949872E-004                  5.7221218635412083E-003                  1.2718648985637696E-003                  2.4871053158459599E-003                  1.3984347719072800E-013                  0.0000000000000000E+000                  0.0000000000000000E+000 
                                     484                  1.0007244559271282E+000                  2.2581211418368730E-001                  5.7646800796014812E+000                  8.4534808902277945E+000                  4.6703108750353835E-009                  7.3279999999999990E-001                  2.7137132103714853E-005                  2.5497286286789628E-001                  2.1025988500795504E-003                  6.1630907196949872E-004                  5.7221218635412083E-003                  1.2718648985637696E-003                  2.4871053158459599E-003                  1.7075192877673755E-013                  0.0000000000000000E+000                  0.0000000000000000E+000 
                                     485                  9.9924966606729004E-001                  2.2475636963088030E-001                  5.7707300446984586E+000                  8.4581708340283832E+000                  9.6001074748903761E-009                  7.3279999999999990E-001                  2.7137132103714853E-005                  2.5497286286789628E-001                  2.1025988500795504E-003                  6.1630907196949872E-004                  5.7221218635412083E-003                  1.2718648985637696E-003                  2.4871053158459599E-003                  2.0831856564676859E-013                  0.0000000000000000E+000                  0.0000000000000000E+000 
                                     486                  9.9773421937825313E-001                  2.2368654751008069E-001                  5.7767811096237240E+000                  8.4628462970687490E+000                  1.9671824106810176E-008                  7.3279999999999990E-001                  2.7137132103714853E-005                  2.5497286286789628E-001                  2.1025988500795504E-003                  6.1630907196949872E-004                  5.7221218635412083E-003                  1.2718648985637696E-003                  2.4871053158459599E-003                  2.5393915256343761E-013                  0.0000000000000000E+000                  0.0000000000000000E+000 
                                     487                  9.9617714993727013E-001                  2.2260246088071561E-001                  5.7812974187680597E+000                  8.1653061591879190E+000                  1.6768907178570844E-008                  7.3279999999999990E-001                  2.7137132103714853E-005                  2.5497286286789628E-001                  2.1025988500795504E-003                  6.1630907196949872E-004                  5.7221218635412083E-003                  1.2718648985637696E-003                  2.4871053158459599E-003                  2.9424347225961066E-013                  0.0000000000000000E+000                  0.0000000000000000E+000 
                                     488                  9.9538270009299956E-001                  2.2205501688166807E-001                  5.7850896640831682E+000                  8.3443086382672931E+000                  3.9305370527976685E-008                  7.3279999999999990E-001                  2.7137132103714853E-005                  2.5497286286789628E-001                  2.1025988500795504E-003                  6.1630907196949872E-004                  5.7221218635412083E-003                  1.2718648985637696E-003                  2.4871053158459599E-003                  3.3283246899573678E-013                  0.0000000000000000E+000                  0.0000000000000000E+000 
                                     489                  9.9417078149084692E-001                  2.2122701778476411E-001                  5.7903994166136936E+000                  8.4733143032903939E+000                  9.7699804355899420E-008                  7.3279999999999990E-001                  2.7137132103714853E-005                  2.5497286286789628E-001                  2.1025988500795504E-003                  6.1630907196949872E-004                  5.7221218635412083E-003                  1.2718648985637696E-003                  2.4871053158459599E-003                  3.9528906269204645E-013                  0.0000000000000000E+000                  0.0000000000000000E+000 
                                     490                  9.9251643883645257E-001                  2.2011013418054048E-001                  5.7964535390308667E+000                  8.4779448077938930E+000                  1.9817501751329119E-007                  7.3279999999999990E-001                  2.7137132103714853E-005                  2.5497286286789628E-001                  2.1025988500795504E-003                  6.1630907196949872E-004                  5.7221218635412083E-003                  1.2718648985637696E-003                  2.4871053158459599E-003                  4.8056010001724284E-013                  0.0000000000000000E+000                  0.0000000000000000E+000 
                                     491                  9.9081721286702729E-001                  2.1897835226644008E-001                  5.8025084543721972E+000                  8.4825622877262905E+000                  4.0072904582136202E-007                  7.3279999999999990E-001                  2.7137132103714853E-005                  2.5497286286789628E-001                  2.1025988500795504E-003                  6.1630907196949872E-004                  5.7221218635412083E-003                  1.2718648985637696E-003                  2.4871053158459599E-003                  5.8374374442037641E-013                  0.0000000000000000E+000                  0.0000000000000000E+000 
                                     492                  9.8907206193892994E-001                  2.1783146809402965E-001                  5.8085640965332477E+000                  8.4871671977510488E+000                  8.0779648660339946E-007                  7.3279999999999990E-001                  2.7137132103714853E-005                  2.5497286286789628E-001                  2.1025988500795504E-003                  6.1630907196949872E-004                  5.7221218635412083E-003                  1.2718648985637696E-003                  2.4871053158459599E-003                  7.0849869163663584E-013                  0.0000000000000000E+000                  0.0000000000000000E+000 
                                     493                  9.8727992578412527E-001                  2.1666927308644815E-001                  5.8146204006143378E+000                  8.4917600337893617E+000                  1.6233231470058930E-006                  7.3279999999999990E-001                  2.7137132103714853E-005                  2.5497286286789628E-001                  2.1025988500795504E-003                  6.1630907196949872E-004                  5.7221218635412083E-003                  1.2718648985637696E-003                  2.4871053158459599E-003                  8.5920906214744041E-013                  0.0000000000000000E+000                  0.0000000000000000E+000 
                                     494                  9.8543972515845235E-001                  2.1549155377812787E-001                  5.8206773026356906E+000                  8.4963413328908963E+000                  3.2520909554413385E-006                  7.3279999999999990E-001                  2.7137132103714853E-005                  2.5497286286789628E-001                  2.1025988500795504E-003                  6.1630907196949872E-004                  5.7221218635412083E-003                  1.2718648985637696E-003                  2.4871053158459599E-003                  1.0411237728854376E-012                  0.0000000000000000E+000                  0.0000000000000000E+000 
                                     495                  9.8355036146528518E-001                  2.1429809154191895E-001                  5.8267347402676508E+000                  8.5009116695725400E+000                  6.4949831401421397E-006                  7.3279999999999990E-001                  2.7137132103714853E-005                  2.5497286286789628E-001                  2.1025988500795504E-003                  6.1630907196949872E-004                  5.7221218635412083E-003                  1.2718648985637696E-003                  2.4871053158459599E-003                  1.2605218397028573E-012                  0.0000000000000000E+000                  0.0000000000000000E+000 
                                     496                  9.8161071636641883E-001                  2.1308866231291390E-001                  5.8327926539125414E+000                  8.5054716517084650E+000                  1.2931657325033035E-005                  7.3279999999999990E-001                  2.7137132103714853E-005                  2.5497286286789628E-001                  2.1025988500795504E-003                  6.1630907196949872E-004                  5.7221218635412083E-003                  1.2718648985637696E-003                  2.4871053158459599E-003                  1.5249082768265346E-012                  0.0000000000000000E+000                  0.0000000000000000E+000 
                                     497                  9.7961965138012563E-001                  2.1186303631047582E-001                  5.8388509875856247E+000                  8.5100219239902408E+000                  2.5668150628250713E-005                  7.3279999999999990E-001                  2.7137132103714853E-005                  2.5497286286789628E-001                  2.1025988500795504E-003                  6.1630907196949872E-004                  5.7221218635412083E-003                  1.2718648985637696E-003                  2.4871053158459599E-003                  1.8432460325368032E-012                  0.0000000000000000E+000                  0.0000000000000000E+000 
                                     498                  9.7757600746034901E-001                  2.1062097773714161E-001                  5.8449096895217094E+000                  8.5145631651850966E+000                  5.0792885243479775E-005                  7.3279999999999990E-001                  2.7137132103714853E-005                  2.5497286286789628E-001                  2.1025988500795504E-003                  6.1630907196949872E-004                  5.7221218635412083E-003                  1.2718648985637696E-003                  2.4871053158459599E-003                  2.2262303946758618E-012                  0.0000000000000000E+000                  0.0000000000000000E+000 
                                     499                  9.7547860456549162E-001                  2.0936224447095952E-001                  5.8509687141272524E+000                  8.5190960789292962E+000                  1.0020355439870949E-004                  7.3279999999999990E-001                  2.7137132103714853E-005                  2.5497286286789628E-001                  2.1025988500795504E-003                  6.1630907196949872E-004                  5.7221218635412083E-003                  1.2718648985637696E-003                  2.4871053158459599E-003                  2.6866135105379442E-012                  0.0000000000000000E+000                  0.0000000000000000E+000 
                                     500                  9.7332624123085021E-001                  2.0808658777026012E-001                  5.8570280241868957E+000                  8.5236213956072309E+000                  1.9707873490040418E-004                  7.3279999999999990E-001                  2.7137132103714853E-005                  2.5497286286789628E-001                  2.1025988500795504E-003                  6.1630907196949872E-004                  5.7221218635412083E-003                  1.2718648985637696E-003                  2.4871053158459599E-003                  3.2395878057211041E-012                  0.0000000000000000E+000                  0.0000000000000000E+000 
                                     501                  9.7111769414257709E-001                  2.0679375195938443E-001                  5.8630875914623664E+000                  8.5281398726971478E+000                  3.8643610434319612E-004                  7.3279999999999990E-001                  2.7137132103714853E-005                  2.5497286286789628E-001                  2.1025988500795504E-003                  6.1630907196949872E-004                  5.7221218635412083E-003                  1.2718648985637696E-003                  2.4871053158459599E-003                  3.9032385687671701E-012                  0.0000000000000000E+000                  0.0000000000000000E+000 
                                     502                  9.6885171770845524E-001                  2.0548347409888518E-001                  5.8691473988642731E+000                  8.5326522896812964E+000                  7.5544410410124821E-004                  7.3279999999999990E-001                  2.7137132103714853E-005                  2.5497286286789628E-001                  2.1025988500795504E-003                  6.1630907196949872E-004                  5.7221218635412083E-003                  1.2718648985637696E-003                  2.4871053158459599E-003                  4.6990780925509509E-012                  0.0000000000000000E+000                  0.0000000000000000E+000 
                                     503                  9.6652704363905728E-001                  2.0415548365605560E-001                  5.8752074445927587E+000                  8.5371594456396629E+000                  1.4723795976221666E-003                  7.3279999999999990E-001                  2.7137132103714853E-005                  2.5497286286789628E-001                  2.1025988500795504E-003                  6.1630907196949872E-004                  5.7221218635412083E-003                  1.2718648985637696E-003                  2.4871053158459599E-003                  5.6526758251122887E-012                  0.0000000000000000E+000                  0.0000000000000000E+000 
                                     504                  9.6414238055042811E-001                  2.0280950216801977E-001                  5.8812677437357443E+000                  8.5416621574622731E+000                  2.8611253786748158E-003                  7.3279999999999990E-001                  2.7137132103714853E-005                  2.5497286286789628E-001                  2.1025988500795504E-003                  6.1630907196949872E-004                  5.7221218635412083E-003                  1.2718648985637696E-003                  2.4871053158459599E-003                  6.7944008628913941E-012                  0.0000000000000000E+000                  0.0000000000000000E+000 
                                     505                  9.6169641358886737E-001                  2.0144524289532886E-001                  5.8873283275092589E+000                  8.5461612609659952E+000                  5.5432074192931146E-003                  7.3279999999999990E-001                  2.7137132103714853E-005                  2.5497286286789628E-001                  2.1025988500795504E-003                  6.1630907196949872E-004                  5.7221218635412083E-003                  1.2718648985637696E-003                  2.4871053158459599E-003                  8.1602960057769991E-012                  0.0000000000000000E+000                  0.0000000000000000E+000 
                                     506                  9.5918780407026949E-001                  2.0006241045651998E-001                  5.8933892428465198E+000                  8.5506576111037997E+000                  1.0707809399619524E-002                  7.3279999999999990E-001                  2.7137132103714853E-005                  2.5497286286789628E-001                  2.1025988500795504E-003                  6.1630907196949872E-004                  5.7221218635412083E-003                  1.2718648985637696E-003                  2.4871053158459599E-003                  9.7931063208763786E-012                  0.0000000000000000E+000                  0.0000000000000000E+000 
                                     507                  9.5661518914246879E-001                  1.9866070044548012E-001                  5.8994505524843630E+000                  8.5551520661271603E+000                  2.0623583693649767E-002                  7.3279999999999990E-001                  2.7137132103714853E-005                  2.5497286286789628E-001                  2.1025988500795504E-003                  6.1630907196949872E-004                  5.7221218635412083E-003                  1.2718648985637696E-003                  2.4871053158459599E-003                  1.1743489240362132E-011                  0.0000000000000000E+000                  0.0000000000000000E+000 
                                     508                  9.5397718148567545E-001                  1.9723979908329592E-001                  5.9055123339563931E+000                  8.5596454830083992E+000                  3.9605994126611394E-002                  7.3279999999999990E-001                  2.7137132103714853E-005                  2.5497286286789628E-001                  2.1025988500795504E-003                  6.1630907196949872E-004                  5.7221218635412083E-003                  1.2718648985637696E-003                  2.4871053158459599E-003                  1.4071436449489975E-011                  0.0000000000000000E+000                  0.0000000000000000E+000 
                                     509                  9.5127236905448176E-001                  1.9579938287073229E-001                  5.9115746726691878E+000                  8.5641387200083905E+000                  7.5840380257230208E-002                  7.3279999999999990E-001                  2.7137132103714853E-005                  2.5497286286789628E-001                  2.1025988500795504E-003                  6.1630907196949872E-004                  5.7221218635412083E-003                  1.2718648985637696E-003                  2.4871053158459599E-003                  1.6847941190375595E-011                  0.0000000000000000E+000                  0.0000000000000000E+000 
                                     510                  9.4849931484469652E-001                  1.9433911821782984E-001                  5.9176376544883036E+000                  8.5686326188473316E+000                  1.4480792015423211E-001                  7.3279999999999990E-001                  2.7137132103714853E-005                  2.5497286286789628E-001                  2.1025988500795504E-003                  6.1630907196949872E-004                  5.7221218635412083E-003                  1.2718648985637696E-003                  2.4871053158459599E-003                  2.0156953368971276E-011                  0.0000000000000000E+000                  0.0000000000000000E+000 
                                     511                  9.4565655668916404E-001                  1.9285866111878608E-001                  5.9237013646452876E+000                  8.5731279951464607E+000                  2.7570564872004782E-001                  7.3279999999999990E-001                  2.7137132103714853E-005                  2.5497286286789628E-001                  2.1025988500795504E-003                  6.1630907196949872E-004                  5.7221218635412083E-003                  1.2718648985637696E-003                  2.4871053158459599E-003                  2.4097672856395598E-011                  0.0000000000000000E+000                  0.0000000000000000E+000 
                                     512                  9.4274260710401714E-001                  1.9135765684795661E-001                  5.9297658878447050E+000                  8.5776256311830625E+000                  5.2344339231275427E-001                  7.3279999999999990E-001                  2.7137132103714853E-005                  2.5497286286789628E-001                  2.1025988500795504E-003                  6.1630907196949872E-004                  5.7221218635412083E-003                  1.2718648985637696E-003                  2.4871053158459599E-003                  2.8787236718389753E-011                  0.0000000000000000E+000                  0.0000000000000000E+000 
                                     513                  9.3975595319143146E-001                  1.8983573967113510E-001                  5.9358313072037090E+000                  8.5821262785965722E+000                  9.9099962192242663E-001                  7.3279999999999990E-001                  2.7137132103714853E-005                  2.5497286286789628E-001                  2.1025988500795504E-003                  6.1630907196949872E-004                  5.7221218635412083E-003                  1.2718648985637696E-003                  2.4871053158459599E-003                  3.4363864158837166E-011                  0.0000000000000000E+000                  0.0000000000000000E+000 
                                     514                  9.3669505657589791E-001                  1.8829253253842226E-001                  5.9418977031251847E+000                  8.5866306621240955E+000                  1.8709653274404596E+000                  7.3279999999999990E-001                  2.7137132103714853E-005                  2.5497286286789628E-001                  2.1025988500795504E-003                  6.1630907196949872E-004                  5.7221218635412083E-003                  1.2718648985637696E-003                  2.4871053158459599E-003                  4.0990534969319442E-011                  0.0000000000000000E+000                  0.0000000000000000E+000 
                                     515                  9.3355835337450366E-001                  1.8672764675370968E-001                  5.9479651546972079E+000                  8.5911394730201209E+000                  3.5225331128876864E+000                  7.3279999999999990E-001                  2.7137132103714853E-005                  2.5497286286789628E-001                  2.1025988500795504E-003                  6.1630907196949872E-004                  5.7221218635412083E-003                  1.2718648985637696E-003                  2.4871053158459599E-003                  4.8859292745730592E-011                  0.0000000000000000E+000                  0.0000000000000000E+000 
                                     516                  9.3034425422551270E-001                  1.8514068165688222E-001                  5.9555837779001877E+000                  8.7728926052371090E+000                  1.1644635491886394E+001                  7.3279999999999990E-001                  2.7137132103714853E-005                  2.5497286286789628E-001                  2.1025988500795504E-003                  6.1630907196949872E-004                  5.7221218635412083E-003                  1.2718648985637696E-003                  2.4871053158459599E-003                  6.0839706610515571E-011                  0.0000000000000000E+000                  0.0000000000000000E+000 
                                     517                  9.2537444894268672E-001                  1.8271783968051172E-001                  5.9631393948703204E+000                  8.6024358303382513E+000                  1.6929350760384860E+001                  7.3279999999999990E-001                  2.7137132103714853E-005                  2.5497286286789628E-001                  2.1025988500795504E-003                  6.1630907196949872E-004                  5.7221218635412083E-003                  1.2718648985637696E-003                  2.4871053158459599E-003                  7.5550137788199036E-011                  0.0000000000000000E+000                  0.0000000000000000E+000 
                                     518                  9.2195974026526062E-001                  1.8107383882302464E-001                  5.9684409080724041E+000                  8.4814532448964464E+000                  2.1883398965284297E+001                  7.3279999999999990E-001                  2.7137132103714853E-005                  2.5497286286789628E-001                  2.1025988500795504E-003                  6.1630907196949872E-004                  5.7221218635412083E-003                  1.2718648985637696E-003                  2.4871053158459599E-003                  8.7883122496445748E-011                  0.0000000000000000E+000                  0.0000000000000000E+000 
                                     519                  9.1934422929275084E-001                  1.7982540426540305E-001                  5.9729955852889143E+000                  8.4848540893686426E+000                  3.4869582068108102E+001                  7.3279999999999990E-001                  2.7137132103714853E-005                  2.5497286286789628E-001                  2.1025988500795504E-003                  6.1630907196949872E-004                  5.7221218635412083E-003                  1.2718648985637696E-003                  2.4871053158459599E-003                  1.0002550613103303E-010                  0.0000000000000000E+000                  0.0000000000000000E+000 
                                     520                  9.1668122592156731E-001                  1.7856351343166046E-001                  5.9783216539941009E+000                  8.6137727031266724E+000                  7.9997620779360759E+001                  7.3279999999999990E-001                  2.7137132103714853E-005                  2.5497286286789628E-001                  2.1025988500795504E-003                  6.1630907196949872E-004                  5.7221218635412083E-003                  1.2718648985637696E-003                  2.4871053158459599E-003                  1.1630146928510455E-010                  0.0000000000000000E+000                  0.0000000000000000E+000 
                                     521                  9.1305542436425591E-001                  1.7685969572222748E-001                  5.9843973918624513E+000                  8.6183212073831470E+000                  1.4819541368573744E+002                  7.3279999999999990E-001                  2.7137132103714853E-005                  2.5497286286789628E-001                  2.1025988500795504E-003                  6.1630907196949872E-004                  5.7221218635412083E-003                  1.2718648985637696E-003                  2.4871053158459599E-003                  1.3803642139589889E-010                  0.0000000000000000E+000                  0.0000000000000000E+000 
                                     522                  9.0934216462773476E-001                  1.7513112234606729E-001                  5.9904748883176460E+000                  8.6228783451828264E+000                  2.7381187969411332E+002                  7.3279999999999990E-001                  2.7137132103714853E-005                  2.5497286286789628E-001                  2.1025988500795504E-003                  6.1630907196949872E-004                  5.7221218635412083E-003                  1.2718648985637696E-003                  2.4871053158459599E-003                  1.6372014508158361E-010                  0.0000000000000000E+000                  0.0000000000000000E+000 
                                     523                  9.0553968474241475E-001                  1.7337729778424862E-001                  5.9965542577258599E+000                  8.6274446402557174E+000                  5.0458992128364150E+002                  7.3279999999999990E-001                  2.7137132103714853E-005                  2.5497286286789628E-001                  2.1025988500795504E-003                  6.1630907196949872E-004                  5.7221218635412083E-003                  1.2718648985637696E-003                  2.4871053158459599E-003                  1.9404975023725232E-010                  0.0000000000000000E+000                  0.0000000000000000E+000 
                                     524                  9.0164619965614212E-001                  1.7159771113105454E-001                  6.0026356113979293E+000                  8.6320205939201440E+000                  9.2747513667857072E+002                  7.3279999999999990E-001                  2.7137132103714853E-005                  2.5497286286789628E-001                  2.1025988500795504E-003                  6.1630907196949872E-004                  5.7221218635412083E-003                  1.2718648985637696E-003                  2.4871053158459599E-003                  2.2984186384511908E-010                  2.6020429130391579E-036                  0.0000000000000000E+000 
                                     525                  8.9765990184399669E-001                  1.6979183559121863E-001                  6.0087190572641953E+000                  8.6366066901033154E+000                  1.7004026294118446E+003                  7.3279999999999990E-001                  2.7137132103714853E-005                  2.5497286286789628E-001                  2.1025988500795504E-003                  6.1630907196949872E-004                  5.7221218635412083E-003                  1.2718648985637696E-003                  2.4871053158459599E-003                  2.7205250917033952E-010                  4.9598606876316837E-036                  0.0000000000000000E+000 
                                     526                  8.9357896201410902E-001                  1.6795912793544612E-001                  6.0148046994857651E+000                  8.6412033990799095E+000                  3.1095325540871145E+003                  7.3279999999999990E-001                  2.7137132103714853E-005                  2.5497286286789628E-001                  2.1025988500795504E-003                  6.1630907196949872E-004                  5.7221218635412083E-003                  1.2718648985637696E-003                  2.4871053158459599E-003                  3.2180018857647990E-010                  9.4286329076378956E-036                  0.0000000000000000E+000 
                                     527                  8.8940152989164689E-001                  1.6609902791665435E-001                  6.0208926381137644E+000                  8.6458111748178794E+000                  5.6720499454110404E+003                  7.3279999999999990E-001                  2.7137132103714853E-005                  2.5497286286789628E-001                  2.1025988500795504E-003                  6.1630907196949872E-004                  5.7221218635412083E-003                  1.2718648985637696E-003                  2.4871053158459599E-003                  3.8039267407866332E-010                  1.7875629315202835E-035                  0.0000000000000000E+000 
                                     528                  8.8512573507780834E-001                  1.6421095767201757E-001                  6.0269829687829741E+000                  8.6504304557011444E+000                  1.0320340266940251E+004                  7.3279999999999990E-001                  2.7137132103714853E-005                  2.5497286286789628E-001                  2.1025988500795504E-003                  6.1630907196949872E-004                  5.7221218635412083E-003                  1.2718648985637696E-003                  2.4871053158459599E-003                  4.4935807457496368E-010                  3.3799958027443055E-035                  0.0000000000000000E+000 
                                     529                  8.8074968799597997E-001                  1.6229432109556921E-001                  6.0330757822790382E+000                  8.6550616626114518E+000                  1.8731136151898081E+004                  7.3279999999999990E-001                  2.7137132103714853E-005                  2.5497286286789628E-001                  2.1025988500795504E-003                  6.1630907196949872E-004                  5.7221218635412083E-003                  1.2718648985637696E-003                  2.4871053158459599E-003                  5.3048084044912581E-010                  6.3741419120582689E-035                  0.0000000000000000E+000 
                                     530                  8.7627148095231921E-001                  1.6034850319147292E-001                  6.0391711640684829E+000                  8.6597052030670927E+000                  3.3912290253604457E+004                  7.3279999999999990E-001                  2.7137132103714853E-005                  2.5497286286789628E-001                  2.1025988500795504E-003                  6.1630907196949872E-004                  5.7221218635412083E-003                  1.2718648985637696E-003                  2.4871053158459599E-003                  6.2584345753702515E-010                  1.1989091241768795E-034                  0.0000000000000000E+000 
                                     531                  8.7168918929572548E-001                  1.5837286937963274E-001                  6.0452691940495455E+000                  8.6643614757892049E+000                  6.1246240200270084E+004                  7.3279999999999990E-001                  2.7137132103714853E-005                  2.5497286286789628E-001                  2.1025988500795504E-003                  6.1630907196949872E-004                  5.7221218635412083E-003                  1.2718648985637696E-003                  2.4871053158459599E-003                  7.3787470650855206E-010                  2.2491461306850706E-034                  0.0000000000000000E+000 
                                     532                  8.6700087265953396E-001                  1.5636676474822517E-001                  6.0513699470607438E+000                  8.6690308748336733E+000                  1.1034105984221103E+005                  7.3279999999999990E-001                  2.7137132103714853E-005                  2.5497286286789628E-001                  2.1025988500795504E-003                  6.1630907196949872E-004                  5.7221218635412083E-003                  1.2718648985637696E-003                  2.4871053158459599E-003                  8.6940549635325403E-010                  4.2084633484069925E-034                  0.0000000000000000E+000 
                                     533                  8.6220457629310787E-001                  1.5432951325130909E-001                  6.0574734935288506E+000                  8.6737137917116254E+000                  1.9830609797234775E+005                  7.3279999999999990E-001                  2.7137132103714853E-005                  2.5497286286789628E-001                  2.1025988500795504E-003                  6.1630907196949872E-004                  5.7221218635412083E-003                  1.2718648985637696E-003                  2.4871053158459599E-003                  1.0237334150126145E-009                  7.8543675104834055E-034                  0.0000000000000000E+000 
                                     534                  8.5729833251834353E-001                  1.5226041685713698E-001                  6.0635798994001382E+000                  8.6784106180352190E+000                  3.5553444753217173E+005                  7.3279999999999990E-001                  2.7137132103714853E-005                  2.5497286286789628E-001                  2.1025988500795504E-003                  6.1630907196949872E-004                  5.7221218635412083E-003                  1.2718648985637696E-003                  2.4871053158459599E-003                  1.2046972956636737E-009                  1.4621358761526948E-033                  0.0000000000000000E+000 
                                     535                  8.5228016229975245E-001                  1.5015875464128664E-001                  6.0696892261770587E+000                  8.6831217495980741E+000                  6.3588593461861915E+005                  7.3279999999999990E-001                  2.7137132103714853E-005                  2.5497286286789628E-001                  2.1025988500795504E-003                  6.1630907196949872E-004                  5.7221218635412083E-003                  1.2718648985637696E-003                  2.4871053158459599E-003                  1.4167633139682847E-009                  2.7149378635560168E-033                  0.0000000000000000E+000 
                                     536                  8.4714807690158100E-001                  1.4802378181370784E-001                  6.0758015312772544E+000                  8.6878475919201428E+000                  1.1345760840965277E+006                  7.3279999999999990E-001                  2.7137132103714853E-005                  2.5497286286789628E-001                  2.1025988500795504E-003                  6.1630907196949872E-004                  5.7221218635412083E-003                  1.2718648985637696E-003                  2.4871053158459599E-003                  1.6651243387866142E-009                  5.0284514918678875E-033                  0.0000000000000000E+000 
                                     537                  8.4190007963648328E-001                  1.4585472866750798E-001                  6.0819168681128719E+000                  8.6925885632797506E+000                  2.0195266843212913E+006                  7.3279999999999990E-001                  2.7137132103714853E-005                  2.5497286286789628E-001                  2.1025988500795504E-003                  6.1630907196949872E-004                  5.7221218635412083E-003                  1.2718648985637696E-003                  2.4871053158459599E-003                  1.9558144888472647E-009                  9.2900311058861411E-033                  0.0000000000000000E+000 
                                     538                  8.3653416774396361E-001                  1.4365079945628817E-001                  6.0880352861144242E+000                  8.6973450975508797E+000                  3.5861757171001099E+006                  7.3279999999999990E-001                  2.7137132103714853E-005                  2.5497286286789628E-001                  2.1025988500795504E-003                  6.1630907196949872E-004                  5.7221218635412083E-003                  1.2718648985637696E-003                  2.4871053158459599E-003                  2.2958411521564216E-009                  1.7120430878579352E-032                  0.0000000000000000E+000 
                                     539                  8.3104833438741377E-001                  1.4141117119589316E-001                  6.0941568311143532E+000                  8.7021176499964668E+000                  6.3530713423544494E+006                  7.3279999999999990E-001                  2.7137132103714853E-005                  2.5497286286789628E-001                  2.1025988500795504E-003                  6.1630907196949872E-004                  5.7221218635412083E-003                  1.2718648985637696E-003                  2.4871053158459599E-003                  2.6933370507361105E-009                  3.1472606269933684E-032                  0.0000000000000000E+000 
                                     540                  8.2544057074192789E-001                  1.3913499236959267E-001                  6.1002815456313275E+000                  8.7069067038649397E+000                  1.1228198577148190E+007                  7.3279999999999990E-001                  2.7137132103714853E-005                  2.5497286286789628E-001                  2.1025988500795504E-003                  6.1630907196949872E-004                  5.7221218635412083E-003                  1.2718648985637696E-003                  2.4871053158459599E-003                  3.1577352642617961E-009                  5.7713433972352046E-032                  0.0000000000000000E+000 
                                     541                  8.1970886817667699E-001                  1.3682138152489692E-001                  6.1064094689301918E+000                  8.7117127728678732E+000                  1.9797684316579729E+007                  7.3279999999999990E-001                  2.7137132103714853E-005                  2.5497286286789628E-001                  2.1025988500795504E-003                  6.1630907196949872E-004                  5.7221218635412083E-003                  1.2718648985637696E-003                  2.4871053158459599E-003                  3.6999705536471069E-009                  1.0557298745290563E-031                  0.0000000000000000E+000 
                                     542                  8.1385122057208581E-001                  1.3446942577578766E-001                  6.1125406372875881E+000                  8.7165364049629250E+000                  3.4825730075477436E+007                  7.3279999999999990E-001                  2.7137132103714853E-005                  2.5497286286789628E-001                  2.1025988500795504E-003                  6.1630907196949872E-004                  5.7221218635412083E-003                  1.2718648985637696E-003                  2.4871053158459599E-003                  4.3327108194978029E-009                  1.9264853469545411E-031                  0.0000000000000000E+000 
                                     543                  8.0786562675686802E-001                  1.3207817919621406E-001                  6.1186750842683955E+000                  8.7213781891455433E+000                  6.1118258456367649E+007                  7.3279999999999990E-001                  2.7137132103714853E-005                  2.5497286286789628E-001                  2.1025988500795504E-003                  6.1630907196949872E-004                  5.7221218635412083E-003                  1.2718648985637696E-003                  2.4871053158459599E-003                  5.0706230229814698E-009                  3.5068788735019801E-031                  0.0000000000000000E+000 
                                     544                  8.0175009304146561E-001                  1.2964666107966774E-001                  6.1248128407478166E+000                  8.7262387608371643E+000                  1.0701134688786460E+008                  7.3279999999999990E-001                  2.7137132103714853E-005                  2.5497286286789628E-001                  2.1025988500795504E-003                  6.1630907196949872E-004                  5.7221218635412083E-003                  1.2718648985637696E-003                  2.4871053158459599E-003                  5.9306784967761988E-009                  6.3682922972371348E-031                  0.0000000000000000E+000 
                                     545                  7.9550263585943648E-001                  1.2717385406203063E-001                  6.1309539343830393E+000                  8.7311188042939829E+000                  1.8693035043007582E+008                  7.3279999999999990E-001                  2.7137132103714853E-005                  2.5497286286789628E-001                  2.1025988500795504E-003                  6.1630907196949872E-004                  5.7221218635412083E-003                  1.2718648985637696E-003                  2.4871053158459599E-003                  6.9325032012996475E-009                  1.1536583335190478E-030                  0.0000000000000000E+000 
                                     546                  7.8912128455407493E-001                  1.2465870211409869E-001                  6.1370983889253008E+000                  8.7360190561117168E+000                  3.2577948212970471E+008                  7.3279999999999990E-001                  2.7137132103714853E-005                  2.5497286286789628E-001                  2.1025988500795504E-003                  6.1630907196949872E-004                  5.7221218635412083E-003                  1.2718648985637696E-003                  2.4871053158459599E-003                  8.0987793007863520E-009                  2.0849134995298326E-030                  0.0000000000000000E+000 
                                     547                  7.8260408429293271E-001                  1.2210010838733724E-001                  6.1432462240764165E+000                  8.7409403107489112E+000                  5.6645333114486718E+008                  7.3279999999999990E-001                  2.7137132103714853E-005                  2.5497286286789628E-001                  2.1025988500795504E-003                  6.1630907196949872E-004                  5.7221218635412083E-003                  1.2718648985637696E-003                  2.4871053158459599E-003                  9.4557053773283484E-009                  3.7588926296434471E-030                  0.0000000000000000E+000 
                                     548                  7.7594909909418563E-001                  1.1949693288917601E-001                  6.1493974548763557E+000                  8.7458834245545720E+000                  9.8266025510442877E+008                  7.3279999999999990E-001                  2.7137132103714853E-005                  2.5497286286789628E-001                  2.1025988500795504E-003                  6.1630907196949872E-004                  5.7221218635412083E-003                  1.2718648985637696E-003                  2.4871053158459599E-003                  1.1033523337992513E-008                  6.7607840635132880E-030                  0.0000000000000000E+000 
                                     549                  7.6915441499456005E-001                  1.1684798998303891E-001                  6.1555520904489542E+000                  8.7508493174484983E+000                  1.7007620807157001E+009                  7.3279999999999990E-001                  2.7137132103714853E-005                  2.5497286286789628E-001                  2.1025988500795504E-003                  6.1630907196949872E-004                  5.7221218635412083E-003                  1.2718648985637696E-003                  2.4871053158459599E-003                  1.2867121195239732E-008                  1.2131190399659263E-029                  0.0000000000000000E+000 
                                     550                  7.6221814338092497E-001                  1.1415204571352323E-001                  6.1617101335320053E+000                  8.7558389762475244E+000                  2.9368816123345747E+009                  7.3279999999999990E-001                  2.7137132103714853E-005                  2.5497286286789628E-001                  2.1025988500795504E-003                  6.1630907196949872E-004                  5.7221218635412083E-003                  1.2718648985637696E-003                  2.4871053158459599E-003                  1.4996722459378581E-008                  2.1716141070696825E-029                  0.0000000000000000E+000 
                                     551                  7.5513842447296475E-001                  1.1140781493244625E-001                  6.1678715806572653E+000                  8.7608534599794137E+000                  5.0598022224630451E+009                  7.3279999999999990E-001                  2.7137132103714853E-005                  2.5497286286789628E-001                  2.1025988500795504E-003                  6.1630907196949872E-004                  5.7221218635412083E-003                  1.2718648985637696E-003                  2.4871053158459599E-003                  1.7468674103624880E-008                  3.8782714326952191E-029                  0.0000000000000000E+000 
                                     552                  7.4791343095634744E-001                  1.0861395819660052E-001                  6.1740364221738320E+000                  8.7658939033318450E+000                  8.6973333407211380E+009                  7.3279999999999990E-001                  2.7137132103714853E-005                  2.5497286286789628E-001                  2.1025988500795504E-003                  6.1630907196949872E-004                  5.7221218635412083E-003                  1.2718648985637696E-003                  2.4871053158459599E-003                  2.0336346448163827E-008                  6.9099232868485593E-029                  0.0000000000000000E+000 
                                     553                  7.4054137180418267E-001                  1.0576907843010247E-001                  6.1802046423477295E+000                  8.7709615199432864E+000                  1.4915751668279800E+010                  7.3279999999999990E-001                  2.7137132103714853E-005                  2.5497286286789628E-001                  2.1025988500795504E-003                  6.1630907196949872E-004                  5.7221218635412083E-003                  1.2718648985637696E-003                  2.4871053158459599E-003                  2.3661160278394902E-008                  1.2282609570732822E-028                  0.0000000000000000E+000 
                                     554                  7.3302049629686539E-001                  1.0287171733258579E-001                  6.1848186363926212E+000                  8.4737325192763251E+000                  1.1147155640545536E+010                  7.3279999999999990E-001                  2.7137132103714853E-005                  2.5497286286789628E-001                  2.1025988500795504E-003                  6.1630907196949872E-004                  5.7221218635412083E-003                  1.2718648985637696E-003                  2.4871053158459599E-003                  2.6489568429333339E-008                  1.8855795139935426E-028                  0.0000000000000000E+000 
                                     555                  7.2920371736419465E-001                  1.0140293549410287E-001                  6.1894632001446013E+000                  8.7786166589398604E+000                  3.3355719067092396E+010                  7.3279999999999990E-001                  2.7137132103714853E-005                  2.5497286286789628E-001                  2.1025988500795504E-003                  6.1630907196949872E-004                  5.7221218635412083E-003                  1.2718648985637696E-003                  2.4871053158459599E-003                  2.9662862405018003E-008                  2.8980934420317605E-028                  0.0000000000000000E+000 
                                     556                  7.2145643331622500E-001                  9.8423975575143471E-002                  6.1956397614300460E+000                  8.7837580814899443E+000                  5.6878513734697800E+010                  7.3279999999999990E-001                  2.7137132103714853E-005                  2.5497286286789628E-001                  2.1025988500795504E-003                  6.1630907196949872E-004                  5.7221218635412083E-003                  1.2718648985637696E-003                  2.4871053158459599E-003                  3.4463092190202345E-008                  5.1215006406661951E-028                  0.0000000000000000E+000 
                                     557                  7.1355616063923055E-001                  9.5388594511516128E-002                  6.2002604631974281E+000                  8.4865860730353688E+000                  4.2328356924371262E+010                  7.3279999999999990E-001                  2.7137132103714853E-005                  2.5497286286789628E-001                  2.1025988500795504E-003                  6.1630907196949872E-004                  5.7221218635412083E-003                  1.2718648985637696E-003                  2.4871053158459599E-003                  3.8542026846484067E-008                  7.8285709853908021E-028                  0.0000000000000000E+000 
                                     558                  7.0954815905383462E-001                  9.3849273421298618E-002                  6.2049106943290928E+000                  8.7915308382657429E+000                  1.2611118000001410E+011                  7.3279999999999990E-001                  2.7137132103714853E-005                  2.5497286286789628E-001                  2.1025988500795504E-003                  6.1630907196949872E-004                  5.7221218635412083E-003                  1.2718648985637696E-003                  2.4871053158459599E-003                  4.3112295332487604E-008                  1.1979301061641694E-027                  0.0000000000000000E+000 
                                     559                  7.0141546921276676E-001                  9.0726039203952474E-002                  6.2110954012212396E+000                  8.7967556324972662E+000                  2.1382191646115131E+011                  7.3279999999999990E-001                  2.7137132103714853E-005                  2.5497286286789628E-001                  2.1025988500795504E-003                  6.1630907196949872E-004                  5.7221218635412083E-003                  1.2718648985637696E-003                  2.4871053158459599E-003                  5.0017730955508875E-008                  2.1047398933714473E-027                  0.0000000000000000E+000 
                                     560                  6.9312596948545613E-001                  8.7541966579418082E-002                  6.2157226840611974E+000                  8.4996481443627339E+000                  1.5845321196419626E+011                  7.3279999999999990E-001                  2.7137132103714853E-005                  2.5497286286789628E-001                  2.1025988500795504E-003                  6.1630907196949872E-004                  5.7221218635412083E-003                  1.2718648985637696E-003                  2.4871053158459599E-003                  5.5878988258195941E-008                  3.2035099964259040E-027                  0.0000000000000000E+000 
                                     561                  6.8892197176091596E-001                  8.5926582018992448E-002                  6.2188174807536463E+000                  8.5022878967460702E+000                  2.0597272397259567E+011                  7.3279999999999990E-001                  2.7137132103714857E-005                  2.5497286286789628E-001                  2.1025988500795504E-003                  6.1630907196949872E-004                  5.7221218635412083E-003                  1.2718648985637696E-003                  2.4871053158459599E-003                  6.0162538539176625E-008                  4.2389744245266428E-027                  0.0000000000000000E+000 
                                     562                  6.8467824773451669E-001                  8.4295262520728428E-002                  6.2219130646890246E+000                  8.5049373427726493E+000                  2.6759032787807367E+011                  7.3279999999999990E-001                  2.7137132103714857E-005                  2.5497286286789628E-001                  2.1025988500795504E-003                  6.1630907196949872E-004                  5.7221218635412083E-003                  1.2718648985637696E-003                  2.4871053158459599E-003                  6.4765292032676756E-008                  5.6058999781163085E-027                  0.0000000000000000E+000 
                                     563                  6.8039463265861855E-001                  8.2647753191774129E-002                  6.2250094309655415E+000                  8.5075967354759658E+000                  3.4744263723046210E+011                  7.3279999999999990E-001                  2.7137132103714853E-005                  2.5497286286789628E-001                  2.1025988500795504E-003                  6.1630907196949872E-004                  5.7221218635412083E-003                  1.2718648985637696E-003                  2.4871053158459599E-003                  6.9710327538769575E-008                  7.4093479502096906E-027                  0.0000000000000000E+000 
                                     564                  6.7607096685665868E-001                  8.0983792721406794E-002                  6.2281065746703987E+000                  8.5102663356858290E+000                  4.5086630379652887E+011                  7.3279999999999990E-001                  2.7137132103714853E-005                  2.5497286286789628E-001                  2.1025988500795504E-003                  6.1630907196949872E-004                  5.7221218635412083E-003                  1.2718648985637696E-003                  2.4871053158459599E-003                  7.5022339273641955E-008                  9.7873471754125492E-027                  0.0000000000000000E+000 
                                     565                  6.7170709592357913E-001                  7.9303113156131422E-002                  6.2312044908964106E+000                  8.5129464122660359E+000                  5.8474211059608984E+011                  7.3279999999999990E-001                  2.7137132103714857E-005                  2.5497286286789628E-001                  2.1025988500795504E-003                  6.1630907196949872E-004                  5.7221218635412083E-003                  1.2718648985637696E-003                  2.4871053158459599E-003                  8.0727746070101822E-008                  1.2921133777420660E-026                  0.0000000000000000E+000 
                                     566                  6.6730287093256857E-001                  7.7605439664960640E-002                  6.2343031747483941E+000                  8.5156372422845141E+000                  7.5793654216370215E+011                  7.3279999999999990E-001                  2.7137132103714857E-005                  2.5497286286789628E-001                  2.1025988500795504E-003                  6.1630907196949872E-004                  5.7221218635412083E-003                  1.2718648985637696E-003                  2.4871053158459599E-003                  8.6854807682078397E-008                  1.7048538177328830E-026                  0.0000000000000000E+000 
                                     567                  6.6285814864840231E-001                  7.5890490294668433E-002                  6.2374026213489078E+000                  8.5183391111820477E+000                  9.8186810970659412E+011                  7.3279999999999990E-001                  2.7137132103714857E-005                  2.5497286286789628E-001                  2.1025988500795504E-003                  6.1630907196949872E-004                  5.7221218635412083E-003                  1.2718648985637696E-003                  2.4871053158459599E-003                  9.3433748641619279E-008                  2.2481476611012784E-026                  0.0000000000000000E+000 
                                     568                  6.5837279174765473E-001                  7.4157975714537860E-002                  6.2405028258433921E+000                  8.5210523129590072E+000                  1.2712332423877720E+012                  7.3279999999999990E-001                  2.7137132103714857E-005                  2.5497286286789628E-001                  2.1025988500795504E-003                  6.1630907196949872E-004                  5.7221218635412083E-003                  1.2718648985637696E-003                  2.4871053158459599E-003                  1.0049689014019835E-007                  2.9628792334770075E-026                  0.0000000000000000E+000 
                                     569                  6.5384666904605215E-001                  7.2407598950018262E-002                  6.2436037834065825E+000                  8.5237771503847686E+000                  1.6449361433162009E+012                  7.3279999999999990E-001                  2.7137132103714860E-005                  2.5497286286789628E-001                  2.1025988500795504E-003                  6.1630907196949872E-004                  5.7221218635412083E-003                  1.2718648985637696E-003                  2.4871053158459599E-003                  1.0807879044375429E-007                  3.9026065307214313E-026                  0.0000000000000000E+000 
                                     570                  6.4927965573272228E-001                  7.0639055104653958E-002                  6.2467054892525731E+000                  8.5265139352574710E+000                  2.1272792196011750E+012                  7.3279999999999990E-001                  2.7137132103714860E-005                  2.5497286286789628E-001                  2.1025988500795504E-003                  6.1630907196949872E-004                  5.7221218635412083E-003                  1.2718648985637696E-003                  2.4871053158459599E-003                  1.1621639437927891E-007                  5.1374494278332615E-026                  0.0000000000000000E+000 
                                     571                  6.4467163361114599E-001                  6.8852031069492545E-002                  6.2498079386436318E+000                  8.5292629887061207E+000                  2.7494861489200918E+012                  7.3279999999999990E-001                  2.7137132103714857E-005                  2.5497286286789628E-001                  2.1025988500795504E-003                  6.1630907196949872E-004                  5.7221218635412083E-003                  1.2718648985637696E-003                  2.4871053158459599E-003                  1.2494919240435963E-007                  6.7591581508386932E-026                  0.0000000000000000E+000 
                                     572                  6.4002249134784772E-001                  6.7046205219165933E-002                  6.2529111268947810E+000                  8.5320246414345995E+000                  3.5516493635410332E+012                  7.3279999999999990E-001                  2.7137132103714860E-005                  2.5497286286789628E-001                  2.1025988500795504E-003                  6.1630907196949872E-004                  5.7221218635412083E-003                  1.2718648985637696E-003                  2.4871053158459599E-003                  1.3431938988610743E-007                  8.8877164840298311E-026                  0.0000000000000000E+000 
                                     573                  6.3533212472931577E-001                  6.5221247094208665E-002                  6.2560150493771065E+000                  8.5347992339580543E+000                  4.5852187248550830E+012                  7.3279999999999990E-001                  2.7137132103714860E-005                  2.5497286286789628E-001                  2.1025988500795504E-003                  6.1630907196949872E-004                  5.7221218635412083E-003                  1.2718648985637696E-003                  2.4871053158459599E-003                  1.4437208721671342E-007                  1.1679939483669229E-025                  0.0000000000000000E+000 
                                     574                  6.3060043692750434E-001                  6.3376817068941785E-002                  6.2591197015205946E+000                  8.5375871168592372E+000                  5.9161798570197559E+012                  7.3279999999999990E-001                  2.7137132103714863E-005                  2.5497286286789628E-001                  2.1025988500795504E-003                  6.1630907196949872E-004                  5.7221218635412083E-003                  1.2718648985637696E-003                  2.4871053158459599E-003                  1.5515547142842289E-007                  1.5340661671514941E-025                  0.0000000000000000E+000 
                                     575                  6.2582733877426777E-001                  6.1512566004093154E-002                  6.2622250788150318E+000                  8.5403886509797005E+000                  7.6291108451593730E+012                  7.3279999999999990E-001                  2.7137132103714860E-005                  2.5497286286789628E-001                  2.1025988500795504E-003                  6.1630907196949872E-004                  5.7221218635412083E-003                  1.2718648985637696E-003                  2.4871053158459599E-003                  1.6672102001236345E-007                  2.0137288010933041E-025                  0.0000000000000000E+000 
                                     576                  6.2101274904585158E-001                  5.9628134883643533E-002                  6.2653311768005215E+000                  8.5432042077892998E+000                  9.8323567381049492E+012                  7.3279999999999990E-001                  2.7137132103714863E-005                  2.5497286286789628E-001                  2.1025988500795504E-003                  6.1630907196949872E-004                  5.7221218635412083E-003                  1.2718648985637696E-003                  2.4871053158459599E-003                  1.7912371765213253E-007                  2.6418706808043619E-025                  0.0000000000000000E+000 
                                     577                  6.1615659475577755E-001                  5.7723154434292379E-002                  6.2684379910536627E+000                  8.5460341697966413E+000                  1.2664625920834041E+013                  7.3279999999999990E-001                  2.7137132103714863E-005                  2.5497286286789628E-001                  2.1025988500795504E-003                  6.1630907196949872E-004                  5.7221218635412083E-003                  1.2718648985637696E-003                  2.4871053158459599E-003                  1.9242228665526475E-007                  3.4639858234568664E-025                  0.0000000000000000E+000 
                                     578                  6.1125881145638461E-001                  5.5797244726433499E-002                  6.2715455171834886E+000                  8.5488789309158033E+000                  1.6303393956483398E+013                  7.3279999999999990E-001                  2.7137132103714867E-005                  2.5497286286789628E-001                  2.1025988500795504E-003                  6.1630907196949872E-004                  5.7221218635412083E-003                  1.2718648985637696E-003                  2.4871053158459599E-003                  2.0667943196565504E-007                  4.5393631382952588E-025                  0.0000000000000000E+000 
                                     579                  6.0631934355029671E-001                  5.3850014755838109E-002                  6.2746537508327984E+000                  8.5517388968342321E+000                  2.0975603700460512E+013                  7.3279999999999990E-001                  2.7137132103714863E-005                  2.5497286286789628E-001                  2.1025988500795504E-003                  6.1630907196949872E-004                  5.7221218635412083E-003                  1.2718648985637696E-003                  2.4871053158459599E-003                  2.2196210164411822E-007                  5.9452252395316195E-025                  0.0000000000000000E+000 
                                     580                  6.0133814461225976E-001                  5.1881062004994725E-002                  6.2777626876790409E+000                  8.5546144854102089E+000                  2.6971280813164898E+013                  7.3279999999999990E-001                  2.7137132103714867E-005                  2.5497286286789628E-001                  2.1025988500795504E-003                  6.1630907196949872E-004                  5.7221218635412083E-003                  1.2718648985637696E-003                  2.4871053158459599E-003                  2.3834176373020886E-007                  7.7820957039771273E-025                  0.0000000000000000E+000 
                                     581                  5.9631517772169362E-001                  4.9889971982854539E-002                  6.2808723234346813E+000                  8.5575061270288000E+000                  3.4660847884054332E+013                  7.3279999999999990E-001                  2.7137132103714870E-005                  2.5497286286789628E-001                  2.1025988500795504E-003                  6.1630907196949872E-004                  5.7221218635412083E-003                  1.2718648985637696E-003                  2.4871053158459599E-003                  2.5589470045305834E-007                  1.0180755168750587E-024                  0.0000000000000000E+000 
                                     582                  5.9125041580705340E-001                  4.7876317741982533E-002                  6.2839826538375441E+000                  8.5604142650154955E+000                  4.4517128758156156E+013                  7.3279999999999990E-001                  2.7137132103714870E-005                  2.5497286286789628E-001                  2.1025988500795504E-003                  6.1630907196949872E-004                  5.7221218635412083E-003                  1.2718648985637696E-003                  2.4871053158459599E-003                  2.7470232079886662E-007                  1.3311251616469595E-024                  0.0000000000000000E+000 
                                     583                  5.8614384200226699E-001                  4.5839659371585247E-002                  6.2870936746249804E+000                  8.5633393562415456E+000                  5.7143296256902219E+013                  7.3279999999999990E-001                  2.7137132103714870E-005                  2.5497286286789628E-001                  2.1025988500795504E-003                  6.1630907196949872E-004                  5.7221218635412083E-003                  1.2718648985637696E-003                  2.4871053158459599E-003                  2.9485149248990695E-007                  1.7394564729729930E-024                  0.0000000000000000E+000 
                                     584                  5.8099545001330266E-001                  4.3779543464145261E-002                  6.2902053815161789E+000                  8.5662818716434792E+000                  7.3308347292037188E+013                  7.3279999999999990E-001                  2.7137132103714870E-005                  2.5497286286789628E-001                  2.1025988500795504E-003                  6.1630907196949872E-004                  5.7221218635412083E-003                  1.2718648985637696E-003                  2.4871053158459599E-003                  3.1643489465749556E-007                  2.2717697757669625E-024                  0.0000000000000000E+000 
                                     585                  5.7580524449648607E-001                  4.1695502554558693E-002                  6.2933177702112628E+000                  8.5692422967790769E+000                  9.3992103799954359E+013                  7.3279999999999990E-001                  2.7137132103714874E-005                  2.5497286286789628E-001                  2.1025988500795504E-003                  6.1630907196949872E-004                  5.7221218635412083E-003                  1.2718648985637696E-003                  2.4871053158459599E-003                  3.3955139244680693E-007                  2.9653192350026737E-024                  0.0000000000000000E+000 
                                     586                  5.7057324144928789E-001                  3.9587054530011941E-002                  6.2964308363919246E+000                  8.5722211324151569E+000                  1.2044226172559114E+014                  7.3279999999999990E-001                  2.7137132103714874E-005                  2.5497286286789628E-001                  2.1025988500795504E-003                  6.1630907196949872E-004                  5.7221218635412083E-003                  1.2718648985637696E-003                  2.4871053158459599E-003                  3.6430643480831554E-007                  3.8684348083300307E-024                  0.0000000000000000E+000 
                                     587                  5.6529946861406577E-001                  3.7453702008735372E-002                  6.2995445757220763E+000                  8.5752188951541530E+000                  1.5424666951701831E+014                  7.3279999999999990E-001                  2.7137132103714877E-005                  2.5497286286789628E-001                  2.1025988500795504E-003                  6.1630907196949872E-004                  5.7221218635412083E-003                  1.2718648985637696E-003                  2.4871053158459599E-003                  3.9081247685963079E-007                  5.0437796145715426E-024                  0.0000000000000000E+000 
                                     588                  5.5998396589531496E-001                  3.5294931685604630E-002                  6.3026589838462632E+000                  8.5782361180672222E+000                  1.9742484502363088E+014                  7.3279999999999990E-001                  2.7137132103714880E-005                  2.5497286286789628E-001                  2.1025988500795504E-003                  6.1630907196949872E-004                  5.7221218635412083E-003                  1.2718648985637696E-003                  2.4871053158459599E-003                  4.1918942824342157E-007                  6.5725548026108403E-024                  0.0000000000000000E+000 
                                     589                  5.5462678579137137E-001                  3.3110213642583493E-002                  6.3057740563760261E+000                  8.5812733514726762E+000                  2.5254377912736694E+014                  7.3279999999999990E-001                  2.7137132103714884E-005                  2.5497286286789628E-001                  2.1025988500795504E-003                  6.1630907196949872E-004                  5.7221218635412083E-003                  1.2718648985637696E-003                  2.4871053158459599E-003                  4.4956512889589905E-007                  8.5599244560720385E-024                  0.0000000000000000E+000 
                                     590                  5.4922799384011989E-001                  3.0899000621148316E-002                  6.3088897888739348E+000                  8.5843311636686224E+000                  3.2286437394279056E+014                  7.3279999999999990E-001                  2.7137132103714884E-005                  2.5497286286789628E-001                  2.1025988500795504E-003                  6.1630907196949872E-004                  5.7221218635412083E-003                  1.2718648985637696E-003                  2.4871053158459599E-003                  4.8207585396628976E-007                  1.1142010271299368E-023                  0.0000000000000000E+000 
                                     591                  5.4378766907931309E-001                  2.8660727254611416E-002                  6.3120061768501294E+000                  8.5874101416989035E+000                  4.1252650739887900E+014                  7.3279999999999990E-001                  2.7137132103714887E-005                  2.5497286286789628E-001                  2.1025988500795504E-003                  6.1630907196949872E-004                  5.7221218635412083E-003                  1.2718648985637696E-003                  2.4871053158459599E-003                  5.1686684965809357E-007                  1.4494905361244335E-023                  0.0000000000000000E+000 
                                     592                  5.3830590452245608E-001                  2.6394809257698076E-002                  6.3151232157637862E+000                  8.5905108921961215E+000                  5.2678276466793688E+014                  7.3279999999999990E-001                  2.7137132103714887E-005                  2.5497286286789628E-001                  2.1025988500795504E-003                  6.1630907196949872E-004                  5.7221218635412083E-003                  1.2718648985637696E-003                  2.4871053158459599E-003                  5.5409290174408212E-007                  1.8846283455003462E-023                  0.0000000000000000E+000 
                                     593                  5.3278280765091257E-001                  2.4100642570311102E-002                  6.3182409010245344E+000                  8.5936340422736848E+000                  6.7229345212762588E+014                  7.3279999999999990E-001                  2.7137132103714894E-005                  2.5497286286789628E-001                  2.1025988500795504E-003                  6.1630907196949872E-004                  5.7221218635412083E-003                  1.2718648985637696E-003                  2.4871053158459599E-003                  5.9391893866211520E-007                  2.4490342641512095E-023                  0.0000000000000000E+000 
                                     594                  5.2721850092295042E-001                  2.1777602452331794E-002                  6.3213592279940523E+000                  8.5967802404892506E+000                  8.5749870827717688E+014                  7.3279999999999990E-001                  2.7137132103714894E-005                  2.5497286286789628E-001                  2.1025988500795504E-003                  6.1630907196949872E-004                  5.7221218635412083E-003                  1.2718648985637696E-003                  2.4871053158459599E-003                  6.3652067114306099E-007                  3.1807029672898868E-023                  0.0000000000000000E+000 
                                     595                  5.2161312230012236E-001                  1.9425042525950922E-002                  6.3244781919845012E+000                  8.5999501579147140E+000                  1.0930875650346971E+015                  7.3279999999999990E-001                  2.7137132103714897E-005                  2.5497286286789628E-001                  2.1025988500795504E-003                  6.1630907196949872E-004                  5.7221218635412083E-003                  1.2718648985637696E-003                  2.4871053158459599E-003                  6.8208527040934385E-007                  4.1286757349550112E-023                  0.0000000000000000E+000 
                                     596                  5.1596682579182540E-001                  1.7042293761558160E-002                  6.3275977882531800E+000                  8.6031444891613074E+000                  1.3925888420335682E+015                  7.3279999999999990E-001                  2.7137132103714901E-005                  2.5497286286789628E-001                  2.1025988500795504E-003                  6.1630907196949872E-004                  5.7221218635412083E-003                  1.2718648985637696E-003                  2.4871053158459599E-003                  7.3081208728196760E-007                  5.3562166841450539E-023                  0.0000000000000000E+000 
                                     597                  5.1027978201941815E-001                  1.4628663403753907E-002                  6.3307180120005908E+000                  8.6063639534286551E+000                  1.7731150512063375E+015                  7.3279999999999990E-001                  2.7137132103714908E-005                  2.5497286286789628E-001                  2.1025988500795504E-003                  6.1630907196949872E-004                  5.7221218635412083E-003                  1.2718648985637696E-003                  2.4871053158459599E-003                  7.8291341470906304E-007                  6.9448920760120193E-023                  0.0000000000000000E+000 
                                     598                  5.0455217880063385E-001                  1.2183433833396953E-002                  6.3338388583725225E+000                  8.6096092956728878E+000                  2.2562982936497000E+015                  7.3279999999999990E-001                  2.7137132103714908E-005                  2.5497286286789628E-001                  2.1025988500795504E-003                  6.1630907196949872E-004                  5.7221218635412083E-003                  1.2718648985637696E-003                  2.4871053158459599E-003                  8.3861529598671642E-007                  8.9998063263353300E-023                  0.0000000000000000E+000 
                                     599                  4.9878422175520487E-001                  9.7058613607455494E-003                  6.3369603224625388E+000                  8.6128812878545649E+000                  2.8694669242604500E+015                  7.3279999999999990E-001                  2.7137132103714914E-005                  2.5497286286789628E-001                  2.1025988500795504E-003                  6.1630907196949872E-004                  5.7221218635412083E-003                  1.2718648985637696E-003                  2.4871053158459599E-003                  8.9815838133022114E-007                  1.1656318888445402E-022                  0.0000000000000000E+000 
                                     600                  4.9297613493272746E-001                  7.1951749445723946E-003                  6.3400823993144000E+000                  8.6161807302666098E+000                  3.6471239773339210E+015                  7.3279999999999990E-001                  2.7137132103714921E-005                  2.5497286286789628E-001                  2.1025988500795504E-003                  6.1630907196949872E-004                  5.7221218635412083E-003                  1.2718648985637696E-003                  2.4871053158459599E-003                  9.6179883560269015E-007                  1.5088656150219403E-022                  0.0000000000000000E+000 
                                     601                  4.8712816146365734E-001                  4.6505748317197861E-003                  6.3432050839246497E+000                  8.6195084530199075E+000                  4.6328035424604290E+015                  7.3279999999999990E-001                  2.7137132103714921E-005                  2.5497286286789628E-001                  2.1025988500795504E-003                  6.1630907196949872E-004                  5.7221218635412083E-003                  1.2718648985637696E-003                  2.4871053158459599E-003                  1.0298093000789620E-006                  1.9520946981484689E-022                  0.0000000000000000E+000 
                                     602                  4.8124056423400152E-001                  2.0712311106464757E-003                  6.3463283712447138E+000                  8.6228653175712147E+000                  5.8814001056249050E+015                  7.3279999999999990E-001                  2.7137132103714931E-005                  2.5497286286789628E-001                  2.1025988500795504E-003                  6.1630907196949872E-004                  5.7221218635412083E-003                  1.2718648985637696E-003                  2.4871053158459599E-003                  1.1024799111895311E-006                  2.5241355738783965E-022                  0.0000000000000000E+000 
                                     603                  4.7531362658592657E-001                 -5.4371782733034593E-004                  6.3494522561831017E+000                  8.6262522182200030E+000                  7.4620893467291960E+015                  7.3279999999999990E-001                  2.7137132103714935E-005                  2.5497286286789628E-001                  2.1025988500795504E-003                  6.1630907196949872E-004                  5.7221218635412083E-003                  1.2718648985637696E-003                  2.4871053158459599E-003                  1.1801193798486851E-006                  3.2620171613209908E-022                  0.0000000000000000E+000 
                                     604                  4.6934765304556619E-001                 -3.1951669254656895E-003                  6.3525767336080756E+000                  8.6296700837719822E+000                  9.4619881966106580E+015                  7.3279999999999990E-001                  2.7137132103714941E-005                  2.5497286286789628E-001                  2.1025988500795504E-003                  6.1630907196949872E-004                  5.7221218635412083E-003                  1.2718648985637696E-003                  2.4871053158459599E-003                  1.2630561345132699E-006                  4.2132949491603130E-022                  0.0000000000000000E+000 
                                     605                  4.6334297007932979E-001                 -5.8840462058149939E-003                  6.3557017983504931E+000                  8.6331198793182811E+000                  1.1990738217194164E+016                  7.3279999999999990E-001                  2.7137132103714948E-005                  2.5497286286789628E-001                  2.1025988500795504E-003                  6.1630907196949872E-004                  5.7221218635412083E-003                  1.2718648985637696E-003                  2.4871053158459599E-003                  1.3516395316129190E-006                  5.4390096951830111E-022                  0.0000000000000000E+000 
                                     606                  4.5729992688019172E-001                 -8.6113226287659120E-003                  6.3588274452065274E+000                  8.6366026081413256E+000                  1.5186241195558988E+016                  7.3279999999999990E-001                  2.7137132103714955E-005                  2.5497286286789628E-001                  2.1025988500795504E-003                  6.1630907196949872E-004                  5.7221218635412083E-003                  1.2718648985637696E-003                  2.4871053158459599E-003                  1.4462411371135573E-006                  7.0174681140278763E-022                  0.0000000000000000E+000 
                                     607                  4.5121889618553529E-001                 -1.1378002077196669E-002                  6.3619536689403748E+000                  8.6401193137736580E+000                  1.9221831472501592E+016                  7.3279999999999990E-001                  2.7137132103714962E-005                  2.5497286286789628E-001                  2.1025988500795504E-003                  6.1630907196949872E-004                  5.7221218635412083E-003                  1.2718648985637696E-003                  2.4871053158459599E-003                  1.5472560831287990E-006                  9.0490710880336732E-022                  0.0000000000000000E+000 
                                     608                  4.4510027512793249E-001                 -1.4185131475575917E-002                  6.3650804642870922E+000                  8.6436710822584697E+000                  2.4315238932032640E+016                  7.3279999999999990E-001                  2.7137132103714972E-005                  2.5497286286789628E-001                  2.1025988500795504E-003                  6.1630907196949872E-004                  5.7221218635412083E-003                  1.2718648985637696E-003                  2.4871053158459599E-003                  1.6551045036914321E-006                  1.1662476393945857E-021                  0.0000000000000000E+000 
                                     609                  4.3894448612057457E-001                 -1.7033801055568735E-002                  6.3682078259555146E+000                  8.6472590444559678E+000                  3.0739782052670964E+016                  7.3279999999999990E-001                  2.7137132103714979E-005                  2.5497286286789628E-001                  2.1025988500795504E-003                  6.1630907196949872E-004                  5.7221218635412083E-003                  1.2718648985637696E-003                  2.4871053158459599E-003                  1.7702330545846859E-006                  1.5022460581849720E-021                  0.0000000000000000E+000 
                                     610                  4.3275197777959562E-001                 -1.9925146779731492E-002                  6.3713357486309228E+000                  8.6508843784821998E+000                  3.8838335665969016E+016                  7.3279999999999990E-001                  2.7137132103714989E-005                  2.5497286286789628E-001                  2.1025988500795504E-003                  6.1630907196949872E-004                  5.7221218635412083E-003                  1.2718648985637696E-003                  2.4871053158459599E-003                  1.8931165216996376E-006                  1.9339942670702013E-021                  0.0000000000000000E+000 
                                     611                  4.2652322588542058E-001                 -2.2860352936516646E-002                  6.3744642269775103E+000                  8.6545483123670319E+000                  4.9040748365789624E+016                  7.3279999999999990E-001                  2.7137132103714996E-005                  2.5497286286789628E-001                  2.1025988500795504E-003                  6.1630907196949872E-004                  5.7221218635412083E-003                  1.2718648985637696E-003                  2.4871053158459599E-003                  2.0242595224702229E-006                  2.4884756663647318E-021                  0.0000000000000000E+000 
                                     612                  4.2025873438538608E-001                 -2.5840654921637101E-002                  6.3775932556406270E+000                  8.6582521269106820E+000                  6.1885546563437968E+016                  7.3279999999999990E-001                  2.7137132103715009E-005                  2.5497286286789628E-001                  2.1025988500795504E-003                  6.1630907196949872E-004                  5.7221218635412083E-003                  1.2718648985637696E-003                  2.4871053158459599E-003                  2.1641983058296201E-006                  3.2001918207552912E-021                  0.0000000000000000E+000 
                                     613                  4.1395903643998833E-001                 -2.8867342222127536E-002                  6.3807228292488611E+000                  8.6619971587387692E+000                  7.8046961002602880E+016                  7.3279999999999990E-001                  2.7137132103715016E-005                  2.5497286286789628E-001                  2.1025988500795504E-003                  6.1630907196949872E-004                  5.7221218635412083E-003                  1.2718648985637696E-003                  2.4871053158459599E-003                  2.3135026561487202E-006                  4.1132330276646017E-021                  0.0000000000000000E+000 
                                     614                  4.0762469551543223E-001                 -3.1941761621009424E-002                  6.3838529424147241E+000                  8.6657848036422411E+000                  9.8368554947429264E+016                  7.3279999999999990E-001                  2.7137132103715029E-005                  2.5497286286789628E-001                  2.1025988500795504E-003                  6.1630907196949872E-004                  5.7221218635412083E-003                  1.2718648985637696E-003                  2.4871053158459599E-003                  2.4727779064784279E-006                  5.2839123706963464E-021                  0.0000000000000000E+000 
                                     615                  4.0125630652487992E-001                 -3.5065320642838071E-002                  6.3869835897328855E+000                  8.6696165202074322E+000                  1.2390503474110726E+017                  7.3279999999999990E-001                  2.7137132103715043E-005                  2.5497286286789628E-001                  2.1025988500795504E-003                  6.1630907196949872E-004                  5.7221218635412083E-003                  1.2718648985637696E-003                  2.4871053158459599E-003                  2.6426670671194899E-006                  6.7841146984959346E-021                  0.0000000000000000E+000 
                                     616                  3.9485449702079284E-001                 -3.8239491262462628E-002                  6.3901147657794164E+000                  8.6734938335849208E+000                  1.5597419603704915E+017                  7.3279999999999990E-001                  2.7137132103715053E-005                  2.5497286286789628E-001                  2.1025988500795504E-003                  6.1630907196949872E-004                  5.7221218635412083E-003                  1.2718648985637696E-003                  2.4871053158459599E-003                  2.8238530767461388E-006                  8.7055523606414818E-021                  0.0000000000000000E+000 
                                     617                  3.8841992844201012E-001                 -4.1465813900457262E-002                  6.3932464651136574E+000                  8.6774183396089004E+000                  1.9622141483509315E+017                  7.3279999999999990E-001                  2.7137132103715070E-005                  2.5497286286789628E-001                  2.1025988500795504E-003                  6.1630907196949872E-004                  5.7221218635412083E-003                  1.2718648985637696E-003                  2.4871053158459599E-003                  3.0170611820716042E-006                  1.1165170368865989E-020                  0.0000000000000000E+000 
                                     618                  3.8195329741909340E-001                 -4.4745901732658258E-002                  6.3963786822801980E+000                  8.6813917092499242E+000                  2.4669964639451363E+017                  7.3279999999999990E-001                  2.7137132103715087E-005                  2.5497286286789628E-001                  2.1025988500795504E-003                  6.1630907196949872E-004                  5.7221218635412083E-003                  1.2718648985637696E-003                  2.4871053158459599E-003                  3.2230614529026809E-006                  1.4312007275208845E-020                  0.0000000000000000E+000 
                                     619                  3.7545533714160489E-001                 -4.8081445343967626E-002                  6.3995114118108107E+000                  8.6854156934301532E+000                  3.0996858343447456E+017                  7.3279999999999990E-001                  2.7137132103715101E-005                  2.5497286286789628E-001                  2.1025988500795504E-003                  6.1630907196949872E-004                  5.7221218635412083E-003                  1.2718648985637696E-003                  2.4871053158459599E-003                  3.4426714400514334E-006                  1.8335899074303217E-020                  0.0000000000000000E+000 
                                     620                  3.6892681879139966E-001                 -5.1474217759989553E-002                  6.4026446482260715E+000                  8.6894921282167417E+000                  3.8921746720296659E+017                  7.3279999999999990E-001                  2.7137132103715118E-005                  2.5497286286789628E-001                  2.1025988500795504E-003                  6.1630907196949872E-004                  5.7221218635412083E-003                  1.2718648985637696E-003                  2.4871053158459599E-003                  3.6767589838983348E-006                  2.3478515472284410E-020                  0.0000000000000000E+000 
                                     621                  3.6236855304650750E-001                 -5.4926079893790919E-002                  6.4057783860370838E+000                  8.6936229405853478E+000                  4.8841707289223450E+017                  7.3279999999999990E-001                  2.7137132103715138E-005                  2.5497286286789628E-001                  2.1025988500795504E-003                  6.1630907196949872E-004                  5.7221218635412083E-003                  1.2718648985637696E-003                  2.4871053158459599E-003                  3.9262451814524512E-006                  3.0047346169530804E-020                  0.0000000000000000E+000 
                                     622                  3.5578139165902284E-001                 -5.8438986450694917E-002                  6.4089126197475386E+000                  8.6978101545437685E+000                  6.1250763095715597E+017                  7.3279999999999990E-001                  2.7137132103715155E-005                  2.5497286286789628E-001                  2.1025988500795504E-003                  6.1630907196949872E-004                  5.7221218635412083E-003                  1.2718648985637696E-003                  2.4871053158459599E-003                  4.1921075211887339E-006                  3.8433414738811024E-020                  0.0000000000000000E+000 
                                     623                  3.4916622911240397E-001                 -6.2014992337059184E-002                  6.4120473438562700E+000                  8.7020558977864582E+000                  7.6763099242040038E+017                  7.3279999999999990E-001                  2.7137132103715175E-005                  2.5497286286789628E-001                  2.1025988500795504E-003                  6.1630907196949872E-004                  5.7221218635412083E-003                  1.2718648985637696E-003                  2.4871053158459599E-003                  4.4753831942099136E-006                  4.9133701998085703E-020                  0.0000000000000000E+000 
                                     624                  3.4252400436398051E-001                 -6.5656259625585189E-002                  6.4151825528599540E+000                  8.7063624089503584E+000                  9.6141721537547277E+017                  7.3279999999999990E-001                  2.7137132103715199E-005                  2.5497286286789628E-001                  2.1025988500795504E-003                  6.1630907196949872E-004                  5.7221218635412083E-003                  1.2718648985637696E-003                  2.4871053158459599E-003                  4.7771725911284381E-006                  6.2779516213381276E-020                  0.0000000000000000E+000 
                                     625                  3.3585570267869524E-001                 -6.9365065136336279E-002                  6.4183182412559434E+000                  8.7107320455291966E+000                  1.2033380191078218E+018                  7.3279999999999990E-001                  2.7137132103715223E-005                  2.5497286286789628E-001                  2.1025988500795504E-003                  6.1630907196949872E-004                  5.7221218635412083E-003                  1.2718648985637696E-003                  2.4871053158459599E-003                  5.0986429947256918E-006                  8.0172367800238462E-020                  0.0000000000000000E+000 
                                     626                  3.2916235756061585E-001                 -7.3143808700050730E-002                  6.4214544035452610E+000                  8.7151672924769716E+000                  1.5051422872315323E+018                  7.3279999999999990E-001                  2.7137132103715246E-005                  2.5497286286789628E-001                  2.1025988500795504E-003                  6.1630907196949872E-004                  5.7221218635412083E-003                  1.2718648985637696E-003                  2.4871053158459599E-003                  5.4410324783410226E-006                  1.0232930592262959E-019                  0.0000000000000000E+000 
                                     627                  3.2244505278976093E-001                 -7.6995022178526731E-002                  6.4245910342418542E+000                  8.7196707716910460E+000                  1.8813922005042171E+018                  7.3279999999999990E-001                  2.7137132103715270E-005                  2.5497286286789628E-001                  2.1025988500795504E-003                  6.1630907196949872E-004                  5.7221218635412083E-003                  1.2718648985637696E-003                  2.4871053158459599E-003                  5.8056540216476212E-006                  1.3054018420493019E-019                  0.0000000000000000E+000 
                                     628                  3.1570492457136617E-001                 -8.0921379327631368E-002                  6.4277281278887077E+000                  8.7242452523921106E+000                  2.3501226484444442E+018                  7.3279999999999990E-001                  2.7137132103715301E-005                  2.5497286286789628E-001                  2.1025988500795504E-003                  6.1630907196949872E-004                  5.7221218635412083E-003                  1.2718648985637696E-003                  2.4871053158459599E-003                  6.1938998562318037E-006                  1.6643995728629191E-019                  0.0000000000000000E+000 
                                     629                  3.0894316380586373E-001                 -8.4925706599213946E-002                  6.4308656790688179E+000                  8.7288936624348512E+000                  2.9336514481537341E+018                  7.3279999999999990E-001                  2.7137132103715328E-005                  2.5497286286789628E-001                  2.1025988500795504E-003                  6.1630907196949872E-004                  5.7221218635412083E-003                  1.2718648985637696E-003                  2.4871053158459599E-003                  6.6072460520611310E-006                  2.1209990036906329E-019                  0.0000000000000000E+000 
                                     630                  3.0216101848944438E-001                 -8.9010994990632267E-002                  6.4340036824100268E+000                  8.7336191007468535E+000                  3.6595738425804508E+018                  7.3279999999999990E-001                  2.7137132103715362E-005                  2.5497286286789628E-001                  2.1025988500795504E-003                  6.1630907196949872E-004                  5.7221218635412083E-003                  1.2718648985637696E-003                  2.4871053158459599E-003                  7.0472573564681443E-006                  2.7014263935837921E-019                  0.0000000000000000E+000 
                                     631                  2.9535979625560105E-001                 -9.3180413066424272E-002                  6.4371421325899076E+000                  8.7384248510172053E+000                  4.5619820005063506E+018                  7.3279999999999990E-001                  2.7137132103715392E-005                  2.5497286286789628E-001                  2.1025988500795504E-003                  6.1630907196949872E-004                  5.7221218635412083E-003                  1.2718648985637696E-003                  2.4871053158459599E-003                  7.5155923002253753E-006                  3.4388713520065673E-019                  0.0000000000000000E+000 
                                     632                  2.8854086706913279E-001                 -9.7437321294142051E-002                  6.4402810243411936E+000                  8.7433143967677331E+000                  5.6829588796919132E+018                  7.3279999999999990E-001                  2.7137132103715429E-005                  2.5497286286789628E-001                  2.1025988500795504E-003                  6.1630907196949872E-004                  5.7221218635412083E-003                  1.2718648985637696E-003                  2.4871053158459599E-003                  8.0140085848927639E-006                  4.3753132889120853E-019                  0.0000000000000000E+000 
                                     633                  2.8170566608541081E-001                 -1.0178528785665185E-001                  6.4434203524624589E+000                  8.7482914380122470E+000                  7.0744060277228339E+018                  7.3279999999999990E-001                  2.7137132103715467E-005                  2.5497286286789628E-001                  2.1025988500795504E-003                  6.1630907196949872E-004                  5.7221218635412083E-003                  1.2718648985637696E-003                  2.4871053158459599E-003                  8.5443687659757701E-006                  5.5638208792706281E-019                  0.0000000000000000E+000 
                                     634                  2.7485569668889115E-001                 -1.0622810612741819E-001                  6.4465601118442279E+000                  8.7533599097211194E+000                  8.8002775154221988E+018                  7.3279999999999990E-001                  2.7137132103715507E-005                  2.5497286286789628E-001                  2.1025988500795504E-003                  6.1630907196949872E-004                  5.7221218635412083E-003                  1.2718648985637696E-003                  2.4871053158459599E-003                  9.1086462495106244E-006                  7.0714455831065448E-019                  0.0000000000000000E+000 
                                     635                  2.6799253372607462E-001                 -1.1076981402352618E-001                  6.4497002974941520E+000                  8.7585240022836857E+000                  1.0939307135130470E+019                  7.3279999999999990E-001                  2.7137132103715551E-005                  2.5497286286789628E-001                  2.1025988500795504E-003                  6.1630907196949872E-004                  5.7221218635412083E-003                  1.2718648985637696E-003                  2.4871053158459599E-003                  9.7089316172615546E-006                  8.9828608797967340E-019                  0.0000000000000000E+000 
                                     636                  2.6111782695050750E-001                 -1.1541471548379931E-001                  6.4528409045483617E+000                  8.7637881842202479E+000                  1.3588333644990716E+019                  7.3279999999999990E-001                  2.7137132103715592E-005                  2.5497286286789628E-001                  2.1025988500795504E-003                  6.1630907196949872E-004                  5.7221218635412083E-003                  1.2718648985637696E-003                  2.4871053158459599E-003                  1.0347439295670295E-005                  1.1404936898976057E-018                  0.0000000000000000E+000 
                                     637                  2.5423330469921401E-001                 -1.2016740435808258E-001                  6.4559819282812088E+000                  8.7691572274745742E+000                  1.6866349733679016E+019                  7.3279999999999990E-001                  2.7137132103715643E-005                  2.5497286286789628E-001                  2.1025988500795504E-003                  6.1630907196949872E-004                  5.7221218635412083E-003                  1.2718648985637696E-003                  2.4871053158459599E-003                  1.1026514586981110E-005                  1.4472487441224246E-018                  0.0000000000000000E+000 
                                     638                  2.4734077782225170E-001                 -1.2503279103999540E-001                  6.4591233641161612E+000                  8.7746362356464846E+000                  2.0919425923327255E+019                  7.3279999999999990E-001                  2.7137132103715694E-005                  2.5497286286789628E-001                  2.1025988500795504E-003                  6.1630907196949872E-004                  5.7221218635412083E-003                  1.2718648985637696E-003                  2.4871053158459599E-003                  1.1748641082824830E-005                  1.8355486425594170E-018                  0.0000000000000000E+000 
                                     639                  2.4044214388967949E-001                 -1.3001613223014383E-001                  6.4622652076396498E+000                  8.7802306755866297E+000                  2.5926690239286919E+019                  7.3279999999999990E-001                  2.7137132103715748E-005                  2.5497286286789628E-001                  2.1025988500795504E-003                  6.1630907196949872E-004                  5.7221218635412083E-003                  1.2718648985637696E-003                  2.4871053158459599E-003                  1.2516448480869139E-005                  2.3268124967300466E-018                  0.0000000000000000E+000 
                                     640                  2.3353939170323065E-001                 -1.3512306428203297E-001                  6.4654074546307747E+000                  8.7859464128283697E+000                  3.2107578660421460E+019                  7.3279999999999990E-001                  2.7137132103715802E-005                  2.5497286286789628E-001                  2.1025988500795504E-003                  6.1630907196949872E-004                  5.7221218635412083E-003                  1.2718648985637696E-003                  2.4871053158459599E-003                  1.3332720827859765E-005                  2.9480171740257119E-018                  0.0000000000000000E+000 
                                     641                  2.2663460614354003E-001                 -1.4035964066081699E-001                  6.4685501010993525E+000                  8.7917897515069736E+000                  3.9730612695613759E+019                  7.3279999999999990E-001                  2.7137132103715863E-005                  2.5497286286789628E-001                  2.1025988500795504E-003                  6.1630907196949872E-004                  5.7221218635412083E-003                  1.2718648985637696E-003                  2.4871053158459599E-003                  1.4200405208982143E-005                  3.7331214993590683E-018                  0.0000000000000000E+000 
                                     642                  2.1972997338777533E-001                 -1.4573237413980120E-001                  6.4716931433121010E+000                  8.7977674793864384E+000                  4.9124008549023310E+019                  7.3279999999999990E-001                  2.7137132103715927E-005                  2.5497286286789628E-001                  2.1025988500795504E-003                  6.1630907196949872E-004                  5.7221218635412083E-003                  1.2718648985637696E-003                  2.4871053158459599E-003                  1.5122620905111353E-005                  4.7248508648246574E-018                  0.0000000000000000E+000 
                                     643                  2.1282778653721987E-001                 -1.5124828447236691E-001                  6.4748365778136021E+000                  8.8038869187825082E+000                  6.0688477132406923E+019                  7.3279999999999990E-001                  2.7137132103715995E-005                  2.5497286286789628E-001                  2.1025988500795504E-003                  6.1630907196949872E-004                  5.7221218635412083E-003                  1.2718648985637696E-003                  2.4871053158459599E-003                  1.6102669043616436E-005                  5.9769322740484503E-018                  0.0000000000000000E+000 
                                     644                  2.0593045169976629E-001                 -1.5691495241433759E-001                  6.4779804014500577E+000                  8.8101559843651103E+000                  7.4912636410487538E+019                  7.3279999999999990E-001                  2.7137132103716063E-005                  2.5497286286789628E-001                  2.1025988500795504E-003                  6.1630907196949872E-004                  5.7221218635412083E-003                  1.2718648985637696E-003                  2.4871053158459599E-003                  1.7144042768152464E-005                  7.5568918309419722E-018                  0.0000000000000000E+000 
                                     645                  1.9904049457871559E-001                 -1.6274058113979240E-001                  6.4811246113969458E+000                  8.8165832490242799E+000                  9.2391532412782363E+019                  7.3279999999999990E-001                  2.7137132103716141E-005                  2.5497286286789628E-001                  2.1025988500795504E-003                  6.1630907196949872E-004                  5.7221218635412083E-003                  1.2718648985637696E-003                  2.4871053158459599E-003                  1.8250437956757499E-005                  9.5495546096170903E-018                  0.0000000000000000E+000 
                                     646                  1.9216056762634753E-001                 -1.6873406629935042E-001                  6.4842692051962931E+000                  8.8231780190747333E+000                  1.1384884719316890E+020                  7.3279999999999990E-001                  2.7137132103716222E-005                  2.5497286286789628E-001                  2.1025988500795504E-003                  6.1630907196949872E-004                  5.7221218635412083E-003                  1.2718648985637696E-003                  2.4871053158459599E-003                  1.9425764521144882E-005                  1.2061421154667312E-017                  0.0000000000000000E+000 
                                     647                  1.8529345783045459E-001                 -1.7490507622173773E-001                  6.4874141808066392E+000                  8.8299504205426000E+000                  1.4016346030297119E+020                  7.3279999999999990E-001                  2.7137132103716307E-005                  2.5497286286789628E-001                  2.1025988500795504E-003                  6.1630907196949872E-004                  5.7221218635412083E-003                  1.2718648985637696E-003                  2.4871053158459599E-003                  2.0674158315448884E-005                  1.5226136941885876E-017                  0.0000000000000000E+000 
                                     648                  1.7844209521243229E-001                 -1.8126414407402264E-001                  6.4905595366534445E+000                  8.8369114986264758E+000                  1.7240113263800782E+020                  7.3279999999999990E-001                  2.7137132103716395E-005                  2.5497286286789628E-001                  2.1025988500795504E-003                  6.1630907196949872E-004                  5.7221218635412083E-003                  1.2718648985637696E-003                  2.4871053158459599E-003                  2.1999993681677768E-005                  1.9211324299488102E-017                  0.0000000000000000E+000 
                                     649                  1.7160956212743234E-001                 -1.8782277418781992E-001                  6.4937052716784116E+000                  8.8440733326406189E+000                  2.1185219150549598E+020                  7.3279999999999990E-001                  2.7137132103716493E-005                  2.5497286286789628E-001                  2.1025988500795504E-003                  6.1630907196949872E-004                  5.7221218635412083E-003                  1.2718648985637696E-003                  2.4871053158459599E-003                  2.3407896672591939E-005                  2.4227112315584646E-017                  0.0000000000000000E+000 
                                     650                  1.6479910347227641E-001                 -1.9459356524665097E-001                  6.4968513853965693E+000                  8.8514491695049138E+000                  2.6007620499808063E+020                  7.3279999999999990E-001                  2.7137132103716598E-005                  2.5497286286789628E-001                  2.1025988500795504E-003                  6.1630907196949872E-004                  5.7221218635412083E-003                  1.2718648985637696E-003                  2.4871053158459599E-003                  2.4902758988731879E-005                  3.0536781205929022E-017                  0.0000000000000000E+000 
                                     651                  1.5801413792482977E-001                 -2.0159035364865013E-001                  6.4999978779636809E+000                  8.8590535795449981E+000                  3.1895474024321299E+020                  7.3279999999999990E-001                  2.7137132103716703E-005                  2.5497286286789628E-001                  2.1025988500795504E-003                  6.1630907196949872E-004                  5.7221218635412083E-003                  1.2718648985637696E-003                  2.4871053158459599E-003                  2.6489752668129445E-005                  3.8470037609377998E-017                  0.0000000000000000E+000 
                                     652                  1.5125827035968281E-001                 -2.0882838114553484E-001                  6.5031447502545854E+000                  8.8669026391646337E+000                  3.9075341192718798E+020                  7.3279999999999990E-001                  2.7137132103716822E-005                  2.5497286286789628E-001                  2.1025988500795504E-003                  6.1630907196949872E-004                  5.7221218635412083E-003                  1.2718648985637696E-003                  2.4871053158459599E-003                  2.8174345575403734E-005                  4.8439563983763506E-017                  0.0000000000000000E+000 
                                     653                  1.4453530561202108E-001                 -2.1632449186449154E-001                  6.5062920039491781E+000                  8.8750141460162162E+000                  4.7819450673257585E+020                  7.3279999999999990E-001                  2.7137132103716944E-005                  2.5497286286789628E-001                  2.1025988500795504E-003                  6.1630907196949872E-004                  5.7221218635412083E-003                  1.2718648985637696E-003                  2.4871053158459599E-003                  2.9962317737165926E-005                  6.0961640072700789E-017                  0.0000000000000000E+000 
                                     654                  1.3784926379576959E-001                 -2.2409736511615000E-001                  6.5094396416361295E+000                  8.8834078742440603E+000                  5.8454149480919073E+020                  7.3279999999999990E-001                  2.7137132103717069E-005                  2.5497286286789628E-001                  2.1025988500795504E-003                  6.1630907196949872E-004                  5.7221218635412083E-003                  1.2718648985637696E-003                  2.4871053158459599E-003                  3.1859778562642498E-005                  7.6681823324567955E-017                  0.0000000000000000E+000 
                                     655                  1.3120439742023243E-001                 -2.3216779208794897E-001                  6.5125876669464535E+000                  8.8921058788480725E+000                  7.1369672452939566E+020                  7.3279999999999990E-001                  2.7137132103717208E-005                  2.5497286286789628E-001                  2.1025988500795504E-003                  6.1630907196949872E-004                  5.7221218635412083E-003                  1.2718648985637696E-003                  2.4871053158459599E-003                  3.3873185020616929E-005                  9.6406915027016747E-017                  0.0000000000000000E+000 
                                     656                  1.2460521059960836E-001                 -2.4055900674088068E-001                  6.5157360847182879E+000                  8.9011328610047062E+000                  8.7031346402146294E+020                  7.3279999999999990E-001                  2.7137132103717354E-005                  2.5497286286789628E-001                  2.1025988500795504E-003                  6.1630907196949872E-004                  5.7221218635412083E-003                  1.2718648985637696E-003                  2.4871053158459599E-003                  3.6009360835810335E-005                  1.2114473406250137E-016                  0.0000000000000000E+000 
                                     657                  1.1805648071221535E-001                 -2.4929708417449092E-001                  6.5188849011987244E+000                  8.9105166096576411E+000                  1.0599231262721798E+021                  7.3279999999999990E-001                  2.7137132103717506E-005                  2.5497286286789628E-001                  2.1025988500795504E-003                  6.1630907196949872E-004                  5.7221218635412083E-003                  1.2718648985637696E-003                  2.4871053158459599E-003                  3.8275516772272302E-005                  1.5215357979759692E-016                  0.0000000000000000E+000 
                                     658                  1.1156328294489722E-001                 -2.5841142367526759E-001                  6.5220341242919773E+000                  8.9202885393745390E+000                  1.2890779461595436E+021                  7.3279999999999990E-001                  2.7137132103717669E-005                  2.5497286286789628E-001                  2.1025988500795504E-003                  6.1630907196949872E-004                  5.7221218635412083E-003                  1.2718648985637696E-003                  2.4871053158459599E-003                  4.0679272084256704E-005                  1.9100371353213370E-016                  0.0000000000000000E+000 
                                     659                  1.0513101825785932E-001                 -2.6793533901858418E-001                  6.5251837638485028E+000                  8.9304843506263509E+000                  1.5655084653126345E+021                  7.3279999999999990E-001                  2.7137132103717842E-005                  2.5497286286789628E-001                  2.1025988500795504E-003                  6.1630907196949872E-004                  5.7221218635412083E-003                  1.2718648985637696E-003                  2.4871053158459599E-003                  4.3228677225378105E-005                  2.3965375047521407E-016                  0.0000000000000000E+000 
                                     660                  9.8765445436218624E-002                 -2.7790678593708412E-001                  6.5283338320216444E+000                  8.9411448477380251E+000                  1.8982936634995090E+021                  7.3279999999999990E-001                  2.7137132103718021E-005                  2.5497286286789628E-001                  2.1025988500795504E-003                  6.1630907196949872E-004                  5.7221218635412083E-003                  1.2718648985637696E-003                  2.4871053158459599E-003                  4.5932237922693930E-005                  3.0054553856042251E-016                  0.0000000000000000E+000 
                                     661                  9.2472718062342862E-002                 -2.8836926688362735E-001                  6.5314843437501136E+000                  8.9523169620163188E+000                  2.2980392080256753E+021                  7.3279999999999990E-001                  2.7137132103718218E-005                  2.5497286286789628E-001                  2.1025988500795504E-003                  6.1630907196949872E-004                  5.7221218635412083E-003                  1.2718648985637696E-003                  2.4871053158459599E-003                  4.8798940770085812E-005                  3.7672193804111064E-016                  0.0000000000000000E+000 
                                     662                  8.6259427464060248E-002                 -2.9937296762164811E-001                  6.5346353173964591E+000                  8.9640550450794798E+000                  2.7770558539517028E+021                  7.3279999999999990E-001                  2.7137132103718418E-005                  2.5497286286789628E-001                  2.1025988500795504E-003                  6.1630907196949872E-004                  5.7221218635412083E-003                  1.2718648985637696E-003                  2.4871053158459599E-003                  5.1838280523639488E-005                  4.7197298432575014E-016                  0.0000000000000000E+000 
                                     663                  8.0132652988838898E-002                 -3.1097620081029237E-001                  6.5377867755787769E+000                  8.9764225229338148E+000                  3.3495247657010945E+021                  7.3279999999999990E-001                  2.7137132103718631E-005                  2.5497286286789628E-001                  2.1025988500795504E-003                  6.1630907196949872E-004                  5.7221218635412083E-003                  1.2718648985637696E-003                  2.4871053158459599E-003                  5.5060289317177987E-005                  5.9101721950840170E-016                  0.0000000000000000E+000 
                                     664                  7.4100021352523568E-002                 -3.2324726182666746E-001                  6.5409387462680568E+000                  8.9894940387936746E+000                  4.0316286052547942E+021                  7.3279999999999990E-001                  2.7137132103718858E-005                  2.5497286286789628E-001                  2.1025988500795504E-003                  6.1630907196949872E-004                  5.7221218635412083E-003                  1.2718648985637696E-003                  2.4871053158459599E-003                  5.8475568092337141E-005                  7.3972656492365741E-016                  0.0000000000000000E+000 
                                     665                  6.8169777358440875E-002                 -3.3626684673431961E-001                  6.5440912642468509E+000                  9.0033582693647229E+000                  4.8416156907469086E+021                  7.3279999999999990E-001                  2.7137132103719092E-005                  2.5497286286789628E-001                  2.1025988500795504E-003                  6.1630907196949872E-004                  5.7221218635412083E-003                  1.2718648985637696E-003                  2.4871053158459599E-003                  6.2095320645441982E-005                  9.2540512886511204E-016                  0.0000000000000000E+000 
                                     666                  6.2350869042115960E-002                 -3.5013125006250589E-001                  6.5472443730819032E+000                  9.0181216857857311E+000                  5.7997472882242240E+021                  7.3279999999999990E-001                  2.7137132103719336E-005                  2.5497286286789628E-001                  2.1025988500795504E-003                  6.1630907196949872E-004                  5.7221218635412083E-003                  1.2718648985637696E-003                  2.4871053158459599E-003                  6.5931390869868308E-005                  1.1571348581629694E-015                  0.0000000000000000E+000 
                                     667                  5.6653051382082278E-002                 -3.6495666524135367E-001                  6.5503981278864414E+000                  9.0339136674881839E+000                  6.9280520419996892E+021                  7.3279999999999990E-001                  2.7137132103719580E-005                  2.5497286286789628E-001                  2.1025988500795504E-003                  6.1630907196949872E-004                  5.7221218635412083E-003                  1.2718648985637696E-003                  2.4871053158459599E-003                  6.9996304071576768E-005                  1.4462040257598491E-015                  0.0000000000000000E+000 
                                     668                  5.1087014290429791E-002                 -3.8088507816859790E-001                  6.5535525992669381E+000                  9.0508935998581030E+000                  8.2497722680942935E+021                  7.3279999999999990E-001                  2.7137132103719824E-005                  2.5497286286789628E-001                  2.1025988500795504E-003                  6.1630907196949872E-004                  5.7221218635412083E-003                  1.2718648985637696E-003                  2.4871053158459599E-003                  7.4303313663383945E-005                  1.8066384664791919E-015                  0.0000000000000000E+000 
                                     669                  4.5664542930566224E-002                 -3.9809251957024061E-001                  6.5567078790570417E+000                  9.0692609593323343E+000                  9.7883266326056162E+021                  7.3279999999999990E-001                  2.7137132103720068E-005                  2.5497286286789628E-001                  2.1025988500795504E-003                  6.1630907196949872E-004                  5.7221218635412083E-003                  1.2718648985637696E-003                  2.4871053158459599E-003                  7.8866455286075496E-005                  2.2558605456465826E-015                  0.0000000000000000E+000 
                                     670                  4.0398721971155377E-002                 -4.1680090903679240E-001                  6.5598249053327686E+000                  9.0892282955510204E+000                  1.1539516685764077E+022                  7.3279999999999990E-001                  2.7137132103720667E-005                  2.5497286286789628E-001                  2.1025988500795504E-003                  6.1630907196949872E-004                  5.7221218635412083E-003                  1.2718648985637696E-003                  2.4871053158459599E-003                  8.3658189886365696E-005                  2.8084731973586005E-015                  0.0000000000000000E+000 
                                     671                  3.5304200988001515E-002                 -4.3729353126832327E-001                  6.5628931750443762E+000                  9.1111106422630819E+000                  1.3499028537031227E+022                  7.3279999999999990E-001                  2.7137132103721016E-005                  2.5497286286789628E-001                  2.1025988500795504E-003                  6.1630907196949872E-004                  5.7221218635412083E-003                  1.2718648985637696E-003                  2.4871053158459599E-003                  8.8674789674698243E-005                  3.4838839747487563E-015                  0.0000000000000000E+000 
                                     672                  3.0397547351462117E-002                 -4.5994214235249881E-001                  6.5659188426032804E+000                  9.1353486261153627E+000                  1.5659742236239982E+022                  7.3279999999999990E-001                  2.7137132103721369E-005                  2.5497286286789628E-001                  2.1025988500795504E-003                  6.1630907196949872E-004                  5.7221218635412083E-003                  1.2718648985637696E-003                  2.4871053158459599E-003                  9.3930060159660894E-005                  4.3079727019815531E-015                  0.0000000000000000E+000 
                                     673                  2.5697728440293364E-002                 -4.8524941045677522E-001                  6.5689066361932671E+000                  9.1625457418736325E+000                  1.7995638545889848E+022                  7.3279999999999990E-001                  2.7137132103721758E-005                  2.5497286286789628E-001                  2.1025988500795504E-003                  6.1630907196949872E-004                  5.7221218635412083E-003                  1.2718648985637696E-003                  2.4871053158459599E-003                  9.9437549574453603E-005                  5.3117465564361325E-015                  0.0000000000000000E+000 
                                     674                  2.1226792702691299E-002                 -5.1391844890658078E-001                  6.5731890552796637E+000                  9.5132741670558563E+000                  4.2961605810816471E+022                  7.3279999999999990E-001                  2.7137132103722358E-005                  2.5497286286789628E-001                  2.1025988500795504E-003                  6.1630907196949872E-004                  5.7221218635412083E-003                  1.2718648985637696E-003                  2.4871053158459599E-003                  1.0790518445037312E-004                  7.1677885598749592E-015                  0.0000000000000000E+000 
                                     675                  1.3081731221825111E-002                 -5.8604934331902392E-001                  6.5789322745102483E+000                  9.6023831462652538E+000                  5.1713128920012854E+022                  7.3279999999999990E-001                  2.7137132103723225E-005                  2.5497286286789628E-001                  2.1025988500795504E-003                  6.1630907196949872E-004                  5.7221218635412083E-003                  1.2718648985637696E-003                  2.4871053158459599E-003                  1.2047607455551895E-004                  1.0708572418328916E-014                  0.0000000000000000E+000 
                                     676                  6.2565714372071072E-003                 -6.9497206783694609E-001                  6.5834608378473876E+000                  9.4000907796153328E+000                  2.7892249181173240E+022                  7.3279999999999990E-001                  2.7137132103723981E-005                  2.5497286286789628E-001                  2.1025988500795504E-003                  6.1630907196949872E-004                  5.7221218635412083E-003                  1.2718648985637696E-003                  2.4871053158459599E-003                  1.3147202907937421E-004                  1.4690338518863107E-014                  0.0000000000000000E+000 
                                     677                  3.4889251868485032E-003                 -7.8058266205283500E-001                  6.5859603783862672E+000                  9.3598089854531992E+000                  1.9851083255978102E+022                  7.3279999999999990E-001                  2.7137132103724435E-005                  2.5497286286789628E-001                  2.1025988500795504E-003                  6.1630907196949872E-004                  5.7221218635412083E-003                  1.2718648985637696E-003                  2.4871053158459599E-003                  1.3796821954965160E-004                  1.7485587920820733E-014                  0.0000000000000000E+000 
                                     678                  1.8056581625465981E-003                 -8.7673094494955761E-001                  6.5877471200458073E+000                  9.2852869290988007E+000                  1.1977489208188900E+022                  7.3279999999999990E-001                  2.7137132103724770E-005                  2.5497286286789628E-001                  2.1025988500795504E-003                  6.1630907196949872E-004                  5.7221218635412083E-003                  1.2718648985637696E-003                  2.4871053158459599E-003                  1.4281350362300660E-004                  1.9802138704464373E-014                  0.0000000000000000E+000 
                                     679                  8.9787889734100387E-004                 -9.7840914574574933E-001                  6.5888767997480171E+000                  9.1200633567949758E+000                  5.6996739632799196E+021                  7.3279999999999990E-001                  2.7137132103724997E-005                  2.5497286286789628E-001                  2.1025988500795504E-003                  6.1630907196949872E-004                  5.7221218635412083E-003                  1.2718648985637696E-003                  2.4871053158459599E-003                  1.4596663147024079E-004                  2.1421718675164382E-014                  0.0000000000000000E+000 
                                     680                  4.9548006518923017E-004                 -1.0647662592554705E+000                  6.5895510555038008E+000                  9.0811440601658209E+000                  3.5831610510877676E+021                  7.3279999999999990E-001                  2.7137132103725119E-005                  2.5497286286789628E-001                  2.1025988500795504E-003                  6.1630907196949872E-004                  5.7221218635412083E-003                  1.2718648985637696E-003                  2.4871053158459599E-003                  1.4788195930870698E-004                  2.2450357868192071E-014                  0.0000000000000000E+000 
                                     681                  2.5299037833397832E-004                 -1.1622930327999386E+000                  6.5900250781603642E+000                  8.9717635318809510E+000                  1.8456745250906196E+021                  7.3279999999999990E-001                  2.7137132103725207E-005                  2.5497286286789628E-001                  2.1025988500795504E-003                  6.1630907196949872E-004                  5.7221218635412083E-003                  1.2718648985637696E-003                  2.4871053158459599E-003                  1.4924394342218667E-004                  2.3202786943755787E-014                  0.0000000000000000E+000 
                                     682                  1.3174553490635240E-004                 -1.2568856064019445E+000                  6.5903189677270948E+000                  8.8548315812398428E+000                  9.4001184027568492E+020                  7.3279999999999990E-001                  2.7137132103725279E-005                  2.5497286286789628E-001                  2.1025988500795504E-003                  6.1630907196949872E-004                  5.7221218635412083E-003                  1.2718648985637696E-003                  2.4871053158459599E-003                  1.5009476566507879E-004                  2.3681815502072266E-014                  0.0000000000000000E+000 
                                     683                  7.1123113192539424E-005                 -1.3462114584218123E+000                  6.5904991672090665E+000                  8.7243918220910501E+000                  4.7534954897737017E+020                  7.3279999999999990E-001                  2.7137132103725312E-005                  2.5497286286789628E-001                  2.1025988500795504E-003                  6.1630907196949872E-004                  5.7221218635412083E-003                  1.2718648985637696E-003                  2.4871053158459599E-003                  1.5061888988217431E-004                  2.3980380575847480E-014                  0.0000000000000000E+000 
                                     684                  4.0811902335574654E-005                 -1.4266703661452966E+000                  6.5906074951109890E+000                  8.5723347890094317E+000                  2.3929544580902483E+020                  7.3279999999999990E-001                  2.7137132103725333E-005                  2.5497286286789628E-001                  2.1025988500795504E-003                  6.1630907196949872E-004                  5.7221218635412083E-003                  1.2718648985637696E-003                  2.4871053158459599E-003                  1.5093486571455026E-004                  2.4161661527547672E-014                  0.0000000000000000E+000 
                                     685                  2.5656296907150554E-005                 -1.4938979882275634E+000                  6.5906706889790359E+000                  8.3905981457436329E+000                  1.2012296976175209E+020                  7.3279999999999990E-001                  2.7137132103725357E-005                  2.5497286286789628E-001                  2.1025988500795504E-003                  6.1630907196949872E-004                  5.7221218635412083E-003                  1.2718648985637696E-003                  2.4871053158459599E-003                  1.5111950375544547E-004                  2.4268041262233867E-014                  0.0000000000000000E+000 
                                     686                  1.8078494192922115E-005                 -1.5445922794705742E+000                  6.5907180172378741E+000                  8.5171036186269102E+000                  1.2048012560768477E+020                  7.3279999999999990E-001                  2.7137132103725360E-005                  2.5497286286789628E-001                  2.1025988500795504E-003                  6.1630907196949872E-004                  5.7221218635412083E-003                  1.2718648985637696E-003                  2.4871053158459599E-003                  1.5125793441774429E-004                  2.4348017355841806E-014                  0.0000000000000000E+000 
                                     687                  1.0500691478651779E-005                 -1.6232603813903634E+000                  6.5907660142353564E+000                  8.5337259158607992E+000                  8.3727393589204369E+019                  7.3279999999999990E-001                  2.7137132103725370E-005                  2.5497286286789628E-001                  2.1025988500795504E-003                  6.1630907196949872E-004                  5.7221218635412083E-003                  1.2718648985637696E-003                  2.4871053158459599E-003                  1.5139845607885628E-004                  2.4429391533083793E-014                  0.0000000000000000E+000 
                                     688                  5.2503457387639696E-006                 -1.7236209147376793E+000                  6.5908031291192817E+000                  8.4333408869034390E+000                  4.1961273406715601E+019                  7.3279999999999990E-001                  2.7137132103725373E-005                  2.5497286286789628E-001                  2.1025988500795504E-003                  6.1630907196949872E-004                  5.7221218635412083E-003                  1.2718648985637696E-003                  2.4871053158459599E-003                  1.5150721059232485E-004                  2.4492501666299880E-014                  0.0000000000000000E+000 
                                     689                  2.6251728687617775E-006                 -1.8239750801641670E+000                  6.5908265056248387E+000                  8.3329712833179705E+000                  2.1011423570947965E+019                  7.3279999999999990E-001                  2.7137132103725377E-005                  2.5497286286789628E-001                  2.1025988500795504E-003                  6.1630907196949872E-004                  5.7221218635412083E-003                  1.2718648985637696E-003                  2.4871053158459599E-003                  1.5157574954250511E-004                  2.4532334198197383E-014                  0.0000000000000000E+000 
                                     690                  1.3125864337023950E-006                 -1.9243252324928237E+000                  6.5908412301512769E+000                  8.2326113904842639E+000                  1.0515419401780849E+019                  7.3279999999999990E-001                  2.7137132103725377E-005                  2.5497286286789628E-001                  2.1025988500795504E-003                  6.1630907196949872E-004                  5.7221218635412083E-003                  1.2718648985637696E-003                  2.4871053158459599E-003                  1.5161893744687930E-004                  2.4557457178571277E-014                  0.0000000000000000E+000 
                                     691                  6.5629321623099057E-007                 -2.0246728529022220E+000                  6.5908505053261122E+000                  8.1322576034089167E+000                  5.2607694659076055E+018                  7.3279999999999990E-001                  2.7137132103725384E-005                  2.5497286286789628E-001                  2.1025988500795504E-003                  6.1630907196949872E-004                  5.7221218635412083E-003                  1.2718648985637696E-003                  2.4871053158459599E-003                  1.5164614851242292E-004                  2.4573295600979604E-014                  0.0000000000000000E+000 
                                     692                  3.2814660749528829E-007                 -2.1250188704029491E+000                  6.5908563480421050E+000                  8.0319076398657483E+000                  2.6313489066279839E+018                  7.3279999999999990E-001                  2.7137132103725384E-005                  2.5497286286789628E-001                  2.1025988500795504E-003                  6.1630907196949872E-004                  5.7221218635412083E-003                  1.2718648985637696E-003                  2.4871053158459599E-003                  1.5166329214739269E-004                  2.4583277918275308E-014                  0.0000000000000000E+000 
                                     693                  1.6407330312743712E-007                 -2.2253638622193086E+000                  6.5908600286097938E+000                  7.9315600393523598E+000                  1.3159782293346076E+018                  7.3279999999999990E-001                  2.7137132103725387E-005                  2.5497286286789628E-001                  2.1025988500795504E-003                  6.1630907196949872E-004                  5.7221218635412083E-003                  1.2718648985637696E-003                  2.4871053158459599E-003                  1.5167409264463529E-004                  2.4589568260512960E-014                  0.0000000000000000E+000 
                                     694                  8.2036650972654904E-008                 -2.3257081759704006E+000                  6.5908631200260199E+000                  8.5167138273872478E+000                  1.3162334338556134E+018                  7.3279999999999990E-001                  2.7137132103725387E-005                  2.5497286286789628E-001                  2.1025988500795504E-003                  6.1630907196949872E-004                  5.7221218635412083E-003                  1.2718648985637696E-003                  2.4871053158459599E-003                  1.5168316489736283E-004                  2.4594852937589244E-014                  0.0000000000000000E+000 
