                                       1                                        2                                        3                                        4                                        5                                        6                                        7                                        8                                        9                                       10                                       11                                       12                                       13                                       14                                       15                                       16                                       17                                       18                                       19                                       20                                       21                                       22                                       23                                       24                                       25                                       26                                       27                                       28                                       29                                       30                                       31                                       32                                       33                                       34                                       35                                       36                                       37                                       38                                       39                                       40                                       41                                       42                                       43                                       44                                       45                                       46                                       47                                       48                                       49 
                            model_number                                num_zones                             initial_mass                                initial_z                                 star_age                                time_step                                     Teff                            photosphere_L                            photosphere_r                               center_eta                                center_h1                               center_he3                               center_he4                               center_c12                               center_n14                               center_o16                              center_ne20                                star_mass                                star_mdot                             star_mass_h1                            star_mass_he3                            star_mass_he4                            star_mass_c12                            star_mass_n14                            star_mass_o16                           star_mass_ne20                             he_core_mass                             co_core_mass                             fe_core_mass                   neutron_rich_core_mass                             dynamic_time                             kh_timescale                            nuc_timescale                           power_nuc_burn                             power_h_burn                            power_he_burn                                power_neu                                burn_min1                                burn_min2                             time_seconds                           version_number                                 compiler                                    build                         MESA_SDK_version                             math_backend                                     date                                     msun                                     rsun                                     lsun 
                                     275                                      817                  8.0000000000000004E-001                  1.2200000000000001E-002                  9.5149455292692528E+009                  2.3396364154998343E+007                  5.9451284694322221E+003                  1.2814482725968426E+000                  1.0670412608187310E+000                 -5.3821914129173343E-001                  4.0499665969673726E-004                  1.6489813788926351E-012                  9.8750499522170843E-001                  3.4776211085745265E-005                  6.2111717443344540E-003                  2.0850899471158645E-003                  1.2718648985637722E-003                  8.0000000000000004E-001                  0.0000000000000000E+000                  4.3167414558846534E-001                  6.1718056854188788E-004                  3.5787117288132414E-001                  1.1141553793653611E-003                  1.2756958275250004E-003                  4.4404735832504049E-003                  1.0174919188510165E-003                  2.9821530193189717E-002                  0.0000000000000000E+000                  0.0000000000000000E+000                  0.0000000000000000E+000                  1.2333430269312441E+004                  1.1022461459757740E+007                  6.2429363487205591E+009                  1.2813775675871693E+000                  1.2813775675871699E+000                  5.5292317447148854E-037                  5.0601577337148276E-002                  5.0000000000000000E+001                  1.0000000000000000E+003                  3.0026884503446739E+017                               "r24.08.1"                               "gfortran"                                 "13.3.0"                    "x86_64-linux-24.7.1"                                 "CRMATH"                               "20251006"                  1.9884098706980504E+033                  6.9570000000000000E+010                  3.8280000000000003E+033 

                                       1                                        2                                        3                                        4                                        5                                        6                                        7                                        8                                        9                                       10                                       11                                       12                                       13                                       14                                       15                                       16                                       17 
                                    zone                                     mass                                     logR                                     logT                                   log_dr          raw_rate_r_he3_he3_to_h1_h1_he4                                       h1                                      he3                                      he4                                      c12                                      n14                                      o16                                     ne20                                     mg24                                       pp                                      cno                                tri_alpha 
                                       1                  8.0000000000000004E-001                  2.8181213238371153E-002                  3.7744062702424572E+000                  5.2196697020792566E+000                  1.1545204083846389E-050                  6.3279999999999992E-001                  3.7779144693407902E-005                  3.5496222085530671E-001                  2.1025988500795508E-003                  6.1630907196949883E-004                  5.7221218635412092E-003                  1.2718648985637698E-003                  2.4871053158459604E-003                  1.6610417775380551E-026                  0.0000000000000000E+000                  0.0000000000000000E+000 
                                       2                  7.9999999999920002E-001                  2.8180243060684736E-002                  3.7749603428291230E+000                  5.3127601722518438E+000                  1.4559060256672755E-050                  6.3279999999999992E-001                  3.7779144693407902E-005                  3.5496222085530671E-001                  2.1025988500795508E-003                  6.1630907196949883E-004                  5.7221218635412092E-003                  1.2718648985637698E-003                  2.4871053158459604E-003                  1.6757283372228728E-026                  0.0000000000000000E+000                  0.0000000000000000E+000 
                                       3                  7.9999999999819993E-001                  2.8179040954481642E-002                  3.7755842711952350E+000                  5.3085757142546166E+000                  1.4700096777831159E-050                  6.3279999999999981E-001                  3.7779144693407889E-005                  3.5496222085530660E-001                  2.1025988500795499E-003                  6.1630907196949861E-004                  5.7221218635412066E-003                  1.2718648985637693E-003                  2.4871053158459599E-003                  1.6919672058264910E-026                  0.0000000000000000E+000                  0.0000000000000000E+000 
                                       4                  7.9999999999720006E-001                  2.8177850371757320E-002                  3.7765324177073096E+000                  5.6034398079938992E+000                  2.9820823324976833E-050                  6.3279999999999992E-001                  3.7779144693407902E-005                  3.5496222085530671E-001                  2.1025988500795508E-003                  6.1630907196949883E-004                  5.7221218635412092E-003                  1.2718648985637698E-003                  2.4871053158459604E-003                  1.7161829007380468E-026                  0.0000000000000000E+000                  0.0000000000000000E+000 
                                       5                  7.9999999999520000E-001                  2.8175502764521868E-002                  3.7784799029976357E+000                  5.8925301485079737E+000                  6.1305042200977049E-050                  6.3279999999999992E-001                  3.7779144693407902E-005                  3.5496222085530671E-001                  2.1025988500795508E-003                  6.1630907196949883E-004                  5.7221218635412092E-003                  1.2718648985637698E-003                  2.4871053158459604E-003                  1.7640643537678677E-026                  0.0000000000000000E+000                  0.0000000000000000E+000 
                                       6                  7.9999999999120008E-001                  2.8170934836650851E-002                  3.7807102891905005E+000                  5.6760820710594713E+000                  3.9419548983346120E-050                  6.3279999999999992E-001                  3.7779144693407902E-005                  3.5496222085530671E-001                  2.1025988500795508E-003                  6.1630907196949893E-004                  5.7221218635412083E-003                  1.2718648985637698E-003                  2.4871053158459599E-003                  1.8149068803914370E-026                  0.0000000000000000E+000                  0.0000000000000000E+000 
                                       7                  7.9999999998870008E-001                  2.8168159760968956E-002                  3.7824845389503583E+000                  5.6669812587004502E+000                  4.0254826205073586E-050                  6.3279999999999992E-001                  3.7779144693407902E-005                  3.5496222085530671E-001                  2.1025988500795508E-003                  6.1630907196949893E-004                  5.7221218635412083E-003                  1.2718648985637698E-003                  2.4871053158459599E-003                  1.8533780006763507E-026                  0.0000000000000000E+000                  0.0000000000000000E+000 
                                       8                  7.9999999998620019E-001                  2.8165442215835532E-002                  3.7843215084798412E+000                  5.6582096687683219E+000                  4.1076641434727673E-050                  6.3279999999999992E-001                  3.7779144693407902E-005                  3.5496222085530671E-001                  2.1025988500795508E-003                  6.1630907196949893E-004                  5.7221218635412092E-003                  1.2718648985637696E-003                  2.4871053158459604E-003                  1.8912295213504010E-026                  0.0000000000000000E+000                  0.0000000000000000E+000 
                                       9                  7.9999999998370031E-001                  2.8162778990791584E-002                  3.7871735074850661E+000                  5.9466510381249886E+000                  8.4570984460988903E-050                  6.3279999999999992E-001                  3.7779144693407902E-005                  3.5496222085530671E-001                  2.1025988500795508E-003                  6.1630907196949893E-004                  5.7221218635412083E-003                  1.2718648985637698E-003                  2.4871053158459599E-003                  1.9469080620415383E-026                  0.0000000000000000E+000                  0.0000000000000000E+000 
                                      10                  7.9999999997870019E-001                  2.8157604672333646E-002                  3.7902460022899223E+000                  5.6337856800180237E+000                  4.3475092716041467E-050                  6.3279999103587459E-001                  3.7788108818575846E-005                  3.5496222085530671E-001                  2.1025988500795508E-003                  6.1630907196949883E-004                  5.7221218635412092E-003                  1.2718648985637698E-003                  2.4871053158459604E-003                  2.0007508344412589E-026                  0.0000000000000000E+000                  0.0000000000000000E+000 
                                      11                  7.9999999997620030E-001                  2.8155087043857500E-002                  3.7923683824404013E+000                  5.6262478392440860E+000                  4.4243263691403752E-050                  6.3279998825986561E-001                  3.7790884827631299E-005                  3.5496222085530671E-001                  2.1025988500795508E-003                  6.1630907196949883E-004                  5.7221218635412092E-003                  1.2718648985637698E-003                  2.4871053158459604E-003                  2.0358170494884370E-026                  0.0000000000000000E+000                  0.0000000000000000E+000 
                                      12                  7.9999999997370019E-001                  2.8152612721397807E-002                  3.7951221411320546E+000                  5.7933140032297334E+000                  6.7761584883105595E-050                  6.3279998765353984E-001                  3.7791491153419277E-005                  3.5496222085530671E-001                  2.1025988500795508E-003                  6.1630907196949883E-004                  5.7221218635412092E-003                  1.2718648985637698E-003                  2.4871053158459604E-003                  2.0786121898862892E-026                  0.0000000000000000E+000                  0.0000000000000000E+000 
                                      13                  7.9999999996995019E-001                  2.8148977544781587E-002                  3.7997926233778254E+000                  6.0016323799203697E+000                  1.1651346988690832E-049                  6.3279998748165933E-001                  3.7791663033839330E-005                  3.5496222085530671E-001                  2.1025988500795504E-003                  6.1630907196949883E-004                  5.7221218635412083E-003                  1.2718648985637698E-003                  2.4871053158459599E-003                  2.1444636803625685E-026                  0.0000000000000000E+000                  0.0000000000000000E+000 
                                      14                  7.9999999996370019E-001                  2.8143104698322086E-002                  3.8043277130505198E+000                  5.5929115356559036E+000                  4.7777832224745950E-050                  6.3279998742450694E-001                  3.7791720186281438E-005                  3.5496222085530671E-001                  2.1025988500795508E-003                  6.1630907196949883E-004                  5.7221218635412092E-003                  1.2718648985637698E-003                  2.4871053158459604E-003                  2.1984268200627671E-026                  0.0000000000000000E+000                  0.0000000000000000E+000 
                                      15                  7.9999999996120030E-001                  2.8140813134882838E-002                  3.8083635044624047E+000                  5.8852712124068081E+000                  9.7484198891603813E-050                  6.3279998739460752E-001                  3.7791750085646994E-005                  3.5496222085530671E-001                  2.1025988500795508E-003                  6.1630907196949883E-004                  5.7221218635412092E-003                  1.2718648985637698E-003                  2.4871053158459604E-003                  2.2428107491382183E-026                  0.0000000000000000E+000                  0.0000000000000000E+000 
                                      16                  7.9999999995620041E-001                  2.8136320563840137E-002                  3.8127667868016744E+000                  5.5763071279336414E+000                  4.9641557840309350E-050                  6.3279998737791121E-001                  3.7791766781931398E-005                  3.5496222085530671E-001                  2.1025988500795508E-003                  6.1630907196949883E-004                  5.7221218635412092E-003                  1.2718648985637698E-003                  2.4871053158459604E-003                  2.2842133238580320E-026                  0.0000000000000000E+000                  0.0000000000000000E+000 
                                      17                  7.9999999995370030E-001                  2.8134114925927985E-002                  3.8173431016948380E+000                  5.8699241731268614E+000                  1.0099384122537721E-049                  6.3279998737791121E-001                  3.7791766781931398E-005                  3.5496222085530671E-001                  2.1025988500795508E-003                  6.1630907196949883E-004                  5.7221218635412092E-003                  1.2718648985637698E-003                  2.4871053158459604E-003                  2.3235884654921810E-026                  0.0000000000000000E+000                  0.0000000000000000E+000 
                                      18                  7.9999999994870041E-001                  2.8129778274313282E-002                  3.8223380462580492E+000                  5.5622331434249039E+000                  5.1278156198650632E-050                  6.3279998737791121E-001                  3.7791766781931398E-005                  3.5496222085530671E-001                  2.1025988500795508E-003                  6.1630907196949883E-004                  5.7221218635412092E-003                  1.2718648985637698E-003                  2.4871053158459604E-003                  2.3595516518969296E-026                  0.0000000000000000E+000                  0.0000000000000000E+000 
                                      19                  7.9999999994620030E-001                  2.8127642935762438E-002                  3.8275274639886980E+000                  5.8571123416252213E+000                  1.0402064446408929E-049                  6.3279998737791121E-001                  3.7791766781931398E-005                  3.5496222085530671E-001                  2.1025988500795508E-003                  6.1630907196949883E-004                  5.7221218635412092E-003                  1.2718648985637698E-003                  2.4871053158459604E-003                  2.3932562944879729E-026                  0.0000000000000000E+000                  0.0000000000000000E+000 
                                      20                  7.9999999994120041E-001                  2.8123432286065862E-002                  3.8332054382153582E+000                  5.5507261825516743E+000                  5.2656501121062467E-050                  6.3279998737791121E-001                  3.7791766781931398E-005                  3.5496222085530671E-001                  2.1025988500795508E-003                  6.1630907196949883E-004                  5.7221218635412092E-003                  1.2718648985637698E-003                  2.4871053158459604E-003                  2.4230028397189840E-026                  0.0000000000000000E+000                  0.0000000000000000E+000 
                                      21                  7.9999999993870052E-001                  2.8121352751718367E-002                  3.8371511946559789E+000                  5.5474788777788717E+000                  5.3052205832479710E-050                  6.3279998737791121E-001                  3.7791766781931398E-005                  3.5496222085530671E-001                  2.1025988500795508E-003                  6.1630907196949883E-004                  5.7221218635412092E-003                  1.2718648985637698E-003                  2.4871053158459604E-003                  2.4412190365544366E-026                  0.0000000000000000E+000                  0.0000000000000000E+000 
                                      22                  7.9999999993620041E-001                  2.8119288698622149E-002                  3.8412822610588258E+000                  5.5445447393720251E+000                  5.3412351593232327E-050                  6.3279998737791121E-001                  3.7791766781931398E-005                  3.5496222085530671E-001                  2.1025988500795508E-003                  6.1630907196949883E-004                  5.7221218635412092E-003                  1.2718648985637698E-003                  2.4871053158459604E-003                  2.4577983583567845E-026                  0.0000000000000000E+000                  0.0000000000000000E+000 
                                      23                  7.9999999993370052E-001                  2.8117238533770128E-002                  3.8456158518819694E+000                  5.5419390191195692E+000                  5.3734289066119299E-050                  6.3279998737791121E-001                  3.7791766781931398E-005                  3.5496222085530671E-001                  2.1025988500795508E-003                  6.1630907196949883E-004                  5.7221218635412092E-003                  1.2718648985637698E-003                  2.4871053158459604E-003                  2.4726188206886113E-026                  0.0000000000000000E+000                  0.0000000000000000E+000 
                                      24                  7.9999999993120052E-001                  2.8115200623267656E-002                  3.8524406729294483E+000                  5.8396162555102658E+000                  1.0830296449956164E-049                  6.3279998737791121E-001                  3.7791766781931398E-005                  3.5496222085530671E-001                  2.1025988500795508E-003                  6.1630907196949883E-004                  5.7221218635412092E-003                  1.2718648985637698E-003                  2.4871053158459604E-003                  2.4918244849959004E-026                  0.0000000000000000E+000                  0.0000000000000000E+000 
                                      25                  7.9999999992620052E-001                  2.8111156118189137E-002                  3.8600464396013838E+000                  5.5362995291504111E+000                  5.4438122157286296E-050                  6.3279998737791121E-001                  3.7791766781931398E-005                  3.5496222085530671E-001                  2.1025988500795508E-003                  6.1630907196949883E-004                  5.7221218635412092E-003                  1.2718648985637698E-003                  2.4871053158459604E-003                  2.5050201291663277E-026                  0.0000000000000000E+000                  0.0000000000000000E+000 
                                      26                  7.9999999992370063E-001                  2.8109144471592566E-002                  3.8653359404909904E+000                  5.5351481379802365E+000                  5.4583143686888475E-050                  6.3279998737791121E-001                  3.7791766781931398E-005                  3.5496222085530671E-001                  2.1025988500795508E-003                  6.1630907196949883E-004                  5.7221218635412092E-003                  1.2718648985637698E-003                  2.4871053158459604E-003                  2.5116963013736187E-026                  0.0000000000000000E+000                  0.0000000000000000E+000 
                                      27                  7.9999999992120063E-001                  2.8107138141881028E-002                  3.8708233664394887E+000                  5.5343200224644367E+000                  5.4687827279677678E-050                  6.3279998737791121E-001                  3.7791766781931398E-005                  3.5496222085530671E-001                  2.1025988500795508E-003                  6.1630907196949883E-004                  5.7221218635412092E-003                  1.2718648985637698E-003                  2.4871053158459604E-003                  2.5165154942507779E-026                  0.0000000000000000E+000                  0.0000000000000000E+000 
                                      28                  7.9999999991870074E-001                  2.8105135624964608E-002                  3.8764280741757706E+000                  5.5337337037981156E+000                  5.4762213076859518E-050                  6.3279998737791121E-001                  3.7791766781931398E-005                  3.5496222085530671E-001                  2.1025988500795508E-003                  6.1630907196949883E-004                  5.7221218635412092E-003                  1.2718648985637698E-003                  2.4871053158459604E-003                  2.5199399075020908E-026                  0.0000000000000000E+000                  0.0000000000000000E+000 
                                      29                  7.9999999991620074E-001                  2.8103135800504268E-002                  3.8848345045953261E+000                  5.8341110024976430E+000                  1.0969066676393959E-049                  6.3279998737791121E-001                  3.7791766781931398E-005                  3.5496222085530671E-001                  2.1025988500795508E-003                  6.1630907196949883E-004                  5.7221218635412092E-003                  1.2718648985637698E-003                  2.4871053158459604E-003                  2.5237664247825484E-026                  0.0000000000000000E+000                  0.0000000000000000E+000 
                                      30                  7.9999999991120074E-001                  2.8099142130545245E-002                  3.8969122230751303E+000                  5.9299951747761694E+000                  1.3744042965074630E-049                  6.3279998737791121E-001                  3.7791766781931398E-005                  3.5496222085530671E-001                  2.1025988500795508E-003                  6.1630907196949883E-004                  5.7221218635412092E-003                  1.2718648985637698E-003                  2.4871053158459604E-003                  2.5297896982533408E-026                  0.0000000000000000E+000                  0.0000000000000000E+000 
                                      31                  7.9999999990495074E-001                  2.8094161769463163E-002                  3.9059666862996840E+000                  5.6274941645060546E+000                  6.8954559036503726E-050                  6.3279998737791121E-001                  3.7791766781931398E-005                  3.5496222085530671E-001                  2.1025988500795508E-003                  6.1630907196949883E-004                  5.7221218635412092E-003                  1.2718648985637698E-003                  2.4871053158459604E-003                  2.5384203208580762E-026                  0.0000000000000000E+000                  0.0000000000000000E+000 
                                      32                  7.9999999990182580E-001                  2.8091679987913478E-002                  3.9116071715917622E+000                  5.6263104708260334E+000                  6.9143543968787136E-050                  6.3279998737791121E-001                  3.7791766781931398E-005                  3.5496222085530671E-001                  2.1025988500795508E-003                  6.1630907196949883E-004                  5.7221218635412092E-003                  1.2718648985637698E-003                  2.4871053158459604E-003                  2.5453804282261234E-026                  0.0000000000000000E+000                  0.0000000000000000E+000 
                                      33                  7.9999999989870085E-001                  2.8089204947262726E-002                  3.9194979040847624E+000                  5.9252671135606771E+000                  1.3895122698813753E-049                  6.3279998737791121E-001                  3.7791766781931398E-005                  3.5496222085530671E-001                  2.1025988500795508E-003                  6.1630907196949883E-004                  5.7221218635412092E-003                  1.2718648985637698E-003                  2.4871053158459604E-003                  2.5576102137750528E-026                  0.0000000000000000E+000                  0.0000000000000000E+000 
                                      34                  7.9999999989245085E-001                  2.8084278399701772E-002                  3.9287490793167983E+000                  5.9216690171366686E+000                  1.4011037483646816E-049                  6.3279998737791121E-001                  3.7791766781931398E-005                  3.5496222085530671E-001                  2.1025988500795508E-003                  6.1630907196949883E-004                  5.7221218635412092E-003                  1.2718648985637698E-003                  2.4871053158459604E-003                  2.5789554275541590E-026                  0.0000000000000000E+000                  0.0000000000000000E+000 
                                      35                  7.9999999988620074E-001                  2.8079392444399384E-002                  3.9369231980170816E+000                  5.9174646725613105E+000                  1.4147651857522483E-049                  6.3279998737791121E-001                  3.7791766781931398E-005                  3.5496222085530671E-001                  2.1025988500795508E-003                  6.1630907196949883E-004                  5.7221218635412092E-003                  1.2718648985637698E-003                  2.4871053158459604E-003                  2.6041125303743911E-026                  0.0000000000000000E+000                  0.0000000000000000E+000 
                                      36                  7.9999999987995074E-001                  2.8074553506957742E-002                  3.9442104800111988E+000                  5.9128034858392606E+000                  1.4300630230669152E-049                  6.3279998737791121E-001                  3.7791766781931398E-005                  3.5496222085530671E-001                  2.1025988500795508E-003                  6.1630907196949883E-004                  5.7221218635412092E-003                  1.2718648985637698E-003                  2.4871053158459604E-003                  2.6322832006786139E-026                  0.0000000000000000E+000                  0.0000000000000000E+000 
                                      37                  7.9999999987370074E-001                  2.8069766173996327E-002                  3.9507645055563891E+000                  5.9078046099485997E+000                  1.4466503396077197E-049                  6.3279998737791121E-001                  3.7791766781931398E-005                  3.5496222085530671E-001                  2.1025988500795508E-003                  6.1630907196949883E-004                  5.7221218635412092E-003                  1.2718648985637698E-003                  2.4871053158459604E-003                  2.6628286463851083E-026                  0.0000000000000000E+000                  0.0000000000000000E+000 
                                      38                  7.9999999986745063E-001                  2.8065033577062529E-002                  3.9567066029870577E+000                  5.9025597961020875E+000                  1.4642586401811251E-049                  6.3279998737791121E-001                  3.7791766781931398E-005                  3.5496222085530671E-001                  2.1025988500795508E-003                  6.1630907196949883E-004                  5.7221218635412092E-003                  1.2718648985637698E-003                  2.4871053158459604E-003                  2.6952544822359724E-026                  0.0000000000000000E+000                  0.0000000000000000E+000 
                                      39                  7.9999999986120063E-001                  2.8060357739576200E-002                  3.9621325773031302E+000                  5.8971386745146823E+000                  1.4826826674496230E-049                  6.3279998737791121E-001                  3.7791766781931398E-005                  3.5496222085530671E-001                  2.1025988500795508E-003                  6.1630907196949883E-004                  5.7221218635412092E-003                  1.2718648985637698E-003                  2.4871053158459604E-003                  2.7291827641782573E-026                  0.0000000000000000E+000                  0.0000000000000000E+000 
                                      40                  7.9999999985495063E-001                  2.8055739856487519E-002                  3.9671186666062712E+000                  5.8915944746171247E+000                  1.5017636498494492E-049                  6.3279998737791121E-001                  3.7791766781931398E-005                  3.5496222085530671E-001                  2.1025988500795508E-003                  6.1630907196949883E-004                  5.7221218635412092E-003                  1.2718648985637698E-003                  2.4871053158459604E-003                  2.7643211427855026E-026                  0.0000000000000000E+000                  0.0000000000000000E+000 
                                      41                  7.9999999984870052E-001                  2.8051180502391734E-002                  3.9740107286211246E+000                  6.1843025733805455E+000                  3.0617306765568679E-049                  6.3279998737791121E-001                  3.7791766781931398E-005                  3.5496222085530671E-001                  2.1025988500795508E-003                  6.1630907196949883E-004                  5.7221218635412092E-003                  1.2718648985637698E-003                  2.4871053158459604E-003                  2.8179136252104184E-026                  0.0000000000000000E+000                  0.0000000000000000E+000 
                                      42                  7.9999999983620063E-001                  2.8042234723212246E-002                  3.9800096764869690E+000                  5.8746067902406782E+000                  1.5617665173773921E-049                  6.3279998737791121E-001                  3.7791766781931398E-005                  3.5496222085530671E-001                  2.1025988500795508E-003                  6.1630907196949883E-004                  5.7221218635412092E-003                  1.2718648985637698E-003                  2.4871053158459604E-003                  2.8748207365949088E-026                  0.0000000000000000E+000                  0.0000000000000000E+000 
                                      43                  7.9999999982995063E-001                  2.8037850132538449E-002                  3.9837463553010446E+000                  5.8688966129958624E+000                  1.5824682200654556E-049                  6.3279998737791121E-001                  3.7791766781931398E-005                  3.5496222085530671E-001                  2.1025988500795508E-003                  6.1630907196949883E-004                  5.7221218635412092E-003                  1.2718648985637698E-003                  2.4871053158459604E-003                  2.9129450915111401E-026                  0.0000000000000000E+000                  0.0000000000000000E+000 
                                      44                  7.9999999982370062E-001                  2.8033522770464676E-002                  3.9890026583965845E+000                  6.1614706598937685E+000                  3.2272585245578490E-049                  6.3279998737791121E-001                  3.7791766781931398E-005                  3.5496222085530671E-001                  2.1025988500795508E-003                  6.1630907196949883E-004                  5.7221218635412092E-003                  1.2718648985637698E-003                  2.4871053158459604E-003                  2.9703320673943464E-026                  0.0000000000000000E+000                  0.0000000000000000E+000 
                                      45                  7.9999999981120062E-001                  2.8025034803335271E-002                  3.9937052296605220E+000                  5.8518693462080744E+000                  1.6458404361872962E-049                  6.3279998737791121E-001                  3.7791766781931398E-005                  3.5496222085530671E-001                  2.1025988500795508E-003                  6.1630907196949883E-004                  5.7221218635412092E-003                  1.2718648985637698E-003                  2.4871053158459604E-003                  3.0296538080459923E-026                  0.0000000000000000E+000                  0.0000000000000000E+000 
                                      46                  7.9999999980495062E-001                  2.8020873698094573E-002                  3.9966717682413506E+000                  5.8462522883992385E+000                  1.6672973309615880E-049                  6.3279998737791121E-001                  3.7791766781931398E-005                  3.5496222085530671E-001                  2.1025988500795508E-003                  6.1630907196949883E-004                  5.7221218635412092E-003                  1.2718648985637698E-003                  2.4871053158459604E-003                  3.0691703756775219E-026                  0.0000000000000000E+000                  0.0000000000000000E+000 
                                      47                  7.9999999979870062E-001                  2.8016766025916379E-002                  4.0008931354116708E+000                  6.1390008078587703E+000                  3.3988867519635933E-049                  6.3279998737791121E-001                  3.7791766781931398E-005                  3.5496222085530671E-001                  2.1025988500795508E-003                  6.1630907196949883E-004                  5.7221218635412092E-003                  1.2718648985637698E-003                  2.4871053158459604E-003                  3.1283735309612973E-026                  0.0000000000000000E+000                  0.0000000000000000E+000 
                                      48                  7.9999999978620062E-001                  2.8008705741254011E-002                  4.0060160068606470E+000                  6.1280413757209740E+000                  3.4858769010628659E-049                  6.3279998737791121E-001                  3.7791766781931398E-005                  3.5496222085530671E-001                  2.1025988500795508E-003                  6.1630907196949883E-004                  5.7221218635412092E-003                  1.2718648985637698E-003                  2.4871053158459604E-003                  3.2084793966073648E-026                  0.0000000000000000E+000                  0.0000000000000000E+000 
                                      49                  7.9999999977370073E-001                  2.8000846169056494E-002                  4.0107063870649329E+000                  6.1172957745864505E+000                  3.5733304059327012E-049                  6.3279998737791121E-001                  3.7791766781931398E-005                  3.5496222085530671E-001                  2.1025988500795508E-003                  6.1630907196949883E-004                  5.7221218635412092E-003                  1.2718648985637698E-003                  2.4871053158459604E-003                  3.2890134140794063E-026                  0.0000000000000000E+000                  0.0000000000000000E+000 
                                      50                  7.9999999976120062E-001                  2.7993178540429185E-002                  4.0150286547559029E+000                  6.1067754057806027E+000                  3.6610755887539965E-049                  6.3279998737791121E-001                  3.7791766781931398E-005                  3.5496222085530671E-001                  2.1025988500795508E-003                  6.1630907196949883E-004                  5.7221218635412092E-003                  1.2718648985637698E-003                  2.4871053158459604E-003                  3.3698174897568233E-026                  0.0000000000000000E+000                  0.0000000000000000E+000 
                                      51                  7.9999999974870073E-001                  2.7985694290579292E-002                  4.0190341398687615E+000                  6.0964853783052506E+000                  3.7489833914986950E-049                  6.3279998737791121E-001                  3.7791766781931398E-005                  3.5496222085530671E-001                  2.1025988500795508E-003                  6.1630907196949883E-004                  5.7221218635412092E-003                  1.2718648985637698E-003                  2.4871053158459604E-003                  3.4507727683502581E-026                  0.0000000000000000E+000                  0.0000000000000000E+000 
                                      52                  7.9999999973620084E-001                  2.7978385161248957E-002                  4.0227643712488881E+000                  6.0864265269871947E+000                  3.8369559980300371E-049                  6.3279998737791121E-001                  3.7791766781931398E-005                  3.5496222085530671E-001                  2.1025988500795508E-003                  6.1630907196949883E-004                  5.7221218635412092E-003                  1.2718648985637698E-003                  2.4871053158459604E-003                  3.5317891582921256E-026                  0.0000000000000000E+000                  0.0000000000000000E+000 
                                      53                  7.9999999972370095E-001                  2.7971243257043074E-002                  4.0262533973722245E+000                  6.0765965609312058E+000                  3.9249209011157135E-049                  6.3279998737791121E-001                  3.7791766781931398E-005                  3.5496222085530671E-001                  2.1025988500795508E-003                  6.1630907196949883E-004                  5.7221218635412092E-003                  1.2718648985637698E-003                  2.4871053158459604E-003                  3.6127998704413144E-026                  0.0000000000000000E+000                  0.0000000000000000E+000 
                                      54                  7.9999999971120095E-001                  2.7964261075821152E-002                  4.0295294658840284E+000                  6.0669912973426623E+000                  4.0128228183493703E-049                  6.3279998737791121E-001                  3.7791766781931398E-005                  3.5496222085530671E-001                  2.1025988500795508E-003                  6.1630907196949883E-004                  5.7221218635412092E-003                  1.2718648985637698E-003                  2.4871053158459604E-003                  3.6937539750607923E-026                  0.0000000000000000E+000                  0.0000000000000000E+000 
                                      55                  7.9999999969870095E-001                  2.7957431515283584E-002                  4.0326162496395641E+000                  6.0576054548838263E+000                  4.1006182464748610E-049                  6.3279998737791121E-001                  3.7791766781931398E-005                  3.5496222085530671E-001                  2.1025988500795508E-003                  6.1630907196949883E-004                  5.7221218635412092E-003                  1.2718648985637698E-003                  2.4871053158459604E-003                  3.7746113878927319E-026                  0.0000000000000000E+000                  0.0000000000000000E+000 
                                      56                  7.9999999968620095E-001                  2.7950747865686243E-002                  4.0369852527539285E+000                  6.3450405917484884E+000                  8.4624055326682980E-049                  6.3279998737791121E-001                  3.7791766781931398E-005                  3.5496222085530671E-001                  2.1025988500795508E-003                  6.1630907196949883E-004                  5.7221218635412092E-003                  1.2718648985637698E-003                  2.4871053158459604E-003                  3.8948790133091759E-026                  0.0000000000000000E+000                  0.0000000000000000E+000 
                                      57                  7.9999999966120094E-001                  2.7937792232908005E-002                  4.0409327542490585E+000                  6.0307129186474953E+000                  4.3629552015210736E-049                  6.3279998737791121E-001                  3.7791766781931398E-005                  3.5496222085530671E-001                  2.1025988500795508E-003                  6.1630907196949883E-004                  5.7221218635412092E-003                  1.2718648985637698E-003                  2.4871053158459604E-003                  4.0162252938027464E-026                  0.0000000000000000E+000                  0.0000000000000000E+000 
                                      58                  7.9999999964870105E-001                  2.7931509616044844E-002                  4.0434355442104097E+000                  6.0221415811762000E+000                  4.4500463425546256E-049                  6.3279998737791121E-001                  3.7791766781931398E-005                  3.5496222085530671E-001                  2.1025988500795508E-003                  6.1630907196949883E-004                  5.7221218635412092E-003                  1.2718648985637698E-003                  2.4871053158459604E-003                  4.0964393849362048E-026                  0.0000000000000000E+000                  0.0000000000000000E+000 
                                      59                  7.9999999963620116E-001                  2.7925349690548374E-002                  4.0470141143148544E+000                  6.3107238589836774E+000                  9.1592598263914610E-049                  6.3279998737791121E-001                  3.7791766781931398E-005                  3.5496222085530671E-001                  2.1025988500795508E-003                  6.1630907196949883E-004                  5.7221218635412092E-003                  1.2718648985637698E-003                  2.4871053158459604E-003                  4.2157929220244532E-026                  0.0000000000000000E+000                  0.0000000000000000E+000 
                                      60                  7.9999999961120105E-001                  2.7913377687928006E-002                  4.0513924502603604E+000                  6.2946583983618662E+000                  9.5049393320794924E-049                  6.3279998737791121E-001                  3.7791766781931398E-005                  3.5496222085530671E-001                  2.1025988500795508E-003                  6.1630907196949883E-004                  5.7221218635412092E-003                  1.2718648985637698E-003                  2.4871053158459604E-003                  4.3749921321531757E-026                  0.0000000000000000E+000                  0.0000000000000000E+000 
                                      61                  7.9999999958620105E-001                  2.7901840151178029E-002                  4.0554315654004176E+000                  6.2792507915343929E+000                  9.8487163437120386E-049                  6.3279998737791121E-001                  3.7791766781931398E-005                  3.5496222085530671E-001                  2.1025988500795508E-003                  6.1630907196949883E-004                  5.7221218635412092E-003                  1.2718648985637698E-003                  2.4871053158459604E-003                  4.5333200377454793E-026                  0.0000000000000000E+000                  0.0000000000000000E+000 
                                      62                  7.9999999956120105E-001                  2.7890704469003845E-002                  4.0582454440083300E+000                  5.9670281676837096E+000                  5.0531108316596842E-049                  6.3279998737791121E-001                  3.7791766781931398E-005                  3.5496222085530671E-001                  2.1025988500795508E-003                  6.1630907196949883E-004                  5.7221218635412092E-003                  1.2718648985637698E-003                  2.4871053158459604E-003                  4.6519182928064620E-026                  0.0000000000000000E+000                  0.0000000000000000E+000 
                                      63                  7.9999999954870116E-001                  2.7885278185450682E-002                  4.0609554805740764E+000                  6.2572707039998701E+000                  1.0360776173663616E-048                  6.3279998737791121E-001                  3.7791766781931398E-005                  3.5496222085530671E-001                  2.1025988500795508E-003                  6.1630907196949883E-004                  5.7221218635412092E-003                  1.2718648985637698E-003                  2.4871053158459604E-003                  4.7691601013890832E-026                  0.0000000000000000E+000                  0.0000000000000000E+000 
                                      64                  7.9999999952370116E-001                  2.7874691670211768E-002                  4.0634936944667821E+000                  5.9456892105759014E+000                  5.3079832842759016E-049                  6.3279998737791121E-001                  3.7791766781931398E-005                  3.5496222085530671E-001                  2.1025988500795508E-003                  6.1630907196949883E-004                  5.7221218635412092E-003                  1.2718648985637698E-003                  2.4871053158459604E-003                  4.8866973423285031E-026                  0.0000000000000000E+000                  0.0000000000000000E+000 
                                      65                  7.9999999951120115E-001                  2.7869525372727293E-002                  4.0659468693265621E+000                  6.2365265323312453E+000                  1.0868446589906244E-048                  6.3279998737791121E-001                  3.7791766781931398E-005                  3.5496222085530671E-001                  2.1025988500795508E-003                  6.1630907196949883E-004                  5.7221218635412092E-003                  1.2718648985637698E-003                  2.4871053158459604E-003                  5.0029887127632056E-026                  0.0000000000000000E+000                  0.0000000000000000E+000 
                                      66                  7.9999999948620115E-001                  2.7859432277717408E-002                  4.0690257407715373E+000                  6.2233220842364005E+000                  1.1204482632968343E-048                  6.3279998737791121E-001                  3.7791766781931398E-005                  3.5496222085530671E-001                  2.1025988500795508E-003                  6.1630907196949883E-004                  5.7221218635412092E-003                  1.2718648985637698E-003                  2.4871053158459604E-003                  5.1577694727368131E-026                  0.0000000000000000E+000                  0.0000000000000000E+000 
                                      67                  7.9999999946120126E-001                  2.7849641214482784E-002                  4.0719312212622469E+000                  6.2105782141257633E+000                  1.1538649384409964E-048                  6.3279998737791121E-001                  3.7791766781931398E-005                  3.5496222085530671E-001                  2.1025988500795508E-003                  6.1630907196949883E-004                  5.7221218635412092E-003                  1.2718648985637698E-003                  2.4871053158459604E-003                  5.3116934582678677E-026                  0.0000000000000000E+000                  0.0000000000000000E+000 
                                      68                  7.9999999943620126E-001                  2.7840133073012391E-002                  4.0746816648862412E+000                  6.1982651874420940E+000                  1.1870984951910401E-048                  6.3279998737791121E-001                  3.7791766781931398E-005                  3.5496222085530671E-001                  2.1025988500795508E-003                  6.1630907196949883E-004                  5.7221218635412092E-003                  1.2718648985637698E-003                  2.4871053158459604E-003                  5.4647780907754861E-026                  0.0000000000000000E+000                  0.0000000000000000E+000 
                                      69                  7.9999999941120103E-001                  2.7830890519290184E-002                  4.0772926892903438E+000                  6.1863559316744503E+000                  1.2201528693619551E-048                  6.3279998737791121E-001                  3.7791766781931398E-005                  3.5496222085530671E-001                  2.1025988500795508E-003                  6.1630907196949883E-004                  5.7221218635412092E-003                  1.2718648985637698E-003                  2.4871053158459604E-003                  5.6170413745817992E-026                  0.0000000000000000E+000                  0.0000000000000000E+000 
                                      70                  7.9999999938620114E-001                  2.7821897783260163E-002                  4.0797776883265424E+000                  6.1748257469696641E+000                  1.2530320521745293E-048                  6.3279998737791121E-001                  3.7791766781931398E-005                  3.5496222085530671E-001                  2.1025988500795508E-003                  6.1630907196949883E-004                  5.7221218635412092E-003                  1.2718648985637698E-003                  2.4871053158459604E-003                  5.7685015757419375E-026                  0.0000000000000000E+000                  0.0000000000000000E+000 
                                      71                  7.9999999936120114E-001                  2.7813140477046937E-002                  4.0821482316098310E+000                  6.1636520060287436E+000                  1.2857401727594652E-048                  6.3279998737791121E-001                  3.7791766781931398E-005                  3.5496222085530671E-001                  2.1025988500795508E-003                  6.1630907196949883E-004                  5.7221218635412092E-003                  1.2718648985637698E-003                  2.4871053158459604E-003                  5.9191776017574171E-026                  0.0000000000000000E+000                  0.0000000000000000E+000 
                                      72                  7.9999999933620114E-001                  2.7804605439401203E-002                  4.0844143809234001E+000                  6.1528137670180971E+000                  1.3182819704588605E-048                  6.3279998737791121E-001                  3.7791766781931398E-005                  3.5496222085530671E-001                  2.1025988500795508E-003                  6.1630907196949883E-004                  5.7221218635412092E-003                  1.2718648985637698E-003                  2.4871053158459604E-003                  6.0690911771214945E-026                  0.0000000000000000E+000                  0.0000000000000000E+000 
                                      73                  7.9999999931120114E-001                  2.7796280604449601E-002                  4.0876661889624977E+000                  6.4382335757870486E+000                  2.7332092510857915E-048                  6.3279998737791121E-001                  3.7791766781931398E-005                  3.5496222085530671E-001                  2.1025988500795508E-003                  6.1630907196949883E-004                  5.7221218635412092E-003                  1.2718648985637698E-003                  2.4871053158459604E-003                  6.2917108116435630E-026                  0.0000000000000000E+000                  0.0000000000000000E+000 
                                      74                  7.9999999926120113E-001                  2.7780218308105002E-002                  4.0916696781298487E+000                  6.4183456328393040E+000                  2.8614899909462458E-048                  6.3279998737791121E-001                  3.7791766781931398E-005                  3.5496222085530671E-001                  2.1025988500795508E-003                  6.1630907196949883E-004                  5.7221218635412092E-003                  1.2718648985637698E-003                  2.4871053158459604E-003                  6.5872140487948929E-026                  0.0000000000000000E+000                  0.0000000000000000E+000 
                                      75                  7.9999999921120113E-001                  2.7764874421001919E-002                  4.0944586424485214E+000                  6.1030449365155661E+000                  1.4786170308508063E-048                  6.3279998737791121E-001                  3.7791766781931398E-005                  3.5496222085530671E-001                  2.1025988500795508E-003                  6.1630907196949883E-004                  5.7221218635412092E-003                  1.2718648985637698E-003                  2.4871053158459604E-003                  6.8077758822471534E-026                  0.0000000000000000E+000                  0.0000000000000000E+000 
                                      76                  7.9999999918620113E-001                  2.7757450282213162E-002                  4.0962513459739602E+000                  6.0938661718223317E+000                  1.5102511049036321E-048                  6.3279998737791121E-001                  3.7791766781931398E-005                  3.5496222085530671E-001                  2.1025988500795508E-003                  6.1630907196949883E-004                  5.7221218635412092E-003                  1.2718648985637698E-003                  2.4871053158459604E-003                  6.9535283591530311E-026                  0.0000000000000000E+000                  0.0000000000000000E+000 
                                      77                  7.9999999916120113E-001                  2.7750181282294846E-002                  4.0988474730767823E+000                  6.3815935790477063E+000                  3.1146059931868081E-048                  6.3279998737791121E-001                  3.7791766781931398E-005                  3.5496222085530671E-001                  2.1025988500795508E-003                  6.1630907196949883E-004                  5.7221218635412092E-003                  1.2718648985637698E-003                  2.4871053158459604E-003                  7.1703237035223805E-026                  0.0000000000000000E+000                  0.0000000000000000E+000 
                                      78                  7.9999999911120123E-001                  2.7736081488684793E-002                  4.1024985969874326E+000                  6.4594035159713066E+000                  4.0685922805876572E-048                  6.3279998737791121E-001                  3.7791766781931398E-005                  3.5496222085530671E-001                  2.1025988500795508E-003                  6.1630907196949883E-004                  5.7221218635412092E-003                  1.2718648985637698E-003                  2.4871053158459604E-003                  7.4934844486237754E-026                  0.0000000000000000E+000                  0.0000000000000000E+000 
                                      79                  7.9999999904870112E-001                  2.7719214475830464E-002                  4.1053239809194224E+000                  6.1431326475149302E+000                  2.1070753085536761E-048                  6.3279998737791121E-001                  3.7791766781931398E-005                  3.5496222085530671E-001                  2.1025988500795508E-003                  6.1630907196949883E-004                  5.7221218635412092E-003                  1.2718648985637698E-003                  2.4871053158459604E-003                  7.7617757352511293E-026                  0.0000000000000000E+000                  0.0000000000000000E+000 
                                      80                  7.9999999901745111E-001                  2.7711071562499020E-002                  4.1071395103129928E+000                  6.1333520508912445E+000                  2.1551463108937695E-048                  6.3279998737791121E-001                  3.7791766781931398E-005                  3.5496222085530671E-001                  2.1025988500795508E-003                  6.1630907196949883E-004                  5.7221218635412092E-003                  1.2718648985637698E-003                  2.4871053158459604E-003                  7.9389891977926072E-026                  0.0000000000000000E+000                  0.0000000000000000E+000 
                                      81                  7.9999999898620111E-001                  2.7703109835752630E-002                  4.1097679424660312E+000                  6.4202366585680961E+000                  4.4532340183299361E-048                  6.3279998737791121E-001                  3.7791766781931398E-005                  3.5496222085530671E-001                  2.1025988500795508E-003                  6.1630907196949883E-004                  5.7221218635412092E-003                  1.2718648985637698E-003                  2.4871053158459604E-003                  8.2024738057312695E-026                  0.0000000000000000E+000                  0.0000000000000000E+000 
                                      82                  7.9999999892370122E-001                  2.7687696254241025E-002                  4.1130538531389336E+000                  6.4021559526294691E+000                  4.6428689267526407E-048                  6.3279998737791121E-001                  3.7791766781931398E-005                  3.5496222085530671E-001                  2.1025988500795508E-003                  6.1630907196949883E-004                  5.7221218635412092E-003                  1.2718648985637698E-003                  2.4871053158459604E-003                  8.5520438834300028E-026                  0.0000000000000000E+000                  0.0000000000000000E+000 
                                      83                  7.9999999886120110E-001                  2.7672910688143787E-002                  4.1161444057577805E+000                  6.3849474512585225E+000                  4.8308541052897573E-048                  6.3279998737791121E-001                  3.7791766781931398E-005                  3.5496222085530671E-001                  2.1025988500795508E-003                  6.1630907196949883E-004                  5.7221218635412092E-003                  1.2718648985637698E-003                  2.4871053158459604E-003                  8.8985895254414177E-026                  0.0000000000000000E+000                  0.0000000000000000E+000 
                                      84                  7.9999999879870121E-001                  2.7658699056108051E-002                  4.1190618853641325E+000                  6.3685315392422375E+000                  5.0172729741306226E-048                  6.3279998737791121E-001                  3.7791766781931398E-005                  3.5496222085530671E-001                  2.1025988500795508E-003                  6.1630907196949883E-004                  5.7221218635412092E-003                  1.2718648985637698E-003                  2.4871053158459604E-003                  9.2422637643950625E-026                  0.0000000000000000E+000                  0.0000000000000000E+000 
                                      85                  7.9999999873620131E-001                  2.7645014144690547E-002                  4.1211358456473199E+000                  6.0556415132952912E+000                  2.5782089297776589E-048                  6.3279998737791121E-001                  3.7791766781931398E-005                  3.5496222085530671E-001                  2.1025988500795508E-003                  6.1630907196949883E-004                  5.7221218635412092E-003                  1.2718648985637698E-003                  2.4871053158459604E-003                  9.4987958451356779E-026                  0.0000000000000000E+000                  0.0000000000000000E+000 
                                      86                  7.9999999870495131E-001                  2.7638355863438227E-002                  4.1224818319401955E+000                  6.0479657958028978E+000                  2.6242609970137333E-048                  6.3279998737791121E-001                  3.7791766781931398E-005                  3.5496222085530671E-001                  2.1025988500795508E-003                  6.1630907196949883E-004                  5.7221218635412092E-003                  1.2718648985637698E-003                  2.4871053158459604E-003                  9.6686067975693514E-026                  0.0000000000000000E+000                  0.0000000000000000E+000 
                                      87                  7.9999999867370131E-001                  2.7631814127361307E-002                  4.1244487326973607E+000                  6.3378074494800805E+000                  5.3857309761466481E-048                  6.3279998737791121E-001                  3.7791766781931398E-005                  3.5496222085530671E-001                  2.1025988500795508E-003                  6.1630907196949883E-004                  5.7221218635412092E-003                  1.2718648985637698E-003                  2.4871053158459604E-003                  9.9215837789562431E-026                  0.0000000000000000E+000                  0.0000000000000000E+000 
                                      88                  7.9999999861120119E-001                  2.7619063125217044E-002                  4.1269481901872238E+000                  6.3233866188240695E+000                  5.5678890494355917E-048                  6.3279998737791121E-001                  3.7791766781931398E-005                  3.5496222085530671E-001                  2.1025988500795508E-003                  6.1630907196949883E-004                  5.7221218635412092E-003                  1.2718648985637698E-003                  2.4871053158459604E-003                  1.0257447608284868E-025                  0.0000000000000000E+000                  0.0000000000000000E+000 
                                      89                  7.9999999854870130E-001                  2.7606728213910043E-002                  4.1293342116939158E+000                  6.3095275666038892E+000                  5.7487564206102996E-048                  6.3279998737791121E-001                  3.7791766781931398E-005                  3.5496222085530671E-001                  2.1025988500795508E-003                  6.1630907196949883E-004                  5.7221218635412092E-003                  1.2718648985637698E-003                  2.4871053158459604E-003                  1.0590945687177172E-025                  0.0000000000000000E+000                  0.0000000000000000E+000 
                                      90                  7.9999999848620129E-001                  2.7594780381554360E-002                  4.1316168771301891E+000                  6.2961883366482851E+000                  5.9283887181718183E-048                  6.3279998737791121E-001                  3.7791766781931398E-005                  3.5496222085530671E-001                  2.1025988500795508E-003                  6.1630907196949883E-004                  5.7221218635412092E-003                  1.2718648985637698E-003                  2.4871053158459604E-003                  1.0922180072805304E-025                  0.0000000000000000E+000                  0.0000000000000000E+000 
                                      91                  7.9999999842370140E-001                  2.7583193630993933E-002                  4.1338049802993933E+000                  6.2833315258852558E+000                  6.1068368660455609E-048                  6.3279998737791121E-001                  3.7791766781931398E-005                  3.5496222085530671E-001                  2.1025988500795508E-003                  6.1630907196949883E-004                  5.7221218635412092E-003                  1.2718648985637698E-003                  2.4871053158459604E-003                  1.1251244184741685E-025                  0.0000000000000000E+000                  0.0000000000000000E+000 
                                      92                  7.9999999836120150E-001                  2.7571944570178017E-002                  4.1359062380619811E+000                  6.2709236454400754E+000                  6.2841476537681359E-048                  6.3279998737791121E-001                  3.7791766781931398E-005                  3.5496222085530671E-001                  2.1025988500795508E-003                  6.1630907196949883E-004                  5.7221218635412092E-003                  1.2718648985637698E-003                  2.4871053158459604E-003                  1.1578223852298090E-025                  0.0000000000000000E+000                  0.0000000000000000E+000 
                                      93                  7.9999999829870139E-001                  2.7561012070454027E-002                  4.1379274587771979E+000                  6.2589345896525623E+000                  6.4603642336448297E-048                  6.3279998737791121E-001                  3.7791766781931398E-005                  3.5496222085530671E-001                  2.1025988500795508E-003                  6.1630907196949883E-004                  5.7221218635412092E-003                  1.2718648985637698E-003                  2.4871053158459604E-003                  1.1903198227784243E-025                  0.0000000000000000E+000                  0.0000000000000000E+000 
                                      94                  7.9999999823620149E-001                  2.7550376979632116E-002                  4.1398746791589565E+000                  6.2473371933818296E+000                  6.6355265408627202E-048                  6.3279998737791121E-001                  3.7791766781931398E-005                  3.5496222085530671E-001                  2.1025988500795508E-003                  6.1630907196949883E-004                  5.7221218635412092E-003                  1.2718648985637698E-003                  2.4871053158459604E-003                  1.2226240558181727E-025                  0.0000000000000000E+000                  0.0000000000000000E+000 
                                      95                  7.9999999817370149E-001                  2.7540021879521898E-002                  4.1417532764351552E+000                  6.2361068410858165E+000                  6.8096719234324844E-048                  6.3279998737791121E-001                  3.7791766781931398E-005                  3.5496222085530671E-001                  2.1025988500795508E-003                  6.1630907196949883E-004                  5.7221218635412092E-003                  1.2718648985637698E-003                  2.4871053158459604E-003                  1.2547419344238984E-025                  0.0000000000000000E+000                  0.0000000000000000E+000 
                                      96                  7.9999999811120159E-001                  2.7529930880301094E-002                  4.1444726196903945E+000                  6.5209759512057737E+000                  1.4136653277473143E-047                  6.3279998737791121E-001                  3.7791766781931398E-005                  3.5496222085530671E-001                  2.1025988500795508E-003                  6.1630907196949883E-004                  5.7221218635412092E-003                  1.2718648985637698E-003                  2.4871053158459604E-003                  1.3024481481194850E-025                  0.0000000000000000E+000                  0.0000000000000000E+000 
                                      97                  7.9999999798620158E-001                  2.7510485427925200E-002                  4.1470246625529814E+000                  6.2044069724357733E+000                  7.3262953198928769E-048                  6.3279998737791121E-001                  3.7791766781931398E-005                  3.5496222085530671E-001                  2.1025988500795508E-003                  6.1630907196949883E-004                  5.7221218635412092E-003                  1.2718648985637698E-003                  2.4871053158459604E-003                  1.3500303583062518E-025                  0.0000000000000000E+000                  0.0000000000000000E+000 
                                      98                  7.9999999792370158E-001                  2.7501104117960130E-002                  4.1494937614042131E+000                  6.4906254786875284E+000                  1.5161892779956873E-047                  6.3279998737791121E-001                  3.7791766781931398E-005                  3.5496222085530671E-001                  2.1025988500795508E-003                  6.1630907196949883E-004                  5.7221218635412092E-003                  1.2718648985637698E-003                  2.4871053158459604E-003                  1.3970030688905536E-025                  0.0000000000000000E+000                  0.0000000000000000E+000 
                                      99                  7.9999999779870157E-001                  2.7482970028682063E-002                  4.1525993528200154E+000                  6.4717467125419841E+000                  1.5836809214196791E-047                  6.3279998737791121E-001                  3.7791766781931398E-005                  3.5496222085530671E-001                  2.1025988500795508E-003                  6.1630907196949883E-004                  5.7221218635412092E-003                  1.2718648985637698E-003                  2.4871053158459604E-003                  1.4592539648277846E-025                  0.0000000000000000E+000                  0.0000000000000000E+000 
                                     100                  7.9999999767370156E-001                  2.7465606630203761E-002                  4.1548041478911042E+000                  6.1571602168891619E+000                  8.1699607077582303E-048                  6.3279998737791121E-001                  3.7791766781931398E-005                  3.5496222085530671E-001                  2.1025988500795508E-003                  6.1630907196949883E-004                  5.7221218635412092E-003                  1.2718648985637698E-003                  2.4871053158459604E-003                  1.5056611620190556E-025                  0.0000000000000000E+000                  0.0000000000000000E+000 
                                     101                  7.9999999761120166E-001                  2.7457191494463268E-002                  4.1569473630197855E+000                  6.4451899208418784E+000                  1.6837399037192655E-047                  6.3279998737791121E-001                  3.7791766781931398E-005                  3.5496222085530671E-001                  2.1025988500795508E-003                  6.1630907196949883E-004                  5.7221218635412092E-003                  1.2718648985637698E-003                  2.4871053158459604E-003                  1.5515508185872600E-025                  0.0000000000000000E+000                  0.0000000000000000E+000 
                                     102                  7.9999999748620165E-001                  2.7440857093786488E-002                  4.1596648022626628E+000                  6.4285321671202160E+000                  1.7497049200622918E-047                  6.3279998737791121E-001                  3.7791766781931398E-005                  3.5496222085530671E-001                  2.1025988500795508E-003                  6.1630907196949883E-004                  5.7221218635412092E-003                  1.2718648985637698E-003                  2.4871053158459604E-003                  1.6124033358625697E-025                  0.0000000000000000E+000                  0.0000000000000000E+000 
                                     103                  7.9999999736120153E-001                  2.7425136770315377E-002                  4.1616079435992450E+000                  6.1154813697532946E+000                  8.9945405773009386E-048                  6.3279998737791121E-001                  3.7791766781931398E-005                  3.5496222085530671E-001                  2.1025988500795508E-003                  6.1630907196949883E-004                  5.7221218635412092E-003                  1.2718648985637698E-003                  2.4871053158459604E-003                  1.6577955438138622E-025                  0.0000000000000000E+000                  0.0000000000000000E+000 
                                     104                  7.9999999729870164E-001                  2.7417490980344537E-002                  4.1628725902857768E+000                  6.1077035737096521E+000                  9.1573947838900670E-048                  6.3279998737791121E-001                  3.7791766781931398E-005                  3.5496222085530671E-001                  2.1025988500795508E-003                  6.1630907196949883E-004                  5.7221218635412092E-003                  1.2718648985637698E-003                  2.4871053158459604E-003                  1.6878447612627063E-025                  0.0000000000000000E+000                  0.0000000000000000E+000 
                                     105                  7.9999999723620174E-001                  2.7409980769222485E-002                  4.1647256168482576E+000                  6.3973993559598989E+000                  1.8800019099387698E-047                  6.3279998737791121E-001                  3.7791766781931398E-005                  3.5496222085530671E-001                  2.1025988500795508E-003                  6.1630907196949883E-004                  5.7221218635412092E-003                  1.2718648985637698E-003                  2.4871053158459604E-003                  1.7326127182799286E-025                  0.0000000000000000E+000                  0.0000000000000000E+000 
                                     106                  7.9999999711120162E-001                  2.7395346905712773E-002                  4.1670920339144528E+000                  6.3828050212636613E+000                  1.9443811840590744E-047                  6.3279998737791121E-001                  3.7791766781931398E-005                  3.5496222085530671E-001                  2.1025988500795508E-003                  6.1630907196949883E-004                  5.7221218635412092E-003                  1.2718648985637698E-003                  2.4871053158459604E-003                  1.7920129201047065E-025                  0.0000000000000000E+000                  0.0000000000000000E+000 
                                     107                  7.9999999698620172E-001                  2.7381196168770314E-002                  4.1693614791618421E+000                  6.3687898324800933E+000                  2.0082808683142651E-047                  6.3279998737791121E-001                  3.7791766781931398E-005                  3.5496222085530671E-001                  2.1025988500795508E-003                  6.1630907196949883E-004                  5.7221218635412092E-003                  1.2718648985637698E-003                  2.4871053158459604E-003                  1.8509739330119977E-025                  0.0000000000000000E+000                  0.0000000000000000E+000 
                                     108                  7.9999999686120160E-001                  2.7367494363370822E-002                  4.1715419042764195E+000                  6.3553097927460538E+000                  2.0717219914256422E-047                  6.3279998737791121E-001                  3.7791766781931398E-005                  3.5496222085530671E-001                  2.1025988500795508E-003                  6.1630907196949883E-004                  5.7221218635412092E-003                  1.2718648985637698E-003                  2.4871053158459604E-003                  1.9095150349321479E-025                  0.0000000000000000E+000                  0.0000000000000000E+000 
                                     109                  7.9999999673620159E-001                  2.7354210902278304E-002                  4.1736403160355930E+000                  6.3423257451469413E+000                  2.1347238376155378E-047                  6.3279998737791121E-001                  3.7791766781931398E-005                  3.5496222085530671E-001                  2.1025988500795508E-003                  6.1630907196949883E-004                  5.7221218635412092E-003                  1.2718648985637698E-003                  2.4871053158459604E-003                  1.9676539033632434E-025                  0.0000000000000000E+000                  0.0000000000000000E+000 
                                     110                  7.9999999661120169E-001                  2.7341318308814613E-002                  4.1756629204048163E+000                  6.3298026865592121E+000                  2.1973041576631121E-047                  6.3279998737791121E-001                  3.7791766781931398E-005                  3.5496222085530671E-001                  2.1025988500795508E-003                  6.1630907196949883E-004                  5.7221218635412092E-003                  1.2718648985637698E-003                  2.4871053158459604E-003                  2.0254068091091163E-025                  0.0000000000000000E+000                  0.0000000000000000E+000 
                                     111                  7.9999999648620157E-001                  2.7328791803141461E-002                  4.1776152401791853E+000                  6.3177091992472887E+000                  2.2594793370935006E-047                  6.3279998737791121E-001                  3.7791766781931398E-005                  3.5496222085530671E-001                  2.1025988500795508E-003                  6.1630907196949883E-004                  5.7221218635412092E-003                  1.2718648985637698E-003                  2.4871053158459604E-003                  2.0827887706052346E-025                  0.0000000000000000E+000                  0.0000000000000000E+000 
                                     112                  7.9999999636120167E-001                  2.7316608955672943E-002                  4.1795022117844027E+000                  6.3060169784769693E+000                  2.3212645413638797E-047                  6.3279998737791121E-001                  3.7791766781931398E-005                  3.5496222085530671E-001                  2.1025988500795508E-003                  6.1630907196949883E-004                  5.7221218635412092E-003                  1.2718648985637698E-003                  2.4871053158459604E-003                  2.1398136871361892E-025                  0.0000000000000000E+000                  0.0000000000000000E+000 
                                     113                  7.9999999623620155E-001                  2.7304749394837124E-002                  4.1822384237076555E+000                  6.5902493788397267E+000                  4.8259954447719419E-047                  6.3279998737791121E-001                  3.7791766781931398E-005                  3.5496222085530671E-001                  2.1025988500795508E-003                  6.1630907196949883E-004                  5.7221218635412092E-003                  1.2718648985637698E-003                  2.4871053158459604E-003                  2.2244844033483551E-025                  0.0000000000000000E+000                  0.0000000000000000E+000 
                                     114                  7.9999999598620164E-001                  2.7281929252580200E-002                  4.1856700635730926E+000                  6.5689769793857273E+000                  5.0687848525480811E-047                  6.3279998737791121E-001                  3.7791766781931398E-005                  3.5496222085530671E-001                  2.1025988500795508E-003                  6.1630907196949883E-004                  5.7221218635412092E-003                  1.2718648985637698E-003                  2.4871053158459604E-003                  2.3365423720556574E-025                  0.0000000000000000E+000                  0.0000000000000000E+000 
                                     115                  7.9999999573620162E-001                  2.7260198827431078E-002                  4.1881003842465558E+000                  6.2527622163213152E+000                  2.6247675752461246E-047                  6.3279998737791121E-001                  3.7791766781931398E-005                  3.5496222085530671E-001                  2.1025988500795508E-003                  6.1630907196949883E-004                  5.7221218635412092E-003                  1.2718648985637698E-003                  2.4871053158459604E-003                  2.4199733408289561E-025                  0.0000000000000000E+000                  0.0000000000000000E+000 
                                     116                  7.9999999561120150E-001                  2.7249706554684103E-002                  4.1904597821945391E+000                  6.5393009623754192E+000                  5.4280380880956531E-047                  6.3279998737791121E-001                  3.7791766781931398E-005                  3.5496222085530671E-001                  2.1025988500795508E-003                  6.1630907196949883E-004                  5.7221218635412092E-003                  1.2718648985637698E-003                  2.4871053158459604E-003                  2.5023725320018102E-025                  0.0000000000000000E+000                  0.0000000000000000E+000 
                                     117                  7.9999999536120159E-001                  2.7229409935093367E-002                  4.1927010897306065E+000                  6.2242943849046926E+000                  2.8029774033947898E-047                  6.3279998737791121E-001                  3.7791766781931398E-005                  3.5496222085530671E-001                  2.1025988500795508E-003                  6.1630907196949883E-004                  5.7221218635412092E-003                  1.2718648985637698E-003                  2.4871053158459604E-003                  2.5845065246555101E-025                  0.0000000000000000E+000                  0.0000000000000000E+000 
                                     118                  7.9999999523620147E-001                  2.7219582680746125E-002                  4.1948824268989391E+000                  6.5119376568288452E+000                  5.7818284482047991E-047                  6.3279998737791121E-001                  3.7791766781931398E-005                  3.5496222085530671E-001                  2.1025988500795508E-003                  6.1630907196949883E-004                  5.7221218635412092E-003                  1.2718648985637698E-003                  2.4871053158459604E-003                  2.6657025654176138E-025                  0.0000000000000000E+000                  0.0000000000000000E+000 
                                     119                  7.9999999498620145E-001                  2.7200524128311518E-002                  4.1976547239252691E+000                  6.4948136795254658E+000                  6.0148743584027753E-047                  6.3279998737791121E-001                  3.7791766781931398E-005                  3.5496222085530671E-001                  2.1025988500795508E-003                  6.1630907196949883E-004                  5.7221218635412092E-003                  1.2718648985637698E-003                  2.4871053158459604E-003                  2.7733013336391989E-025                  0.0000000000000000E+000                  0.0000000000000000E+000 
                                     120                  7.9999999473620154E-001                  2.7182201632775498E-002                  4.1996414539208837E+000                  6.1814456451553808E+000                  3.0942958200195841E-047                  6.3279998737791121E-001                  3.7791766781931398E-005                  3.5496222085530671E-001                  2.1025988500795508E-003                  6.1630907196949883E-004                  5.7221218635412092E-003                  1.2718648985637698E-003                  2.4871053158459604E-003                  2.8535134294917281E-025                  0.0000000000000000E+000                  0.0000000000000000E+000 
                                     121                  7.9999999461120141E-001                  2.7173296709049499E-002                  4.2015815150107816E+000                  6.4705998839402685E+000                  6.3605375075778648E-047                  6.3279998737791121E-001                  3.7791766781931398E-005                  3.5496222085530671E-001                  2.1025988500795508E-003                  6.1630907196949883E-004                  5.7221218635412092E-003                  1.2718648985637698E-003                  2.4871053158459604E-003                  2.9329123367678448E-025                  0.0000000000000000E+000                  0.0000000000000000E+000 
                                     122                  7.9999999436120151E-001                  2.7155966749056619E-002                  4.2046791999044117E+000                  6.6277502951398839E+000                  9.9670845262963045E-047                  6.3279998737791121E-001                  3.7791766781931398E-005                  3.5496222085530671E-001                  2.1025988500795508E-003                  6.1630907196949883E-004                  5.7221218635412092E-003                  1.2718648985637698E-003                  2.4871053158459604E-003                  3.0641499650700481E-025                  0.0000000000000000E+000                  0.0000000000000000E+000 
                                     123                  7.9999999398620136E-001                  2.7131079947794456E-002                  4.2081798593535433E+000                  6.6062612960751226E+000                  1.0473834663377801E-046                  6.3279998737791121E-001                  3.7791766781931398E-005                  3.5496222085530671E-001                  2.1025988500795508E-003                  6.1630907196949883E-004                  5.7221218635412092E-003                  1.2718648985637698E-003                  2.4871053158459604E-003                  3.2201784985898038E-025                  0.0000000000000000E+000                  0.0000000000000000E+000 
                                     124                  7.9999999361120133E-001                  2.7107393258279239E-002                  4.2109375930510442E+000                  6.4131945135025186E+000                  7.2615419703301015E-047                  6.3279998737791121E-001                  3.7791766781931398E-005                  3.5496222085530671E-001                  2.1025988500795508E-003                  6.1630907196949883E-004                  5.7221218635412092E-003                  1.2718648985637698E-003                  2.4871053158459604E-003                  3.3490410390322786E-025                  0.0000000000000000E+000                  0.0000000000000000E+000 
                                     125                  7.9999999336120131E-001                  2.7092206781815502E-002                  4.2130644778520869E+000                  6.4002032135623956E+000                  7.4825577554874953E-047                  6.3279998737791121E-001                  3.7791766781931398E-005                  3.5496222085530671E-001                  2.1025988500795508E-003                  6.1630907196949883E-004                  5.7221218635412092E-003                  1.2718648985637698E-003                  2.4871053158459604E-003                  3.4511356806457129E-025                  0.0000000000000000E+000                  0.0000000000000000E+000 
                                     126                  7.9999999311120140E-001                  2.7077467351967862E-002                  4.2151191068741527E+000                  6.3876781259729114E+000                  7.7020126138034331E-047                  6.3279998737791121E-001                  3.7791766781931398E-005                  3.5496222085530671E-001                  2.1025988500795508E-003                  6.1630907196949883E-004                  5.7221218635412092E-003                  1.2718648985637698E-003                  2.4871053158459604E-003                  3.5525162841836165E-025                  0.0000000000000000E+000                  0.0000000000000000E+000 
                                     127                  7.9999999286120138E-001                  2.7063146458073808E-002                  4.2171065234411982E+000                  6.3755872107541638E+000                  7.9199673273532611E-047                  6.3279998737791121E-001                  3.7791766781931398E-005                  3.5496222085530671E-001                  2.1025988500795508E-003                  6.1630907196949883E-004                  5.7221218635412092E-003                  1.2718648985637698E-003                  2.4871053158459604E-003                  3.6532106823000976E-025                  0.0000000000000000E+000                  0.0000000000000000E+000 
                                     128                  7.9999999261120125E-001                  2.7049218311248780E-002                  4.2190312549556239E+000                  6.3639016152690839E+000                  8.1364783338117550E-047                  6.3279998737791121E-001                  3.7791766781931398E-005                  3.5496222085530671E-001                  2.1025988500795508E-003                  6.1630907196949883E-004                  5.7221218635412092E-003                  1.2718648985637698E-003                  2.4871053158459604E-003                  3.7532447171674780E-025                  0.0000000000000000E+000                  0.0000000000000000E+000 
                                     129                  7.9999999236120123E-001                  2.7035659504080680E-002                  4.2218274531864708E+000                  6.6481481337278812E+000                  1.6915685203275838E-046                  6.3279998737791121E-001                  3.7791766781931398E-005                  3.5496222085530671E-001                  2.1025988500795508E-003                  6.1630907196949883E-004                  5.7221218635412092E-003                  1.2718648985637698E-003                  2.4871053158459604E-003                  3.9017358226310733E-025                  0.0000000000000000E+000                  0.0000000000000000E+000 
                                     130                  7.9999999186120130E-001                  2.7009568678139240E-002                  4.2253467831118199E+000                  6.6269083502523305E+000                  1.7765617845100312E-046                  6.3279998737791121E-001                  3.7791766781931398E-005                  3.5496222085530671E-001                  2.1025988500795508E-003                  6.1630907196949883E-004                  5.7221218635412092E-003                  1.2718648985637698E-003                  2.4871053158459604E-003                  4.0981193489613777E-025                  0.0000000000000000E+000                  0.0000000000000000E+000 
                                     131                  7.9999999136120115E-001                  2.6984721703715610E-002                  4.2278472705194634E+000                  6.3107264192876737E+000                  9.1989678436710920E-047                  6.3279998737791121E-001                  3.7791766781931398E-005                  3.5496222085530671E-001                  2.1025988500795508E-003                  6.1630907196949883E-004                  5.7221218635412092E-003                  1.2718648985637698E-003                  2.4871053158459604E-003                  4.2442368918248147E-025                  0.0000000000000000E+000                  0.0000000000000000E+000 
                                     132                  7.9999999111120113E-001                  2.6972723672030057E-002                  4.2302775348399555E+000                  6.5970981732135341E+000                  1.9013025973000969E-046                  6.3279998737791121E-001                  3.7791766781931398E-005                  3.5496222085530671E-001                  2.1025988500795508E-003                  6.1630907196949883E-004                  5.7221218635412092E-003                  1.2718648985637698E-003                  2.4871053158459604E-003                  4.3884671904902424E-025                  0.0000000000000000E+000                  0.0000000000000000E+000 
                                     133                  7.9999999061143789E-001                  2.6949523064484986E-002                  4.2333614357495577E+000                  6.5786841613850493E+000                  1.9838584998660179E-046                  6.3279998737791121E-001                  3.7791766781931398E-005                  3.5496222085530671E-001                  2.1025988500795508E-003                  6.1630907196949883E-004                  5.7221218635412092E-003                  1.2718648985637698E-003                  2.4871053158459604E-003                  4.5793658542668849E-025                  0.0000000000000000E+000                  0.0000000000000000E+000 
                                     134                  7.9999999011167466E-001                  2.6927284432626278E-002                  4.2363022235630394E+000                  6.5611992711504605E+000                  2.0655665103393294E-046                  6.3279998737791121E-001                  3.7791766781931398E-005                  3.5496222085530671E-001                  2.1025988500795508E-003                  6.1630907196949883E-004                  5.7221218635412092E-003                  1.2718648985637698E-003                  2.4871053158459604E-003                  4.7683249903730976E-025                  0.0000000000000000E+000                  0.0000000000000000E+000 
                                     135                  7.9999998961191143E-001                  2.6905922281866869E-002                  4.2384123595664214E+000                  6.2475892448010173E+000                  1.0632146632603143E-046                  6.3279998737791121E-001                  3.7791766781931398E-005                  3.5496222085530671E-001                  2.1025988500795508E-003                  6.1630907196949883E-004                  5.7221218635412092E-003                  1.2718648985637698E-003                  2.4871053158459604E-003                  4.9090906134334192E-025                  0.0000000000000000E+000                  0.0000000000000000E+000 
                                     136                  7.9999998936202976E-001                  2.6895545783580166E-002                  4.2397878378766327E+000                  6.2394641385869170E+000                  1.0833446043705432E-046                  6.3279998737791121E-001                  3.7791766781931398E-005                  3.5496222085530671E-001                  2.1025988500795508E-003                  6.1630907196949883E-004                  5.7221218635412092E-003                  1.2718648985637698E-003                  2.4871053158459604E-003                  5.0022112478212754E-025                  0.0000000000000000E+000                  0.0000000000000000E+000 
                                     137                  7.9999998911214809E-001                  2.6885361370806306E-002                  4.2418063322805919E+000                  6.5286737742600227E+000                  2.2266245191899840E-046                  6.3279998737791121E-001                  3.7791766781931398E-005                  3.5496222085530671E-001                  2.1025988500795508E-003                  6.1630907196949883E-004                  5.7221218635412092E-003                  1.2718648985637698E-003                  2.4871053158459604E-003                  5.1408499297188350E-025                  0.0000000000000000E+000                  0.0000000000000000E+000 
                                     138                  7.9999998861238486E-001                  2.6865538770137167E-002                  4.2443921032185266E+000                  6.5134916652000365E+000                  2.3060465049924905E-046                  6.3279998737791121E-001                  3.7791766781931398E-005                  3.5496222085530671E-001                  2.1025988500795508E-003                  6.1630907196949883E-004                  5.7221218635412092E-003                  1.2718648985637698E-003                  2.4871053158459604E-003                  5.3245803782491013E-025                  0.0000000000000000E+000                  0.0000000000000000E+000 
                                     139                  7.9999998811262163E-001                  2.6846396298795833E-002                  4.2474986532648069E+000                  6.6715268143782973E+000                  3.6063022116349677E-046                  6.3279998737791121E-001                  3.7791766781931398E-005                  3.5496222085530671E-001                  2.1025988500795508E-003                  6.1630907196949883E-004                  5.7221218635412092E-003                  1.2718648985637698E-003                  2.4871053158459604E-003                  5.5516720318226516E-025                  0.0000000000000000E+000                  0.0000000000000000E+000 
                                     140                  7.9999998736297662E-001                  2.6818850428457178E-002                  4.2516140974574350E+000                  6.7726763010447568E+000                  5.0798679486716788E-046                  6.3279998737791121E-001                  3.7791766781931398E-005                  3.5496222085530671E-001                  2.1025988500795508E-003                  6.1630907196949883E-004                  5.7221218635412092E-003                  1.2718648985637698E-003                  2.4871053158459604E-003                  5.8657483354004153E-025                  0.0000000000000000E+000                  0.0000000000000000E+000 
                                     141                  7.9999998636345016E-001                  2.6784077830059403E-002                  4.2554618579273900E+000                  6.6254259996258771E+000                  4.0112968208642714E-046                  6.3279998737791121E-001                  3.7791766781931398E-005                  3.5496222085530671E-001                  2.1025988500795508E-003                  6.1630907196949883E-004                  5.7221218635412092E-003                  1.2718648985637698E-003                  2.4871053158459604E-003                  6.1764766907733190E-025                  0.0000000000000000E+000                  0.0000000000000000E+000 
                                     142                  7.9999998561380514E-001                  2.6759302661537289E-002                  4.2580812550390110E+000                  6.4342415617885402E+000                  2.7690286414197344E-046                  6.3279998737791121E-001                  3.7791766781931398E-005                  3.5496222085530671E-001                  2.1025988500795508E-003                  6.1630907196949883E-004                  5.7221218635412092E-003                  1.2718648985637698E-003                  2.4871053158459604E-003                  6.3959739337100395E-025                  0.0000000000000000E+000                  0.0000000000000000E+000 
                                     143                  7.9999998511404191E-001                  2.6743349287643242E-002                  4.2601124306510370E+000                  6.4226420228685175E+000                  2.8441891393261228E-046                  6.3279998737791121E-001                  3.7791766781931398E-005                  3.5496222085530671E-001                  2.1025988500795508E-003                  6.1630907196949883E-004                  5.7221218635412092E-003                  1.2718648985637698E-003                  2.4871053158459604E-003                  6.5699589578812961E-025                  0.0000000000000000E+000                  0.0000000000000000E+000 
                                     144                  7.9999998461427857E-001                  2.6727815808156308E-002                  4.2630672469942636E+000                  6.7070164061033166E+000                  5.9113886627238631E-046                  6.3279998737791121E-001                  3.7791766781931398E-005                  3.5496222085530671E-001                  2.1025988500795508E-003                  6.1630907196949883E-004                  5.7221218635412092E-003                  1.2718648985637698E-003                  2.4871053158459604E-003                  6.8281035698941325E-025                  0.0000000000000000E+000                  0.0000000000000000E+000 
                                     145                  7.9999998361475200E-001                  2.6697916175823122E-002                  4.2668567770970842E+000                  6.6995435832745827E+000                  6.4131011193564250E-046                  6.3279998737791121E-001                  3.7791766781931398E-005                  3.5496222085530671E-001                  2.1025988500795508E-003                  6.1630907196949883E-004                  5.7221218635412092E-003                  1.2718648985637698E-003                  2.4871053158459604E-003                  7.1746913727788502E-025                  0.0000000000000000E+000                  0.0000000000000000E+000 
                                     146                  7.9999998258266203E-001                  2.6668524613573479E-002                  4.2696236667536391E+000                  6.3963607065922528E+000                  3.4293859881779140E-046                  6.3279998737791121E-001                  3.7791766781931398E-005                  3.5496222085530671E-001                  2.1025988500795508E-003                  6.1630907196949883E-004                  5.7221218635412092E-003                  1.2718648985637698E-003                  2.4871053158459604E-003                  7.4392043370815505E-025                  0.0000000000000000E+000                  0.0000000000000000E+000 
                                     147                  7.9999998205033529E-001                  2.6653900760944715E-002                  4.2723680844323457E+000                  6.6821924941518978E+000                  7.1037462464758155E-046                  6.3279998737791121E-001                  3.7791766781931398E-005                  3.5496222085530671E-001                  2.1025988500795508E-003                  6.1630907196949883E-004                  5.7221218635412092E-003                  1.2718648985637698E-003                  2.4871053158459604E-003                  7.7055356731205875E-025                  0.0000000000000000E+000                  0.0000000000000000E+000 
                                     148                  7.9999998098568170E-001                  2.6625657488013287E-002                  4.2758492244011244E+000                  6.6628871407854469E+000                  7.4275922301555117E-046                  6.3279998737791121E-001                  3.7791766781931398E-005                  3.5496222085530671E-001                  2.1025988500795508E-003                  6.1630907196949883E-004                  5.7221218635412092E-003                  1.2718648985637698E-003                  2.4871053158459604E-003                  8.0576637609159924E-025                  0.0000000000000000E+000                  0.0000000000000000E+000 
                                     149                  7.9999997992102834E-001                  2.6598640477009050E-002                  4.2783399834009961E+000                  6.3480377384334181E+000                  3.8342247635809376E-046                  6.3279998737791121E-001                  3.7791766781931398E-005                  3.5496222085530671E-001                  2.1025988500795508E-003                  6.1630907196949883E-004                  5.7221218635412092E-003                  1.2718648985637698E-003                  2.4871053158459604E-003                  8.3195910530118330E-025                  0.0000000000000000E+000                  0.0000000000000000E+000 
                                     150                  7.9999997938870160E-001                  2.6585554445884924E-002                  4.2807694627564281E+000                  6.6358381095909813E+000                  7.9063431850379301E-046                  6.3279998737791121E-001                  3.7791766781931398E-005                  3.5496222085530671E-001                  2.1025988500795508E-003                  6.1630907196949883E-004                  5.7221218635412092E-003                  1.2718648985637698E-003                  2.4871053158459604E-003                  8.5783246064963341E-025                  0.0000000000000000E+000                  0.0000000000000000E+000 
                                     151                  7.9999997832404823E-001                  2.6560166500405342E-002                  4.2838715616893408E+000                  6.6189327757212935E+000                  8.2211165173572278E-046                  6.3279998737791121E-001                  3.7791766781931398E-005                  3.5496222085530671E-001                  2.1025988500795508E-003                  6.1630907196949883E-004                  5.7221218635412092E-003                  1.2718648985637698E-003                  2.4871053158459604E-003                  8.9207164027967744E-025                  0.0000000000000000E+000                  0.0000000000000000E+000 
                                     152                  7.9999997725939476E-001                  2.6535746417886783E-002                  4.2868460925337235E+000                  6.6028303949029876E+000                  8.5325950915693896E-046                  6.3279998737791121E-001                  3.7791766781931398E-005                  3.5496222085530671E-001                  2.1025988500795508E-003                  6.1630907196949883E-004                  5.7221218635412092E-003                  1.2718648985637698E-003                  2.4871053158459604E-003                  9.2595725604511463E-025                  0.0000000000000000E+000                  0.0000000000000000E+000 
                                     153                  7.9999997619474139E-001                  2.6512213882379902E-002                  4.2889913212639064E+000                  6.2901883310320477E+000                  4.3822605837905703E-046                  6.3279998737791121E-001                  3.7791766781931398E-005                  3.5496222085530671E-001                  2.1025988500795508E-003                  6.1630907196949883E-004                  5.7221218635412092E-003                  1.2718648985637698E-003                  2.4871053158459604E-003                  9.5119145153034655E-025                  0.0000000000000000E+000                  0.0000000000000000E+000 
                                     154                  7.9999997566241465E-001                  2.6500757588302629E-002                  4.2910921430111362E+000                  6.5800274840620698E+000                  8.9939987635848139E-046                  6.3279998737791121E-001                  3.7791766781931398E-005                  3.5496222085530671E-001                  2.1025988500795508E-003                  6.1630907196949883E-004                  5.7221218635412092E-003                  1.2718648985637698E-003                  2.4871053158459604E-003                  9.7616177825747756E-025                  0.0000000000000000E+000                  0.0000000000000000E+000 
                                     155                  7.9999997459776118E-001                  2.6478426998206035E-002                  4.2937929333781772E+000                  6.5656382648765126E+000                  9.2979236851860035E-046                  6.3279998737791121E-001                  3.7791766781931398E-005                  3.5496222085530671E-001                  2.1025988500795508E-003                  6.1630907196949883E-004                  5.7221218635412092E-003                  1.2718648985637698E-003                  2.4871053158459604E-003                  1.0092368220935121E-024                  0.0000000000000000E+000                  0.0000000000000000E+000 
                                     156                  7.9999997353310781E-001                  2.6456823058937800E-002                  4.2970481922222081E+000                  6.7245900941279624E+000                  1.4510067191299977E-045                  6.3279998737791121E-001                  3.7791766781931398E-005                  3.5496222085530671E-001                  2.1025988500795508E-003                  6.1630907196949883E-004                  5.7221218635412092E-003                  1.2718648985637698E-003                  2.4871053158459604E-003                  1.0501020764206750E-024                  0.0000000000000000E+000                  0.0000000000000000E+000 
                                     157                  7.9999997193612749E-001                  2.6425669249733198E-002                  4.3007639270207196E+000                  6.7050838521467213E+000                  1.5178770932402688E-045                  6.3279998737791121E-001                  3.7791766781931398E-005                  3.5496222085530671E-001                  2.1025988500795508E-003                  6.1630907196949883E-004                  5.7221218635412092E-003                  1.2718648985637698E-003                  2.4871053158459604E-003                  1.0986324798898089E-024                  0.0000000000000000E+000                  0.0000000000000000E+000 
                                     158                  7.9999997033914738E-001                  2.6395881658565892E-002                  4.3048937217010552E+000                  6.8086367445902942E+000                  2.1263207935557365E-045                  6.3279998737791121E-001                  3.7791766781931398E-005                  3.5496222085530671E-001                  2.1025988500795508E-003                  6.1630907196949883E-004                  5.7221218635412092E-003                  1.2718648985637698E-003                  2.4871053158459604E-003                  1.1544261860020255E-024                  0.0000000000000000E+000                  0.0000000000000000E+000 
                                     159                  7.9999996820984043E-001                  2.6358070317889792E-002                  4.3082348295634514E+000                  6.4902390442204245E+000                  1.1066810492403180E-045                  6.3279998737791121E-001                  3.7791766781931398E-005                  3.5496222085530671E-001                  2.1025988500795508E-003                  6.1630907196949883E-004                  5.7221218635412092E-003                  1.2718648985637698E-003                  2.4871053158459604E-003                  1.2018213191123553E-024                  0.0000000000000000E+000                  0.0000000000000000E+000 
                                     160                  7.9999996714518695E-001                  2.6339904608395848E-002                  4.3103972647435382E+000                  6.4791679071741566E+000                  1.1353492703688463E-045                  6.3279998737791121E-001                  3.7791766781931398E-005                  3.5496222085530671E-001                  2.1025988500795508E-003                  6.1630907196949883E-004                  5.7221218635412092E-003                  1.2718648985637698E-003                  2.4871053158459604E-003                  1.2330461708554991E-024                  0.0000000000000000E+000                  0.0000000000000000E+000 
                                     161                  7.9999996608053359E-001                  2.6322195399327886E-002                  4.3125152939801721E+000                  6.4741255587064916E+000                  1.1794914840473725E-045                  6.3279998737791121E-001                  3.7791766781931398E-005                  3.5496222085530671E-001                  2.1025988500795508E-003                  6.1630907196949883E-004                  5.7221218635412092E-003                  1.2718648985637698E-003                  2.4871053158459604E-003                  1.2642494252458854E-024                  0.0000000000000000E+000                  0.0000000000000000E+000 
                                     162                  7.9999996500170567E-001                  2.6304689903190348E-002                  4.3156250414142594E+000                  6.7595358683658029E+000                  2.4456582643175036E-045                  6.3279998737791121E-001                  3.7791766781931398E-005                  3.5496222085530671E-001                  2.1025988500795508E-003                  6.1630907196949883E-004                  5.7221218635412092E-003                  1.2718648985637698E-003                  2.4871053158459604E-003                  1.3108431933501737E-024                  0.0000000000000000E+000                  0.0000000000000000E+000 
                                     163                  7.9999996284404995E-001                  2.6270913735325307E-002                  4.3195693474596322E+000                  6.7397435840475923E+000                  2.5600833597290879E-045                  6.3279998737791121E-001                  3.7791766781931398E-005                  3.5496222085530671E-001                  2.1025988500795508E-003                  6.1630907196949883E-004                  5.7221218635412092E-003                  1.2718648985637698E-003                  2.4871053158459604E-003                  1.3723657011229773E-024                  0.0000000000000000E+000                  0.0000000000000000E+000 
                                     164                  7.9999996068639423E-001                  2.6238639860140234E-002                  4.3223915447567567E+000                  6.4245775810798502E+000                  1.3225375572195605E-045                  6.3279998737791121E-001                  3.7791766781931398E-005                  3.5496222085530671E-001                  2.1025988500795508E-003                  6.1630907196949883E-004                  5.7221218635412092E-003                  1.2718648985637698E-003                  2.4871053158459604E-003                  1.4180711073716086E-024                  0.0000000000000000E+000                  0.0000000000000000E+000 
                                     165                  7.9999995960756631E-001                  2.6223018851966401E-002                  4.3251435404668248E+000                  6.7121001356981465E+000                  2.7289234793386984E-045                  6.3279998737791121E-001                  3.7791766781931398E-005                  3.5496222085530671E-001                  2.1025988500795508E-003                  6.1630907196949883E-004                  5.7221218635412092E-003                  1.2718648985637698E-003                  2.4871053158459604E-003                  1.4631683737867784E-024                  0.0000000000000000E+000                  0.0000000000000000E+000 
                                     166                  7.9999995744991048E-001                  2.6192731969783022E-002                  4.3286578375589153E+000                  6.6948730043175280E+000                  2.8397354778948803E-045                  6.3279998737791121E-001                  3.7791766781931398E-005                  3.5496222085530671E-001                  2.1025988500795508E-003                  6.1630907196949883E-004                  5.7221218635412092E-003                  1.2718648985637698E-003                  2.4871053158459604E-003                  1.5227779243744914E-024                  0.0000000000000000E+000                  0.0000000000000000E+000 
                                     167                  7.9999995529225476E-001                  2.6163620969015814E-002                  4.3320277065476303E+000                  6.6784978410265552E+000                  2.9492405549018910E-045                  6.3279998737791121E-001                  3.7791766781931398E-005                  3.5496222085530671E-001                  2.1025988500795508E-003                  6.1630907196949883E-004                  5.7221218635412092E-003                  1.2718648985637698E-003                  2.4871053158459604E-003                  1.5816955037625487E-024                  0.0000000000000000E+000                  0.0000000000000000E+000 
                                     168                  7.9999995313459904E-001                  2.6135585324426783E-002                  4.3344584547251417E+000                  6.3656784055840987E+000                  1.5153443029773795E-045                  6.3279998737791121E-001                  3.7791766781931398E-005                  3.5496222085530671E-001                  2.1025988500795508E-003                  6.1630907196949883E-004                  5.7221218635412092E-003                  1.2718648985637698E-003                  2.4871053158459604E-003                  1.6255244256532060E-024                  0.0000000000000000E+000                  0.0000000000000000E+000 
                                     169                  7.9999995205577112E-001                  2.6121942259380942E-002                  4.3368384556595467E+000                  6.6553620499616262E+000                  3.1111997401891118E-045                  6.3279998737791121E-001                  3.7791766781931398E-005                  3.5496222085530671E-001                  2.1025988500795508E-003                  6.1630907196949883E-004                  5.7221218635412092E-003                  1.2718648985637698E-003                  2.4871053158459604E-003                  1.6688549584133483E-024                  0.0000000000000000E+000                  0.0000000000000000E+000 
                                     170                  7.9999994989811540E-001                  2.6095358542229594E-002                  4.3398987420807025E+000                  6.6407933735114044E+000                  3.2177245377345112E-045                  6.3279998737791121E-001                  3.7791766781931398E-005                  3.5496222085530671E-001                  2.1025988500795508E-003                  6.1630907196949883E-004                  5.7221218635412092E-003                  1.2718648985637698E-003                  2.4871053158459604E-003                  1.7261945741768287E-024                  0.0000000000000000E+000                  0.0000000000000000E+000 
                                     171                  7.9999994774045968E-001                  2.6069650253016340E-002                  4.3435872814458794E+000                  6.7995610824805084E+000                  5.0237316912026419E-045                  6.3279998737791121E-001                  3.7791766781931398E-005                  3.5496222085530671E-001                  2.1025988500795508E-003                  6.1630907196949883E-004                  5.7221218635412092E-003                  1.2718648985637698E-003                  2.4871053158459604E-003                  1.7969534333382723E-024                  0.0000000000000000E+000                  0.0000000000000000E+000 
                                     172                  7.9999994450397605E-001                  2.6032593081413268E-002                  4.3470995497460256E+000                  6.6069675393884397E+000                  3.4793514934594951E-045                  6.3279998737791121E-001                  3.7791766781931398E-005                  3.5496222085530671E-001                  2.1025988500795508E-003                  6.1630907196949883E-004                  5.7221218635412092E-003                  1.2718648985637698E-003                  2.4871053158459604E-003                  1.8670628968036033E-024                  0.0000000000000000E+000                  0.0000000000000000E+000 
                                     173                  7.9999994234632033E-001                  2.6008807753296281E-002                  4.3504954620709171E+000                  6.7673891735276950E+000                  5.4114965922994446E-045                  6.3279998737791121E-001                  3.7791766781931398E-005                  3.5496222085530671E-001                  2.1025988500795508E-003                  6.1630907196949883E-004                  5.7221218635412092E-003                  1.2718648985637698E-003                  2.4871053158459604E-003                  1.9361714979252876E-024                  0.0000000000000000E+000                  0.0000000000000000E+000 
                                     174                  7.9999993910983669E-001                  2.5974391793827309E-002                  4.3543907406020308E+000                  6.7495015758978960E+000                  5.6399133646187851E-045                  6.3279998737791121E-001                  3.7791766781931398E-005                  3.5496222085530671E-001                  2.1025988500795508E-003                  6.1630907196949883E-004                  5.7221218635412092E-003                  1.2718648985637698E-003                  2.4871053158459604E-003                  2.0182048106088322E-024                  0.0000000000000000E+000                  0.0000000000000000E+000 
                                     175                  7.9999993587335316E-001                  2.5941361989046754E-002                  4.3581202103765628E+000                  6.7325424160010101E+000                  5.8653831843984053E-045                  6.3279998737791121E-001                  3.7791766781931398E-005                  3.5496222085530671E-001                  2.1025988500795508E-003                  6.1630907196949883E-004                  5.7221218635412092E-003                  1.2718648985637698E-003                  2.4871053158459604E-003                  2.0991978402947017E-024                  0.0000000000000000E+000                  0.0000000000000000E+000 
                                     176                  7.9999993263686953E-001                  2.5909594766502651E-002                  4.3611122195332017E+000                  6.5457887777039154E+000                  4.0613809014757808E-045                  6.3279998737791121E-001                  3.7791766781931398E-005                  3.5496222085530671E-001                  2.1025988500795508E-003                  6.1630907196949883E-004                  5.7221218635412092E-003                  1.2718648985637698E-003                  2.4871053158459604E-003                  2.1661932520458721E-024                  0.0000000000000000E+000                  0.0000000000000000E+000 
                                     177                  7.9999993046487339E-001                  2.5888928985456468E-002                  4.3640447880740583E+000                  6.7116668882341806E+000                  6.3204061942679890E-045                  6.3279998737791121E-001                  3.7791766781931398E-005                  3.5496222085530671E-001                  2.1025988500795508E-003                  6.1630907196949883E-004                  5.7221218635412092E-003                  1.2718648985637698E-003                  2.4871053158459604E-003                  2.2329054528425335E-024                  0.0000000000000000E+000                  0.0000000000000000E+000 
                                     178                  7.9999992718536883E-001                  2.5858649017789438E-002                  4.3680052644373815E+000                  6.8191002940515082E+000                  8.7752221227521407E-045                  6.3279998737791121E-001                  3.7791766781931398E-005                  3.5496222085530671E-001                  2.1025988500795508E-003                  6.1630907196949883E-004                  5.7221218635412092E-003                  1.2718648985637698E-003                  2.4871053158459604E-003                  2.3254892271167848E-024                  0.0000000000000000E+000                  0.0000000000000000E+000 
                                     179                  7.9999992281269583E-001                  2.5819867630240658E-002                  4.3723182919067121E+000                  6.8001659746366174E+000                  9.1678679521080163E-045                  6.3279998737791121E-001                  3.7791766781931398E-005                  3.5496222085530671E-001                  2.1025988500795508E-003                  6.1630907196949883E-004                  5.7221218635412092E-003                  1.2718648985637698E-003                  2.4871053158459604E-003                  2.4299728230797212E-024                  0.0000000000000000E+000                  0.0000000000000000E+000 
                                     180                  7.9999991844002294E-001                  2.5782737456627448E-002                  4.3764364848130972E+000                  6.7822771271936153E+000                  9.5549839509529902E-045                  6.3279998737791121E-001                  3.7791766781931398E-005                  3.5496222085530671E-001                  2.1025988500795508E-003                  6.1630907196949883E-004                  5.7221218635412092E-003                  1.2718648985637698E-003                  2.4871053158459604E-003                  2.5330115113578943E-024                  0.0000000000000000E+000                  0.0000000000000000E+000 
                                     181                  7.9999991406735005E-001                  2.5747102641095056E-002                  4.3804041761388701E+000                  6.7709592097956843E+000                  1.0071712469492364E-044                  6.3279998737791121E-001                  3.7791766781931398E-005                  3.5496222085530671E-001                  2.1025988500795508E-003                  6.1630907196949883E-004                  5.7221218635412092E-003                  1.2718648985637698E-003                  2.4871053158459604E-003                  2.6353608374468528E-024                  0.0000000000000000E+000                  0.0000000000000000E+000 
                                     182                  7.9999990963647483E-001                  2.5712381677018992E-002                  4.3842330656476740E+000                  6.7546493934192027E+000                  1.0458786559769341E-044                  6.3279998737791121E-001                  3.7791766781931398E-005                  3.5496222085530671E-001                  2.1025988500795508E-003                  6.1630907196949883E-004                  5.7221218635412092E-003                  1.2718648985637698E-003                  2.4871053158459604E-003                  2.7370851943406791E-024                  0.0000000000000000E+000                  0.0000000000000000E+000 
                                     183                  7.9999990520559938E-001                  2.5678937844376779E-002                  4.3879109181738460E+000                  6.7391247672450385E+000                  1.0841057354366335E-044                  6.3279998737791121E-001                  3.7791766781931398E-005                  3.5496222085530671E-001                  2.1025988500795508E-003                  6.1630907196949883E-004                  5.7221218635412092E-003                  1.2718648985637698E-003                  2.4871053158459604E-003                  2.8375709744750261E-024                  0.0000000000000000E+000                  0.0000000000000000E+000 
                                     184                  7.9999990077472416E-001                  2.5646665963842036E-002                  4.3914500396985385E+000                  6.7243142333954564E+000                  1.1218780217847185E-044                  6.3279998737791121E-001                  3.7791766781931398E-005                  3.5496222085530671E-001                  2.1025988500795508E-003                  6.1630907196949883E-004                  5.7221218635412092E-003                  1.2718648985637698E-003                  2.4871053158459604E-003                  2.9368840167816757E-024                  0.0000000000000000E+000                  0.0000000000000000E+000 
                                     185                  7.9999989634384883E-001                  2.5615473802300372E-002                  4.3948612267684197E+000                  6.7101558079863102E+000                  1.1592188950235328E-044                  6.3279998737791121E-001                  3.7791766781931398E-005                  3.5496222085530671E-001                  2.1025988500795508E-003                  6.1630907196949883E-004                  5.7221218635412092E-003                  1.2718648985637698E-003                  2.4871053158459604E-003                  3.0350846110789836E-024                  0.0000000000000000E+000                  0.0000000000000000E+000 
                                     186                  7.9999989191297360E-001                  2.5585280004738628E-002                  4.3981540078279231E+000                  6.6965951339890637E+000                  1.1961498408617994E-044                  6.3279998737791121E-001                  3.7791766781931398E-005                  3.5496222085530671E-001                  2.1025988500795508E-003                  6.1630907196949883E-004                  5.7221218635412092E-003                  1.2718648985637698E-003                  2.4871053158459604E-003                  3.1322281723076604E-024                  0.0000000000000000E+000                  0.0000000000000000E+000 
                                     187                  7.9999988748209816E-001                  2.5556012425984966E-002                  4.4005433197700823E+000                  6.3857438240615947E+000                  6.1181550767164570E-045                  6.3279998737791121E-001                  3.7791766781931398E-005                  3.5496222085530671E-001                  2.1025988500795508E-003                  6.1630907196949883E-004                  5.7221218635412092E-003                  1.2718648985637698E-003                  2.4871053158459604E-003                  3.2045283129575571E-024                  0.0000000000000000E+000                  0.0000000000000000E+000 
                                     188                  7.9999988526666055E-001                  2.5541705139507469E-002                  4.4028892563677218E+000                  6.6772713322106414E+000                  1.2508212980213302E-044                  6.3279998737791121E-001                  3.7791766781931398E-005                  3.5496222085530671E-001                  2.1025988500795508E-003                  6.1630907196949883E-004                  5.7221218635412092E-003                  1.2718648985637698E-003                  2.4871053158459604E-003                  3.2760742232167567E-024                  0.0000000000000000E+000                  0.0000000000000000E+000 
                                     189                  7.9999988083578522E-001                  2.5513708498193562E-002                  4.4059344770929121E+000                  6.6687960510151925E+000                  1.2984040475348502E-044                  6.3279998737791121E-001                  3.7791766781931398E-005                  3.5496222085530671E-001                  2.1025988500795508E-003                  6.1630907196949883E-004                  5.7221218635412092E-003                  1.2718648985637698E-003                  2.4871053158459604E-003                  3.3712054743067356E-024                  0.0000000000000000E+000                  0.0000000000000000E+000 
                                     190                  7.9999987636553882E-001                  2.5486251163409104E-002                  4.4096565446899856E+000                  6.8338164730475146E+000                  2.0335555731533070E-044                  6.3279998737791121E-001                  3.7791766781931398E-005                  3.5496222085530671E-001                  2.1025988500795508E-003                  6.1630907196949883E-004                  5.7221218635412092E-003                  1.2718648985637698E-003                  2.4871053158459604E-003                  3.4898283628950959E-024                  0.0000000000000000E+000                  0.0000000000000000E+000 
                                     191                  7.9999986960111258E-001                  2.5446098662008178E-002                  4.4139438577160206E+000                  6.8167491924277082E+000                  2.1154466984180109E-044                  6.3279998737791121E-001                  3.7791766781931398E-005                  3.5496222085530671E-001                  2.1025988500795508E-003                  6.1630907196949883E-004                  5.7221218635412092E-003                  1.2718648985637698E-003                  2.4871053158459604E-003                  3.6310680153087137E-024                  0.0000000000000000E+000                  0.0000000000000000E+000 
                                     192                  7.9999986283668645E-001                  2.5407490004037640E-002                  4.4173684895055345E+000                  6.6270840730212717E+000                  1.4552856491779612E-044                  6.3279998737791121E-001                  3.7791766781931398E-005                  3.5496222085530671E-001                  2.1025988500795508E-003                  6.1630907196949883E-004                  5.7221218635412092E-003                  1.2718648985637698E-003                  2.4871053158459604E-003                  3.7474857791321765E-024                  0.0000000000000000E+000                  0.0000000000000000E+000 
                                     193                  7.9999985832706888E-001                  2.5382541106159499E-002                  4.4200313759827514E+000                  6.6166386052294115E+000                  1.4908811398549767E-044                  6.3279998737791121E-001                  3.7791766781931398E-005                  3.5496222085530671E-001                  2.1025988500795508E-003                  6.1630907196949883E-004                  5.7221218635412092E-003                  1.2718648985637698E-003                  2.4871053158459604E-003                  3.8396174426978589E-024                  0.0000000000000000E+000                  0.0000000000000000E+000 
                                     194                  7.9999985381745153E-001                  2.5358183727332655E-002                  4.4232694364923528E+000                  6.7801509917885250E+000                  2.3023587978039185E-044                  6.3279998737791121E-001                  3.7791766781931398E-005                  3.5496222085530671E-001                  2.1025988500795508E-003                  6.1630907196949883E-004                  5.7221218635412092E-003                  1.2718648985637698E-003                  2.4871053158459604E-003                  3.9535894337635224E-024                  0.0000000000000000E+000                  0.0000000000000000E+000 
                                     195                  7.9999984705302529E-001                  2.5322688262847962E-002                  4.4273409280762674E+000                  6.8354937103235134E+000                  2.8122416286689977E-044                  6.3279998737791121E-001                  3.7791766781931398E-005                  3.5496222085530671E-001                  2.1025988500795508E-003                  6.1630907196949883E-004                  5.7221218635412092E-003                  1.2718648985637698E-003                  2.4871053158459604E-003                  4.1009113289992531E-024                  0.0000000000000000E+000                  0.0000000000000000E+000 
                                     196                  7.9999983908585270E-001                  2.5282365201980576E-002                  4.4312810087280123E+000                  6.7588332700362184E+000                  2.5279994124039794E-044                  6.3279998737791121E-001                  3.7791766781931398E-005                  3.5496222085530671E-001                  2.1025988500795508E-003                  6.1630907196949883E-004                  5.7221218635412092E-003                  1.2718648985637698E-003                  2.4871053158459604E-003                  4.2480601244659899E-024                  0.0000000000000000E+000                  0.0000000000000000E+000 
                                     197                  7.9999983217074244E-001                  2.5248564158072744E-002                  4.4339311513953508E+000                  6.4476411668028923E+000                  1.2940748382400348E-044                  6.3279998737791121E-001                  3.7791766781931398E-005                  3.5496222085530671E-001                  2.1025988500795508E-003                  6.1630907196949883E-004                  5.7221218635412092E-003                  1.2718648985637698E-003                  2.4871053158459604E-003                  4.3496874147492205E-024                  0.0000000000000000E+000                  0.0000000000000000E+000 
                                     198                  7.9999982871318720E-001                  2.5232053546290049E-002                  4.4356653002530750E+000                  6.4410528583140296E+000                  1.3139549479412978E-044                  6.3279998737791121E-001                  3.7791766781931398E-005                  3.5496222085530671E-001                  2.1025988500795508E-003                  6.1630907196949883E-004                  5.7221218635412092E-003                  1.2718648985637698E-003                  2.4871053158459604E-003                  4.4168749806547225E-024                  0.0000000000000000E+000                  0.0000000000000000E+000 
                                     199                  7.9999982525563218E-001                  2.5215790898961175E-002                  4.4382194526367629E+000                  6.7324642659407239E+000                  2.6870585834853921E-044                  6.3279998737791121E-001                  3.7791766781931398E-005                  3.5496222085530671E-001                  2.1025988500795508E-003                  6.1630907196949883E-004                  5.7221218635412092E-003                  1.2718648985637698E-003                  2.4871053158459604E-003                  4.5168407241851798E-024                  0.0000000000000000E+000                  0.0000000000000000E+000 
                                     200                  7.9999981834052181E-001                  2.5183976282632012E-002                  4.4423358144270599E+000                  6.8931448501424955E+000                  4.1769275761242825E-044                  6.3279998737791121E-001                  3.7791766781931398E-005                  3.5496222085530671E-001                  2.1025988500795508E-003                  6.1630907196949883E-004                  5.7221218635412092E-003                  1.2718648985637698E-003                  2.4871053158459604E-003                  4.6817633201170189E-024                  0.0000000000000000E+000                  0.0000000000000000E+000 
                                     201                  7.9999980796785652E-001                  2.5137913919709824E-002                  4.4462657809458026E+000                  6.7023166672937444E+000                  2.8812328615788261E-044                  6.3279998737791121E-001                  3.7791766781931398E-005                  3.5496222085530671E-001                  2.1025988500795508E-003                  6.1630907196949883E-004                  5.7221218635412092E-003                  1.2718648985637698E-003                  2.4871053158459604E-003                  4.8451351875416419E-024                  0.0000000000000000E+000                  0.0000000000000000E+000 
                                     202                  7.9999980105274626E-001                  2.5108227631166016E-002                  4.4493117533075832E+000                  6.6910172152525593E+000                  2.9575794746693144E-044                  6.3279998737791121E-001                  3.7791766781931398E-005                  3.5496222085530671E-001                  2.1025988500795508E-003                  6.1630907196949883E-004                  5.7221218635412092E-003                  1.2718648985637698E-003                  2.4871053158459604E-003                  4.9742675374167698E-024                  0.0000000000000000E+000                  0.0000000000000000E+000 
                                     203                  7.9999979413763589E-001                  2.5079301805900529E-002                  4.4542896780443710E+000                  7.0485631339699850E+000                  7.3256442204531926E-044                  6.3279998737791121E-001                  3.7791766781931398E-005                  3.5496222085530671E-001                  2.1025988500795508E-003                  6.1630907196949883E-004                  5.7221218635412092E-003                  1.2718648985637698E-003                  2.4871053158459604E-003                  5.1887725564314704E-024                  0.0000000000000000E+000                  0.0000000000000000E+000 
                                     204                  7.9999977771362007E-001                  2.5013402765709507E-002                  4.4594831397474186E+000                  6.7921047019913461E+000                  4.4331153666445379E-044                  6.3279998737791121E-001                  3.7791766781931398E-005                  3.5496222085530671E-001                  2.1025988500795508E-003                  6.1630907196949883E-004                  5.7221218635412092E-003                  1.2718648985637698E-003                  2.4871053158459604E-003                  5.4248920479852665E-024                  0.0000000000000000E+000                  0.0000000000000000E+000 
                                     205                  7.9999976820471430E-001                  2.4976887718660124E-002                  4.4631491119095044E+000                  6.7788234075538627E+000                  4.5715372328696702E-044                  6.3279998737791121E-001                  3.7791766781931398E-005                  3.5496222085530671E-001                  2.1025988500795508E-003                  6.1630907196949883E-004                  5.7221218635412092E-003                  1.2718648985637698E-003                  2.4871053158459604E-003                  5.5953250307332998E-024                  0.0000000000000000E+000                  0.0000000000000000E+000 
                                     206                  7.9999975869580875E-001                  2.4941469514519844E-002                  4.4675689314481906E+000                  6.9390881326784131E+000                  7.1132275612930078E-044                  6.3279998737791121E-001                  3.7791766781931398E-005                  3.5496222085530671E-001                  2.1025988500795508E-003                  6.1630907196949883E-004                  5.7221218635412092E-003                  1.2718648985637698E-003                  2.4871053158459604E-003                  5.8054595554423859E-024                  0.0000000000000000E+000                  0.0000000000000000E+000 
                                     207                  7.9999974443245025E-001                  2.4890238307691423E-002                  4.4726183115220204E+000                  6.9210650197163996E+000                  7.4163497254188346E-044                  6.3279998737791121E-001                  3.7791766781931398E-005                  3.5496222085530671E-001                  2.1025988500795508E-003                  6.1630907196949883E-004                  5.7221218635412092E-003                  1.2718648985637698E-003                  2.4871053158459604E-003                  6.0544397874049835E-024                  0.0000000000000000E+000                  0.0000000000000000E+000 
                                     208                  7.9999973016909165E-001                  2.4841083990654444E-002                  4.4766348984718158E+000                  6.7306880356460335E+000                  5.1105252060029294E-044                  6.3279998737791121E-001                  3.7791766781931398E-005                  3.5496222085530671E-001                  2.1025988500795508E-003                  6.1630907196949883E-004                  5.7221218635412092E-003                  1.2718648985637698E-003                  2.4871053158459604E-003                  6.2593964460273466E-024                  0.0000000000000000E+000                  0.0000000000000000E+000 
                                     209                  7.9999972066018610E-001                  2.4809371882384464E-002                  4.4803493145672411E+000                  6.8596531017616833E+000                  7.3039047229901748E-044                  6.3279998737791121E-001                  3.7791766781931398E-005                  3.5496222085530671E-001                  2.1025988500795508E-003                  6.1630907196949883E-004                  5.7221218635412092E-003                  1.2718648985637698E-003                  2.4871053158459604E-003                  6.4523361946466767E-024                  0.0000000000000000E+000                  0.0000000000000000E+000 
                                     210                  7.9999970747395588E-001                  2.4766691590799451E-002                  4.4841609372429767E+000                  6.7688396659724699E+000                  6.3024730095804017E-044                  6.3279998737791121E-001                  3.7791766781931398E-005                  3.5496222085530671E-001                  2.1025988500795508E-003                  6.1630907196949883E-004                  5.7221218635412092E-003                  1.2718648985637698E-003                  2.4871053158459604E-003                  6.6562371886578018E-024                  0.0000000000000000E+000                  0.0000000000000000E+000 
                                     211                  7.9999969644198166E-001                  2.4732061582373996E-002                  4.4880797678760622E+000                  6.8802129460323886E+000                  8.6715069099167032E-044                  6.3279998737791121E-001                  3.7791766781931398E-005                  3.5496222085530671E-001                  2.1025988500795508E-003                  6.1630907196949883E-004                  5.7221218635412092E-003                  1.2718648985637698E-003                  2.4871053158459604E-003                  6.8701296707357041E-024                  0.0000000000000000E+000                  0.0000000000000000E+000 
                                     212                  7.9999968173268288E-001                  2.4687304108076645E-002                  4.4923808798893425E+000                  6.8653872941201914E+000                  8.9744582954111743E-044                  6.3279998737791121E-001                  3.7791766781931398E-005                  3.5496222085530671E-001                  2.1025988500795508E-003                  6.1630907196949883E-004                  5.7221218635412092E-003                  1.2718648985637698E-003                  2.4871053158459604E-003                  7.1118074313339851E-024                  0.0000000000000000E+000                  0.0000000000000000E+000 
                                     213                  7.9999966702338410E-001                  2.4644044365811944E-002                  4.4972176804761466E+000                  6.9762546356110517E+000                  1.2500608486138321E-043                  6.3279998737791121E-001                  3.7791766781931398E-005                  3.5496222085530671E-001                  2.1025988500795508E-003                  6.1630907196949883E-004                  5.7221218635412092E-003                  1.2718648985637698E-003                  2.4871053158459604E-003                  7.3904691030531912E-024                  0.0000000000000000E+000                  0.0000000000000000E+000 
                                     214                  7.9999964730199324E-001                  2.4588197240577106E-002                  4.5012030099621505E+000                  6.6687603405320006E+000                  6.5574020754538356E-044                  6.3279998737791121E-001                  3.7791766781931398E-005                  3.5496222085530671E-001                  2.1025988500795508E-003                  6.1630907196949883E-004                  5.7221218635412092E-003                  1.2718648985637698E-003                  2.4871053158459604E-003                  7.6288217220406512E-024                  0.0000000000000000E+000                  0.0000000000000000E+000 
                                     215                  7.9999963727780887E-001                  2.4560683590599243E-002                  4.5044732803391669E+000                  6.8338713553133719E+000                  1.0089533192700299E-043                  6.3279998737791121E-001                  3.7791766781931398E-005                  3.5496222085530671E-001                  2.1025988500795508E-003                  6.1630907196949883E-004                  5.7221218635412092E-003                  1.2718648985637698E-003                  2.4871053158459604E-003                  7.8268004221565464E-024                  0.0000000000000000E+000                  0.0000000000000000E+000 
                                     216                  7.9999962224153243E-001                  2.4520440335545735E-002                  4.5082830294681120E+000                  6.8249846024471479E+000                  1.0484777809657441E-043                  6.3279998737791121E-001                  3.7791766781931398E-005                  3.5496222085530671E-001                  2.1025988500795508E-003                  6.1630907196949883E-004                  5.7221218635412092E-003                  1.2718648985637698E-003                  2.4871053158459604E-003                  8.0631409822611020E-024                  0.0000000000000000E+000                  0.0000000000000000E+000 
                                     217                  7.9999960707098794E-001                  2.4481008573371266E-002                  4.5120158513025972E+000                  6.8202059528381591E+000                  1.0981378000172049E-043                  6.3279998737791121E-001                  3.7791766781931398E-005                  3.5496222085530671E-001                  2.1025988500795508E-003                  6.1630907196949883E-004                  5.7221218635412092E-003                  1.2718648985637698E-003                  2.4871053158459604E-003                  8.2999035270738364E-024                  0.0000000000000000E+000                  0.0000000000000000E+000 
                                     218                  7.9999959163190748E-001                  2.4442004788358999E-002                  4.5162645719382759E+000                  6.9311806716591668E+000                  1.5123383429982377E-043                  6.3279998737791121E-001                  3.7791766781931398E-005                  3.5496222085530671E-001                  2.1025988500795508E-003                  6.1630907196949883E-004                  5.7221218635412092E-003                  1.2718648985637698E-003                  2.4871053158459604E-003                  8.5749371865920126E-024                  0.0000000000000000E+000                  0.0000000000000000E+000 
                                     219                  7.9999957104646691E-001                  2.4391640099315950E-002                  4.5209256422351505E+000                  6.9159533078865012E+000                  1.5666620616493241E-043                  6.3279998737791121E-001                  3.7791766781931398E-005                  3.5496222085530671E-001                  2.1025988500795508E-003                  6.1630907196949883E-004                  5.7221218635412092E-003                  1.2718648985637698E-003                  2.4871053158459604E-003                  8.8853218445794833E-024                  0.0000000000000000E+000                  0.0000000000000000E+000 
                                     220                  7.9999955046102633E-001                  2.4343005169558483E-002                  4.5259783213799265E+000                  6.9988789988113043E+000                  2.0445793076867151E-043                  6.3279998737791121E-001                  3.7791766781931398E-005                  3.5496222085530671E-001                  2.1025988500795508E-003                  6.1630907196949883E-004                  5.7221218635412092E-003                  1.2718648985637698E-003                  2.4871053158459604E-003                  9.2300614477096835E-024                  0.0000000000000000E+000                  0.0000000000000000E+000 
                                     221                  7.9999952459179213E-001                  2.4284130600869612E-002                  4.5303169707632343E+000                  6.7722048236017027E+000                  1.2940141476562273E-043                  6.3279998737791121E-001                  3.7791766781931398E-005                  3.5496222085530671E-001                  2.1025988500795508E-003                  6.1630907196949883E-004                  5.7221218635412092E-003                  1.2718648985637698E-003                  2.4871053158459604E-003                  9.5359957603184225E-024                  0.0000000000000000E+000                  0.0000000000000000E+000 
                                     222                  7.9999950874041081E-001                  2.4249192405426750E-002                  4.5340532289127520E+000                  6.8853159945329176E+000                  1.7733138306537639E-043                  6.3279998737791121E-001                  3.7791766781931398E-005                  3.5496222085530671E-001                  2.1025988500795508E-003                  6.1630907196949883E-004                  5.7221218635412092E-003                  1.2718648985637698E-003                  2.4871053158459604E-003                  9.8032119924689398E-024                  0.0000000000000000E+000                  0.0000000000000000E+000 
                                     223                  7.9999948760523587E-001                  2.4203855509888766E-002                  4.5382163862116585E+000                  6.8798644011479944E+000                  1.8604081284602839E-043                  6.3279998737791121E-001                  3.7791766781931398E-005                  3.5496222085530671E-001                  2.1025988500795508E-003                  6.1630907196949883E-004                  5.7221218635412092E-003                  1.2718648985637698E-003                  2.4871053158459604E-003                  1.0107799974371755E-023                  0.0000000000000000E+000                  0.0000000000000000E+000 
                                     224                  7.9999946609494366E-001                  2.4159079515302880E-002                  4.5433146029488549E+000                  7.0441858259776913E+000                  2.9216424500470167E-043                  6.3279998737791121E-001                  3.7791766781931398E-005                  3.5496222085530671E-001                  2.1025988500795508E-003                  6.1630907196949883E-004                  5.7221218635412092E-003                  1.2718648985637698E-003                  2.4871053158459604E-003                  1.0487946698315520E-023                  0.0000000000000000E+000                  0.0000000000000000E+000 
                                     225                  7.9999943352917269E-001                  2.4093703003892554E-002                  4.5482384048855815E+000                  6.8608302979669107E+000                  2.0548646358964136E-043                  6.3279998737791121E-001                  3.7791766781931398E-005                  3.5496222085530671E-001                  2.1025988500795508E-003                  6.1630907196949883E-004                  5.7221218635412092E-003                  1.2718648985637698E-003                  2.4871053158459604E-003                  1.0867453821858132E-023                  0.0000000000000000E+000                  0.0000000000000000E+000 
                                     226                  7.9999941141821507E-001                  2.4050836275809669E-002                  4.5520953747935824E+000                  6.8490977096859016E+000                  2.1115452920998947E-043                  6.3279998737791121E-001                  3.7791766781931398E-005                  3.5496222085530671E-001                  2.1025988500795508E-003                  6.1630907196949883E-004                  5.7221218635412092E-003                  1.2718648985637698E-003                  2.4871053158459604E-003                  1.1169784123040523E-023                  0.0000000000000000E+000                  0.0000000000000000E+000 
                                     227                  7.9999938930725734E-001                  2.4009108037948781E-002                  4.5558400158951207E+000                  6.8378146608320014E+000                  2.1675336101170565E-043                  6.3279998737791121E-001                  3.7791766781931398E-005                  3.5496222085530671E-001                  2.1025988500795508E-003                  6.1630907196949883E-004                  5.7221218635412092E-003                  1.2718648985637698E-003                  2.4871053158459604E-003                  1.1468521445324591E-023                  0.0000000000000000E+000                  0.0000000000000000E+000 
                                     228                  7.9999936719629960E-001                  2.3968446088926305E-002                  4.5599717766788102E+000                  6.9298107235414079E+000                  2.8356614790555158E-043                  6.3279998737791121E-001                  3.7791766781931398E-005                  3.5496222085530671E-001                  2.1025988500795508E-003                  6.1630907196949883E-004                  5.7221218635412092E-003                  1.2718648985637698E-003                  2.4871053158459604E-003                  1.1803383538517588E-023                  0.0000000000000000E+000                  0.0000000000000000E+000 
                                     229                  7.9999933908348064E-001                  2.3918185252054223E-002                  4.5649181926398965E+000                  6.9992922802030435E+000                  3.5592286833740719E-043                  6.3279998737791121E-001                  3.7791766781931398E-005                  3.5496222085530671E-001                  2.1025988500795508E-003                  6.1630907196949883E-004                  5.7221218635412092E-003                  1.2718648985637698E-003                  2.4871053158459604E-003                  1.2212374456067740E-023                  0.0000000000000000E+000                  0.0000000000000000E+000 
                                     230                  7.9999930496880045E-001                  2.3859196949824878E-002                  4.5699480126380951E+000                  6.9522199365955961E+000                  3.4172951458673642E-043                  6.3279998737791121E-001                  3.7791766781931398E-005                  3.5496222085530671E-001                  2.1025988500795508E-003                  6.1630907196949883E-004                  5.7221218635412092E-003                  1.2718648985637698E-003                  2.4871053158459604E-003                  1.2638264946322244E-023                  0.0000000000000000E+000                  0.0000000000000000E+000 
                                     231                  7.9999927330868681E-001                  2.3806261145629743E-002                  4.5765069747164997E+000                  7.1915714605565242E+000                  6.4637212854340608E-043                  6.3279998737791121E-001                  3.7791766781931398E-005                  3.5496222085530671E-001                  2.1025988500795508E-003                  6.1630907196949883E-004                  5.7221218635412092E-003                  1.2718648985637698E-003                  2.4871053158459604E-003                  1.3202474325299826E-023                  0.0000000000000000E+000                  0.0000000000000000E+000 
                                     232                  7.9999921596100099E-001                  2.3714391203773198E-002                  4.5833398258475411E+000                  7.0224859936718271E+000                  4.7877287237341299E-043                  6.3279998737791121E-001                  3.7791766781931398E-005                  3.5496222085530671E-001                  2.1025988500795508E-003                  6.1630907196949883E-004                  5.7221218635412092E-003                  1.2718648985637698E-003                  2.4871053158459604E-003                  1.3812726340582007E-023                  0.0000000000000000E+000                  0.0000000000000000E+000 
                                     233                  7.9999917534290554E-001                  2.3652137522638547E-002                  4.5878815423850261E+000                  6.8337949565612863E+000                  3.2865529211557228E-043                  6.3279998737791121E-001                  3.7791766781931398E-005                  3.5496222085530671E-001                  2.1025988500795508E-003                  6.1630907196949883E-004                  5.7221218635412092E-003                  1.2718648985637698E-003                  2.4871053158459604E-003                  1.4226628723446596E-023                  0.0000000000000000E+000                  0.0000000000000000E+000 
                                     234                  7.9999914826417529E-001                  2.3611817080381566E-002                  4.5922288929037709E+000                  6.9854760732194974E+000                  4.9225409127952979E-043                  6.3279998737791121E-001                  3.7791766781931398E-005                  3.5496222085530671E-001                  2.1025988500795508E-003                  6.1630907196949883E-004                  5.7221218635412092E-003                  1.2718648985637698E-003                  2.4871053158459604E-003                  1.4626790139875812E-023                  0.0000000000000000E+000                  0.0000000000000000E+000 
                                     235                  7.9999910880532221E-001                  2.3554635631626297E-002                  4.5962920753847172E+000                  6.7720948015846831E+000                  3.1687191849918575E-043                  6.3279998737791121E-001                  3.7791766781931398E-005                  3.5496222085530671E-001                  2.1025988500795508E-003                  6.1630907196949883E-004                  5.7221218635412092E-003                  1.2718648985637698E-003                  2.4871053158459604E-003                  1.5008616472264034E-023                  0.0000000000000000E+000                  0.0000000000000000E+000 
                                     236                  7.9999908404507680E-001                  2.3519647563151065E-002                  4.5999629785340881E+000                  6.9072572066003621E+000                  4.5254664241008544E-043                  6.3279998737791121E-001                  3.7791766781931398E-005                  3.5496222085530671E-001                  2.1025988500795508E-003                  6.1630907196949883E-004                  5.7221218635412092E-003                  1.2718648985637698E-003                  2.4871053158459604E-003                  1.5356330338433628E-023                  0.0000000000000000E+000                  0.0000000000000000E+000 
                                     237                  7.9999904947625577E-001                  2.3471881026889862E-002                  4.6040498623799335E+000                  6.8800208791270254E+000                  4.4675491691395917E-043                  6.3279998737791121E-001                  3.7791766781931398E-005                  3.5496222085530671E-001                  2.1025988500795508E-003                  6.1630907196949883E-004                  5.7221218635412092E-003                  1.2718648985637698E-003                  2.4871053158459604E-003                  1.5749361836279259E-023                  0.0000000000000000E+000                  0.0000000000000000E+000 
                                     238                  7.9999901619320835E-001                  2.3427013333882144E-002                  4.6088206760690804E+000                  7.0272590596348028E+000                  6.6399946521923763E-043                  6.3279998737791121E-001                  3.7791766781931398E-005                  3.5496222085530671E-001                  2.1025988500795508E-003                  6.1630907196949883E-004                  5.7221218635412092E-003                  1.2718648985637698E-003                  2.4871053158459604E-003                  1.6213347742673211E-023                  0.0000000000000000E+000                  0.0000000000000000E+000 
                                     239                  7.9999896812726801E-001                  2.3364029970962218E-002                  4.6148908609587931E+000                  7.1017325394929269E+000                  8.4682948265509183E-043                  6.3279998737791121E-001                  3.7791766781931398E-005                  3.5496222085530671E-001                  2.1025988500795508E-003                  6.1630907196949883E-004                  5.7221218635412092E-003                  1.2718648985637698E-003                  2.4871053158459604E-003                  1.6814306373660610E-023                  0.0000000000000000E+000                  0.0000000000000000E+000 
                                     240                  7.9999890899569615E-001                  2.3289252942059916E-002                  4.6223508121623249E+000                  7.2044646552646814E+000                  1.1695342323240582E-042                  6.3279998737791121E-001                  3.7791766781931398E-005                  3.5496222085530671E-001                  2.1025988500795508E-003                  6.1630907196949883E-004                  5.7221218635412092E-003                  1.2718648985637698E-003                  2.4871053158459604E-003                  1.7567191902531920E-023                  0.0000000000000000E+000                  0.0000000000000000E+000 
                                     241                  7.9999883079525480E-001                  2.3194501662178225E-002                  4.6294125763092966E+000                  7.0592496376588665E+000                  9.0728588850638009E-043                  6.3279998737791121E-001                  3.7791766781931398E-005                  3.5496222085530671E-001                  2.1025988500795508E-003                  6.1630907196949883E-004                  5.7221218635412092E-003                  1.2718648985637698E-003                  2.4871053158459604E-003                  1.8299674915988449E-023                  0.0000000000000000E+000                  0.0000000000000000E+000 
                                     242                  7.9999877253317164E-001                  2.3126667047751483E-002                  4.6335439292358274E+000                  6.6714132291980768E+000                  3.8909095711285752E-043                  6.3279998737791121E-001                  3.7791766781931398E-005                  3.5496222085530671E-001                  2.1025988500795508E-003                  6.1630907196949883E-004                  5.7221218635412092E-003                  1.2718648985637698E-003                  2.4871053158459604E-003                  1.8735793664534668E-023                  0.0000000000000000E+000                  0.0000000000000000E+000 
                                     243                  7.9999874812285077E-001                  2.3098891491971332E-002                  4.6359439638907016E+000                  6.6656749452888997E+000                  3.9431619072270915E-043                  6.3279998737791121E-001                  3.7791766781931398E-005                  3.5496222085530671E-001                  2.1025988500795508E-003                  6.1630907196949883E-004                  5.7221218635412092E-003                  1.2718648985637698E-003                  2.4871053158459604E-003                  1.8990160791027354E-023                  0.0000000000000000E+000                  0.0000000000000000E+000 
                                     244                  7.9999872371252989E-001                  2.3071478775890525E-002                  4.6396977652051525E+000                  6.9948385501132178E+000                  8.7662289287036620E-043                  6.3279998737791121E-001                  3.7791766781931398E-005                  3.5496222085530671E-001                  2.1025988500795508E-003                  6.1630907196949883E-004                  5.7221218635412092E-003                  1.2718648985637698E-003                  2.4871053158459604E-003                  1.9389743839011802E-023                  0.0000000000000000E+000                  0.0000000000000000E+000 
                                     245                  7.9999867055112683E-001                  2.3012978403702367E-002                  4.6462439688511941E+000                  7.1897998844983517E+000                  1.4735323188469634E-042                  6.3279998737791121E-001                  3.7791766781931398E-005                  3.5496222085530671E-001                  2.1025988500795508E-003                  6.1630907196949883E-004                  5.7221218635412092E-003                  1.2718648985637698E-003                  2.4871053158459604E-003                  2.0096056305819441E-023                  0.0000000000000000E+000                  0.0000000000000000E+000 
                                     246                  7.9999858429788029E-001                  2.2921315197315106E-002                  4.6531076503918607E+000                  7.0604852020938846E+000                  1.1768770048494050E-042                  6.3279998737791121E-001                  3.7791766781931398E-005                  3.5496222085530671E-001                  2.1025988500795508E-003                  6.1630907196949883E-004                  5.7221218635412092E-003                  1.2718648985637698E-003                  2.4871053158459604E-003                  2.0855178339048122E-023                  0.0000000000000000E+000                  0.0000000000000000E+000 
                                     247                  7.9999851788933796E-001                  2.2853244495264494E-002                  4.6581180202114414E+000                  6.9161212994047823E+000                  8.8941836208028243E-043                  6.3279998737791121E-001                  3.7791766781931398E-005                  3.5496222085530671E-001                  2.1025988500795508E-003                  6.1630907196949883E-004                  5.7221218635412092E-003                  1.2718648985637698E-003                  2.4871053158459604E-003                  2.1417711164112953E-023                  0.0000000000000000E+000                  0.0000000000000000E+000 
                                     248                  7.9999846900485183E-001                  2.2804418087264380E-002                  4.6624567860622745E+000                  6.9456326410276983E+000                  9.9541978424260768E-043                  6.3279998737791121E-001                  3.7791766781931398E-005                  3.5496222085530671E-001                  2.1025988500795508E-003                  6.1630907196949883E-004                  5.7221218635412092E-003                  1.2718648985637698E-003                  2.4871053158459604E-003                  2.1909437920486743E-023                  0.0000000000000000E+000                  0.0000000000000000E+000 
                                     249                  7.9999841550824136E-001                  2.2752152400244606E-002                  4.6669112897391800E+000                  6.9424418328094681E+000                  1.0339466190313394E-042                  6.3279998737791121E-001                  3.7791766781931398E-005                  3.5496222085530671E-001                  2.1025988500795508E-003                  6.1630907196949883E-004                  5.7221218635412092E-003                  1.2718648985637698E-003                  2.4871053158459604E-003                  2.2420269057666173E-023                  0.0000000000000000E+000                  0.0000000000000000E+000 
                                     250                  7.9999836119262524E-001                  2.2700263085816207E-002                  4.6735589911626310E+000                  7.2389684219894530E+000                  2.1867657185763799E-042                  6.3279998737791121E-001                  3.7791766781931398E-005                  3.5496222085530671E-001                  2.1025988500795508E-003                  6.1630907196949883E-004                  5.7221218635412092E-003                  1.2718648985637698E-003                  2.4871053158459604E-003                  2.3188841259883682E-023                  0.0000000000000000E+000                  0.0000000000000000E+000 
                                     251                  7.9999825008016356E-001                  2.2597536742519200E-002                  4.6800144319262476E+000                  6.9338821398518986E+000                  1.1548757670204609E-042                  6.3279998737791121E-001                  3.7791766781931398E-005                  3.5496222085530671E-001                  2.1025988500795508E-003                  6.1630907196949883E-004                  5.7221218635412092E-003                  1.2718648985637698E-003                  2.4871053158459604E-003                  2.3957116767251294E-023                  0.0000000000000000E+000                  0.0000000000000000E+000 
                                     252                  7.9999819325910504E-001                  2.2546642066028289E-002                  4.6839839124581477E+000                  6.8629693397405642E+000                  1.0195897455325586E-042                  6.3279998737791121E-001                  3.7791766781931398E-005                  3.5496222085530671E-001                  2.1025988500795508E-003                  6.1630907196949883E-004                  5.7221218635412092E-003                  1.2718648985637698E-003                  2.4871053158459604E-003                  2.4433544528442873E-023                  0.0000000000000000E+000                  0.0000000000000000E+000 
                                     253                  7.9999814406070813E-001                  2.2503409937200385E-002                  4.6873134839972073E+000                  6.7829118776784307E+000                  8.7566921821046996E-043                  6.3279998737791121E-001                  3.7791766781931398E-005                  3.5496222085530671E-001                  2.1025988500795508E-003                  6.1630907196949883E-004                  5.7221218635412092E-003                  1.2718648985637698E-003                  2.4871053158459604E-003                  2.4836980473962807E-023                  0.0000000000000000E+000                  0.0000000000000000E+000 
                                     254                  7.9999810248497283E-001                  2.2467452498042006E-002                  4.6913929939993739E+000                  7.0113813654044854E+000                  1.5407056389189653E-042                  6.3279998737791121E-001                  3.7791766781931398E-005                  3.5496222085530671E-001                  2.1025988500795508E-003                  6.1630907196949883E-004                  5.7221218635412092E-003                  1.2718648985637698E-003                  2.4871053158459604E-003                  2.5334250512669452E-023                  0.0000000000000000E+000                  0.0000000000000000E+000 
                                     255                  7.9999803075245579E-001                  2.2406596043264605E-002                  4.6978356603519575E+000                  7.1937144068536227E+000                  2.4913013693300304E-042                  6.3279998737791121E-001                  3.7791766781931398E-005                  3.5496222085530671E-001                  2.1025988500795508E-003                  6.1630907196949883E-004                  5.7221218635412092E-003                  1.2718648985637698E-003                  2.4871053158459604E-003                  2.6129950093366675E-023                  0.0000000000000000E+000                  0.0000000000000000E+000 
                                     256                  7.9999791825073885E-001                  2.2313973558152587E-002                  4.7047418834421233E+000                  7.0983969043950710E+000                  2.1337455398208412E-042                  6.3279998737791121E-001                  3.7791766781931398E-005                  3.5496222085530671E-001                  2.1025988500795508E-003                  6.1630907196949883E-004                  5.7221218635412092E-003                  1.2718648985637698E-003                  2.4871053158459604E-003                  2.7003448035076622E-023                  0.0000000000000000E+000                  0.0000000000000000E+000 
                                     257                  7.9999782497363037E-001                  2.2239589061167998E-002                  4.7117436981093146E+000                  7.2051305394376772E+000                  2.9092315659619992E-042                  6.3279998737791121E-001                  3.7791766781931398E-005                  3.5496222085530671E-001                  2.1025988500795508E-003                  6.1630907196949883E-004                  5.7221218635412092E-003                  1.2718648985637698E-003                  2.4871053158459604E-003                  2.7902115759514192E-023                  0.0000000000000000E+000                  0.0000000000000000E+000 
                                     258                  7.9999770184048580E-001                  2.2144462713917651E-002                  4.7181686091044694E+000                  7.0259765420781459E+000                  2.0420282311398091E-042                  6.3279998737791121E-001                  3.7791766781931398E-005                  3.5496222085530671E-001                  2.1025988500795508E-003                  6.1630907196949883E-004                  5.7221218635412092E-003                  1.2718648985637698E-003                  2.4871053158459604E-003                  2.8747721942095798E-023                  0.0000000000000000E+000                  0.0000000000000000E+000 
                                     259                  7.9999761792141999E-001                  2.2081479346202321E-002                  4.7229664432157943E+000                  6.9705216699371944E+000                  1.8765583248690554E-042                  6.3279998737791121E-001                  3.7791766781931398E-005                  3.5496222085530671E-001                  2.1025988500795508E-003                  6.1630907196949883E-004                  5.7221218635412092E-003                  1.2718648985637698E-003                  2.4871053158459604E-003                  2.9387728430602403E-023                  0.0000000000000000E+000                  0.0000000000000000E+000 
                                     260                  7.9999754246014221E-001                  2.2026038452980411E-002                  4.7286101388099677E+000                  7.1510138439497126E+000                  2.9897526164955439E-042                  6.3279998737791121E-001                  3.7791766781931398E-005                  3.5496222085530671E-001                  2.1025988500795508E-003                  6.1630907196949883E-004                  5.7221218635412092E-003                  1.2718648985637698E-003                  2.4871053158459604E-003                  3.0149072502373372E-023                  0.0000000000000000E+000                  0.0000000000000000E+000 
                                     261                  7.9999742523059036E-001                  2.1942016625415492E-002                  4.7341682245748613E+000                  6.9719635618786224E+000                  2.0796680777100386E-042                  6.3279998737791121E-001                  3.7791766781931398E-005                  3.5496222085530671E-001                  2.1025988500795508E-003                  6.1630907196949883E-004                  5.7221218635412092E-003                  1.2718648985637698E-003                  2.4871053158459604E-003                  3.0916849795946987E-023                  0.0000000000000000E+000                  0.0000000000000000E+000 
                                     262                  7.9999734568400971E-001                  2.1886373479678953E-002                  4.7396861366464487E+000                  7.1451913298249137E+000                  3.2521612581726506E-042                  6.3279998737791121E-001                  3.7791766781931398E-005                  3.5496222085530671E-001                  2.1025988500795508E-003                  6.1630907196949883E-004                  5.7221218635412092E-003                  1.2718648985637698E-003                  2.4871053158459604E-003                  3.1687291289979301E-023                  0.0000000000000000E+000                  0.0000000000000000E+000 
                                     263                  7.9999722427381981E-001                  2.1803444040513712E-002                  4.7473240103370351E+000                  7.2710648934543975E+000                  4.6429975247165501E-042                  6.3279998737791121E-001                  3.7791766781931398E-005                  3.5496222085530671E-001                  2.1025988500795508E-003                  6.1630907196949883E-004                  5.7221218635412092E-003                  1.2718648985637698E-003                  2.4871053158459604E-003                  3.2776364849898972E-023                  0.0000000000000000E+000                  0.0000000000000000E+000 
                                     264                  7.9999705662201648E-001                  2.1692608466717427E-002                  4.7570193806087451E+000                  7.3683219665880184E+000                  6.3124916697307129E-042                  6.3279998737791121E-001                  3.7791766781931398E-005                  3.5496222085530671E-001                  2.1025988500795508E-003                  6.1630907196949883E-004                  5.7221218635412092E-003                  1.2718648985637698E-003                  2.4871053158459604E-003                  3.4199298253731570E-023                  0.0000000000000000E+000                  0.0000000000000000E+000 
                                     265                  7.9999683804062482E-001                  2.1553913400657078E-002                  4.7664615654226470E+000                  7.2699470892291949E+000                  5.4569789372434403E-042                  6.3279998737791121E-001                  3.7791766781931398E-005                  3.5496222085530671E-001                  2.1025988500795508E-003                  6.1630907196949883E-004                  5.7221218635412092E-003                  1.2718648985637698E-003                  2.4871053158459604E-003                  3.5641970496724648E-023                  0.0000000000000000E+000                  0.0000000000000000E+000 
                                     266                  7.9999665662410957E-001                  2.1443299224352098E-002                  4.7736649906985313E+000                  7.1431394354889965E+000                  4.3329147486457683E-042                  6.3279998737791121E-001                  3.7791766781931398E-005                  3.5496222085530671E-001                  2.1025988500795508E-003                  6.1630907196949883E-004                  5.7221218635412092E-003                  1.2718648985637698E-003                  2.4871053158459604E-003                  3.6776810219972871E-023                  0.0000000000000000E+000                  0.0000000000000000E+000 
                                     267                  7.9999651695823482E-001                  2.1360676453599799E-002                  4.7787639885234601E+000                  6.9729238835216414E+000                  3.0573880477452199E-042                  6.3279998737791121E-001                  3.7791766781931398E-005                  3.5496222085530671E-001                  2.1025988500795508E-003                  6.1630907196949883E-004                  5.7221218635412092E-003                  1.2718648985637698E-003                  2.4871053158459604E-003                  3.7599118205208500E-023                  0.0000000000000000E+000                  0.0000000000000000E+000 
                                     268                  7.9999642053126785E-001                  2.1304835421686322E-002                  4.7849037898319757E+000                  7.2705318372886589E+000                  6.3870139766631532E-042                  6.3279998737791121E-001                  3.7791766781931398E-005                  3.5496222085530671E-001                  2.1025988500795508E-003                  6.1630907196949883E-004                  5.7221218635412092E-003                  1.2718648985637698E-003                  2.4871053158459604E-003                  3.8601190367020415E-023                  0.0000000000000000E+000                  0.0000000000000000E+000 
                                     269                  7.9999622424369521E-001                  2.1194008639964297E-002                  4.7908339921617591E+000                  6.9661982910779869E+000                  3.3327292548982945E-042                  6.3279998737791121E-001                  3.7791766781931398E-005                  3.5496222085530671E-001                  2.1025988500795508E-003                  6.1630907196949883E-004                  5.7221218635412092E-003                  1.2718648985637698E-003                  2.4871053158459604E-003                  3.9606795369052814E-023                  0.0000000000000000E+000                  0.0000000000000000E+000 
                                     270                  7.9999612438308942E-001                  2.1139004662928739E-002                  4.7947937056057564E+000                  6.9742133610891566E+000                  3.5097792836147869E-042                  6.3279998737791121E-001                  3.7791766781931398E-005                  3.5496222085530671E-001                  2.1025988500795508E-003                  6.1630907196949883E-004                  5.7221218635412092E-003                  1.2718648985637698E-003                  2.4871053158459604E-003                  4.0287482716574004E-023                  0.0000000000000000E+000                  0.0000000000000000E+000 
                                     271                  7.9999602096747946E-001                  2.1082968978362381E-002                  4.8007396980574102E+000                  7.2722046103742723E+000                  7.3254914428308729E-042                  6.3279998737791121E-001                  3.7791766781931398E-005                  3.5496222085530671E-001                  2.1025988500795508E-003                  6.1630907196949883E-004                  5.7221218635412092E-003                  1.2718648985637698E-003                  2.4871053158459604E-003                  4.1324360031686659E-023                  0.0000000000000000E+000                  0.0000000000000000E+000 
                                     272                  7.9999581045563728E-001                  2.0971657588923314E-002                  4.8064812203602134E+000                  6.9682236831081905E+000                  3.8192634947081386E-042                  6.3279998737791121E-001                  3.7791766781931398E-005                  3.5496222085530671E-001                  2.1025988500795508E-003                  6.1630907196949883E-004                  5.7221218635412092E-003                  1.2718648985637698E-003                  2.4871053158459604E-003                  4.2366179078408589E-023                  0.0000000000000000E+000                  0.0000000000000000E+000 
                                     273                  7.9999570335940495E-001                  2.0916368176081696E-002                  4.8122522777536947E+000                  7.2740448521752681E+000                  8.1050200293023303E-042                  6.3279998737791121E-001                  3.7791766781931398E-005                  3.5496222085530671E-001                  2.1025988500795508E-003                  6.1630907196949883E-004                  5.7221218635412092E-003                  1.2718648985637698E-003                  2.4871053158459604E-003                  4.3425821506353893E-023                  0.0000000000000000E+000                  0.0000000000000000E+000 
                                     274                  7.9999548154565825E-001                  2.0804541168337427E-002                  4.8197952288797943E+000                  7.2755183099138598E+000                  8.6669351853355805E-042                  6.3279998737791121E-001                  3.7791766781931398E-005                  3.5496222085530671E-001                  2.1025988500795508E-003                  6.1630907196949883E-004                  5.7221218635412092E-003                  1.2718648985637698E-003                  2.4871053158459604E-003                  4.4864658486087417E-023                  0.0000000000000000E+000                  0.0000000000000000E+000 
                                     275                  7.9999525184148612E-001                  2.0692305164954919E-002                  4.8272164441920058E+000                  7.2771666848150547E+000                  9.2639291912972854E-042                  6.3279998737791121E-001                  3.7791766781931398E-005                  3.5496222085530671E-001                  2.1025988500795508E-003                  6.1630907196949883E-004                  5.7221218635412092E-003                  1.2718648985637698E-003                  2.4871053158459604E-003                  4.6332233627558238E-023                  0.0000000000000000E+000                  0.0000000000000000E+000 
                                     276                  7.9999501396832406E-001                  2.0579613179025992E-002                  4.8326724547914921E+000                  6.9812567566138828E+000                  4.9108904806790309E-042                  6.3279998737791121E-001                  3.7791766781931398E-005                  3.5496222085530671E-001                  2.1025988500795508E-003                  6.1630907196949883E-004                  5.7221218635412092E-003                  1.2718648985637698E-003                  2.4871053158459604E-003                  4.7454297862545818E-023                  0.0000000000000000E+000                  0.0000000000000000E+000 
                                     277                  7.9999489080309172E-001                  2.0522587828468032E-002                  4.8362929357835451E+000                  6.9746127349544080E+000                  4.9878968411062970E-042                  6.3279998737791121E-001                  3.7791766781931398E-005                  3.5496222085530671E-001                  2.1025988500795508E-003                  6.1630907196949883E-004                  5.7221218635412092E-003                  1.2718648985637698E-003                  2.4871053158459604E-003                  4.8211001736566544E-023                  0.0000000000000000E+000                  0.0000000000000000E+000 
                                     278                  7.9999476763785959E-001                  2.0466420917663004E-002                  4.8417013339444877E+000                  7.2809280388554312E+000                  1.0572302922803498E-041                  6.3279998737791121E-001                  3.7791766781931398E-005                  3.5496222085530671E-001                  2.1025988500795508E-003                  6.1630907196949883E-004                  5.7221218635412092E-003                  1.2718648985637698E-003                  2.4871053158459604E-003                  4.9359386074288848E-023                  0.0000000000000000E+000                  0.0000000000000000E+000 
                                     279                  7.9999451255169451E-001                  2.0352689411556789E-002                  4.8487700583795172E+000                  7.2830157170297349E+000                  1.1288589369484129E-041                  6.3279998737791121E-001                  3.7791766781931398E-005                  3.5496222085530671E-001                  2.1025988500795508E-003                  6.1630907196949883E-004                  5.7221218635412092E-003                  1.2718648985637698E-003                  2.4871053158459604E-003                  5.0921725619748248E-023                  0.0000000000000000E+000                  0.0000000000000000E+000 
                                     280                  7.9999424840099698E-001                  2.0238379868399454E-002                  4.8557263740736385E+000                  7.2852263563316431E+000                  1.2049807316491452E-041                  6.3279998737791121E-001                  3.7791766781931398E-005                  3.5496222085530671E-001                  2.1025988500795508E-003                  6.1630907196949883E-004                  5.7221218635412092E-003                  1.2718648985637698E-003                  2.4871053158459604E-003                  5.2518443658437749E-023                  0.0000000000000000E+000                  0.0000000000000000E+000 
                                     281                  7.9999397486613910E-001                  2.0123456659279764E-002                  4.8625732928717129E+000                  7.2875504718435771E+000                  1.2858798602483898E-041                  6.3279998737791121E-001                  3.7791766781931398E-005                  3.5496222085530671E-001                  2.1025988500795508E-003                  6.1630907196949883E-004                  5.7221218635412092E-003                  1.2718648985637698E-003                  2.4871053158459604E-003                  5.4150891409387042E-023                  0.0000000000000000E+000                  0.0000000000000000E+000 
                                     282                  7.9999369161632361E-001                  2.0007886128699883E-002                  4.8693140916833437E+000                  7.2899796960661316E+000                  1.3718573239625330E-041                  6.3279998737791121E-001                  3.7791766781931398E-005                  3.5496222085530671E-001                  2.1025988500795508E-003                  6.1630907196949883E-004                  5.7221218635412092E-003                  1.2718648985637698E-003                  2.4871053158459604E-003                  5.5820397206214809E-023                  0.0000000000000000E+000                  0.0000000000000000E+000 
                                     283                  7.9999339830919836E-001                  1.9891636321446044E-002                  4.8759523101481630E+000                  7.2925066636934055E+000                  1.4632318542221889E-041                  6.3279998737791121E-001                  3.7791766781931398E-005                  3.5496222085530671E-001                  2.1025988500795508E-003                  6.1630907196949883E-004                  5.7221218635412092E-003                  1.2718648985637698E-003                  2.4871053158459604E-003                  5.7528266906395092E-023                  0.0000000000000000E+000                  0.0000000000000000E+000 
                                     284                  7.9999309459045576E-001                  1.9774676737750459E-002                  4.8824917309436691E+000                  7.2951250453819174E+000                  1.5603403787686257E-041                  6.3279998737791121E-001                  3.7791766781931398E-005                  3.5496222085530671E-001                  2.1025988500795508E-003                  6.1630907196949883E-004                  5.7221218635412092E-003                  1.2718648985637698E-003                  2.4871053158459604E-003                  5.9275765239079958E-023                  0.0000000000000000E+000                  0.0000000000000000E+000 
                                     285                  7.9999278009342112E-001                  1.9656978076080356E-002                  4.8889363416716876E+000                  7.2978293160546643E+000                  1.6635393982110892E-041                  6.3279998737791121E-001                  3.7791766781931398E-005                  3.5496222085530671E-001                  2.1025988500795508E-003                  6.1630907196949883E-004                  5.7221218635412092E-003                  1.2718648985637698E-003                  2.4871053158459604E-003                  6.1064133236608925E-023                  0.0000000000000000E+000                  0.0000000000000000E+000 
                                     286                  7.9999245443862399E-001                  1.9538512034391959E-002                  4.8952903054626864E+000                  7.3006146301152350E+000                  1.7732061937385588E-041                  6.3279998737791121E-001                  3.7791766781931398E-005                  3.5496222085530671E-001                  2.1025988500795508E-003                  6.1630907196949883E-004                  5.7221218635412092E-003                  1.2718648985637698E-003                  2.4871053158459604E-003                  6.2894594641396882E-023                  0.0000000000000000E+000                  0.0000000000000000E+000 
                                     287                  7.9999211723335839E-001                  1.9419251141891896E-002                  4.9015579316160194E+000                  7.3034769187009889E+000                  1.8897392219076785E-041                  6.3279998737791121E-001                  3.7791766781931398E-005                  3.5496222085530671E-001                  2.1025988500795508E-003                  6.1630907196949883E-004                  5.7221218635412092E-003                  1.2718648985637698E-003                  2.4871053158459604E-003                  6.4768330916403705E-023                  0.0000000000000000E+000                  0.0000000000000000E+000 
                                     288                  7.9999176807122441E-001                  1.9299168560464139E-002                  4.9077436389905031E+000                  7.3064126916841960E+000                  2.0135596802155058E-041                  6.3279998737791121E-001                  3.7791766781931398E-005                  3.5496222085530671E-001                  2.1025988500795508E-003                  6.1630907196949883E-004                  5.7221218635412092E-003                  1.2718648985637698E-003                  2.4871053158459604E-003                  6.6686498973938973E-023                  0.0000000000000000E+000                  0.0000000000000000E+000 
                                     289                  7.9999140653165735E-001                  1.9178237936145301E-002                  4.9138519135912491E+000                  7.3094188440617618E+000                  2.1451133409772124E-041                  6.3279998737791121E-001                  3.7791766781931398E-005                  3.5496222085530671E-001                  2.1025988500795508E-003                  6.1630907196949883E-004                  5.7221218635412092E-003                  1.2718648985637698E-003                  2.4871053158459604E-003                  6.8650252668033494E-023                  0.0000000000000000E+000                  0.0000000000000000E+000 
                                     290                  7.9999103217943879E-001                  1.9056433301073331E-002                  4.9198872773799893E+000                  7.3124928095681865E+000                  2.2848708989560202E-041                  6.3279998737791121E-001                  3.7791766781931398E-005                  3.5496222085530671E-001                  2.1025988500795508E-003                  6.1630907196949883E-004                  5.7221218635412092E-003                  1.2718648985637698E-003                  2.4871053158459604E-003                  7.0660711363176724E-023                  0.0000000000000000E+000                  0.0000000000000000E+000 
                                     291                  7.9999064456419278E-001                  1.8933728929671410E-002                  4.9258542682579183E+000                  7.3156324675574869E+000                  2.4333294007961024E-041                  6.3279998737791121E-001                  3.7791766781931398E-005                  3.5496222085530671E-001                  2.1025988500795508E-003                  6.1630907196949883E-004                  5.7221218635412092E-003                  1.2718648985637698E-003                  2.4871053158459604E-003                  7.2718965693831103E-023                  0.0000000000000000E+000                  0.0000000000000000E+000 
                                     292                  7.9999024321986312E-001                  1.8810099216982443E-002                  4.9317574015363244E+000                  7.3188358707127250E+000                  2.5910149036582685E-041                  6.3279998737791121E-001                  3.7791766781931398E-005                  3.5496222085530671E-001                  2.1025988500795508E-003                  6.1630907196949883E-004                  5.7221218635412092E-003                  1.2718648985637698E-003                  2.4871053158459604E-003                  7.4826116775060706E-023                  0.0000000000000000E+000                  0.0000000000000000E+000 
                                     293                  7.9998982766417470E-001                  1.8685518631305829E-002                  4.9376011365715344E+000                  7.3221013843619671E+000                  2.7584831270883391E-041                  6.3279998737791121E-001                  3.7791766781931398E-005                  3.5496222085530671E-001                  2.1025988500795508E-003                  6.1630907196949883E-004                  5.7221218635412092E-003                  1.2718648985637698E-003                  2.4871053158459604E-003                  7.6983248642468512E-023                  0.0000000000000000E+000                  0.0000000000000000E+000 
                                     294                  7.9998939739807462E-001                  1.8559961625425302E-002                  4.9433898717368985E+000                  7.3254277105157843E+000                  2.9363206003378310E-041                  6.3279998737791121E-001                  3.7791766781931398E-005                  3.5496222085530671E-001                  2.1025988500795508E-003                  6.1630907196949883E-004                  5.7221218635412092E-003                  1.2718648985637698E-003                  2.4871053158459604E-003                  7.9191417521120203E-023                  0.0000000000000000E+000                  0.0000000000000000E+000 
                                     295                  7.9998895190515551E-001                  1.8433402537934192E-002                  4.9491279258903029E+000                  7.3288136708261549E+000                  3.1251474875167006E-041                  6.3279998737791121E-001                  3.7791766781931398E-005                  3.5496222085530671E-001                  2.1025988500795508E-003                  6.1630907196949883E-004                  5.7221218635412092E-003                  1.2718648985637698E-003                  2.4871053158459604E-003                  8.1451685964720410E-023                  0.0000000000000000E+000                  0.0000000000000000E+000 
                                     296                  7.9998849065105959E-001                  1.8305815554875669E-002                  4.9548195065220222E+000                  7.3322581885234435E+000                  3.3256194798354175E-041                  6.3279998737791121E-001                  3.7791766781931398E-005                  3.5496222085530671E-001                  2.1025988500795508E-003                  6.1630907196949883E-004                  5.7221218635412092E-003                  1.2718648985637698E-003                  2.4871053158459604E-003                  8.3765124370028105E-023                  0.0000000000000000E+000                  0.0000000000000000E+000 
                                     297                  7.9998801308286105E-001                  1.8177174675631260E-002                  4.9604687036214754E+000                  7.3357603974296701E+000                  3.5384287763294786E-041                  6.3279998737791121E-001                  3.7791766781931398E-005                  3.5496222085530671E-001                  2.1025988500795508E-003                  6.1630907196949883E-004                  5.7221218635412092E-003                  1.2718648985637698E-003                  2.4871053158459604E-003                  8.6132787154310098E-023                  0.0000000000000000E+000                  0.0000000000000000E+000 
                                     298                  7.9998751862842865E-001                  1.8047453645262463E-002                  4.9660794946453715E+000                  7.3393195770332929E+000                  3.7643063120160993E-041                  6.3279998737791121E-001                  3.7791766781931398E-005                  3.5496222085530671E-001                  2.1025988500795508E-003                  6.1630907196949883E-004                  5.7221218635412092E-003                  1.2718648985637698E-003                  2.4871053158459604E-003                  8.8555721272711869E-023                  0.0000000000000000E+000                  0.0000000000000000E+000 
                                     299                  7.9998700669576694E-001                  1.7916625903944404E-002                  4.9716557248339752E+000                  7.3429350038679981E+000                  4.0040250013917021E-041                  6.3279998737791121E-001                  3.7791766781931398E-005                  3.5496222085530671E-001                  2.1025988500795508E-003                  6.1630907196949883E-004                  5.7221218635412092E-003                  1.2718648985637698E-003                  2.4871053158459604E-003                  9.1034994578017645E-023                  0.0000000000000000E+000                  0.0000000000000000E+000 
                                     300                  7.9998647667233480E-001                  1.7784664579755676E-002                  4.9772010920258065E+000                  7.3466060376642925E+000                  4.2584012568715714E-041                  6.3279998737791121E-001                  3.7791766781931398E-005                  3.5496222085530671E-001                  2.1025988500795508E-003                  6.1630907196949883E-004                  5.7221218635412092E-003                  1.2718648985637698E-003                  2.4871053158459604E-003                  9.3571677531102505E-023                  0.0000000000000000E+000                  0.0000000000000000E+000 
                                     301                  7.9998592792434076E-001                  1.7651542455111979E-002                  4.9827191577223156E+000                  7.3503321402580770E+000                  4.5282970208797422E-041                  6.3279998737791121E-001                  3.7791766781931398E-005                  3.5496222085530671E-001                  2.1025988500795508E-003                  6.1630907196949883E-004                  5.7221218635412092E-003                  1.2718648985637698E-003                  2.4871053158459604E-003                  9.6166837012919761E-023                  0.0000000000000000E+000                  0.0000000000000000E+000 
                                     302                  7.9998535979601504E-001                  1.7517231926221354E-002                  4.9882133475972932E+000                  7.3541128071943582E+000                  4.8146227815812619E-041                  6.3279998737791121E-001                  3.7791766781931398E-005                  3.5496222085530671E-001                  2.1025988500795508E-003                  6.1630907196949883E-004                  5.7221218635412092E-003                  1.2718648985637698E-003                  2.4871053158459604E-003                  9.8821549580169411E-023                  0.0000000000000000E+000                  0.0000000000000000E+000 
                                     303                  7.9998477160885706E-001                  1.7381704982409110E-002                  4.9936869369080963E+000                  7.3579475304226563E+000                  5.1183405896180414E-041                  6.3279998737791121E-001                  3.7791766781931398E-005                  3.5496222085530671E-001                  2.1025988500795508E-003                  6.1630907196949883E-004                  5.7221218635412092E-003                  1.2718648985637698E-003                  2.4871053158459604E-003                  1.0153690971587203E-022                  0.0000000000000000E+000                  0.0000000000000000E+000 
                                     304                  7.9998416266085726E-001                  1.7244933196598932E-002                  4.9991430500703107E+000                  7.3618358283751464E+000                  5.4404665218843035E-041                  6.3279998737791121E-001                  3.7791766781931398E-005                  3.5496222085530671E-001                  2.1025988500795508E-003                  6.1630907196949883E-004                  5.7221218635412092E-003                  1.2718648985637698E-003                  2.4871053158459604E-003                  1.0431402295430573E-022                  0.0000000000000000E+000                  0.0000000000000000E+000 
                                     305                  7.9998353222569318E-001                  1.7106887706153425E-002                  5.0045846725964704E+000                  7.3657772463990066E+000                  5.7820735505283885E-041                  6.3279998737791121E-001                  3.7791766781931398E-005                  3.5496222085530671E-001                  2.1025988500795508E-003                  6.1630907196949883E-004                  5.7221218635412092E-003                  1.2718648985637698E-003                  2.4871053158459604E-003                  1.0715400526632973E-022                  0.0000000000000000E+000                  0.0000000000000000E+000 
                                     306                  7.9998287955189840E-001                  1.6967539193041409E-002                  5.0100146480310599E+000                  7.3697713443332269E+000                  6.1442947395370245E-041                  6.3279998737791121E-001                  3.7791766781931398E-005                  3.5496222085530671E-001                  2.1025988500795508E-003                  6.1630907196949883E-004                  5.7221218635412092E-003                  1.2718648985637698E-003                  2.4871053158459604E-003                  1.1005798580667602E-022                  0.0000000000000000E+000                  0.0000000000000000E+000 
                                     307                  7.9998220386200281E-001                  1.6826857867457648E-002                  5.0154356701785021E+000                  7.3738176658160759E+000                  6.5283269258820633E-041                  6.3279998737791121E-001                  3.7791766781931398E-005                  3.5496222085530671E-001                  2.1025988500795508E-003                  6.1630907196949883E-004                  5.7221218635412092E-003                  1.2718648985637698E-003                  2.4871053158459604E-003                  1.1302711495189117E-022                  0.0000000000000000E+000                  0.0000000000000000E+000 
                                     308                  7.9998150435164483E-001                  1.6684813461074803E-002                  5.0208502890410962E+000                  7.3779157279766041E+000                  6.9354344101533427E-041                  6.3279998737791121E-001                  3.7791766781931398E-005                  3.5496222085530671E-001                  2.1025988500795508E-003                  6.1630907196949883E-004                  5.7221218635412092E-003                  1.2718648985637698E-003                  2.4871053158459604E-003                  1.1606256808567663E-022                  0.0000000000000000E+000                  0.0000000000000000E+000 
                                     309                  7.9998078018865293E-001                  1.6541375223767127E-002                  5.0262609179017499E+000                  7.3820650441413909E+000                  7.3669523432409369E-041                  6.3279998737791121E-001                  3.7791766781931398E-005                  3.5496222085530671E-001                  2.1025988500795508E-003                  6.1630907196949883E-004                  5.7221218635412092E-003                  1.2718648985637698E-003                  2.4871053158459604E-003                  1.1916554057061911E-022                  0.0000000000000000E+000                  0.0000000000000000E+000 
                                     310                  7.9998003051209687E-001                  1.6396511913008231E-002                  5.0316698304004515E+000                  7.3862651493100699E+000                  7.8242901377149776E-041                  6.3279998737791121E-001                  3.7791766781931398E-005                  3.5496222085530671E-001                  2.1025988500795508E-003                  6.1630907196949883E-004                  5.7221218635412092E-003                  1.2718648985637698E-003                  2.4871053158459604E-003                  1.2233724099313550E-022                  0.0000000000000000E+000                  0.0000000000000000E+000 
                                     311                  7.9997925443130657E-001                  1.6250191774574527E-002                  5.0370791584319141E+000                  7.3905155287203952E+000                  8.3089367712671226E-041                  6.3279998737791121E-001                  3.7791766781931398E-005                  3.5496222085530671E-001                  2.1025988500795508E-003                  6.1630907196949883E-004                  5.7221218635412092E-003                  1.2718648985637698E-003                  2.4871053158459604E-003                  1.2557891199898404E-022                  0.0000000000000000E+000                  0.0000000000000000E+000 
                                     312                  7.9997845102485887E-001                  1.6102382547015737E-002                  5.0424908977240879E+000                  7.3948156069824416E+000                  8.8224655598155579E-041                  6.3279998737791121E-001                  3.7791766781931398E-005                  3.5496222085530671E-001                  2.1025988500795508E-003                  6.1630907196949883E-004                  5.7221218635412092E-003                  1.2718648985637698E-003                  2.4871053158459604E-003                  1.2889183601379593E-022                  0.0000000000000000E+000                  0.0000000000000000E+000 
                                     313                  7.9997761933952938E-001                  1.5953051470543052E-002                  5.0479069112988038E+000                  7.3991648141469453E+000                  9.3665376318960389E-041                  6.3279998737791121E-001                  3.7791766781931398E-005                  3.5496222085530671E-001                  2.1025988500795508E-003                  6.1630907196949883E-004                  5.7221218635412092E-003                  1.2718648985637698E-003                  2.4871053158459604E-003                  1.3227731759614673E-022                  0.0000000000000000E+000                  0.0000000000000000E+000 
                                     314                  7.9997675838921034E-001                  1.5802165273890379E-002                  5.0533289292636239E+000                  7.4035625860124199E+000                  9.9429066927877249E-041                  6.3279998737791121E-001                  3.7791766781931398E-005                  3.5496222085530671E-001                  2.1025988500795508E-003                  6.1630907196949883E-004                  5.7221218635412092E-003                  1.2718648985637698E-003                  2.4871053158459604E-003                  1.3573668381501770E-022                  0.0000000000000000E+000                  0.0000000000000000E+000 
                                     315                  7.9997586715379176E-001                  1.5649690160848211E-002                  5.0587585497784024E+000                  7.4080082817380379E+000                  1.0553426046458894E-040                  6.3279998737791121E-001                  3.7791766781931398E-005                  3.5496222085530671E-001                  2.1025988500795508E-003                  6.1630907196949883E-004                  5.7221218635412092E-003                  1.2718648985637698E-003                  2.4871053158459604E-003                  1.3927131182682096E-022                  0.0000000000000000E+000                  0.0000000000000000E+000 
                                     316                  7.9997494457800467E-001                  1.5495591825803566E-002                  5.0641972418947061E+000                  7.4125011908730452E+000                  1.1200054314800804E-040                  6.3279998737791121E-001                  3.7791766781931398E-005                  3.5496222085530671E-001                  2.1025988500795508E-003                  6.1630907196949883E-004                  5.7221218635412092E-003                  1.2718648985637698E-003                  2.4871053158459604E-003                  1.4288263052959652E-022                  0.0000000000000000E+000                  0.0000000000000000E+000 
                                     317                  7.9997398957022670E-001                  1.5339835468098841E-002                  5.0696463489607702E+000                  7.4170406302160545E+000                  1.1884859019134516E-040                  6.3279998737791121E-001                  3.7791766781931398E-005                  3.5496222085530671E-001                  2.1025988500795508E-003                  6.1630907196949883E-004                  5.7221218635412092E-003                  1.2718648985637698E-003                  2.4871053158459604E-003                  1.4657209091151615E-022                  0.0000000000000000E+000                  0.0000000000000000E+000 
                                     318                  7.9997300100124769E-001                  1.5182385772565891E-002                  5.0751070917564540E+000                  7.4216258869198928E+000                  1.2610024064370247E-040                  6.3279998737791121E-001                  3.7791766781931398E-005                  3.5496222085530671E-001                  2.1025988500795508E-003                  6.1630907196949883E-004                  5.7221218635412092E-003                  1.2718648985637698E-003                  2.4871053158459604E-003                  1.5034118612625282E-022                  0.0000000000000000E+000                  0.0000000000000000E+000 
                                     319                  7.9997197770299366E-001                  1.5023206910357943E-002                  5.0805805696147583E+000                  7.4262561628227326E+000                  1.3377858088076171E-040                  6.3279998737791121E-001                  3.7791766781931398E-005                  3.5496222085530671E-001                  2.1025988500795508E-003                  6.1630907196949883E-004                  5.7221218635412092E-003                  1.2718648985637698E-003                  2.4871053158459604E-003                  1.5419147424950077E-022                  0.0000000000000000E+000                  0.0000000000000000E+000 
                                     320                  7.9997091846720891E-001                  1.4862262560990002E-002                  5.0860677619613588E+000                  7.4309306107932098E+000                  1.4190800826446993E-040                  6.3279998737791121E-001                  3.7791766781931398E-005                  3.5496222085530671E-001                  2.1025988500795508E-003                  6.1630907196949883E-004                  5.7221218635412092E-003                  1.2718648985637698E-003                  2.4871053158459604E-003                  1.5812456984100331E-022                  0.0000000000000000E+000                  0.0000000000000000E+000 
                                     321                  7.9996982204409361E-001                  1.4699515922532023E-002                  5.0915695343797562E+000                  7.4356484132319194E+000                  1.5051428097060611E-040                  6.3279998737791121E-001                  3.7791766781931398E-005                  3.5496222085530671E-001                  2.1025988500795508E-003                  6.1630907196949883E-004                  5.7221218635412092E-003                  1.2718648985637698E-003                  2.4871053158459604E-003                  1.6214211748761559E-022                  0.0000000000000000E+000                  0.0000000000000000E+000 
                                     322                  7.9996868714089542E-001                  1.4534929693162026E-002                  5.0970866436129727E+000                  7.4404086963121214E+000                  1.5962462326809349E-040                  6.3279998737791121E-001                  3.7791766781931398E-005                  3.5496222085530671E-001                  2.1025988500795508E-003                  6.1630907196949883E-004                  5.7221218635412092E-003                  1.2718648985637698E-003                  2.4871053158459604E-003                  1.6624582568611599E-022                  0.0000000000000000E+000                  0.0000000000000000E+000 
                                     323                  7.9996751242045627E-001                  1.4368466085072676E-002                  5.1026197372909978E+000                  7.4452105102509183E+000                  1.6926782023641834E-040                  6.3279998737791121E-001                  3.7791766781931398E-005                  3.5496222085530671E-001                  2.1025988500795508E-003                  6.1630907196949883E-004                  5.7221218635412092E-003                  1.2718648985637698E-003                  2.4871053158459604E-003                  1.7043747910312788E-022                  0.0000000000000000E+000                  0.0000000000000000E+000 
                                     324                  7.9996629649970818E-001                  1.4200086847375570E-002                  5.1081693575166218E+000                  7.4500528949971141E+000                  1.7947428569035513E-040                  6.3279998737791121E-001                  3.7791766781931398E-005                  3.5496222085530671E-001                  2.1025988500795508E-003                  6.1630907196949883E-004                  5.7221218635412092E-003                  1.2718648985637698E-003                  2.4871053158459604E-003                  1.7471891696602821E-022                  0.0000000000000000E+000                  0.0000000000000000E+000 
                                     325                  7.9996503794812213E-001                  1.4029753265114134E-002                  5.1137359497758750E+000                  7.4549348955495116E+000                  1.9027614881049352E-040                  6.3279998737791121E-001                  3.7791766781931398E-005                  3.5496222085530671E-001                  2.1025988500795508E-003                  6.1630907196949883E-004                  5.7221218635412092E-003                  1.2718648985637698E-003                  2.4871053158459604E-003                  1.7909202899247940E-022                  0.0000000000000000E+000                  0.0000000000000000E+000 
                                     326                  7.9996373528610221E-001                  1.3857426152667378E-002                  5.1193198670148030E+000                  7.4598555001048155E+000                  2.0170737975347212E-040                  6.3279998737791121E-001                  3.7791766781931398E-005                  3.5496222085530671E-001                  2.1025988500795508E-003                  6.1630907196949883E-004                  5.7221218635412092E-003                  1.2718648985637698E-003                  2.4871053158459604E-003                  1.8355878407047314E-022                  0.0000000000000000E+000                  0.0000000000000000E+000 
                                     327                  7.9996238698332989E-001                  1.3683065872124743E-002                  5.1249213694068683E+000                  7.4648136474896836E+000                  2.1380389702487252E-040                  6.3279998737791121E-001                  3.7791766781931398E-005                  3.5496222085530671E-001                  2.1025988500795508E-003                  6.1630907196949883E-004                  5.7221218635412092E-003                  1.2718648985637698E-003                  2.4871053158459604E-003                  1.8812123212020554E-022                  0.0000000000000000E+000                  0.0000000000000000E+000 
                                     328                  7.9996099145705069E-001                  1.3506632350264272E-002                  5.1305406321267162E+000                  7.4698082924571798E+000                  2.2660365070350033E-040                  6.3279998737791121E-001                  3.7791766781931398E-005                  3.5496222085530671E-001                  2.1025988500795508E-003                  6.1630907196949883E-004                  5.7221218635412092E-003                  1.2718648985637698E-003                  2.4871053158459604E-003                  1.9278147924216164E-022                  0.0000000000000000E+000                  0.0000000000000000E+000 
                                     329                  7.9995954707030592E-001                  1.3328085070214855E-002                  5.1361777550785206E+000                  7.4748383735304200E+000                  2.4014675505607632E-040                  6.3279998737791121E-001                  3.7791766781931398E-005                  3.5496222085530671E-001                  2.1025988500795508E-003                  6.1630907196949883E-004                  5.7221218635412092E-003                  1.2718648985637698E-003                  2.4871053158459604E-003                  1.9754170438176537E-022                  0.0000000000000000E+000                  0.0000000000000000E+000 
                                     330                  7.9995805213010573E-001                  1.3147383076484475E-002                  5.1418327644530155E+000                  7.4799027905205060E+000                  2.5447562836305474E-040                  6.3279998737791121E-001                  3.7791766781931398E-005                  3.5496222085530671E-001                  2.1025988500795508E-003                  6.1630907196949883E-004                  5.7221218635412092E-003                  1.2718648985637698E-003                  2.4871053158459604E-003                  2.0240417364724000E-022                  0.0000000000000000E+000                  0.0000000000000000E+000 
                                     331                  7.9995650488554093E-001                  1.2964484990255064E-002                  5.1475056160175390E+000                  7.4850004322888148E+000                  2.6963511399950748E-040                  6.3279998737791121E-001                  3.7791766781931404E-005                  3.5496222085530671E-001                  2.1025988500795508E-003                  6.1630907196949883E-004                  5.7221218635412092E-003                  1.2718648985637698E-003                  2.4871053158459604E-003                  2.0737123159089611E-022                  0.0000000000000000E+000                  0.0000000000000000E+000 
                                     332                  7.9995490352583454E-001                  1.2779349014255568E-002                  5.1531962062081149E+000                  7.4901302040589375E+000                  2.8567260477601204E-040                  6.3279998737791121E-001                  3.7791766781931404E-005                  3.5496222085530671E-001                  2.1025988500795508E-003                  6.1630907196949883E-004                  5.7221218635412092E-003                  1.2718648985637698E-003                  2.4871053158459604E-003                  2.1244529101755043E-022                  0.0000000000000000E+000                  0.0000000000000000E+000 
                                     333                  7.9995324617832608E-001                  1.2591932926600411E-002                  5.1589043796066427E+000                  7.4952909997672954E+000                  3.0263820781321467E-040                  6.3279998737791121E-001                  3.7791766781931404E-005                  3.5496222085530671E-001                  2.1025988500795508E-003                  6.1630907196949883E-004                  5.7221218635412092E-003                  1.2718648985637698E-003                  2.4871053158459604E-003                  2.1762884929058679E-022                  0.0000000000000000E+000                  0.0000000000000000E+000 
                                     334                  7.9995153090639304E-001                  1.2402194086762788E-002                  5.1646299299639251E+000                  7.5004817024771961E+000                  3.2058490394619275E-040                  6.3279998737791121E-001                  3.7791766781931404E-005                  3.5496222085530671E-001                  2.1025988500795508E-003                  6.1630907196949883E-004                  5.7221218635412092E-003                  1.2718648985637698E-003                  2.4871053158459604E-003                  2.2292449194415366E-022                  0.0000000000000000E+000                  0.0000000000000000E+000 
                                     335                  7.9994975570730131E-001                  1.2210089442165378E-002                  5.1703726084028103E+000                  7.5057012129901866E+000                  3.3956869486817940E-040                  6.3279998737791121E-001                  3.7791766781931404E-005                  3.5496222085530671E-001                  2.1025988500795508E-003                  6.1630907196949883E-004                  5.7221218635412092E-003                  1.2718648985637698E-003                  2.4871053158459604E-003                  2.2833488111264441E-022                  0.0000000000000000E+000                  0.0000000000000000E+000 
                                     336                  7.9994791850998592E-001                  1.2015575522778965E-002                  5.1761321344553455E+000                  7.5109484486043128E+000                  3.5964877759366550E-040                  6.3279998737791121E-001                  3.7791766781931404E-005                  3.5496222085530671E-001                  2.1025988500795508E-003                  6.1630907196949883E-004                  5.7221218635412092E-003                  1.2718648985637698E-003                  2.4871053158459604E-003                  2.3386275850227440E-022                  0.0000000000000000E+000                  0.0000000000000000E+000 
                                     337                  7.9994601717275970E-001                  1.1818608436328745E-002                  5.1819081996685457E+000                  7.5162223364303911E+000                  3.8088773404407815E-040                  6.3279998737791121E-001                  3.7791766781931404E-005                  3.5496222085530671E-001                  2.1025988500795508E-003                  6.1630907196949883E-004                  5.7221218635412092E-003                  1.2718648985637698E-003                  2.4871053158459604E-003                  2.3951095159135589E-022                  0.0000000000000000E+000                  0.0000000000000000E+000 
                                     338                  7.9994404948094500E-001                  1.1619143866641380E-002                  5.1877004712860213E+000                  7.5215218210085171E+000                  4.0335172015014510E-040                  6.3279998737791121E-001                  3.7791766781931404E-005                  3.5496222085530671E-001                  2.1025988500795508E-003                  6.1630907196949883E-004                  5.7221218635412092E-003                  1.2718648985637698E-003                  2.4871053158459604E-003                  2.4528237213403548E-022                  0.0000000000000000E+000                  0.0000000000000000E+000 
                                     339                  7.9994201314442881E-001                  1.1417137068709518E-002                  5.1935086014435994E+000                  7.5268458757596806E+000                  4.2711066026962704E-040                  6.3279998737791121E-001                  3.7791766781931404E-005                  3.5496222085530671E-001                  2.1025988500795508E-003                  6.1630907196949883E-004                  5.7221218635412092E-003                  1.2718648985637698E-003                  2.4871053158459604E-003                  2.5118001181111932E-022                  0.0000000000000000E+000                  0.0000000000000000E+000 
                                     340                  7.9993990579513830E-001                  1.1212542858392627E-002                  5.1993322337587626E+000                  7.5321935028787115E+000                  4.5223846158198265E-040                  6.3279998737791121E-001                  3.7791766781931404E-005                  3.5496222085530671E-001                  2.1025988500795508E-003                  6.1630907196949883E-004                  5.7221218635412092E-003                  1.2718648985637698E-003                  2.4871053158459604E-003                  2.5720694402164638E-022                  0.0000000000000000E+000                  0.0000000000000000E+000 
                                     341                  7.9993772498443205E-001                  1.1005315601845009E-002                  5.2051710050853028E+000                  7.5375637331024574E+000                  4.7881324078632642E-040                  6.3279998737791121E-001                  3.7791766781931404E-005                  3.5496222085530671E-001                  2.1025988500795508E-003                  6.1630907196949883E-004                  5.7221218635412092E-003                  1.2718648985637698E-003                  2.4871053158459604E-003                  2.6336632581519586E-022                  0.0000000000000000E+000                  0.0000000000000000E+000 
                                     342                  7.9993546818040784E-001                  1.0795409204702745E-002                  5.2110245493545913E+000                  7.5429556255887595E+000                  5.0691756338690347E-040                  6.3279998737791121E-001                  3.7791766781931404E-005                  3.5496222085530671E-001                  2.1025988500795508E-003                  6.1630907196949883E-004                  5.7221218635412092E-003                  1.2718648985637698E-003                  2.4871053158459604E-003                  2.6966139972909251E-022                  0.0000000000000000E+000                  0.0000000000000000E+000 
                                     343                  7.9993313276512146E-001                  1.0582777100958179E-002                  5.2168925019849715E+000                  7.5483682734410662E+000                  5.3663868961543293E-040                  6.3279998737791121E-001                  3.7791766781931404E-005                  3.5496222085530671E-001                  2.1025988500795508E-003                  6.1630907196949883E-004                  5.7221218635412092E-003                  1.2718648985637698E-003                  2.4871053158459604E-003                  2.7609549200318007E-022                  0.0000000000000000E+000                  0.0000000000000000E+000 
                                     344                  7.9993071603171528E-001                  1.0367372238693429E-002                  5.2227745018245528E+000                  7.5538008055995363E+000                  5.6806883681509712E-040                  6.3279998737791121E-001                  3.7791766781931404E-005                  3.5496222085530671E-001                  2.1025988500795508E-003                  6.1630907196949883E-004                  5.7221218635412092E-003                  1.2718648985637698E-003                  2.4871053158459604E-003                  2.8267201268611950E-022                  0.0000000000000000E+000                  0.0000000000000000E+000 
                                     345                  7.9992821518145274E-001                  1.0149147064253209E-002                  5.2286701915398002E+000                  7.5592523787186705E+000                  6.0130546926987593E-040                  6.3279998737791121E-001                  3.7791766781931404E-005                  3.5496222085530671E-001                  2.1025988500795508E-003                  6.1630907196949883E-004                  5.7221218635412092E-003                  1.2718648985637698E-003                  2.4871053158459604E-003                  2.8939446242237934E-022                  0.0000000000000000E+000                  0.0000000000000000E+000 
                                     346                  7.9992562732065742E-001                  9.9280535098402248E-003                  5.2345792171973580E+000                  7.5647221743236734E+000                  6.3645159940251834E-040                  6.3279998737791121E-001                  3.7791766781931404E-005                  3.5496222085530671E-001                  2.1025988500795508E-003                  6.1630907196949883E-004                  5.7221218635412092E-003                  1.2718648985637698E-003                  2.4871053158459604E-003                  2.9626643629204947E-022                  0.0000000000000000E+000                  0.0000000000000000E+000 
                                     347                  7.9992294945755238E-001                  9.7040429820923757E-003                  5.2405012284340966E+000                  7.5702094053037126E+000                  6.7361609268523945E-040                  6.3279998737791121E-001                  3.7791766781931404E-005                  3.5496222085530671E-001                  2.1025988500795508E-003                  6.1630907196949883E-004                  5.7221218635412092E-003                  1.2718648985637698E-003                  2.4871053158459604E-003                  3.0329162119565747E-022                  0.0000000000000000E+000                  0.0000000000000000E+000 
                                     348                  7.9992017849899855E-001                  9.4770663468480443E-003                  5.2464358788130907E+000                  7.5757133109494594E+000                  7.1291400571412476E-040                  6.3279998737791121E-001                  3.7791766781931404E-005                  3.5496222085530671E-001                  2.1025988500795508E-003                  6.1630907196949883E-004                  5.7221218635412092E-003                  1.2718648985637698E-003                  2.4871053158459604E-003                  3.1047380116173462E-022                  0.0000000000000000E+000                  0.0000000000000000E+000 
                                     349                  7.9991731124712484E-001                  9.2470739158646790E-003                  5.2523828243215238E+000                  7.5812331439287304E+000                  7.5446695922819992E-040                  6.3279998737791121E-001                  3.7791766781931404E-005                  3.5496222085530671E-001                  2.1025988500795508E-003                  6.1630907196949883E-004                  5.7221218635412092E-003                  1.2718648985637698E-003                  2.4871053158459604E-003                  3.1781686925313417E-022                  0.0000000000000000E+000                  0.0000000000000000E+000 
                                     350                  7.9991434439585107E-001                  9.0140154399913838E-003                  5.2583417219409858E+000                  7.5867681793793995E+000                  7.9840349803707932E-040                  6.3279998737791121E-001                  3.7791766781931404E-005                  3.5496222085530671E-001                  2.1025988500795508E-003                  6.1630907196949883E-004                  5.7221218635412092E-003                  1.2718648985637698E-003                  2.4871053158459604E-003                  3.2532482374648353E-022                  0.0000000000000000E+000                  0.0000000000000000E+000 
                                     351                  7.9991127452729649E-001                  8.7778400972943361E-003                  5.2643122300239886E+000                  7.5923177155999078E+000                  8.4485948305166835E-040                  6.3279998737791121E-001                  3.7791766781931404E-005                  3.5496222085530671E-001                  2.1025988500795508E-003                  6.1630907196949883E-004                  5.7221218635412092E-003                  1.2718648985637698E-003                  2.4871053158459604E-003                  3.3300177002303135E-022                  0.0000000000000000E+000                  0.0000000000000000E+000 
                                     352                  7.9990809810807406E-001                  8.5384964803574565E-003                  5.2702940089330577E+000                  7.5978810601615701E+000                  8.9397853514758659E-040                  6.3279998737791121E-001                  3.7791766781931404E-005                  3.5496222085530671E-001                  2.1025988500795508E-003                  6.1630907196949883E-004                  5.7221218635412092E-003                  1.2718648985637698E-003                  2.4871053158459604E-003                  3.4085193437551192E-022                  0.0000000000000000E+000                  0.0000000000000000E+000 
                                     353                  7.9990481148546311E-001                  8.2959325908431771E-003                  5.2762867215748361E+000                  7.6034575361673253E+000                  9.4591246834842774E-040                  6.3279998737791121E-001                  3.7791766781931404E-005                  3.5496222085530671E-001                  2.1025988500795508E-003                  6.1630907196949883E-004                  5.7221218635412092E-003                  1.2718648985637698E-003                  2.4871053158459604E-003                  3.4887966260384858E-022                  0.0000000000000000E+000                  0.0000000000000000E+000 
                                     354                  7.9990141088345912E-001                  8.0500958305094635E-003                  5.2822900339840606E+000                  7.6090464900839727E+000                  1.0008217405847833E-039                  6.3279998737791121E-001                  3.7791766781931404E-005                  3.5496222085530671E-001                  2.1025988500795508E-003                  6.1630907196949883E-004                  5.7221218635412092E-003                  1.2718648985637698E-003                  2.4871053158459604E-003                  3.5708941661848395E-022                  0.0000000000000000E+000                  0.0000000000000000E+000 
                                     355                  7.9989789239869646E-001                  7.8009329874861770E-003                  5.2883036168725246E+000                  7.6146472825513092E+000                  1.0588759667621735E-039                  6.3279998737791121E-001                  3.7791766781931404E-005                  3.5496222085530671E-001                  2.1025988500795508E-003                  6.1630907196949883E-004                  5.7221218635412092E-003                  1.2718648985637698E-003                  2.4871053158459604E-003                  3.6548578517069298E-022                  0.0000000000000000E+000                  0.0000000000000000E+000 
                                     356                  7.9989425199623876E-001                  7.5483902273266431E-003                  5.2943271484330561E+000                  7.6202592866057461E+000                  1.1202544475660345E-039                  6.3279998737791121E-001                  3.7791766781931404E-005                  3.5496222085530671E-001                  2.1025988500795508E-003                  6.1630907196949883E-004                  5.7221218635412092E-003                  1.2718648985637698E-003                  2.4871053158459604E-003                  3.7407348897717301E-022                  0.0000000000000000E+000                  0.0000000000000000E+000 
                                     357                  7.9989048550523567E-001                  7.2924130848711702E-003                  5.3003603162869020E+000                  7.6258819020337203E+000                  1.1851466854691521E-039                  6.3279998737791121E-001                  3.7791766781931404E-005                  3.5496222085530671E-001                  2.1025988500795508E-003                  6.1630907196949883E-004                  5.7221218635412092E-003                  1.2718648985637698E-003                  2.4871053158459604E-003                  3.8285737134395004E-022                  0.0000000000000000E+000                  0.0000000000000000E+000 
                                     358                  7.9988658861443895E-001                  7.0329464473533393E-003                  5.3064028185142780E+000                  7.6315145517455987E+000                  2.9500861968826795E-039                  6.3279998737791121E-001                  3.7791766781931404E-005                  3.5496222085530671E-001                  2.1025988500795508E-003                  6.1630907196949883E-004                  5.7221218635412092E-003                  1.2718648985637698E-003                  2.4871053158459604E-003                  4.9224537432252615E-022                  0.0000000000000000E+000                  0.0000000000000000E+000 
                                     359                  7.9988255686757970E-001                  6.7699345389192790E-003                  5.3124543659462242E+000                  7.6371566722748119E+000                  8.1466512383426326E-039                  6.3279998737791121E-001                  3.7791766781931404E-005                  3.5496222085530671E-001                  2.1025988500795508E-003                  6.1630907196949883E-004                  5.7221218635412092E-003                  1.2718648985637698E-003                  2.4871053158459604E-003                  6.5061853732384305E-022                  0.0000000000000000E+000                  0.0000000000000000E+000 
                                     360                  7.9987838565859504E-001                  6.5033209103095239E-003                  5.3185146843399718E+000                  7.6428077279006494E+000                  2.2426375872489468E-038                  6.3279998737791121E-001                  3.7791766781931404E-005                  3.5496222085530671E-001                  2.1025988500795508E-003                  6.1630907196949883E-004                  5.7221218635412092E-003                  1.2718648985637698E-003                  2.4871053158459604E-003                  8.5918930355775679E-022                  0.0000000000000000E+000                  0.0000000000000000E+000 
                                     361                  7.9987407022670320E-001                  6.2330484194435560E-003                  5.3245835151287899E+000                  7.6484672126132232E+000                  6.1540092025164445E-038                  6.3279998737791121E-001                  3.7791766781931404E-005                  3.5496222085530671E-001                  2.1025988500795508E-003                  6.1630907196949883E-004                  5.7221218635412092E-003                  1.2718648985637698E-003                  2.4871053158459604E-003                  1.1336135171972444E-021                  0.0000000000000000E+000                  0.0000000000000000E+000 
                                     362                  7.9986960565132137E-001                  5.9590592098333617E-003                  5.3306606157748115E+000                  7.6541346389854583E+000                  1.6832988219499111E-037                  6.3279998737791121E-001                  3.7791766781931404E-005                  3.5496222085530671E-001                  2.1025988500795508E-003                  6.1630907196949883E-004                  5.7221218635412092E-003                  1.2718648985637698E-003                  2.4871053158459604E-003                  1.4943466279765975E-021                  0.0000000000000000E+000                  0.0000000000000000E+000 
                                     363                  7.9986498684682017E-001                  5.6812946950506142E-003                  5.3367457600584922E+000                  7.6598095436141751E+000                  4.5893872898700673E-037                  6.3279998737791121E-001                  3.7791766781931404E-005                  3.5496222085530671E-001                  2.1025988500795508E-003                  6.1630907196949883E-004                  5.7221218635412092E-003                  1.2718648985637698E-003                  2.4871053158459604E-003                  1.9680887052704509E-021                  0.0000000000000000E+000                  0.0000000000000000E+000 
                                     364                  7.9986020855711215E-001                  5.3996955390417370E-003                  5.3428387383930840E+000                  7.6654914927237989E+000                  1.2471720692017774E-036                  6.3279998737791121E-001                  3.7791766781931404E-005                  3.5496222085530671E-001                  2.1025988500795508E-003                  6.1630907196949883E-004                  5.7221218635412092E-003                  1.2718648985637698E-003                  2.4871053158459604E-003                  2.5896563724554294E-021                  0.0000000000000000E+000                  0.0000000000000000E+000 
                                     365                  7.9985526535006657E-001                  5.1142016318598479E-003                  5.3489393571334709E+000                  7.6711800741474017E+000                  3.3780440093003749E-036                  6.3279998737791121E-001                  3.7791766781931404E-005                  3.5496222085530671E-001                  2.1025988500795508E-003                  6.1630907196949883E-004                  5.7221218635412092E-003                  1.2718648985637698E-003                  2.4871053158459604E-003                  3.4044053337296151E-021                  0.0000000000000000E+000                  0.0000000000000000E+000 
                                     366                  7.9985015161174711E-001                  4.8247520695399249E-003                  5.3550474367428409E+000                  7.6768748939474296E+000                  9.1193046951098883E-036                  6.3279998737791121E-001                  3.7791766781931404E-005                  3.5496222085530671E-001                  2.1025988500795508E-003                  6.1630907196949883E-004                  5.7221218635412092E-003                  1.2718648985637698E-003                  2.4871053158459604E-003                  4.4713620576781284E-021                  0.0000000000000000E+000                  0.0000000000000000E+000 
                                     367                  7.9984486154046586E-001                  4.5312851353754456E-003                  5.3611628109130285E+000                  7.6825755819387584E+000                  2.4536182329844147E-035                  6.3279998737791121E-001                  3.7791766781931404E-005                  3.5496222085530671E-001                  2.1025988500795508E-003                  6.1630907196949883E-004                  5.7221218635412092E-003                  1.2718648985637698E-003                  2.4871053158459604E-003                  5.8672682241080501E-021                  0.0000000000000000E+000                  0.0000000000000000E+000 
                                     368                  7.9983938914064912E-001                  4.2337382766438935E-003                  5.3672853260244411E+000                  7.6882817877179166E+000                  6.5795098404579005E-035                  6.3279998737791121E-001                  3.7791766781931404E-005                  3.5496222085530671E-001                  2.1025988500795508E-003                  6.1630907196949883E-004                  5.7221218635412092E-003                  1.2718648985637698E-003                  2.4871053158459604E-003                  7.6917988626181613E-021                  0.0000000000000000E+000                  0.0000000000000000E+000 
                                     369                  7.9983372821650978E-001                  3.9320480830235226E-003                  5.3734148387643730E+000                  7.6939931731246896E+000                  1.7583878125114830E-034                  6.3279998737791121E-001                  3.7791766781931404E-005                  3.5496222085530671E-001                  2.1025988500795508E-003                  6.1630907196949883E-004                  5.7221218635412092E-003                  1.2718648985637698E-003                  2.4871053158459604E-003                  1.0074287270221229E-020                  0.0000000000000000E+000                  0.0000000000000000E+000 
                                     370                  7.9982787236552533E-001                  3.6261502694014719E-003                  5.3795512142508066E+000                  7.6997094156631460E+000                  4.6834330534292977E-034                  6.3279998737791121E-001                  3.7791766781931404E-005                  3.5496222085530671E-001                  2.1025988500795508E-003                  6.1630907196949883E-004                  5.7221218635412092E-003                  1.2718648985637698E-003                  2.4871053158459604E-003                  1.3182382933723138E-020                  0.0000000000000000E+000                  0.0000000000000000E+000 
                                     371                  7.9982181497171123E-001                  3.3159796556468152E-003                  5.3856943257801344E+000                  7.7054302075893091E+000                  1.2431889914879208E-033                  6.3279998737791121E-001                  3.7791766781931404E-005                  3.5496222085530671E-001                  2.1025988500795508E-003                  6.1630907196949883E-004                  5.7221218635412092E-003                  1.2718648985637698E-003                  2.4871053158459604E-003                  1.7233187674173508E-020                  0.0000000000000000E+000                  0.0000000000000000E+000 
                                     372                  7.9981554919868225E-001                  3.0014701462579602E-003                  5.3918440534070138E+000                  7.7111552490001634E+000                  3.2887323923319183E-033                  6.3279998737791121E-001                  3.7791766781931404E-005                  3.5496222085530671E-001                  2.1025988500795508E-003                  6.1630907196949883E-004                  5.7221218635412092E-003                  1.2718648985637698E-003                  2.4871053158459604E-003                  2.2507563757130893E-020                  0.0000000000000000E+000                  0.0000000000000000E+000 
                                     373                  7.9980906798249607E-001                  2.6825547143121569E-003                  5.3980002823157065E+000                  7.7168842499945072E+000                  8.6703018157701522E-033                  6.3279998737791121E-001                  3.7791766781931404E-005                  3.5496222085530671E-001                  2.1025988500795508E-003                  6.1630907196949883E-004                  5.7221218635412092E-003                  1.2718648985637698E-003                  2.4871053158459604E-003                  2.9368497820267976E-020                  0.0000000000000000E+000                  0.0000000000000000E+000 
                                     374                  7.9980236402427241E-001                  2.3591653833556470E-003                  5.4041629025879772E+000                  7.7226169315910154E+000                  2.2779822537944596E-032                  6.3279998737791121E-001                  3.7791766781931404E-005                  3.5496222085530671E-001                  2.1025988500795508E-003                  6.1630907196949883E-004                  5.7221218635412092E-003                  1.2718648985637698E-003                  2.4871053158459604E-003                  3.8284648036615843E-020                  0.0000000000000000E+000                  0.0000000000000000E+000 
                                     375                  7.9979542978257800E-001                  2.0312332080200811E-003                  5.4103318089608194E+000                  7.7283530202495463E+000                  5.9644941170734666E-032                  6.3279998737791121E-001                  3.7791766781931404E-005                  3.5496222085530671E-001                  2.1025988500795508E-003                  6.1630907196949883E-004                  5.7221218635412092E-003                  1.2718648985637698E-003                  2.4871053158459604E-003                  4.9860506736682669E-020                  0.0000000000000000E+000                  0.0000000000000000E+000 
                                     376                  7.9978825746557569E-001                  1.6986882581814474E-003                  5.4165069003005515E+000                  7.7340922490558315E+000                  1.5563279050896117E-031                  6.3279998737791121E-001                  3.7791766781931404E-005                  3.5496222085530671E-001                  2.1025988500795508E-003                  6.1630907196949883E-004                  5.7221218635412092E-003                  1.2718648985637698E-003                  2.4871053158459604E-003                  6.4874995823339199E-020                  0.0000000000000000E+000                  0.0000000000000000E+000 
                                     377                  7.9978083902292540E-001                  1.3614596018164066E-003                  5.4226880795087160E+000                  7.7398343605845934E+000                  4.0469714133321545E-031                  6.3279998737791121E-001                  3.7791766781931404E-005                  3.5496222085530671E-001                  2.1025988500795508E-003                  6.1630907196949883E-004                  5.7221218635412092E-003                  1.2718648985637698E-003                  2.4871053158459604E-003                  8.4330803706021185E-020                  0.0000000000000000E+000                  0.0000000000000000E+000 
                                     378                  7.9977316613743221E-001                  1.0194752851419263E-003                  5.4288752538451570E+000                  7.7455791029850598E+000                  1.0487177090446240E-030                  6.3279998737791121E-001                  3.7791766781931404E-005                  3.5496222085530671E-001                  2.1025988500795508E-003                  6.1630907196949883E-004                  5.7221218635412092E-003                  1.2718648985637698E-003                  2.4871053158459604E-003                  1.0951739253997854E-019                  0.0000000000000000E+000                  0.0000000000000000E+000 
                                     379                  7.9976523021643386E-001                  6.7266231524204805E-004                  5.4350683353918674E+000                  7.7513262292389236E+000                  2.7082247226898192E-030                  6.3279998737791121E-001                  3.7791766781931404E-005                  3.5496222085530671E-001                  2.1025988500795508E-003                  6.1630907196949883E-004                  5.7221218635412092E-003                  1.2718648985637698E-003                  2.4871053158459604E-003                  1.4209138125371497E-019                  0.0000000000000000E+000                  0.0000000000000000E+000 
                                     380                  7.9975702238292357E-001                  3.2094664285306084E-004                  5.4412672413595269E+000                  7.7570755015521717E+000                  6.9695865603616751E-030                  6.3279998737791121E-001                  3.7791766781931404E-005                  3.5496222085530671E-001                  2.1025988500795508E-003                  6.1630907196949883E-004                  5.7221218635412092E-003                  1.2718648985637698E-003                  2.4871053158459604E-003                  1.8417899213973088E-019                  0.0000000000000000E+000                  0.0000000000000000E+000 
                                     381                  7.9974853346640651E-001                 -3.5746858874314754E-005                  5.4474718944910778E+000                  7.7628266890112849E+000                  1.7874122206312642E-029                  6.3279998737791121E-001                  3.7791766781931404E-005                  3.5496222085530671E-001                  2.1025988500795508E-003                  6.1630907196949883E-004                  5.7221218635412092E-003                  1.2718648985637698E-003                  2.4871053158459604E-003                  2.3850649329552266E-019                  0.0000000000000000E+000                  0.0000000000000000E+000 
                                     382                  7.9973975399347641E-001                 -3.9749441434834331E-004                  5.4536822240733445E+000                  7.7685795653472649E+000                  4.5681177638706670E-029                  6.3279998737791121E-001                  3.7791766781931404E-005                  3.5496222085530671E-001                  2.1025988500795508E-003                  6.1630907196949883E-004                  5.7221218635412092E-003                  1.2718648985637698E-003                  2.4871053158459604E-003                  3.0856612914306364E-019                  0.0000000000000000E+000                  0.0000000000000000E+000 
                                     383                  7.9973067417810118E-001                 -7.6437336419630088E-004                  5.4598981667612323E+000                  7.7743339148393815E+000                  1.1634424091487432E-028                  6.3279998737791121E-001                  3.7791766781931404E-005                  3.5496222085530671E-001                  2.1025988500795508E-003                  6.1630907196949883E-004                  5.7221218635412092E-003                  1.2718648985637698E-003                  2.4871053158459604E-003                  3.9882698328183354E-019                  0.0000000000000000E+000                  0.0000000000000000E+000 
                                     384                  7.9972128391160768E-001                 -1.1364621894452208E-003                  5.4661196669589476E+000                  7.7800895319511163E+000                  2.9528958011920806E-028                  6.3279998737791121E-001                  3.7791766781931404E-005                  3.5496222085530671E-001                  2.1025988500795508E-003                  6.1630907196949883E-004                  5.7221218635412092E-003                  1.2718648985637698E-003                  2.4871053158459604E-003                  5.1500268364184520E-019                  0.0000000000000000E+000                  0.0000000000000000E+000 
                                     385                  7.9971157275235838E-001                 -1.5138405362290863E-003                  5.4723466779268106E+000                  7.7858462178687597E+000                  7.4687550120458421E-028                  6.3279998737791121E-001                  3.7791766781931404E-005                  3.5496222085530671E-001                  2.1025988500795508E-003                  6.1630907196949883E-004                  5.7221218635412092E-003                  1.2718648985637698E-003                  2.4871053158459604E-003                  6.6439097612658799E-019                  0.0000000000000000E+000                  0.0000000000000000E+000 
                                     386                  7.9970152991511001E-001                 -1.8965892382962362E-003                  5.4785791629615668E+000                  7.7916037860253065E+000                  1.8825524513667887E-027                  6.3279998737791121E-001                  3.7791766781931404E-005                  3.5496222085530671E-001                  2.1025988500795508E-003                  6.1630907196949883E-004                  5.7221218635412092E-003                  1.2718648985637698E-003                  2.4871053158459604E-003                  8.5630404316956639E-019                  0.0000000000000000E+000                  0.0000000000000000E+000 
                                     387                  7.9969114426004417E-001                 -2.2847903451236324E-003                  5.4848170958268661E+000                  7.7973620632721534E+000                  4.7287594188558403E-027                  6.3279998737791121E-001                  3.7791766781931404E-005                  3.5496222085530671E-001                  2.1025988500795508E-003                  6.1630907196949883E-004                  5.7221218635412092E-003                  1.2718648985637698E-003                  2.4871053158459604E-003                  1.1026133041550505E-018                  0.0000000000000000E+000                  0.0000000000000000E+000 
                                     388                  7.9968040428146125E-001                 -2.6785271521425598E-003                  5.4910604612582929E+000                  7.8031208855894212E+000                  1.1837279712820609E-026                  6.3279998737791121E-001                  3.7791766781931404E-005                  3.5496222085530671E-001                  2.1025988500795508E-003                  6.1630907196949883E-004                  5.7221218635412092E-003                  1.2718648985637698E-003                  2.4871053158459604E-003                  1.4184385628513263E-018                  0.0000000000000000E+000                  0.0000000000000000E+000 
                                     389                  7.9966929809612664E-001                 -3.0778842281856495E-003                  5.4973092555942946E+000                  7.8088801012374089E+000                  2.9530105324761654E-026                  6.3279998737791121E-001                  3.7791766781931404E-005                  3.5496222085530671E-001                  2.1025988500795508E-003                  6.1630907196949883E-004                  5.7221218635412092E-003                  1.2718648985637698E-003                  2.4871053158459604E-003                  1.8230189317130514E-018                  0.0000000000000000E+000                  0.0000000000000000E+000 
                                     390                  7.9965781343126385E-001                 -3.4829474468049313E-003                  5.5035634871016246E+000                  7.8146395726539399E+000                  7.3416076683582795E-026                  6.3279998737791121E-001                  3.7791766781931404E-005                  3.5496222085530671E-001                  2.1025988500795508E-003                  6.1630907196949883E-004                  5.7221218635412092E-003                  1.2718648985637698E-003                  2.4871053158459604E-003                  2.3408125155487119E-018                  0.0000000000000000E+000                  0.0000000000000000E+000 
                                     391                  7.9964593761219716E-001                 -3.8938040205653943E-003                  5.5098231755406468E+000                  7.8203991713449330E+000                  1.8190122876139573E-025                  6.3279998737791121E-001                  3.7791766781931404E-005                  3.5496222085530671E-001                  2.1025988500795508E-003                  6.1630907196949883E-004                  5.7221218635412092E-003                  1.2718648985637698E-003                  2.4871053158459604E-003                  3.0028836808430064E-018                  0.0000000000000000E+000                  0.0000000000000000E+000 
                                     392                  7.9963365754962967E-001                 -4.3105425317905314E-003                  5.5160883511853145E+000                  7.8261587775008774E+000                  4.4916334314213060E-025                  6.3279998737791121E-001                  3.7791766781931404E-005                  3.5496222085530671E-001                  2.1025988500795508E-003                  6.1630907196949883E-004                  5.7221218635412092E-003                  1.2718648985637698E-003                  2.4871053158459604E-003                  3.8486515236072434E-018                  0.0000000000000000E+000                  0.0000000000000000E+000 
                                     393                  7.9962095972653691E-001                 -4.7332529639914347E-003                  5.5223590543571195E+000                  7.8319182830220324E+000                  1.1053594479484709E-024                  6.3279998737791121E-001                  3.7791766781931404E-005                  3.5496222085530671E-001                  2.1025988500795508E-003                  6.1630907196949883E-004                  5.7221218635412092E-003                  1.2718648985637698E-003                  2.4871053158459604E-003                  4.9280916864585774E-018                  0.0000000000000000E+000                  0.0000000000000000E+000 
                                     394                  7.9960783018466486E-001                 -5.1620267373544372E-003                  5.5286353344912333E+000                  7.8376775877385105E+000                  2.7110667669852258E-024                  6.3279998737791121E-001                  3.7791766781931404E-005                  3.5496222085530671E-001                  2.1025988500795508E-003                  6.1630907196949883E-004                  5.7221218635412092E-003                  1.2718648985637698E-003                  2.4871053158459604E-003                  6.3045066775273487E-018                  0.0000000000000000E+000                  0.0000000000000000E+000 
                                     395                  7.9959425451062049E-001                 -5.5969567417706190E-003                  5.5349172478023645E+000                  7.8434365958561063E+000                  6.6270698617778109E-024                  6.3279998737791121E-001                  3.7791766781931404E-005                  3.5496222085530671E-001                  2.1025988500795508E-003                  6.1630907196949883E-004                  5.7221218635412092E-003                  1.2718648985637698E-003                  2.4871053158459604E-003                  8.0580080189770372E-018                  0.0000000000000000E+000                  0.0000000000000000E+000 
                                     396                  7.9958021782154309E-001                 -6.0381373673588177E-003                  5.5412048556925182E+000                  7.8491952180582265E+000                  1.6145628561230962E-023                  6.3279998737791121E-001                  3.7791766781931404E-005                  3.5496222085530671E-001                  2.1025988500795508E-003                  6.1630907196949883E-004                  5.7221218635412092E-003                  1.2718648985637698E-003                  2.4871053158459604E-003                  1.0289889502891788E-017                  0.0000000000000000E+000                  0.0000000000000000E+000 
                                     397                  7.9956570475034472E-001                 -6.4856645380403383E-003                  5.5474982238557518E+000                  7.8549533696169540E+000                  3.9205598396471301E-023                  6.3279998737791121E-001                  3.7791766781931404E-005                  3.5496222085530671E-001                  2.1025988500795508E-003                  6.1630907196949883E-004                  5.7221218635412092E-003                  1.2718648985637698E-003                  2.4871053158459604E-003                  1.3128115051314738E-017                  0.0000000000000000E+000                  0.0000000000000000E+000 
                                     398                  7.9955069943050516E-001                 -6.9396357442113605E-003                  5.5537974200101408E+000                  7.8607109665631540E+000                  9.4887394835726305E-023                  6.3279998737791121E-001                  3.7791766781931404E-005                  3.5496222085530671E-001                  2.1025988500795508E-003                  6.1630907196949883E-004                  5.7221218635412092E-003                  1.2718648985637698E-003                  2.4871053158459604E-003                  1.6734198381746459E-017                  0.0000000000000000E+000                  0.0000000000000000E+000 
                                     399                  7.9953518548041314E-001                 -7.4001500723213974E-003                  5.5601025119961474E+000                  7.8664679258189736E+000                  2.2889901270958357E-022                  6.3279998737791121E-001                  3.7791766781931404E-005                  3.5496222085530671E-001                  2.1025988500795508E-003                  6.1630907196949883E-004                  5.7221218635412092E-003                  1.2718648985637698E-003                  2.4871053158459604E-003                  2.1311820065737105E-017                  0.0000000000000000E+000                  0.0000000000000000E+000 
                                     400                  7.9951914598724583E-001                 -7.8673082352990614E-003                  5.5664135671648713E+000                  7.8722241639410795E+000                  5.5037881761678180E-022                  6.3279998737791121E-001                  3.7791766781931404E-005                  3.5496222085530671E-001                  2.1025988500795508E-003                  6.1630907196949883E-004                  5.7221218635412092E-003                  1.2718648985637698E-003                  2.4871053158459604E-003                  2.7117612035003982E-017                  0.0000000000000000E+000                  0.0000000000000000E+000 
                                     401                  7.9950256349039928E-001                 -8.3412126023434691E-003                  5.5727306513727983E+000                  7.8779795952127794E+000                  1.3190742180988629E-021                  6.3279998737791121E-001                  3.7791766781931404E-005                  3.5496222085530671E-001                  2.1025988500795508E-003                  6.1630907196949883E-004                  5.7221218635412092E-003                  1.2718648985637698E-003                  2.4871053158459604E-003                  3.4474642256433136E-017                  0.0000000000000000E+000                  0.0000000000000000E+000 
                                     402                  7.9948541996443778E-001                 -8.8219672272611439E-003                  5.5790538280332376E+000                  7.8837341314624680E+000                  3.1511831179731144E-021                  6.3279998737791121E-001                  3.7791766781931404E-005                  3.5496222085530671E-001                  2.1025988500795508E-003                  6.1630907196949883E-004                  5.7221218635412092E-003                  1.2718648985637698E-003                  2.4871053158459604E-003                  4.3789260683879373E-017                  0.0000000000000000E+000                  0.0000000000000000E+000 
                                     403                  7.9946769680154306E-001                 -9.3096778771213987E-003                  5.5853831578728439E+000                  7.8894876820727129E+000                  7.5038093929263045E-021                  6.3279998737791121E-001                  3.7791766781931404E-005                  3.5496222085530671E-001                  2.1025988500795508E-003                  6.1630907196949883E-004                  5.7221218635412092E-003                  1.2718648985637698E-003                  2.4871053158459604E-003                  5.5572127021715342E-017                  0.0000000000000000E+000                  0.0000000000000000E+000 
                                     404                  7.9944937479344591E-001                 -9.8044520614406442E-003                  5.5917186991165266E+000                  7.8952401542214021E+000                  1.7811497386232625E-020                  6.3279998737791121E-001                  3.7791766781931404E-005                  3.5496222085530671E-001                  2.1025988500795508E-003                  6.1630907196949883E-004                  5.7221218635412092E-003                  1.2718648985637698E-003                  2.4871053158459604E-003                  7.0464436293661878E-017                  0.0000000000000000E+000                  0.0000000000000000E+000 
                                     405                  7.9943043411282744E-001                 -1.0306399062177037E-002                  5.5980605078033916E+000                  7.9009914533433649E+000                  4.2144033883402378E-020                  6.3279998737791121E-001                  3.7791766781931404E-005                  3.5496222085530671E-001                  2.1025988500795508E-003                  6.1630907196949883E-004                  5.7221218635412092E-003                  1.2718648985637698E-003                  2.4871053158459604E-003                  8.9270598866852706E-017                  0.0000000000000000E+000                  0.0000000000000000E+000 
                                     406                  7.9941085429417424E-001                 -1.0815629964829463E-002                  5.6044086379522371E+000                  7.9067414833292355E+000                  9.9402002086504823E-020                  6.3279998737791121E-001                  3.7791766781931404E-005                  3.5496222085530671E-001                  2.1025988500795508E-003                  6.1630907196949883E-004                  5.7221218635412092E-003                  1.2718648985637698E-003                  2.4871053158459604E-003                  1.1299892857913927E-016                  0.0000000000000000E+000                  0.0000000000000000E+000 
                                     407                  7.9939061421407254E-001                 -1.1332257690389787E-002                  5.6107631421624564E+000                  7.9124901471252373E+000                  2.3371348695592013E-019                  6.3279998737791121E-001                  3.7791766781931398E-005                  3.5496222085530671E-001                  2.1025988500795508E-003                  6.1630907196949883E-004                  5.7221218635412092E-003                  1.2718648985637698E-003                  2.4871053158459604E-003                  1.4291226086678989E-016                  0.0000000000000000E+000                  0.0000000000000000E+000 
                                     408                  7.9936969207092423E-001                 -1.1856397028668947E-002                  5.6171240725232616E+000                  7.9182373475358387E+000                  5.4778257349990335E-019                  6.3279998737791121E-001                  3.7791766781931398E-005                  3.5496222085530671E-001                  2.1025988500795508E-003                  6.1630907196949883E-004                  5.7221218635412092E-003                  1.2718648985637698E-003                  2.4871053158459604E-003                  1.8059087283746208E-016                  0.0000000000000000E+000                  0.0000000000000000E+000 
                                     409                  7.9934806536408309E-001                 -1.2388164673325605E-002                  5.6234914810575134E+000                  7.9239829869339413E+000                  1.2798955390237804E-018                  6.3279998737791121E-001                  3.7791766781931398E-005                  3.5496222085530671E-001                  2.1025988500795508E-003                  6.1630907196949883E-004                  5.7221218635412092E-003                  1.2718648985637698E-003                  2.4871053158459604E-003                  2.2801062803133605E-016                  0.0000000000000000E+000                  0.0000000000000000E+000 
                                     410                  7.9932571087242499E-001                 -1.2927679257347172E-002                  5.6298654202950491E+000                  7.9297269670799135E+000                  2.9811839862430902E-018                  6.3279998737791121E-001                  3.7791766781931398E-005                  3.5496222085530671E-001                  2.1025988500795508E-003                  6.1630907196949883E-004                  5.7221218635412092E-003                  1.2718648985637698E-003                  2.4871053158459604E-003                  2.8763995358020758E-016                  0.0000000000000000E+000                  0.0000000000000000E+000 
                                     411                  7.9930260463232494E-001                 -1.3475061389112865E-002                  5.6362459442358404E+000                  7.9354691902182841E+000                  6.9224066196496783E-018                  6.3279998737791121E-001                  3.7791766781931398E-005                  3.5496222085530671E-001                  2.1025988500795508E-003                  6.1630907196949883E-004                  5.7221218635412092E-003                  1.2718648985637698E-003                  2.4871053158459604E-003                  3.6256009485434630E-016                  0.0000000000000000E+000                  0.0000000000000000E+000 
                                     412                  7.9927872191500382E-001                 -1.4030433690676497E-002                  5.6426331089108475E+000                  7.9412095601184696E+000                  1.6024543640868420E-017                  6.3279998737791121E-001                  3.7791766781931398E-005                  3.5496222085530671E-001                  2.1025988500795508E-003                  6.1630907196949883E-004                  5.7221218635412092E-003                  1.2718648985637698E-003                  2.4871053158459604E-003                  4.5661411050140954E-016                  0.0000000000000000E+000                  0.0000000000000000E+000 
                                     413                  7.9925403720322785E-001                 -1.4593920838345481E-002                  5.6490269728600584E+000                  7.9469479819726994E+000                  3.6981174464203020E-017                  6.3279998737791121E-001                  3.7791766781931398E-005                  3.5496222085530671E-001                  2.1025988500795508E-003                  6.1630907196949883E-004                  5.7221218635412092E-003                  1.2718648985637698E-003                  2.4871053158459604E-003                  5.7459133448540137E-016                  0.0000000000000000E+000                  0.0000000000000000E+000 
                                     414                  7.9922852416734236E-001                 -1.5165649604200910E-002                  5.6554275979973267E+000                  7.9526843631732600E+000                  8.5084125636898072E-017                  6.3279998737791121E-001                  3.7791766781931398E-005                  3.5496222085530671E-001                  2.1025988500795508E-003                  6.1630907196949883E-004                  5.7221218635412092E-003                  1.2718648985637698E-003                  2.4871053158459604E-003                  7.2245557800857578E-016                  0.0000000000000000E+000                  0.0000000000000000E+000 
                                     415                  7.9920215564062225E-001                 -1.5745748899757460E-002                  5.6618350502073644E+000                  7.9584186148397862E+000                  1.9516220156015232E-016                  6.3279998737791121E-001                  3.7791766781931398E-005                  3.5496222085530671E-001                  2.1025988500795508E-003                  6.1630907196949883E-004                  5.7221218635412092E-003                  1.2718648985637698E-003                  2.4871053158459604E-003                  9.0762721744717711E-016                  0.0000000000000000E+000                  0.0000000000000000E+000 
                                     416                  7.9917490359392129E-001                 -1.6334349822910380E-002                  5.6682493997328756E+000                  7.9641506515135010E+000                  4.4630204934216771E-016                  6.3279998737791121E-001                  3.7791766781931398E-005                  3.5496222085530671E-001                  2.1025988500795508E-003                  6.1630907196949883E-004                  5.7221218635412092E-003                  1.2718648985637698E-003                  2.4871053158459604E-003                  1.1393316298934860E-015                  0.0000000000000000E+000                  0.0000000000000000E+000 
                                     417                  7.9914673910960055E-001                 -1.6931585705873844E-002                  5.6746707218662058E+000                  7.9698803907837954E+000                  1.0175480335968834E-015                  6.3279998737791121E-001                  3.7791766781931398E-005                  3.5496222085530671E-001                  2.1025988500795508E-003                  6.1630907196949883E-004                  5.7221218635412092E-003                  1.2718648985637698E-003                  2.4871053158459604E-003                  1.4290292740634837E-015                  0.0000000000000000E+000                  0.0000000000000000E+000 
                                     418                  7.9911763235475453E-001                 -1.7537592164029739E-002                  5.6810990974937017E+000                  7.9756077543782080E+000                  2.3130280255780343E-015                  6.3279998737791121E-001                  3.7791766781931398E-005                  3.5496222085530671E-001                  2.1025988500795508E-003                  6.1630907196949883E-004                  5.7221218635412092E-003                  1.2718648985637698E-003                  2.4871053158459604E-003                  1.7909461410639197E-015                  0.0000000000000000E+000                  0.0000000000000000E+000 
                                     419                  7.9908755255374020E-001                 -1.8152507147765777E-002                  5.6875346134078866E+000                  7.9813326678195953E+000                  5.2422062210730973E-015                  6.3279998737791121E-001                  3.7791766781931398E-005                  3.5496222085530671E-001                  2.1025988500795508E-003                  6.1630907196949883E-004                  5.7221218635412092E-003                  1.2718648985637698E-003                  2.4871053158459604E-003                  2.2427275264472747E-015                  0.0000000000000000E+000                  0.0000000000000000E+000 
                                     420                  7.9905646795995333E-001                 -1.8776470995432885E-002                  5.6939773628373986E+000                  7.9870550599371990E+000                  1.1845736799131293E-014                  6.3279998737791121E-001                  3.7791766781931398E-005                  3.5496222085530671E-001                  2.1025988500795508E-003                  6.1630907196949883E-004                  5.7221218635412092E-003                  1.2718648985637698E-003                  2.4871053158459604E-003                  2.8062432405824032E-015                  0.0000000000000000E+000                  0.0000000000000000E+000 
                                     421                  7.9902434582681858E-001                 -1.9409626487224257E-002                  5.7004274459257678E+000                  7.9927748651759796E+000                  2.6689020247368974E-014                  6.3279998737791121E-001                  3.7791766781931398E-005                  3.5496222085530671E-001                  2.1025988500795508E-003                  6.1630907196949883E-004                  5.7221218635412092E-003                  1.2718648985637698E-003                  2.4871053158459604E-003                  3.5085786094013857E-015                  0.0000000000000000E+000                  0.0000000000000000E+000 
                                     422                  7.9899115237797425E-001                 -2.0052118904114957E-002                  5.7068849699622222E+000                  7.9984920235526369E+000                  5.9956162295634662E-014                  6.3279998737791121E-001                  3.7791766781931398E-005                  3.5496222085530671E-001                  2.1025988500795508E-003                  6.1630907196949883E-004                  5.7221218635412092E-003                  1.2718648985637698E-003                  2.4871053158459604E-003                  4.3832532913081426E-015                  0.0000000000000000E+000                  0.0000000000000000E+000 
                                     423                  7.9895685277662931E-001                 -2.0704096088694973E-002                  5.7133500495507343E+000                  8.0042064793130869E+000                  1.3429937672162876E-013                  6.3279998737791121E-001                  3.7791766781931398E-005                  3.5496222085530671E-001                  2.1025988500795508E-003                  6.1630907196949883E-004                  5.7221218635412092E-003                  1.2718648985637698E-003                  2.4871053158459604E-003                  5.4717192690976715E-015                  0.0000000000000000E+000                  0.0000000000000000E+000 
                                     424                  7.9892141109407233E-001                 -2.1365708505984786E-002                  5.7198228067641939E+000                  8.0099181830647890E+000                  2.9995889017526192E-013                  6.3279998737791121E-001                  3.7791766781931398E-005                  3.5496222085530671E-001                  2.1025988500795508E-003                  6.1630907196949883E-004                  5.7221218635412092E-003                  1.2718648985637698E-003                  2.4871053158459604E-003                  6.8252006681324314E-015                  0.0000000000000000E+000                  0.0000000000000000E+000 
                                     425                  7.9888479027730697E-001                 -2.2037109309503776E-002                  5.7263033711790978E+000                  8.0156270914270067E+000                  6.6804528201124625E-013                  6.3279998737791121E-001                  3.7791766781931398E-005                  3.5496222085530671E-001                  2.1025988500795508E-003                  6.1630907196949883E-004                  5.7221218635412092E-003                  1.2718648985637698E-003                  2.4871053158459604E-003                  8.5069519240561567E-015                  0.0000000000000000E+000                  0.0000000000000000E+000 
                                     426                  7.9884695211583878E-001                 -2.2718454409065919E-002                  5.7327918793218924E+000                  8.0213331639908407E+000                  1.4835956845839753E-012                  6.3279998737791121E-001                  3.7791766781931398E-005                  3.5496222085530671E-001                  2.1025988500795508E-003                  6.1630907196949883E-004                  5.7221218635412092E-003                  1.2718648985637698E-003                  2.4871053158459604E-003                  1.0595027472155112E-014                  0.0000000000000000E+000                  0.0000000000000000E+000 
                                     427                  7.9880785720762293E-001                 -2.3409902536056584E-002                  5.7392884740166927E+000                  8.0270363643556379E+000                  3.2854886894125450E-012                  6.3279998737791121E-001                  3.7791766781931398E-005                  3.5496222085530671E-001                  2.1025988500795508E-003                  6.1630907196949883E-004                  5.7221218635412092E-003                  1.2718648985637698E-003                  2.4871053158459604E-003                  1.3185676494262683E-014                  0.0000000000000000E+000                  0.0000000000000000E+000 
                                     428                  7.9876746492410233E-001                 -2.4111615312433363E-002                  5.7457933040937936E+000                  8.0327366604285455E+000                  7.2555203794044815E-012                  6.3279998737791121E-001                  3.7791766781931398E-005                  3.5496222085530671E-001                  2.1025988500795508E-003                  6.1630907196949883E-004                  5.7221218635412092E-003                  1.2718648985637698E-003                  2.4871053158459604E-003                  1.6397501278082683E-014                  0.0000000000000000E+000                  0.0000000000000000E+000 
                                     429                  7.9872573337429265E-001                 -2.4823757322470691E-002                  5.7523065232606259E+000                  8.0384340222856441E+000                  1.5978310444209065E-011                  6.3279998737791121E-001                  3.7791766781931398E-005                  3.5496222085530671E-001                  2.1025988500795508E-003                  6.1630907196949883E-004                  5.7221218635412092E-003                  1.2718648985637698E-003                  2.4871053158459604E-003                  2.0376547182609991E-014                  0.0000000000000000E+000                  0.0000000000000000E+000 
                                     430                  7.9868261936788876E-001                 -2.5546496183317741E-002                  5.7588282887236941E+000                  8.0441284219999236E+000                  3.5091052874417703E-011                  6.3279998737791121E-001                  3.7791766781931398E-005                  3.5496222085530671E-001                  2.1025988500795508E-003                  6.1630907196949883E-004                  5.7221218635412092E-003                  1.2718648985637698E-003                  2.4871053158459604E-003                  2.5302528649922449E-014                  0.0000000000000000E+000                  0.0000000000000000E+000 
                                     431                  7.9863807837736689E-001                 -2.6280002617461717E-002                  5.7653587606068939E+000                  8.0498198337622213E+000                  7.6855465650068338E-011                  6.3279998737791121E-001                  3.7791766781931398E-005                  3.5496222085530671E-001                  2.1025988500795508E-003                  6.1630907196949883E-004                  5.7221218635412092E-003                  1.2718648985637698E-003                  2.4871053158459604E-003                  3.1396440511112524E-014                  0.0000000000000000E+000                  0.0000000000000000E+000 
                                     432                  7.9859206449905351E-001                 -2.7024450527653749E-002                  5.7718981007376708E+000                  8.0555082326450638E+000                  1.6787090643760049E-010                  6.3279998737791121E-001                  3.7791766781931398E-005                  3.5496222085530671E-001                  2.1025988500795508E-003                  6.1630907196949883E-004                  5.7221218635412092E-003                  1.2718648985637698E-003                  2.4871053158459604E-003                  3.8929855879103695E-014                  0.0000000000000000E+000                  0.0000000000000000E+000 
                                     433                  7.9854453041314200E-001                 -2.7780017072038862E-002                  5.7784464711143313E+000                  8.0611935927978760E+000                  3.6568555395668418E-010                  6.3279998737791121E-001                  3.7791766781931398E-005                  3.5496222085530671E-001                  2.1025988500795508E-003                  6.1630907196949883E-004                  5.7221218635412092E-003                  1.2718648985637698E-003                  2.4871053158459604E-003                  4.8236276614986426E-014                  0.0000000000000000E+000                  0.0000000000000000E+000 
                                     434                  7.9849542734269185E-001                 -2.8546882738374791E-002                  5.7850040332672874E+000                  8.0668758866932198E+000                  7.9447654333886825E-010                  6.3279998737791121E-001                  3.7791766781931398E-005                  3.5496222085530671E-001                  2.1025988500795508E-003                  6.1630907196949883E-004                  5.7221218635412092E-003                  1.2718648985637698E-003                  2.4871053158459604E-003                  5.9724981698738724E-014                  0.0000000000000000E+000                  0.0000000000000000E+000 
                                     435                  7.9844470501158227E-001                 -2.9325231419018351E-002                  5.7915709475791237E+000                  8.0725550854817527E+000                  1.7214891337644618E-009                  6.3279998737791121E-001                  3.7791766781931398E-005                  3.5496222085530671E-001                  2.1025988500795508E-003                  6.1630907196949883E-004                  5.7221218635412092E-003                  1.2718648985637698E-003                  2.4871053158459604E-003                  7.3897911435432057E-014                  0.0000000000000000E+000                  0.0000000000000000E+000 
                                     436                  7.9839231160134205E-001                 -3.0115250488647119E-002                  5.7981473724631636E+000                  8.0782311580421045E+000                  3.7203708263567448E-009                  6.3279998737791121E-001                  3.7791766781931398E-005                  3.5496222085530671E-001                  2.1025988500795508E-003                  6.1630907196949883E-004                  5.7221218635412092E-003                  1.2718648985637698E-003                  2.4871053158459604E-003                  9.1370239569061696E-014                  0.0000000000000000E+000                  0.0000000000000000E+000 
                                     437                  7.9833819370681058E-001                 -3.0917130882437652E-002                  5.8047334640794039E+000                  8.0839040706943681E+000                  8.0192821167912464E-009                  6.3279998737791121E-001                  3.7791766781931398E-005                  3.5496222085530671E-001                  2.1025988500795508E-003                  6.1630907196949883E-004                  5.7221218635412092E-003                  1.2718648985637698E-003                  2.4871053158459604E-003                  1.1289542402763947E-013                  0.0000000000000000E+000                  0.0000000000000000E+000 
                                     438                  7.9828229629059677E-001                 -3.1731067175861168E-002                  5.8113293765400513E+000                  8.0895737887895773E+000                  1.7240919870716663E-008                  6.3279998737791121E-001                  3.7791766781931398E-005                  3.5496222085530671E-001                  2.1025988500795508E-003                  6.1630907196949883E-004                  5.7221218635412092E-003                  1.2718648985637698E-003                  2.4871053158459604E-003                  1.3939569255075821E-013                  0.0000000000000000E+000                  0.0000000000000000E+000 
                                     439                  7.9822456263630015E-001                 -3.2557257669693848E-002                  5.8179352622918259E+000                  8.0952402769358294E+000                  3.6971682713572695E-008                  6.3279998737791121E-001                  3.7791766781931398E-005                  3.5496222085530671E-001                  2.1025988500795508E-003                  6.1630907196949883E-004                  5.7221218635412092E-003                  1.2718648985637698E-003                  2.4871053158459604E-003                  1.7199912011449227E-013                  0.0000000000000000E+000                  0.0000000000000000E+000 
                                     440                  7.9816493430044821E-001                 -3.3395904477962056E-002                  5.8245512724050954E+000                  8.1009034988830120E+000                  7.9080575649851709E-008                  6.3279998737791121E-001                  3.7791766781931398E-005                  3.5496222085530671E-001                  2.1025988500795508E-003                  6.1630907196949883E-004                  5.7221218635412092E-003                  1.2718648985637698E-003                  2.4871053158459604E-003                  2.1208469511672000E-013                  0.0000000000000000E+000                  0.0000000000000000E+000 
                                     441                  7.9810335106313446E-001                 -3.4247213618283395E-002                  5.8311775574579316E+000                  8.1065634187551048E+000                  1.6872136960125120E-007                  6.3279998737791121E-001                  3.7791766781931404E-005                  3.5496222085530671E-001                  2.1025988500795508E-003                  6.1630907196949883E-004                  5.7221218635412092E-003                  1.2718648985637698E-003                  2.4871053158459604E-003                  2.6133706610246628E-013                  0.0000000000000000E+000                  0.0000000000000000E+000 
                                     442                  7.9803975087738677E-001                 -3.5111395107364829E-002                  5.8378142688489039E+000                  8.1122200019943804E+000                  3.5906892013520615E-007                  6.3279998737791121E-001                  3.7791766781931404E-005                  3.5496222085530671E-001                  2.1025988500795508E-003                  6.1630907196949883E-004                  5.7221218635412092E-003                  1.2718648985637698E-003                  2.4871053158459604E-003                  3.2181301284216898E-013                  0.0000000000000000E+000                  0.0000000000000000E+000 
                                     443                  7.9797406981721652E-001                 -3.5988663061402013E-002                  5.8444615595614664E+000                  8.1178732158173297E+000                  7.6225578897645833E-007                  6.3279998737791121E-001                  3.7791766781931404E-005                  3.5496222085530671E-001                  2.1025988500795508E-003                  6.1630907196949883E-004                  5.7221218635412092E-003                  1.2718648985637698E-003                  2.4871053158459604E-003                  3.9602210096248913E-013                  0.0000000000000000E+000                  0.0000000000000000E+000 
                                     444                  7.9790624202427685E-001                 -3.6879235800670936E-002                  5.8511195855736045E+000                  8.1235230306426871E+000                  1.6141600030096348E-006                  6.3279998737791121E-001                  3.7791766781931404E-005                  3.5496222085530671E-001                  2.1025988500795508E-003                  6.1630907196949883E-004                  5.7221218635412092E-003                  1.2718648985637698E-003                  2.4871053158459604E-003                  4.8702450240412396E-013                  0.0000000000000000E+000                  0.0000000000000000E+000 
                                     445                  7.9783619965308195E-001                 -3.7783335960552451E-002                  5.8577885079314216E+000                  8.1291694224675322E+000                  3.4097555426825648E-006                  6.3279998737791121E-001                  3.7791766781931404E-005                  3.5496222085530671E-001                  2.1025988500795508E-003                  6.1630907196949883E-004                  5.7221218635412092E-003                  1.2718648985637698E-003                  2.4871053158459604E-003                  5.9854957978270455E-013                  0.0000000000000000E+000                  0.0000000000000000E+000 
                                     446                  7.9776387281473549E-001                 -3.8701190611411071E-002                  5.8644684939470419E+000                  8.1348123745387486E+000                  7.1851983872675366E-006                  6.3279998737791121E-001                  3.7791766781931404E-005                  3.5496222085530671E-001                  2.1025988500795508E-003                  6.1630907196949883E-004                  5.7221218635412092E-003                  1.2718648985637698E-003                  2.4871053158459604E-003                  7.3513955231587527E-013                  0.0000000000000000E+000                  0.0000000000000000E+000 
                                     447                  7.9768918951908341E-001                 -3.9633031386441392E-002                  5.8711597189240443E+000                  8.1404518785905200E+000                  1.5104327172490427E-005                  6.3279998737791121E-001                  3.7791766781931404E-005                  3.5496222085530671E-001                  2.1025988500795508E-003                  6.1630907196949883E-004                  5.7221218635412092E-003                  1.2718648985637698E-003                  2.4871053158459604E-003                  9.0232348378499760E-013                  0.0000000000000000E+000                  0.0000000000000000E+000 
                                     448                  7.9761207561517966E-001                 -4.0579094617058775E-002                  5.8778623685858804E+000                  8.1460879372515898E+000                  3.1675225381269072E-005                  6.3279998737791121E-001                  3.7791766781931404E-005                  3.5496222085530671E-001                  2.1025988500795508E-003                  6.1630907196949883E-004                  5.7221218635412092E-003                  1.2718648985637698E-003                  2.4871053158459604E-003                  1.1068279065325331E-012                  0.0000000000000000E+000                  0.0000000000000000E+000 
                                     449                  7.9753245473021761E-001                 -4.1539621478885583E-002                  5.8845766403539335E+000                  8.1517205653622735E+000                  6.6267825672765816E-005                  6.3279998737791121E-001                  3.7791766781931404E-005                  3.5496222085530671E-001                  2.1025988500795508E-003                  6.1630907196949883E-004                  5.7221218635412092E-003                  1.2718648985637698E-003                  2.4871053158459604E-003                  1.3568316436608843E-012                  0.0000000000000000E+000                  0.0000000000000000E+000 
                                     450                  7.9745024820693011E-001                 -4.2514858146616236E-002                  5.8913027439232089E+000                  8.1573497883574237E+000                  1.3831196354442666E-004                  6.3279998737791121E-001                  3.7791766781931404E-005                  3.5496222085530671E-001                  2.1025988500795508E-003                  6.1630907196949883E-004                  5.7221218635412092E-003                  1.2718648985637698E-003                  2.4871053158459604E-003                  1.6622739718193371E-012                  0.0000000000000000E+000                  0.0000000000000000E+000 
                                     451                  7.9736537503937988E-001                 -4.3505055951608480E-002                  5.8980409017750368E+000                  8.1629756432402818E+000                  2.8800535624671445E-004                  6.3279998737791121E-001                  3.7791766781931404E-005                  3.5496222085530671E-001                  2.1025988500795508E-003                  6.1630907196949883E-004                  5.7221218635412092E-003                  1.2718648985637698E-003                  2.4871053158459604E-003                  2.0352271262993908E-012                  0.0000000000000000E+000                  0.0000000000000000E+000 
                                     452                  7.9727775180708294E-001                 -4.4510471548147024E-002                  5.9047913493318740E+000                  8.1685981797033733E+000                  5.9832243931443843E-004                  6.3279998737791121E-001                  3.7791766781931404E-005                  3.5496222085530671E-001                  2.1025988500795508E-003                  6.1630907196949883E-004                  5.7221218635412092E-003                  1.2718648985637698E-003                  2.4871053158459604E-003                  2.4903463734466248E-012                  0.0000000000000000E+000                  0.0000000000000000E+000 
                                     453                  7.9718729260740961E-001                 -4.5531367089230813E-002                  5.9115543333875120E+000                  8.1742174580939029E+000                  1.2401505343337936E-003                  6.3279998737791121E-001                  3.7791766781931404E-005                  3.5496222085530671E-001                  2.1025988500795508E-003                  6.1630907196949883E-004                  5.7221218635412092E-003                  1.2718648985637698E-003                  2.4871053158459604E-003                  3.0454134837843391E-012                  0.0000000000000000E+000                  0.0000000000000000E+000 
                                     454                  7.9709390898603671E-001                 -4.6568010404906809E-002                  5.9183301096192746E+000                  8.1798335480756847E+000                  2.5646525371906580E-003                  6.3279998737791121E-001                  3.7791766781931404E-005                  3.5496222085530671E-001                  2.1025988500795508E-003                  6.1630907196949883E-004                  5.7221218635412092E-003                  1.2718648985637698E-003                  2.4871053158459604E-003                  3.7219926344590028E-012                  0.0000000000000000E+000                  0.0000000000000000E+000 
                                     455                  7.9699750986536411E-001                 -4.7620675184721219E-002                  5.9251189414257812E+000                  8.1854465271761079E+000                  5.2918617899285238E-003                  6.3279998737791121E-001                  3.7791766781931404E-005                  3.5496222085530671E-001                  2.1025988500795508E-003                  6.1630907196949883E-004                  5.7221218635412092E-003                  1.2718648985637698E-003                  2.4871053158459604E-003                  4.5462218017215662E-012                  0.0000000000000000E+000                  0.0000000000000000E+000 
                                     456                  7.9689800147121059E-001                 -4.8689641164031836E-002                  5.9319210980709487E+000                  8.1910564784639277E+000                  1.0894946870496650E-002                  6.3279998737791121E-001                  3.7791766781931404E-005                  3.5496222085530671E-001                  2.1025988500795508E-003                  6.1630907196949883E-004                  5.7221218635412092E-003                  1.2718648985637698E-003                  2.4871053158459604E-003                  5.5497670387816941E-012                  0.0000000000000000E+000                  0.0000000000000000E+000 
                                     457                  7.9679528725778515E-001                 -4.9775194312005680E-002                  5.9387368521321449E+000                  8.1966634867185313E+000                  2.2381500524187255E-002                  6.3279998737791121E-001                  3.7791766781931404E-005                  3.5496222085530671E-001                  2.1025988500795508E-003                  6.1630907196949883E-004                  5.7221218635412092E-003                  1.2718648985637698E-003                  2.4871053158459604E-003                  6.7709725781361822E-012                  0.0000000000000000E+000                  0.0000000000000000E+000 
                                     458                  7.9668926783089833E-001                 -5.0877627017253062E-002                  5.9455664784799520E+000                  8.2022676363550655E+000                  4.5878736581836527E-002                  6.3279998737791121E-001                  3.7791766781931404E-005                  3.5496222085530671E-001                  2.1025988500795508E-003                  6.1630907196949883E-004                  5.7221218635412092E-003                  1.2718648985637698E-003                  2.4871053158459604E-003                  8.2562465810964921E-012                  0.0000000000000000E+000                  0.0000000000000000E+000 
                                     459                  7.9657984086938360E-001                 -5.1997238275026968E-002                  5.9524102536975878E+000                  8.2078690114665189E+000                  9.3843116987787342E-002                  6.3279998737791121E-001                  3.7791766781931404E-005                  3.5496222085530671E-001                  2.1025988500795508E-003                  6.1630907196949883E-004                  5.7221218635412092E-003                  1.2718648985637698E-003                  2.4871053158459604E-003                  1.0061730009169815E-011                  0.0000000000000000E+000                  0.0000000000000000E+000 
                                     460                  7.9646690104460172E-001                 -5.3134333881329564E-002                  5.9592684554440680E+000                  8.2134676956144812E+000                  1.9154576585915811E-001                  6.3279998737791121E-001                  3.7791766781931404E-005                  3.5496222085530671E-001                  2.1025988500795508E-003                  6.1630907196949883E-004                  5.7221218635412092E-003                  1.2718648985637698E-003                  2.4871053158459604E-003                  1.2255305592553839E-011                  0.0000000000000000E+000                  0.0000000000000000E+000 
                                     461                  7.9635033993762494E-001                 -5.4289226633562962E-002                  5.9661413624393402E+000                  8.2190637720647679E+000                  3.9015046776218143E-001                  6.3279998737791121E-001                  3.7791766781931404E-005                  3.5496222085530671E-001                  2.1025988500795508E-003                  6.1630907196949883E-004                  5.7221218635412092E-003                  1.2718648985637698E-003                  2.4871053158459604E-003                  1.4919015323064421E-011                  0.0000000000000000E+000                  0.0000000000000000E+000 
                                     462                  7.9623004595427227E-001                 -5.5462236539188206E-002                  5.9730292555069848E+000                  8.2246573270606991E+000                  7.9303310678317041E-001                  6.3279998737791121E-001                  3.7791766781931404E-005                  3.5496222085530671E-001                  2.1025988500795508E-003                  6.1630907196949883E-004                  5.7221218635412092E-003                  1.2718648985637698E-003                  2.4871053158459604E-003                  1.8151968584855705E-011                  0.0000000000000000E+000                  0.0000000000000000E+000 
                                     463                  7.9610590423828886E-001                 -5.6653691041124964E-002                  5.9799324188876621E+000                  8.2302484470474795E+000                  1.6086450553586120E+000                  6.3279998737791121E-001                  3.7791766781931398E-005                  3.5496222085530671E-001                  2.1025988500795508E-003                  6.1630907196949883E-004                  5.7221218635412092E-003                  1.2718648985637698E-003                  2.4871053158459604E-003                  2.2073839505742156E-011                  0.0000000000000000E+000                  0.0000000000000000E+000 
                                     464                  7.9597779658271539E-001                 -5.7863925244237002E-002                  5.9868511410694980E+000                  8.2358372157914985E+000                  3.2564841135685958E+000                  6.3279998737791121E-001                  3.7791766781931398E-005                  3.5496222085530671E-001                  2.1025988500795508E-003                  6.1630907196949883E-004                  5.7221218635412092E-003                  1.2718648985637698E-003                  2.4871053158459604E-003                  2.6829071012296660E-011                  0.0000000000000000E+000                  0.0000000000000000E+000 
                                     465                  7.9584560133946003E-001                 -5.9093282142256558E-002                  5.9937857164835204E+000                  8.2414237118381291E+000                  6.5791179050928532E+000                  6.3279998737791121E-001                  3.7791766781931398E-005                  3.5496222085530671E-001                  2.1025988500795508E-003                  6.1630907196949883E-004                  5.7221218635412092E-003                  1.2718648985637698E-003                  2.4871053158459604E-003                  3.2591927531270269E-011                  0.0000000000000000E+000                  0.0000000000000000E+000 
                                     466                  7.9570919332706413E-001                 -6.0342112845714072E-002                  6.0007364473499942E+000                  8.2470080137077897E+000                  1.3265590857823900E+001                  6.3279998737791121E-001                  3.7791766781931398E-005                  3.5496222085530671E-001                  2.1025988500795508E-003                  6.1630907196949883E-004                  5.7221218635412092E-003                  1.2718648985637698E-003                  2.4871053158459604E-003                  3.9572565184049967E-011                  3.8056942924302530E-037                  0.0000000000000000E+000 
                                     467                  7.9556844373627378E-001                 -6.1610776833166458E-002                  6.0077036448660630E+000                  8.2525902045166308E+000                  2.6695382817839796E+001                  6.3279998737791121E-001                  3.7791766781931398E-005                  3.5496222085530671E-001                  2.1025988500795508E-003                  6.1630907196949883E-004                  5.7221218635412092E-003                  1.2718648985637698E-003                  2.4871053158459604E-003                  4.8024321916398859E-011                  7.9882418621386721E-037                  0.0000000000000000E+000 
                                     468                  7.9542322003310140E-001                 -6.2899642225869884E-002                  6.0146876312163693E+000                  8.2581703759094029E+000                  5.3617548468346335E+001                  6.3279998737791121E-001                  3.7791766781931398E-005                  3.5496222085530671E-001                  2.1025988500795508E-003                  6.1630907196949883E-004                  5.7221218635412092E-003                  1.2718648985637698E-003                  2.4871053158459604E-003                  5.8252471578618917E-011                  1.6729377890740801E-036                  0.0000000000000000E+000 
                                     469                  7.9527338585982532E-001                 -6.4209086085631972E-002                  6.0216887414496414E+000                  8.2637486252048440E+000                  1.0748550488465210E+002                  6.3279998737791121E-001                  3.7791766781931398E-005                  3.5496222085530671E-001                  2.1025988500795508E-003                  6.1630907196949883E-004                  5.7221218635412092E-003                  1.2718648985637698E-003                  2.4871053158459604E-003                  7.0624733744340176E-011                  3.4963184579943852E-036                  0.0000000000000000E+000 
                                     470                  7.9511880093413723E-001                 -6.5539494716745181E-002                  6.0287073244275486E+000                  8.2693250522457813E+000                  2.1506820391375831E+002                  6.3279998737791121E-001                  3.7791766781931404E-005                  3.5496222085530671E-001                  2.1025988500795508E-003                  6.1630907196949883E-004                  5.7221218635412092E-003                  1.2718648985637698E-003                  2.4871053158459604E-003                  8.5583886719988200E-011                  7.2921793515478543E-036                  0.0000000000000000E+000 
                                     471                  7.9495932094650601E-001                 -6.6891263970845313E-002                  6.0357437438977088E+000                  8.2748997570724931E+000                  4.2953388111589680E+002                  6.3279998737791121E-001                  3.7791766781931404E-005                  3.5496222085530671E-001                  2.1025988500795508E-003                  6.1630907196949883E-004                  5.7221218635412092E-003                  1.2718648985637698E-003                  2.4871053158459604E-003                  1.0366290244858549E-010                  1.5178603325911288E-035                  0.0000000000000000E+000 
                                     472                  7.9479479745582982E-001                 -6.8264799556952846E-002                  6.0427983794517557E+000                  8.2804728439260646E+000                  8.5629905163623630E+002                  6.3279998737791121E-001                  3.7791766781931404E-005                  3.5496222085530671E-001                  2.1025988500795508E-003                  6.1630907196949883E-004                  5.7221218635412092E-003                  1.2718648985637698E-003                  2.4871053158459604E-003                  1.2550310213459785E-010                  3.1531725792553391E-035                  0.0000000000000000E+000 
                                     473                  7.9462507778318692E-001                 -6.9660517376947687E-002                  6.0498716271833519E+000                  8.2860444220022984E+000                  1.7040117976534375E+003                  6.3279998737791121E-001                  3.7791766781931404E-005                  3.5496222085530671E-001                  2.1025988500795508E-003                  6.1630907196949883E-004                  5.7221218635412092E-003                  1.2718648985637698E-003                  2.4871053158459604E-003                  1.5187593282462861E-010                  6.5376083166097354E-035                  0.0000000000000000E+000 
                                     474                  7.9445000490311002E-001                 -7.1078843877755732E-002                  6.0569639002985900E+000                  8.2916146054818327E+000                  3.3849439733136132E+003                  6.3279998737791121E-001                  3.7791766781931404E-005                  3.5496222085530671E-001                  2.1025988500795508E-003                  6.1630907196949883E-004                  5.7221218635412092E-003                  1.2718648985637698E-003                  2.4871053158459604E-003                  1.8370908215535460E-010                  1.3528806093886317E-034                  0.0000000000000000E+000 
                                     475                  7.9426941733269896E-001                 -7.2520216418805294E-002                  6.0640756296140310E+000                  8.2971835146066297E+000                  6.7123587182277824E+003                  6.3279998737791121E-001                  3.7791766781931404E-005                  3.5496222085530671E-001                  2.1025988500795508E-003                  6.1630907196949883E-004                  5.7221218635412092E-003                  1.2718648985637698E-003                  2.4871053158459604E-003                  2.2211778931692925E-010                  2.7943711042675970E-034                  0.0000000000000000E+000 
                                     476                  7.9408314901889854E-001                 -7.3985083659067974E-002                  6.0712072632689091E+000                  8.3027512724952111E+000                  1.3287920013206249E+004                  6.3279998737791121E-001                  3.7791766781931404E-005                  3.5496222085530671E-001                  2.1025988500795508E-003                  6.1630907196949883E-004                  5.7221218635412092E-003                  1.2718648985637698E-003                  2.4871053158459604E-003                  2.6844237911797846E-010                  5.7611309791636227E-034                  0.0000000000000000E+000 
                                     477                  7.9389102922406452E-001                 -7.5473905950237299E-002                  6.0783592657057230E+000                  8.3083180034057751E+000                  2.6260967538773664E+004                  6.3279998737791121E-001                  3.7791766781931404E-005                  3.5496222085530671E-001                  2.1025988500795508E-003                  6.1630907196949883E-004                  5.7221218635412092E-003                  1.2718648985637698E-003                  2.4871053158459604E-003                  3.2429324405310376E-010                  1.1856209124299189E-033                  0.0000000000000000E+000 
                                     478                  7.9369288240994507E-001                 -7.6987155740866980E-002                  6.0855321169711862E+000                  8.3138838327118929E+000                  5.1814374154698919E+004                  6.3279998737791121E-001                  3.7791766781931404E-005                  3.5496222085530671E-001                  2.1025988500795508E-003                  6.1630907196949883E-004                  5.7221218635412092E-003                  1.2718648985637698E-003                  2.4871053158459604E-003                  3.9160474787348888E-010                  2.4356453441536319E-033                  0.0000000000000000E+000 
                                     479                  7.9348852812013759E-001                 -7.8525317997800562E-002                  6.0927263109646219E+000                  8.3194488848462758E+000                  1.0206802862911910E+005                  6.3279998737791121E-001                  3.7791766781931404E-005                  3.5496222085530671E-001                  2.1025988500795508E-003                  6.1630907196949883E-004                  5.7221218635412092E-003                  1.2718648985637698E-003                  2.4871053158459604E-003                  4.7269980211469020E-010                  4.9949162626018835E-033                  0.0000000000000000E+000 
                                     480                  7.9327778086054501E-001                 -8.0088890638452176E-002                  6.0999423529652477E+000                  8.3250132813335753E+000                  2.0074436049447212E+005                  6.3279998737791121E-001                  3.7791766781931404E-005                  3.5496222085530671E-001                  2.1025988500795508E-003                  6.1630907196949883E-004                  5.7221218635412092E-003                  1.2718648985637698E-003                  2.4871053158459604E-003                  5.7036721011194829E-010                  1.0225965701654704E-032                  0.0000000000000000E+000 
                                     481                  7.9306044997791536E-001                 -8.1678384974448237E-002                  6.1071807583751889E+000                  8.3305771397638022E+000                  3.9420793403555837E+005                  6.3279998737791121E-001                  3.7791766781931404E-005                  3.5496222085530671E-001                  2.1025988500795508E-003                  6.1630907196949883E-004                  5.7221218635412092E-003                  1.2718648985637698E-003                  2.4871053158459604E-003                  6.8795430529086238E-010                  2.0900583553856018E-032                  0.0000000000000000E+000 
                                     482                  7.9283633953675703E-001                 -8.3294326170354135E-002                  6.1144420512181723E+000                  8.3361405728745908E+000                  7.7294742164372955E+005                  6.3279998737791121E-001                  3.7791766781931404E-005                  3.5496222085530671E-001                  2.1025988500795508E-003                  6.1630907196949883E-004                  5.7221218635412092E-003                  1.2718648985637698E-003                  2.4871053158459604E-003                  8.2947787889104246E-010                  4.2648764365367492E-032                  0.0000000000000000E+000 
                                     483                  7.9260524819477474E-001                 -8.4937253718482916E-002                  6.1217267626884517E+000                  8.3417036853311757E+000                  1.5133215769078676E+006                  6.3279998737791121E-001                  3.7791766781931404E-005                  3.5496222085530671E-001                  2.1025988500795508E-003                  6.1630907196949883E-004                  5.7221218635412092E-003                  1.2718648985637698E-003                  2.4871053158459604E-003                  9.9975699417987278E-010                  8.6888908325755860E-032                  0.0000000000000000E+000 
                                     484                  7.9236696907704751E-001                 -8.6607721921569639E-002                  6.1290354310054287E+000                  8.3472665729866780E+000                  2.9585790746988752E+006                  6.3279998737791121E-001                  3.7791766781931404E-005                  3.5496222085530671E-001                  2.1025988500795508E-003                  6.1630907196949883E-004                  5.7221218635412092E-003                  1.2718648985637698E-003                  2.4871053158459604E-003                  1.2045720061764153E-009                  1.7674530422752658E-031                  0.0000000000000000E+000 
                                     485                  7.9212128964935946E-001                 -8.8306300392789944E-002                  6.1363686020433654E+000                  8.3528293242097096E+000                  5.7759007423338499E+006                  6.3279998737791121E-001                  3.7791766781931404E-005                  3.5496222085530671E-001                  2.1025988500795508E-003                  6.1630907196949883E-004                  5.7221218635412092E-003                  1.2718648985637698E-003                  2.4871053158459604E-003                  1.4508549435398290E-009                  3.5898208736210697E-031                  0.0000000000000000E+000 
                                     486                  7.9186799159039500E-001                 -9.0033574582109699E-002                  6.1437268300595305E+000                  8.3583920188431904E+000                  1.1260422722867196E+007                  6.3279998737791121E-001                  3.7791766781931398E-005                  3.5496222085530671E-001                  2.1025988500795508E-003                  6.1630907196949883E-004                  5.7221218635412092E-003                  1.2718648985637698E-003                  2.4871053158459604E-003                  1.7469174274889116E-009                  7.2803907417938970E-031                  0.0000000000000000E+000 
                                     487                  7.9160685066265268E-001                 -9.1790146321027194E-002                  6.1511106789642289E+000                  8.3639547301227744E+000                  2.1923097592591409E+007                  6.3279998737791121E-001                  3.7791766781931404E-005                  3.5496222085530671E-001                  2.1025988500795508E-003                  6.1630907196949883E-004                  5.7221218635412092E-003                  1.2718648985637698E-003                  2.4871053158459604E-003                  2.1027235165429909E-009                  1.4743794051030788E-030                  0.0000000000000000E+000 
                                     488                  7.9133763658225376E-001                 -9.3576634398660388E-002                  6.1585207244437825E+000                  8.3695175265440973E+000                  4.2626064862234637E+007                  6.3279998737791121E-001                  3.7791766781931404E-005                  3.5496222085530671E-001                  2.1025988500795508E-003                  6.1630907196949883E-004                  5.7221218635412092E-003                  1.2718648985637698E-003                  2.4871053158459604E-003                  2.5302163667268746E-009                  2.9816191828531830E-030                  0.0000000000000000E+000 
                                     489                  7.9106011288781508E-001                 -9.5393675171063091E-002                  6.1659575555720547E+000                  8.3750804715575704E+000                  8.2772983450250745E+007                  6.3279998737791121E-001                  3.7791766781931404E-005                  3.5496222085530671E-001                  2.1025988500795508E-003                  6.1630907196949883E-004                  5.7221218635412092E-003                  1.2718648985637698E-003                  2.4871053158459604E-003                  3.0437092854621475E-009                  6.0214246276166644E-030                  0.0000000000000000E+000 
                                     490                  7.9077403680894987E-001                 -9.7241923196727753E-002                  6.1734217765999686E+000                  8.3806436237957751E+000                  1.6052996123912928E+008                  6.3279998737791121E-001                  3.7791766781931404E-005                  3.5496222085530671E-001                  2.1025988500795508E-003                  6.1630907196949883E-004                  5.7221218635412092E-003                  1.2718648985637698E-003                  2.4871053158459604E-003                  3.6603539011607628E-009                  1.2144132126476516E-029                  0.0000000000000000E+000 
                                     491                  7.9047915913517719E-001                 -9.9122051901966587E-002                  6.1809140090856207E+000                  8.3862070386488270E+000                  3.1095102542947960E+008                  6.3279998737791121E-001                  3.7791766781931404E-005                  3.5496222085530671E-001                  2.1025988500795508E-003                  6.1630907196949883E-004                  5.7221218635412092E-003                  1.2718648985637698E-003                  2.4871053158459604E-003                  4.4007007148712430E-009                  2.4460767727188561E-029                  0.0000000000000000E+000 
                                     492                  7.9017522408468388E-001                 -1.0103475428383842E-001                  6.1884348933139863E+000                  8.3917707695014219E+000                  6.0160411026814592E+008                  6.3279998737791121E-001                  3.7791766781931404E-005                  3.5496222085530671E-001                  2.1025988500795508E-003                  6.1630907196949883E-004                  5.7221218635412092E-003                  1.2718648985637698E-003                  2.4871053158459604E-003                  5.2893702396367214E-009                  4.9206962052516268E-029                  0.0000000000000000E+000 
                                     493                  7.8986196917272189E-001                 -1.0298074365158705E-001                  6.1959850897716873E+000                  8.3973348688149070E+000                  1.1625918670390635E+009                  6.3279998737791121E-001                  3.7791766781931404E-005                  3.5496222085530671E-001                  2.1025988500795508E-003                  6.1630907196949883E-004                  5.7221218635412092E-003                  1.2718648985637698E-003                  2.4871053158459604E-003                  6.3558566578647859E-009                  9.8867307497223931E-029                  0.0000000000000000E+000 
                                     494                  7.8953912507978496E-001                 -1.0496075440837739E-001                  6.2035652805505430E+000                  8.4028993898971560E+000                  2.2441739775061584E+009                  6.3279998737791121E-001                  3.7791766781931404E-005                  3.5496222085530671E-001                  2.1025988500795508E-003                  6.1630907196949883E-004                  5.7221218635412092E-003                  1.2718648985637698E-003                  2.4871053158459604E-003                  7.6354902352345466E-009                  1.9841098233578881E-028                  0.0000000000000000E+000 
                                     495                  7.8920641552000848E-001                 -1.0697554287912520E-001                  6.2111761701249160E+000                  8.4084643854159502E+000                  4.3272690274537697E+009                  6.3279998737791121E-001                  3.7791766781931404E-005                  3.5496222085530671E-001                  2.1025988500795508E-003                  6.1630907196949883E-004                  5.7221218635412092E-003                  1.2718648985637698E-003                  2.4871053158459604E-003                  9.1705899330128029E-009                  3.9772517104872685E-028                  0.0000000000000000E+000 
                                     496                  7.8886355711113065E-001                 -1.0902588817214759E-001                  6.2188184858157101E+000                  8.4140299068290876E+000                  8.3351819317620821E+009                  6.3279998737791121E-001                  3.7791766781931404E-005                  3.5496222085530671E-001                  2.1025988500795508E-003                  6.1630907196949883E-004                  5.7221218635412092E-003                  1.2718648985637698E-003                  2.4871053158459604E-003                  1.1011843952750071E-008                  7.9638432242940091E-028                  0.0000000000000000E+000 
                                     497                  7.8851025924589513E-001                 -1.1111259308070261E-001                  6.2264929782614864E+000                  8.4195960058701917E+000                  1.6038954730535273E+010                  6.3279998737791121E-001                  3.7791766781931404E-005                  3.5496222085530671E-001                  2.1025988500795508E-003                  6.1630907196949883E-004                  5.7221218635412092E-003                  1.2718648985637698E-003                  2.4871053158459604E-003                  1.3219963532138397E-008                  1.5929524685184667E-027                  0.0000000000000000E+000 
                                     498                  7.8814622396419343E-001                 -1.1323648503674769E-001                  6.2342004214080333E+000                  8.4251627345165492E+000                  3.0832808049306030E+010                  6.3279998737791121E-001                  3.7791766781931404E-005                  3.5496222085530671E-001                  2.1025988500795508E-003                  6.1630907196949883E-004                  5.7221218635412092E-003                  1.2718648985637698E-003                  2.4871053158459604E-003                  1.5867664300970479E-008                  3.1830391380697727E-027                  0.0000000000000000E+000 
                                     499                  7.8777114582596730E-001                 -1.1539841711288229E-001                  6.2419416121437736E+000                  8.4307301452165664E+000                  5.9216488300132858E+010                  6.3279998737791121E-001                  3.7791766781931411E-005                  3.5496222085530671E-001                  2.1025988500795508E-003                  6.1630907196949883E-004                  5.7221218635412092E-003                  1.2718648985637698E-003                  2.4871053158459604E-003                  1.9042040350626492E-008                  6.3541733999321151E-027                  0.0000000000000000E+000 
                                     500                  7.8738471178527081E-001                 -1.1759926907674342E-001                  6.2493424455634896E+000                  8.4359145342227375E+000                  1.1052707198119888E+011                  6.3279998632354406E-001                  3.7792821148958752E-005                  3.5496222085530671E-001                  2.1025988500795508E-003                  6.1630907196949883E-004                  5.7221218635412092E-003                  1.2718648985637698E-003                  2.4871053158459604E-003                  2.2698213214927501E-008                  1.2287776454879985E-026                  0.0000000000000000E+000 
                                     501                  7.8698660106683149E-001                 -1.1983796432800538E-001                  6.2564237235150246E+000                  8.4407326769684659E+000                  2.0087511623909637E+011                  6.3279998574172269E-001                  3.7793402970678008E-005                  3.5496222085530665E-001                  2.1025988500795508E-003                  6.1630907196949872E-004                  5.7221218635412083E-003                  1.2718648985637696E-003                  2.4871053158459599E-003                  2.6888216727958404E-008                  2.3070181142850840E-026                  0.0000000000000000E+000 
                                     502                  7.8657648504514788E-001                 -1.2211342946025995E-001                  6.2632356780515757E+000                  8.4452317427820525E+000                  3.5695161581413684E+011                  6.3279998495217971E-001                  3.7794192513738577E-005                  3.5496222085530665E-001                  2.1025988500795512E-003                  6.1630907196949872E-004                  5.7221218635412083E-003                  1.2718648985637696E-003                  2.4871053158459599E-003                  3.1684887980828739E-008                  4.2244542947367042E-026                  0.0000000000000000E+000 
                                     503                  7.8615402712536331E-001                 -1.2442476306952488E-001                  6.2698183299487438E+000                  8.4494490296916958E+000                  6.2220353022492969E+011                  6.3279998388684711E-001                  3.7795257846130379E-005                  3.5496222085530665E-001                  2.1025988500795504E-003                  6.1630907196949872E-004                  5.7221218635412083E-003                  1.2718648985637696E-003                  2.4871053158459599E-003                  3.7170795245064624E-008                  7.5718810918264595E-026                  0.0000000000000000E+000 
                                     504                  7.8571888262582679E-001                 -1.2677119948843207E-001                  6.2762040158141161E+000                  8.4534144487017695E+000                  1.0666737009727900E+012                  6.3279998263214066E-001                  3.7796512552541441E-005                  3.5496222085530665E-001                  2.1025988500795504E-003                  6.1630907196949872E-004                  5.7221218635412083E-003                  1.2718648985637696E-003                  2.4871053158459599E-003                  4.3439482602359974E-008                  1.3323459720736749E-025                  0.0000000000000000E+000 
                                     505                  7.8527069866258903E-001                 -1.2915208138736228E-001                  6.2824191877676974E+000                  8.4571522856251899E+000                  1.8023624396873726E+012                  6.3279998088611544E-001                  3.7798258577674063E-005                  3.5496222085530665E-001                  2.1025988500795504E-003                  6.1630907196949872E-004                  5.7221218635412083E-003                  1.2718648985637696E-003                  2.4871053158459599E-003                  5.0596880607730074E-008                  2.3069799111526595E-025                  0.0000000000000000E+000 
                                     506                  7.8480911403682019E-001                 -1.3156683872371949E-001                  6.2884857110792058E+000                  8.4606824675335144E+000                  3.0069608316016104E+012                  6.3279997873286364E-001                  3.7800411829469436E-005                  3.5496222085530676E-001                  2.1025988500795512E-003                  6.1630907196949893E-004                  5.7221218635412100E-003                  1.2718648985637700E-003                  2.4871053158459608E-003                  5.8762891489911750E-008                  3.9385523129664305E-025                  0.0000000000000000E+000 
                                     507                  7.8433375912506853E-001                 -1.3401497227551185E-001                  6.2944218190859829E+000                  8.4640214910467311E+000                  4.9605391149874219E+012                  6.3279997602809401E-001                  3.7803116599237857E-005                  3.5496222085530671E-001                  2.1025988500795508E-003                  6.1630907196949883E-004                  5.7221218635412092E-003                  1.2718648985637698E-003                  2.4871053158459604E-003                  6.8073168315589022E-008                  6.6405633004151089E-025                  0.0000000000000000E+000 
                                     508                  7.8384425577182004E-001                 -1.3649604054648828E-001                  6.3002428286848779E+000                  8.4671831154194166E+000                  8.1018136997277588E+012                  6.3279997265637355E-001                  3.7806488319704338E-005                  3.5496222085530682E-001                  2.1025988500795517E-003                  6.1630907196949904E-004                  5.7221218635412109E-003                  1.2718648985637702E-003                  2.4871053158459612E-003                  7.8681110059285494E-008                  1.1072451746250593E-024                  0.0000000000000000E+000 
                                     509                  7.8334021718393965E-001                 -1.3900964919552775E-001                  6.3059617141719428E+000                  8.4701789186622971E+000                  1.3113827739341246E+013                  6.3279996905609814E-001                  3.7810088594991348E-005                  3.5496222085530676E-001                  2.1025988500795512E-003                  6.1630907196949893E-004                  5.7221218635412100E-003                  1.2718648985637700E-003                  2.4871053158459608E-003                  9.0760139989489253E-008                  1.8279174686340634E-024                  0.0000000000000000E+000 
                                     510                  7.8282124782688034E-001                 -1.4155544256297375E-001                  6.3115896487687877E+000                  8.4730188250175349E+000                  2.1056471122108863E+013                  6.3279996404402850E-001                  3.7815100664575637E-005                  3.5496222085530671E-001                  2.1025988500795508E-003                  6.1630907196949883E-004                  5.7221218635412092E-003                  1.2718648985637698E-003                  2.4871053158459604E-003                  1.0450644509148313E-007                  2.9907194813791240E-024                  0.0000000000000000E+000 
                                     511                  7.8228694332370963E-001                 -1.4413309741861363E-001                  6.3171364194035320E+000                  8.4757115100813625E+000                  3.3564663854883551E+013                  6.3279995790879762E-001                  3.7821235895354217E-005                  3.5496222085530688E-001                  2.1025988500795521E-003                  6.1630907196949915E-004                  5.7221218635412118E-003                  1.2718648985637704E-003                  2.4871053158459617E-003                  1.2014213308211007E-007                  4.8537613776597380E-024                  0.0000000000000000E+000 
                                     512                  7.8173689035668825E-001                 -1.4674231846406172E-001                  6.3226106541856320E+000                  8.4782646178051291E+000                  5.3152215433500727E+013                  6.3279995044130943E-001                  3.7828703383834966E-005                  3.5496222085530671E-001                  2.1025988500795508E-003                  6.1630907196949883E-004                  5.7221218635412092E-003                  1.2718648985637698E-003                  2.4871053158459604E-003                  1.3791866481245355E-007                  7.8198086499363912E-024                  0.0000000000000000E+000 
                                     513                  7.8117066657063527E-001                 -1.4938283464625088E-001                  6.3280199876036489E+000                  8.4806849182002715E+000                  8.3670037036097031E+013                  6.3279994139806750E-001                  3.7837746626000822E-005                  3.5496222085530665E-001                  2.1025988500795512E-003                  6.1630907196949872E-004                  5.7221218635412083E-003                  1.2718648985637696E-003                  2.4871053158459599E-003                  1.5812070023141106E-007                  1.2514709220712221E-023                  0.0000000000000000E+000 
                                     514                  7.8058784047689456E-001                 -1.5205439602645729E-001                  6.3333711984844001E+000                  8.4829784368551273E+000                  1.3100705928473052E+014                  6.3279992923501638E-001                  3.7849909676972668E-005                  3.5496222085530665E-001                  2.1025988500795504E-003                  6.1630907196949872E-004                  5.7221218635412083E-003                  1.2718648985637696E-003                  2.4871053158459599E-003                  1.8107044758217345E-007                  1.9907215149273389E-023                  0.0000000000000000E+000 
                                     515                  7.7998797135916087E-001                 -1.5475677110853187E-001                  6.3386703259501553E+000                  8.4851505649340471E+000                  2.0410725141336025E+014                  6.3279991578781314E-001                  3.7863356879948858E-005                  3.5496222085530688E-001                  2.1025988500795521E-003                  6.1630907196949915E-004                  5.7221218635412118E-003                  1.2718648985637704E-003                  2.4871053158459617E-003                  2.0713258501786603E-007                  3.1491577407024274E-023                  0.0000000000000000E+000 
                                     516                  7.7937060918153267E-001                 -1.5748974456760931E-001                  6.3439227674938090E+000                  8.4872061490124064E+000                  3.1658046232053394E+014                  6.3279989928562730E-001                  3.7879859065707711E-005                  3.5496222085530676E-001                  2.1025988500795512E-003                  6.1630907196949893E-004                  5.7221218635412100E-003                  1.2718648985637700E-003                  2.4871053158459608E-003                  2.3671982218778864E-007                  4.9565135715724546E-023                  0.0000000000000000E+000 
                                     517                  7.7873529449782164E-001                 -1.6025311530455710E-001                  6.3491333624283781E+000                  8.4891495721809616E+000                  4.8906029085668875E+014                  6.3279987850315556E-001                  3.7900641537558591E-005                  3.5496222085530671E-001                  2.1025988500795508E-003                  6.1630907196949883E-004                  5.7221218635412092E-003                  1.2718648985637698E-003                  2.4871053158459604E-003                  2.7029919560153408E-007                  7.7649397408045868E-023                  0.0000000000000000E+000 
                                     518                  7.7808155836047777E-001                 -1.6304669481341819E-001                  6.3543064544698566E+000                  8.4909848141473390E+000                  7.5247813765269188E+014                  6.3279985975219988E-001                  3.7919392493543824E-005                  3.5496222085530660E-001                  2.1025988500795504E-003                  6.1630907196949861E-004                  5.7221218635412074E-003                  1.2718648985637693E-003                  2.4871053158459595E-003                  3.0839915100161458E-007                  1.2112739025432202E-022                  0.0000000000000000E+000 
                                     519                  7.7740892223023239E-001                 -1.6587030576365050E-001                  6.3594458875071815E+000                  8.4927154350321938E+000                  1.1535925335125525E+015                  6.3279984104010489E-001                  3.7938104588453981E-005                  3.5496222085530654E-001                  2.1025988500795508E-003                  6.1630907196949850E-004                  5.7221218635412066E-003                  1.2718648985637691E-003                  2.4871053158459591E-003                  3.5161719718744529E-007                  1.8820563289843349E-022                  0.0000000000000000E+000 
                                     520                  7.7671689788695519E-001                 -1.6872378032275143E-001                  6.3645549859205319E+000                  8.4943445524974486E+000                  1.7627909053922358E+015                  6.3279982009864144E-001                  3.7959046052106437E-005                  3.5496222085530654E-001                  2.1025988500795495E-003                  6.1630907196949850E-004                  5.7221218635412066E-003                  1.2718648985637691E-003                  2.4871053158459591E-003                  4.0062828415136371E-007                  2.9136209875272522E-022                  0.0000000000000000E+000 
                                     521                  7.7600498734054890E-001                 -1.7160695816816443E-001                  6.3696365962057930E+000                  8.4958748803404749E+000                  2.6855956369052205E+015                  6.3279979663788100E-001                  3.7982506812509796E-005                  3.5496222085530660E-001                  2.1025988500795512E-003                  6.1630907196949861E-004                  5.7221218635412074E-003                  1.2718648985637693E-003                  2.4871053158459595E-003                  4.5619439213217823E-007                  4.4952135853471449E-022                  0.0000000000000000E+000 
                                     522                  7.7527268274021721E-001                 -1.7451968459213518E-001                  6.3746931461949137E+000                  8.4973087828693377E+000                  4.0799818612707450E+015                  6.3279977043720859E-001                  3.8008707484606055E-005                  3.5496222085530671E-001                  2.1025988500795508E-003                  6.1630907196949883E-004                  5.7221218635412092E-003                  1.2718648985637698E-003                  2.4871053158459604E-003                  5.1917538491964009E-007                  6.9131476085947896E-022                  0.0000000000000000E+000 
                                     523                  7.7451946628278978E-001                 -1.7746180882456997E-001                  6.3797266957699303E+000                  8.4986483217245077E+000                  6.1820258633974020E+015                  6.3279974115189297E-001                  3.8037992800155761E-005                  3.5496222085530682E-001                  2.1025988500795517E-003                  6.1630907196949904E-004                  5.7221218635412109E-003                  1.2718648985637702E-003                  2.4871053158459612E-003                  5.9054115605681495E-007                  1.0599554614591699E-021                  0.0000000000000000E+000 
                                     524                  7.7374481012019347E-001                 -1.8043318254674945E-001                  6.3847389805537800E+000                  8.4998952970434782E+000                  9.3438361956447520E+015                  6.3279970843122901E-001                  3.8070713464251599E-005                  3.5496222085530671E-001                  2.1025988500795512E-003                  6.1630907196949883E-004                  5.7221218635412092E-003                  1.2718648985637698E-003                  2.4871053158459604E-003                  6.7138521145015087E-007                  1.6205114655403892E-021                  0.0000000000000000E+000 
                                     525                  7.7294817626455625E-001                 -1.8343365857779920E-001                  6.3897314498254030E+000                  8.5010512839043422E+000                  1.4089642359198426E+016                  6.3279967188526487E-001                  3.8107259428441382E-005                  3.5496222085530654E-001                  2.1025988500795495E-003                  6.1630907196949850E-004                  5.7221218635412066E-003                  1.2718648985637691E-003                  2.4871053158459591E-003                  7.6293984767023880E-007                  2.4707312982908901E-021                  0.0000000000000000E+000 
                                     526                  7.7212901648922561E-001                 -1.8646308971932143E-001                  6.3947052996516556E+000                  8.5021176635065405E+000                  2.1198568871403072E+016                  6.3279963108043036E-001                  3.8148064262791297E-005                  3.5496222085530660E-001                  2.1025988500795504E-003                  6.1630907196949861E-004                  5.7221218635412074E-003                  1.2718648985637693E-003                  2.4871053158459595E-003                  8.6659310336531489E-007                  3.7571203993442785E-021                  0.0000000000000000E+000 
                                     527                  7.7128677222577391E-001                 -1.8952132773725117E-001                  6.3996615020304075E+000                  8.5030956506812529E+000                  3.1826612195052240E+016                  6.3279958553469573E-001                  3.8193609997699845E-005                  3.5496222085530654E-001                  2.1025988500795504E-003                  6.1630907196949850E-004                  5.7221218635412066E-003                  1.2718648985637691E-003                  2.4871053158459591E-003                  9.8390767805536771E-007                  5.6987594327831444E-021                  0.0000000000000000E+000 
                                     528                  7.7042087445637775E-001                 -1.9260822246859821E-001                  6.4046008426089083E+000                  8.5039863311893580E+000                  4.7686163449659680E+016                  6.3279953471219430E-001                  3.8244432498836334E-005                  3.5496222085530671E-001                  2.1025988500795508E-003                  6.1630907196949883E-004                  5.7221218635412092E-003                  1.2718648985637698E-003                  2.4871053158459604E-003                  1.1166422339488955E-006                  8.6225175037094785E-021                  0.0000000000000000E+000 
                                     529                  7.6953074359957907E-001                 -1.9572362113571190E-001                  6.4095240125464112E+000                  8.5047907553112712E+000                  7.1310352799756864E+016                  6.3279947796535096E-001                  3.8301179342703623E-005                  3.5496222085530643E-001                  2.1025988500795495E-003                  6.1630907196949828E-004                  5.7221218635412048E-003                  1.2718648985637687E-003                  2.4871053158459582E-003                  1.2667763556730695E-006                  1.3015050154290850E-020                  0.0000000000000000E+000 
                                     530                  7.6861578938770581E-001                 -1.9886736829356075E-001                  6.4144316969906932E+000                  8.5055100289423002E+000                  1.0644092125303886E+017                  6.3279941472760659E-001                  3.8364417086807265E-005                  3.5496222085530665E-001                  2.1025988500795517E-003                  6.1630907196949872E-004                  5.7221218635412083E-003                  1.2718648985637696E-003                  2.4871053158459599E-003                  1.4365392307789230E-006                  1.9599473936754230E-020                  0.0000000000000000E+000 
                                     531                  7.6767541073519929E-001                 -2.0203930643333237E-001                  6.4193245935018011E+000                  8.5061453338419248E+000                  1.5859985078775427E+017                  6.3279934421854889E-001                  3.8434926144535328E-005                  3.5496222085530660E-001                  2.1025988500795504E-003                  6.1630907196949861E-004                  5.7221218635412074E-003                  1.2718648985637693E-003                  2.4871053158459595E-003                  1.6284411525491492E-006                  2.9448185595787946E-020                  0.0000000000000000E+000 
                                     532                  7.6670899559655781E-001                 -2.0523927675880946E-001                  6.4242034101126384E+000                  8.5066979274120804E+000                  2.3592712385029270E+017                  6.3279926562032718E-001                  3.8513524365991616E-005                  3.5496222085530660E-001                  2.1025988500795499E-003                  6.1630907196949861E-004                  5.7221218635412074E-003                  1.2718648985637693E-003                  2.4871053158459595E-003                  1.8453086387860137E-006                  4.4148592384038554E-020                  0.0000000000000000E+000 
                                     533                  7.6571592081218798E-001                 -2.0846711999171247E-001                  6.4290688637714091E+000                  8.5071691425963323E+000                  3.5041158083042022E+017                  6.3279917802416241E-001                  3.8601120531124278E-005                  3.5496222085530649E-001                  2.1025988500795495E-003                  6.1630907196949839E-004                  5.7221218635412057E-003                  1.2718648985637689E-003                  2.4871053158459586E-003                  2.0903239261314056E-006                  6.6046201461129299E-020                  0.0000000000000000E+000 
                                     534                  7.6469555194042260E-001                 -2.1172267720676322E-001                  6.4326891549618352E+000                  8.2064077266880844E+000                  2.3518340438385421E+017                  6.3279910609857737E-001                  3.8673046116082098E-005                  3.5496222085530660E-001                  2.1025988500795508E-003                  6.1630907196949861E-004                  5.7221218635412074E-003                  1.2718648985637693E-003                  2.4871053158459595E-003                  2.2940272000212241E-006                  8.9089810935085827E-020                  0.0000000000000000E+000 
                                     535                  7.6417493082893106E-001                 -2.1336066797528597E-001                  6.4357266357956142E+000                  8.3827291838245266E+000                  4.5135568854647053E+017                  6.3279904118784880E-001                  3.8737956844530406E-005                  3.5496222085530654E-001                  2.1025988500795495E-003                  6.1630907196949850E-004                  5.7221218635412066E-003                  1.2718648985637691E-003                  2.4871053158459591E-003                  2.4794238376562243E-006                  1.1443457174001772E-019                  0.0000000000000000E+000 
                                     536                  7.6338072343304819E-001                 -2.1583060877933896E-001                  6.4399712808005996E+000                  8.5079394052856276E+000                  8.4901035620185152E+017                  6.3279894262494329E-001                  3.8836519749680542E-005                  3.5496222085530704E-001                  2.1025988500795534E-003                  6.1630907196949948E-004                  5.7221218635412144E-003                  1.2718648985637711E-003                  2.4871053158459630E-003                  2.7638194321604173E-006                  1.6225758502257245E-019                  0.0000000000000000E+000 
                                     537                  7.6229656347432528E-001                 -2.1914794840206606E-001                  6.4447983116935044E+000                  8.5081562589404331E+000                  1.2555993667544100E+018                  6.3279881821278505E-001                  3.8960931908293968E-005                  3.5496222085530665E-001                  2.1025988500795504E-003                  6.1630907196949872E-004                  5.7221218635412083E-003                  1.2718648985637696E-003                  2.4871053158459599E-003                  3.1274779470737049E-006                  2.4116552404267710E-019                  0.0000000000000000E+000 
                                     538                  7.6118296724884005E-001                 -2.2249249858900591E-001                  6.4496151065036402E+000                  8.5082982438360748E+000                  1.8549318800204531E+018                  6.3279867959935676E-001                  3.9099545336461033E-005                  3.5496222085530671E-001                  2.1025988500795508E-003                  6.1630907196949883E-004                  5.7221218635412092E-003                  1.2718648985637698E-003                  2.4871053158459604E-003                  3.5379202507142474E-006                  3.5778061216098457E-019                  0.0000000000000000E+000 
                                     539                  7.6003925012178641E-001                 -2.2586411195176834E-001                  6.4544224111757638E+000                  8.5083670829068687E+000                  2.7377671781197307E+018                  6.3279852534195713E-001                  3.9253802735754840E-005                  3.5496222085530682E-001                  2.1025988500795517E-003                  6.1630907196949904E-004                  5.7221218635412109E-003                  1.2718648985637702E-003                  2.4871053158459612E-003                  4.0010673851279268E-006                  5.2983042534220538E-019                  0.0000000000000000E+000 
                                     540                  7.5886471502432418E-001                 -2.2926264628629417E-001                  6.4592209450697515E+000                  8.5083645373259102E+000                  4.0375318759624463E+018                  6.3279835362556314E-001                  3.9425519130173930E-005                  3.5496222085530665E-001                  2.1025988500795512E-003                  6.1630907196950154E-004                  5.7221218635412083E-003                  1.2718648985637696E-003                  2.4871053158459599E-003                  4.5235804804536527E-006                  7.8325188355741721E-019                  0.0000000000000000E+000 
                                     541                  7.5765865218181172E-001                 -2.3268796530082669E-001                  6.4640113739397203E+000                  8.5082923759189271E+000                  5.9503921043332628E+018                  6.3279816250448340E-001                  3.9616640209685580E-005                  3.5496222085530688E-001                  2.1025988500795521E-003                  6.1630907196950370E-004                  5.7221218635412118E-003                  1.2718648985637704E-003                  2.4871053158459617E-003                  5.1129502734891111E-006                  1.1559377134429683E-018                  0.0000000000000000E+000 
                                     542                  7.5642033882583315E-001                 -2.3613993911676165E-001                  6.4687943113152322E+000                  8.5081523736591311E+000                  8.7648875595004570E+018                  6.3279794981811144E-001                  3.9829326581882896E-005                  3.5496222085530660E-001                  2.1025988500795499E-003                  6.1630907196950403E-004                  5.7221218635412074E-003                  1.2718648985637693E-003                  2.4871053158459595E-003                  5.7775986561965631E-006                  1.7031696285318983E-018                  0.0000000000000000E+000 
                                     543                  7.5514903888688456E-001                 -2.3961844476319039E-001                  6.4735703278953611E+000                  8.5079463160689368E+000                  1.2905696402481857E+019                  6.3279771316719879E-001                  4.0065977494344511E-005                  3.5496222085530660E-001                  2.1025988500795499E-003                  6.1630907196950674E-004                  5.7221218635412074E-003                  1.2718648985637693E-003                  2.4871053158459595E-003                  6.5269931111634736E-006                  2.5054880805543479E-018                  0.0000000000000000E+000 
                                     544                  7.5384400267587237E-001                 -2.4312336671255272E-001                  6.4783399601599436E+000                  8.5076760013250396E+000                  1.8998386001786847E+019                  6.3279744988748809E-001                  4.0329257204950615E-005                  3.5496222085530682E-001                  2.1025988500795508E-003                  6.1630907196950999E-004                  5.7221218635412109E-003                  1.2718648985637702E-003                  2.4871053158459612E-003                  7.3717751820924590E-006                  3.6800770627232641E-018                  0.0000000000000000E+000 
                                     545                  7.5250446655960512E-001                 -2.4665459744079493E-001                  6.4831037182778619E+000                  8.5073432430912828E+000                  2.7965400917210993E+019                  6.3279715702060546E-001                  4.0622124087630347E-005                  3.5496222085530688E-001                  2.1025988500795356E-003                  6.1630907196951509E-004                  5.7221218635412118E-003                  1.2718648985637704E-003                  2.4871053158459617E-003                  8.3239047290260714E-006                  5.3972155369895979E-018                  0.0000000000000000E+000 
                                     546                  7.5112965262705134E-001                 -2.5021203801920994E-001                  6.4878620933980002E+000                  8.5069498730985895E+000                  4.1168886767071855E+019                  6.3279683117292751E-001                  4.0947971765823259E-005                  3.5496222085530665E-001                  2.1025988500795304E-003                  6.1630907196952084E-004                  5.7221218635412083E-003                  1.2718648985637696E-003                  2.4871053158459599E-003                  9.3968219390231177E-006                  7.9040234020680776E-018                  0.0000000000000000E+000 
                                     547                  7.4971876834550277E-001                 -2.5379559873741958E-001                  6.4926155643731791E+000                  8.5064977405015618E+000                  6.0622337199632490E+019                  6.3279646890137908E-001                  4.1310243314000020E-005                  3.5496222085530682E-001                  2.1025988500795283E-003                  6.1630907196953103E-004                  5.7221218635412109E-003                  1.2718648985637702E-003                  2.4871053158459612E-003                  1.0605629321620468E-005                  1.1558700967725848E-017                  0.0000000000000000E+000 
                                     548                  7.4827100621861964E-001                 -2.5740519973209425E-001                  6.4973646039594950E+000                  8.5059887106079568E+000                  8.9308693061006262E+019                  6.3279606606672612E-001                  4.1713077967150353E-005                  3.5496222085530682E-001                  2.1025988500795131E-003                  6.1630907196954382E-004                  5.7221218635412109E-003                  1.2718648985637702E-003                  2.4871053158459612E-003                  1.1967296163052067E-005                  1.6879848386002543E-017                  0.0000000000000000E+000 
                                     549                  7.4678554344929793E-001                 -2.6104077161630390E-001                  6.5021096845499438E+000                  8.5054246648638685E+000                  1.3165472487699268E+020                  6.3279561818070029E-001                  4.2160963992648831E-005                  3.5496222085530704E-001                  2.1025988500795057E-003                  6.1630907196956203E-004                  5.7221218635412144E-003                  1.2718648985637711E-003                  2.4871053158459630E-003                  1.3500888328948488E-005                  2.4617439989705589E-017                  0.0000000000000000E+000 
                                     550                  7.4526154160566327E-001                 -2.6470225612008008E-001                  6.5068512827841358E+000                  8.5048075006852475E+000                  1.9424470418342940E+020                  6.3279512026377405E-001                  4.2658880918779563E-005                  3.5496222085530704E-001                  2.1025988500794827E-003                  6.1630907196958816E-004                  5.7221218635412144E-003                  1.2718648985637711E-003                  2.4871053158459630E-003                  1.5227826453059659E-005                  3.5854866541312298E-017                  0.0000000000000000E+000 
                                     551                  7.4369814628859854E-001                 -2.6838960674142154E-001                  6.5115898804224930E+000                  8.5041391259146604E+000                  2.8689595702821362E+020                  6.3279456679199841E-001                  4.3212352693445750E-005                  3.5496222085530821E-001                  2.1025988500794450E-003                  6.1630907196962242E-004                  5.7221218635412057E-003                  1.2718648985637689E-003                  2.4871053158459586E-003                  1.7172175417818557E-005                  5.2155510530757038E-017                  0.0000000000000000E+000 
                                     552                  7.4209448680929313E-001                 -2.7210278936213234E-001                  6.5163259612857791E+000                  8.5034214491706770E+000                  4.2428577516586146E+020                  6.3279395163817354E-001                  4.3827506517256881E-005                  3.5496222085530910E-001                  2.1025988500794099E-003                  6.1630907196967078E-004                  5.7221218635412074E-003                  1.2718648985637693E-003                  2.4871053158459595E-003                  1.9360968451838696E-005                  7.5773090522682307E-017                  0.0000000000000000E+000 
                                     553                  7.4044967588191002E-001                 -2.7584178279124766E-001                  6.5210600072317462E+000                  8.5026563701014908E+000                  6.2842525329564054E+020                  6.3279326787322654E-001                  4.4511271463755840E-005                  3.5496222085530954E-001                  2.1025988500793466E-003                  6.1630907196973746E-004                  5.7221218635412083E-003                  1.2718648985637696E-003                  2.4871053158459599E-003                  2.1824570276681458E-005                  1.0995325794196462E-016                  0.0000000000000000E+000 
                                     554                  7.3876280933164362E-001                 -2.7960657923172938E-001                  6.5257924943834009E+000                  8.5018457729473731E+000                  9.3241150071983623E+020                  6.3279250820754063E-001                  4.5270937149527948E-005                  3.5496222085530965E-001                  2.1025988500792668E-003                  6.1630907196983070E-004                  5.7221218635412074E-003                  1.2718648985637693E-003                  2.4871053158459595E-003                  2.4597084178265390E-005                  1.5936565250589011E-016                  0.0000000000000000E+000 
                                     555                  7.3703296581042332E-001                 -2.8339718469590153E-001                  6.5305238896603477E+000                  8.5009915196524659E+000                  1.3862053001245900E+021                  6.3279166416993937E-001                  4.6114974749613266E-005                  3.5496222085531082E-001                  2.1025988500791557E-003                  6.1630907196996059E-004                  5.7221218635412144E-003                  1.2718648985637711E-003                  2.4871053158459630E-003                  2.7716808133756613E-005                  2.3072233950430106E-016                  0.0000000000000000E+000 
                                     556                  7.3525920652377907E-001                 -2.8721361936353379E-001                  6.5352546476166173E+000                  8.5000954417752652E+000                  2.0654739862049716E+021                  6.3279072649579204E-001                  4.7052648894871398E-005                  3.5496222085531287E-001                  2.1025988500790044E-003                  6.1630907197013926E-004                  5.7221218635412109E-003                  1.2718648985637702E-003                  2.4871053158459612E-003                  3.1226745919597277E-005                  3.3366226613900152E-016                  0.0000000000000000E+000 
                                     557                  7.3344057497940729E-001                 -2.9105591786956880E-001                  6.5399852075909726E+000                  8.4991593329221828E+000                  3.0852549920496885E+021                  6.3278968491345411E-001                  4.8094231230786306E-005                  3.5496222085531498E-001                  2.1025988500787914E-003                  6.1630907197038646E-004                  5.7221218635412092E-003                  1.2718648985637698E-003                  2.4871053158459604E-003                  3.5175179601473682E-005                  4.8201516368969787E-016                  0.0000000000000000E+000 
                                     558                  7.3157609676000712E-001                 -2.9492412952328534E-001                  6.5447159910810413E+000                  8.4981849454048888E+000                  4.6211293403421417E+021                  6.3278852803295860E-001                  4.9251111723928130E-005                  3.5496222085531731E-001                  2.1025988500784961E-003                  6.1630907197072744E-004                  5.7221218635412100E-003                  1.2718648985637700E-003                  2.4871053158459608E-003                  3.9616310597786668E-005                  6.9560614686594307E-016                  0.0000000000000000E+000 
                                     559                  7.2966477930797935E-001                 -2.9881831849422535E-001                  6.5494473992739506E+000                  8.4971739883298838E+000                  6.9422241242928529E+021                  6.3278724307326539E-001                  5.0536071412441063E-005                  3.5496222085532181E-001                  2.1025988500780941E-003                  6.1630907197119983E-004                  5.7221218635412100E-003                  1.2718648985637700E-003                  2.4871053158459608E-003                  4.4610977291675213E-005                  1.0028303067396429E-015                  0.0000000000000000E+000 
                                     560                  7.2770561171827619E-001                 -3.0273856397696286E-001                  6.5541798139692888E+000                  8.4961281256413077E+000                  1.0462618873212663E+022                  6.3278581629854780E-001                  5.1962846124979070E-005                  3.5496222085532680E-001                  2.1025988500775351E-003                  6.1630907197185133E-004                  5.7221218635412100E-003                  1.2718648985637700E-003                  2.4871053158459608E-003                  5.0227460343583713E-005                  1.4443230496410170E-015                  0.0000000000000000E+000 
                                     561                  7.2569756455539147E-001                 -3.0668496033398607E-001                  6.5589136170973710E+000                  8.4950489927183952E+000                  1.5822498434616260E+022                  6.3278423204023093E-001                  5.3547104434137825E-005                  3.5496222085533446E-001                  2.1025988500767640E-003                  6.1630907197274970E-004                  5.7221218635412083E-003                  1.2718648985637696E-003                  2.4871053158459599E-003                  5.6542398228311196E-005                  2.0781910725954196E-015                  0.0000000000000000E+000 
                                     562                  7.2363958970014519E-001                 -3.1065761738685060E-001                  6.5636492160255839E+000                  8.4939382225965723E+000                  2.4015851654294857E+022                  6.3278247306046120E-001                  5.5306084193668519E-005                  3.5496222085534451E-001                  2.1025988500757041E-003                  6.1630907197398883E-004                  5.7221218635412126E-003                  1.2718648985637706E-003                  2.4871053158459621E-003                  6.3641825723836429E-005                  2.9874647690631888E-015                  0.0000000000000000E+000 
                                     563                  7.2153062021739844E-001                 -3.1465666095265399E-001                  6.5683870520897694E+000                  8.4927974584101591E+000                  3.6593124787224664E+022                  6.3278052023777709E-001                  5.7258906863372943E-005                  3.5496222085535850E-001                  2.1025988500742365E-003                  6.1630907197569678E-004                  5.7221218635412083E-003                  1.2718648985637696E-003                  2.4871053158459599E-003                  7.1622335408279370E-005                  4.2907086018876362E-015                  0.0000000000000000E+000 
                                     564                  7.1936957023073411E-001                 -3.1868223351018388E-001                  6.5731276022436402E+000                  8.4916283555027618E+000                  5.5983940990048963E+022                  6.3277835236026470E-001                  5.9426784355298217E-005                  3.5496222085537860E-001                  2.1025988500722238E-003                  6.1630907197804884E-004                  5.7221218635412100E-003                  1.2718648985637700E-003                  2.4871053158459608E-003                  8.0592380692617204E-005                  6.1571210845607874E-015                  0.0000000000000000E+000 
                                     565                  7.1715533482053939E-001                 -3.2273449490565748E-001                  6.5778713801522217E+000                  8.4904325816783039E+000                  8.6014005877427675E+022                  6.3277594567813267E-001                  6.1833466459208244E-005                  3.5496222085540657E-001                  2.1025988500694469E-003                  6.1630907198128649E-004                  5.7221218635412074E-003                  1.2718648985637691E-003                  2.4871053158459591E-003                  9.0673741982760163E-005                  8.8280170700603817E-015                  0.0000000000000000E+000 
                                     566                  7.1488678995469501E-001                 -3.2681362308277789E-001                  6.5826189367841623E+000                  8.4892118178755869E+000                  1.3273277332455585E+023                  6.3277327448579512E-001                  6.4504658756040674E-005                  3.5496222085544643E-001                  2.1025988500656292E-003                  6.1630907198574223E-004                  5.7221218635412092E-003                  1.2718648985637698E-003                  2.4871053158459604E-003                  1.0200317706955125E-004                  1.2647380960319954E-014                  0.0000000000000000E+000 
                                     567                  7.1256279245205800E-001                 -3.3091981484267169E-001                  6.5861735969811823E+000                  8.1898070936892537E+000                  9.2654171310256080E+022                  6.3277109016950084E-001                  6.6688975009593932E-005                  3.5496222085548657E-001                  2.1025988500619330E-003                  6.1630907199005367E-004                  5.7221218635412092E-003                  1.2718648985637700E-003                  2.4871053158459604E-003                  1.1141457770518950E-004                  1.6546700335041571E-014                  0.0000000000000000E+000 
                                     568                  7.1137248620736671E-001                 -3.3299533312060670E-001                  6.5885507012348388E+000                  8.1839613456349856E+000                  1.1413441865420773E+023                  6.3276952251618801E-001                  6.8256628287381097E-005                  3.5496222085552137E-001                  2.1025988500587792E-003                  6.1630907199372901E-004                  5.7221218635412066E-003                  1.2718648985637689E-003                  2.4871053158459591E-003                  1.1815959916354360E-004                  1.9793975308976048E-014                  0.0000000000000000E+000 
                                     569                  7.1018217996267552E-001                 -3.3505286867366241E-001                  6.5915398624556216E+000                  8.3657729315098806E+000                  2.2944956301035909E+023                  6.3276745945536939E-001                  7.0319689054932174E-005                  3.5496222085557178E-001                  2.1025988500543375E-003                  6.1630907199891171E-004                  5.7221218635412040E-003                  1.2718648985637685E-003                  2.4871053158459578E-003                  1.2719877812224394E-004                  2.4783923320990011E-014                  0.0000000000000000E+000 
                                     570                  7.0834234914573213E-001                 -3.3819887914485702E-001                  6.5951102970427273E+000                  8.3570177196302264E+000                  3.1503948641962180E+023                  6.3276478789501600E-001                  7.2991249324246802E-005                  3.5496222085565421E-001                  2.1025988500473734E-003                  6.1630907200704095E-004                  5.7221218635412083E-003                  1.2718648985637693E-003                  2.4871053158459595E-003                  1.3890796117983932E-004                  3.2404743336291572E-014                  0.0000000000000000E+000 
                                     571                  7.0650251832878874E-001                 -3.4130437338852454E-001                  6.5992740224912074E+000                  8.4847672106455860E+000                  6.2827525065397852E+023                  6.3276139290958899E-001                  7.6386234621413752E-005                  3.5496222085578272E-001                  2.1025988500369343E-003                  6.1630907201921741E-004                  5.7221218635412074E-003                  1.2718648985637693E-003                  2.4871053158459595E-003                  1.5387897927954207E-004                  4.4256573693410683E-014                  0.0000000000000000E+000 
                                     572                  7.0397515741207906E-001                 -3.4550712353958440E-001                  6.6034402992644106E+000                  8.3586555505213820E+000                  7.0096099656640900E+023                  6.3275768490265916E-001                  8.0094241370818849E-005                  3.5496222085596069E-001                  2.1025988500232530E-003                  6.1630907203517828E-004                  5.7221218635412066E-003                  1.2718648985637691E-003                  2.4871053158459591E-003                  1.7049113188697404E-004                  6.0422108925419350E-014                  0.0000000000000000E+000 
                                     573                  7.0203978246987286E-001                 -3.4867748806572807E-001                  6.6070237212994831E+000                  8.3576626378019725E+000                  9.8858680188131029E+023                  6.3275422328409026E-001                  8.3555859728975777E-005                  3.5496222085616902E-001                  2.1025988500080642E-003                  6.1630907205289967E-004                  5.7221218635412092E-003                  1.2718648985637698E-003                  2.4871053158459604E-003                  1.8615252717888800E-004                  7.8911170182870812E-014                  0.0000000000000000E+000 
                                     574                  7.0006966336198440E-001                 -3.5186384657982567E-001                  6.6112190158624733E+000                  8.4814590427823120E+000                  1.9764364331277474E+024                  6.3274982344920561E-001                  8.7955694275298080E-005                  3.5496222085650303E-001                  2.1025988499850613E-003                  6.1630907207973270E-004                  5.7221218635412066E-003                  1.2718648985637691E-003                  2.4871053158459591E-003                  2.0625432899871497E-004                  1.0775970840373123E-013                  0.0000000000000000E+000 
                                     575                  6.9738787196393537E-001                 -3.5613770740165229E-001                  6.6160111784898090E+000                  8.4801116620048891E+000                  3.1520398943088028E+024                  6.3274428411191952E-001                  9.3495031002110193E-005                  3.5496222085705692E-001                  2.1025988499496946E-003                  6.1630907212099743E-004                  5.7221218635412083E-003                  1.2718648985637693E-003                  2.4871053158459595E-003                  2.3186224037896640E-004                  1.5368659073746271E-013                  0.0000000000000000E+000 
                                     576                  6.9464209159378432E-001                 -3.6044060837617020E-001                  6.6208124288044807E+000                  8.4787529836542355E+000                  5.0504655559890219E+024                  6.3273813726261163E-001                  9.9641879476404372E-005                  3.5496222085788237E-001                  2.1025988499011306E-003                  6.1630907217765383E-004                  5.7221218635412066E-003                  1.2718648985637691E-003                  2.4871053158459591E-003                  2.6063050312540769E-004                  2.1908083265954549E-013                  0.0000000000000000E+000 
                                     577                  6.9183102780815753E-001                 -3.6477292568574965E-001                  6.6256233728034895E+000                  8.4773845887924146E+000                  8.1294534561055105E+024                  6.3273131645122871E-001                  1.0646268960929686E-004                  3.5496222085912116E-001                  2.1025988498344600E-003                  6.1630907225543167E-004                  5.7221218635412118E-003                  1.2718648985637702E-003                  2.4871053158459612E-003                  2.9294839894459482E-004                  3.1215914090967813E-013                  0.0000000000000000E+000 
                                     578                  6.8895336804640805E-001                 -3.6913506030491816E-001                  6.6292303753453643E+000                  8.1777958175564649E+000                  5.8552799380167854E+024                  6.3272574242293456E-001                  1.1203671660833978E-004                  3.5496222086040535E-001                  2.1025988497700315E-003                  6.1630907233059615E-004                  5.7221218635412083E-003                  1.2718648985637693E-003                  2.4871053158459599E-003                  3.1979634706145028E-004                  4.0686339250624725E-013                  0.0000000000000000E+000 
                                     579                  6.8748057500211412E-001                 -3.7133999222844954E-001                  6.6316436095261277E+000                  8.1720483150625842E+000                  7.3678445803182142E+024                  6.3272175305574729E-001                  1.1602608261163329E-004                  3.5496222086158052E-001                  2.1025988497158595E-003                  6.1630907239379527E-004                  5.7221218635412074E-003                  1.2718648985637696E-003                  2.4871053158459595E-003                  3.3902868670579700E-004                  4.8551061648742128E-013                  0.0000000000000000E+000 
                                     580                  6.8600778195782020E-001                 -3.7352696634675969E-001                  6.6352767645748960E+000                  8.4746249836658141E+000                  2.1344389258225109E+025                  6.3271534950496855E-001                  1.2242963111957074E-004                  3.5496222086383467E-001                  2.1025988496173611E-003                  6.1630907250870791E-004                  5.7221218635412048E-003                  1.2718648985637687E-003                  2.4871053158459582E-003                  3.7003539681972362E-004                  6.3297215155723355E-013                  0.0000000000000000E+000 
                                     581                  6.8299292177439652E-001                 -3.7795003740514393E-001                  6.6401201441634967E+000                  8.4732365249426689E+000                  3.4804964973920862E+025                  6.3270603135257586E-001                  1.3174777914321114E-004                  3.5496222086817525E-001                  2.1025988494450107E-003                  6.1630907270977722E-004                  5.7221218635412083E-003                  1.2718648985637689E-003                  2.4871053158459586E-003                  4.1584708284943223E-004                  9.0083030750044312E-013                  0.0000000000000000E+000 
                                     582                  6.7990742273113136E-001                 -3.8240428228278239E-001                  6.6449754159959920E+000                  8.4718442904312816E+000                  5.6981591588622628E+025                  6.3269569242580270E-001                  1.4208669921190483E-004                  3.5496222087484020E-001                  2.1025988492085132E-003                  6.1630907298568227E-004                  5.7221218635412378E-003                  1.2718648985637689E-003                  2.4871053158459586E-003                  4.6730748944376571E-004                  1.2816052983379641E-012                  0.0000000000000000E+000 
                                     583                  6.7674990354349129E-001                 -3.8689020628740012E-001                  6.6498430906922321E+000                  8.4704496898223187E+000                  9.3644942948432969E+025                  6.3268422110864764E-001                  1.5355800602528247E-004                  3.5496222088512785E-001                  2.1025988488840124E-003                  6.1630907336425792E-004                  5.7221218635412577E-003                  1.2718648985637706E-003                  2.4871053158459621E-003                  5.2511232642021616E-004                  1.8227596998189791E-012                  0.0000000000000000E+000 
                                     584                  6.7351896696024416E-001                 -3.9140834243503186E-001                  6.6534948329505745E+000                  8.1707968471805064E+000                  6.8460300058261150E+025                  6.3267484634425664E-001                  1.6293275947745731E-004                  3.5496222089601454E-001                  2.1025988485703991E-003                  6.1630907373013040E-004                  5.7221218635412604E-003                  1.2718648985637702E-003                  2.4871053158459612E-003                  5.7313842613270513E-004                  2.3728029037463089E-012                  0.0000000000000000E+000 
                                     585                  6.7186608367092804E-001                 -3.9369241044398390E-001                  6.6559384097068639E+000                  8.1651364731449174E+000                  8.7008987368945202E+025                  6.3266813813154077E-001                  1.6964096198438525E-004                  3.5496222090617935E-001                  2.1025988483069319E-003                  6.1630907403749748E-004                  5.7221218635412612E-003                  1.2718648985637700E-003                  2.4871053158459608E-003                  6.0753465154872281E-004                  2.8291537627847885E-012                  0.0000000000000000E+000 
                                     586                  6.7021320038161203E-001                 -3.9595874419046889E-001                  6.6596177970506458E+000                  8.4676591973245650E+000                  2.5563654855628274E+026                  6.3265737205720252E-001                  1.8040701647136057E-004                  3.5496222092595103E-001                  2.1025988478278997E-003                  6.1630907459634863E-004                  5.7221218635412916E-003                  1.2718648985637702E-003                  2.4871053158459612E-003                  6.6297673114109213E-004                  3.6839628729251011E-012                  0.0000000000000000E+000 
                                     587                  6.6683117653342738E-001                 -4.0054301609874277E-001                  6.6645256392264205E+000                  8.4662657640883268E+000                  4.2445781287966144E+026                  6.3264170515989726E-001                  1.9607387471505736E-004                  3.5496222096487273E-001                  2.1025988469897806E-003                  6.1630907557412682E-004                  5.7221218635413237E-003                  1.2718648985637700E-003                  2.4871053158459608E-003                  7.4490025931017018E-004                  5.2353126304632005E-012                  0.0000000000000000E+000 
                                     588                  6.6337145420182608E-001                 -4.0516127388125256E-001                  6.6694478661089400E+000                  8.4648754155955714E+000                  7.0690477280843700E+026                  6.3262432357465426E-001                  2.1345539859066808E-004                  3.5496222102604852E-001                  2.1025988458398732E-003                  6.1630907691564215E-004                  5.7221218635413748E-003                  1.2718648985637700E-003                  2.4871053158459608E-003                  8.3692097758415827E-004                  7.4383058034523902E-012                  0.0000000000000000E+000 
                                     589                  6.5983257905497072E-001                 -4.0981417012810079E-001                  6.6743849522599543E+000                  8.4634894665822937E+000                  1.1806361352667651E+027                  6.3260504002801066E-001                  2.3273884844010956E-004                  3.5496222112257964E-001                  2.1025988442621747E-003                  6.1630907875622474E-004                  5.7221218635414486E-003                  1.2718648985637691E-003                  2.4871053158459591E-003                  9.4028304817501875E-004                  1.0566193032432836E-011                  0.0000000000000000E+000 
                                     590                  6.5621308455518601E-001                 -4.1450238972307513E-001                  6.6780908046654845E+000                  8.1637944326801062E+000                  8.7295507078728805E+026                  6.3258927981620139E-001                  2.4849895607814221E-004                  3.5496222122649657E-001                  2.1025988427367586E-003                  6.1630908053581781E-004                  5.7221218635415258E-003                  1.2718648985637704E-003                  2.4871053158459617E-003                  1.0261724782088353E-003                  1.3743676220869205E-011                  0.0000000000000000E+000 
                                     591                  6.5436228874762126E-001                 -4.1687291096779938E-001                  6.6805709072785930E+000                  8.1582458467969357E+000                  1.1179074568325421E+027                  6.3257800502712569E-001                  2.5977364654559829E-004                  3.5496222132489136E-001                  2.1025988414561571E-003                  6.1630908202980048E-004                  5.7221218635415865E-003                  1.2718648985637704E-003                  2.4871053158459617E-003                  1.0876759460272686E-003                  1.6378270359289304E-011                  0.0000000000000000E+000 
                                     592                  6.5251149294005661E-001                 -4.1922610170274371E-001                  6.6843056953767048E+000                  8.4607362539100670E+000                  3.3187941148848374E+027                  6.3255991331721528E-001                  2.7786516256605548E-004                  3.5496222151839329E-001                  2.1025988391273655E-003                  6.1630908474662400E-004                  5.7221218635416923E-003                  1.2718648985637696E-003                  2.4871053158459599E-003                  1.1867925575823985E-003                  2.1309991418426825E-011                  0.0000000000000000E+000 
                                     593                  6.4872631627014721E-001                 -4.2398715469434867E-001                  6.6892900168608795E+000                  8.4593711737164519E+000                  5.5836929023055321E+027                  6.3253358512411495E-001                  3.0419296771974028E-004                  3.5496222190566057E-001                  2.1025988350519224E-003                  6.1630908950113393E-004                  5.7221218635418961E-003                  1.2718648985637700E-003                  2.4871053158459608E-003                  1.3332737049476916E-003                  3.0256242491036360E-011                  0.0000000000000000E+000 
                                     594                  6.4485605756718090E-001                 -4.2878578999780870E-001                  6.6942909406376412E+000                  8.4580155272336057E+000                  9.4138403652854179E+027                  6.3250437884644228E-001                  3.3339862530412580E-004                  3.5496222252481668E-001                  2.1025988294595638E-003                  6.1630909602529969E-004                  5.7221218635421772E-003                  1.2718648985637696E-003                  2.4871053158459599E-003                  1.4978080597955951E-003                  4.2952708043079744E-011                  0.0000000000000000E+000 
                                     595                  6.4089921206076272E-001                 -4.3362283248014316E-001                  6.6993088512804544E+000                  8.4566705122190413E+000                  1.5901641592722078E+028                  6.3247198081392275E-001                  3.6579566397108420E-004                  3.5496222351739004E-001                  2.1025988217852833E-003                  6.1630910497827835E-004                  5.7221218635425839E-003                  1.2718648985637702E-003                  2.4871053158459612E-003                  1.6826211835224915E-003                  6.0969968589342423E-011                  0.0000000000000000E+000 
                                     596                  6.3685426851868931E-001                 -4.3849914495567233E-001                  6.7030771238754081E+000                  8.1569516231611985E+000                  1.1849631476080025E+028                  6.3244550213635742E-001                  3.9227325774839441E-004                  3.5496222459994065E-001                  2.1025988143598597E-003                  6.1630911364092089E-004                  5.7221218635429812E-003                  1.2718648985637696E-003                  2.4871053158459599E-003                  1.8362210364090844E-003                  7.9268721565802273E-011                  0.0000000000000000E+000 
                                     597                  6.3478698958526303E-001                 -4.4096544347246541E-001                  6.7055991687720553E+000                  8.1515412652522805E+000                  1.5254892262775856E+028                  6.3242656367108907E-001                  4.1121068872360404E-004                  3.5496222563319546E-001                  2.1025988081305007E-003                  6.1630912090820369E-004                  5.7221218635433212E-003                  1.2718648985637687E-003                  2.4871053158459582E-003                  1.9461942800952712E-003                  9.4434919037354074E-011                  0.0000000000000000E+000 
                                     598                  6.3271971065183663E-001                 -4.4341503254224773E-001                  6.7093972925239012E+000                  8.4540175227483836E+000                  4.5604380989534010E+028                  6.3239618020783317E-001                  4.4159210121280331E-004                  3.5496222768207353E-001                  2.1025987967985306E-003                  6.1630913412828205E-004                  5.7221218635439613E-003                  1.2718648985637700E-003                  2.4871053158459608E-003                  2.1233944418008262E-003                  1.2281211489693777E-010                  0.0000000000000000E+000 
                                     599                  6.2849401861129628E-001                 -4.4837263049954296E-001                  6.7144683877091031E+000                  8.4527115830714408E+000                  7.7403880190242519E+028                  6.3235196542640992E-001                  4.8580273163441757E-004                  3.5496223182976810E-001                  2.1025987769578759E-003                  6.1630915727471051E-004                  5.7221218635451045E-003                  1.2718648985637693E-003                  2.4871053158459595E-003                  2.3853292590553139E-003                  1.7428051721099744E-010                  0.0000000000000000E+000 
                                     600                  6.2417567060233525E-001                 -4.5337233081671813E-001                  6.7195581218522928E+000                  8.4514212160563531E+000                  1.3155082547623609E+029                  6.3230292453991532E-001                  5.3483690526481755E-004                  3.5496223853809283E-001                  2.1025987497214917E-003                  6.1630918904907305E-004                  5.7221218635467265E-003                  1.2718648985637691E-003                  2.4871053158459591E-003                  2.6795786433915412E-003                  2.4730437139059121E-010                  0.0000000000000000E+000 
                                     601                  6.1976314459376070E-001                 -4.5841516668226118E-001                  6.7246670397887023E+000                  8.4501478134527570E+000                  2.2384582132135251E+029                  6.3224853148555260E-001                  5.8921908390587344E-004                  3.5496224940758170E-001                  2.1025987123274950E-003                  6.1630923267339151E-004                  5.7221218635490180E-003                  1.2718648985637691E-003                  2.4871053158459591E-003                  3.0101575554998448E-003                  3.5091280808187604E-010                  0.0000000000000000E+000 
                                     602                  6.1525492011045024E-001                 -4.6350222050006717E-001                  6.7285057071489511E+000                  8.1504213411895723E+000                  1.6763444466704653E+029                  6.3220407625859909E-001                  6.3366232898136321E-004                  3.5496226138342218E-001                  2.1025986761024789E-003                  6.1630927493392382E-004                  5.7221218635513027E-003                  1.2718648985637706E-003                  2.4871053158459621E-003                  3.2850288596475573E-003                  4.5615547301418948E-010                  0.0000000000000000E+000 
                                     603                  6.1295220011593676E-001                 -4.6607600467444693E-001                  6.7310751489380118E+000                  8.1451788215503704E+000                  2.1655972164463685E+029                  6.3217228844743500E-001                  6.6543867267309883E-004                  3.5496227284583282E-001                  2.1025986457347511E-003                  6.1630931036122673E-004                  5.7221218635532560E-003                  1.2718648985637704E-003                  2.4871053158459617E-003                  3.4818472087060721E-003                  5.4337007772257677E-010                  0.0000000000000000E+000 
                                     604                  6.1064948012142328E-001                 -4.6863397493826986E-001                  6.7336498822510720E+000                  8.1491674337759292E+000                  2.8576742433469319E+029                  6.3213890161284902E-001                  6.9881183593054812E-004                  3.5496228651140976E-001                  2.1025986112267400E-003                  6.1630935061860717E-004                  5.7221218635554990E-003                  1.2718648985637696E-003                  2.4871053158459604E-003                  3.6905000211216051E-003                  6.4726666336580586E-010                  0.0000000000000000E+000 
                                     605                  6.0829739658503146E-001                 -4.7123091268237299E-001                  6.7362297187291311E+000                  8.1439626424432188E+000                  3.6936951070869251E+029                  6.3210364778417760E-001                  7.3404701269185304E-004                  3.5496230515636762E-001                  2.1025985695155456E-003                  6.1630939927924215E-004                  5.7221218635582728E-003                  1.2718648985637700E-003                  2.4871053158459604E-003                  3.9117170397562255E-003                  7.7103153694849154E-010                  0.0000000000000000E+000 
                                     606                  6.0594531304863963E-001                 -4.7381225675151939E-001                  6.7401154357585797E+000                  8.4464452733497062E+000                  1.1096939418291767E+030                  6.3204710257864771E-001                  7.9055496076488145E-004                  3.5496234240116820E-001                  2.1025984935800291E-003                  6.1630948786618744E-004                  5.7221218635634050E-003                  1.2718648985637698E-003                  2.4871053158459604E-003                  4.2682772317638945E-003                  1.0025804181308488E-009                  0.0000000000000000E+000 
                                     607                  6.0114091488065569E-001                 -4.7903899299871294E-001                  6.7453077404118158E+000                  8.4452552868876509E+000                  1.8954675610456102E+030                  6.3196481982495256E-001                  8.7276161055179619E-004                  3.5496241848288973E-001                  2.1025983604668554E-003                  6.1630964315679442E-004                  5.7221218635726597E-003                  1.2718648985637704E-003                  2.4871053158459617E-003                  4.7960178850026758E-003                  1.4227882568409430E-009                  0.0000000000000000E+000 
                                     608                  5.9623479137950386E-001                 -4.8431483570108780E-001                  6.7505229358687577E+000                  8.4440904681094047E+000                  3.2400276107847256E+030                  6.3187357680812839E-001                  9.6388043729075425E-004                  3.5496254264248100E-001                  2.1025981775139612E-003                  6.1630985659035951E-004                  5.7221218635857742E-003                  1.2718648985637700E-003                  2.4871053158459608E-003                  5.3898989788014572E-003                  2.0193494471165306E-009                  0.0000000000000000E+000 
                                     609                  5.9122546039169455E-001                 -4.8964116551215414E-001                  6.7557619602265140E+000                  8.4429527234581645E+000                  5.5418843102559306E+030                  6.3177241017674435E-001                  1.0648441889651108E-003                  3.5496274548026674E-001                  2.1025979259842302E-003                  6.1631015002542786E-004                  5.7221218636043800E-003                  1.2718648985637683E-003                  2.4871053158459573E-003                  6.0588190042834755E-003                  2.8664853409404481E-009                  0.0000000000000000E+000 
                                     610                  5.8611145428728806E-001                 -4.9501943496204209E-001                  6.7597024349511576E+000                  8.1432447765813425E+000                  4.1651953833330267E+030                  6.3168962537383766E-001                  1.1473992632670383E-003                  3.5496297516790321E-001                  2.1025976801885486E-003                  6.1631043677074567E-004                  5.7221218636230352E-003                  1.2718648985637713E-003                  2.4871053158459634E-003                  6.6169158408415181E-003                  3.7280452537826257E-009                  0.0000000000000000E+000 
                                     611                  5.8350138840207766E-001                 -4.9774205551448253E-001                  6.7623407889826055E+000                  8.1382530076646304E+000                  5.3944778782613935E+030                  6.3163055927319922E-001                  1.2062527123272923E-003                  3.5496318778551950E-001                  2.1025974764276008E-003                  6.1631067447802162E-004                  5.7221218636388455E-003                  1.2718648985637713E-003                  2.4871053158459634E-003                  7.0176489936360342E-003                  4.4424081584927275E-009                  0.0000000000000000E+000 
                                     612                  5.8089132251686737E-001                 -5.0045044339218026E-001                  6.7663156096041615E+000                  8.4407669569543611E+000                  1.6236973196782960E+031                  6.3153594790493295E-001                  1.3004317659004838E-003                  3.5496362003815884E-001                  2.1025971041282602E-003                  6.1631110880150451E-004                  5.7221218636682629E-003                  1.2718648985637704E-003                  2.4871053158459617E-003                  7.6658254261124398E-003                  5.7796228725848498E-009                  0.0000000000000000E+000 
                                     613                  5.7556363427674129E-001                 -5.0593725725075123E-001                  6.7716322014939880E+000                  8.4397226697227516E+000                  2.7803789799417409E+031                  6.3139821258132711E-001                  1.4372779556091901E-003                  3.5496450906287513E-001                  2.1025964490831756E-003                  6.1631187297420456E-004                  5.7221218637214790E-003                  1.2718648985637693E-003                  2.4871053158459595E-003                  8.6320647100448355E-003                  8.2100723256757477E-009                  0.0000000000000000E+000 
                                     614                  5.7012698129877359E-001                 -5.1148084697892493E-001                  6.7756335634982614E+000                  8.1400383454715399E+000                  2.0917393030987740E+031                  6.3128514767784583E-001                  1.5493200254072116E-003                  3.5496553178848456E-001                  2.1025958006805970E-003                  6.1631262939652312E-004                  5.7221218637755929E-003                  1.2718648985637698E-003                  2.4871053158459604E-003                  9.4444472171326677E-003                  1.0684784562643794E-008                  0.0000000000000000E+000 
                                     615                  5.6735348104213656E-001                 -5.1428811824165321E-001                  6.7783131794727618E+000                  8.1351962474465935E+000                  2.7097137141400157E+031                  6.3120491964161463E-001                  1.6286227516695271E-003                  3.5496645701052226E-001                  2.1025952731272010E-003                  6.1631324483620476E-004                  5.7221218638204875E-003                  1.2718648985637696E-003                  2.4871053158459599E-003                  1.0031863660372092E-002                  1.2738004735354941E-008                  0.0000000000000000E+000 
                                     616                  5.6457998078549965E-001                 -5.1708222488513422E-001                  6.7810002671598619E+000                  8.1390403640157860E+000                  3.5806289073168662E+031                  6.3112053023606407E-001                  1.7118277694626769E-003                  3.5496764129506503E-001                  2.1025946538789295E-003                  6.1631396724568497E-004                  5.7221218638740115E-003                  1.2718648985637700E-003                  2.4871053158459608E-003                  1.0660898994740570E-002                  1.5187275462366788E-008                  0.0000000000000000E+000 
                                     617                  5.6175062963568489E-001                 -5.1991950860662506E-001                  6.7836947932056120E+000                  8.1342521978230167E+000                  4.6373419677759334E+031                  6.3103178438580576E-001                  1.7990577805030075E-003                  3.5496915701311632E-001                  2.1025939269267938E-003                  6.1631481530065898E-004                  5.7221218639378433E-003                  1.2718648985637702E-003                  2.4871053158459612E-003                  1.1335945923261780E-002                  1.8109299439688367E-008                  0.0000000000000000E+000 
                                     618                  5.5892127848587003E-001                 -5.2274403418349891E-001                  6.7863970967438734E+000                  8.1380818579797261E+000                  6.1198929118250622E+031                  6.3093926189386895E-001                  1.8897105924737727E-003                  3.5497102655466939E-001                  2.1025930965046574E-003                  6.1631578406187823E-004                  5.7221218640116844E-003                  1.2718648985637702E-003                  2.4871053158459612E-003                  1.2061966619629657E-002                  2.1595920917373056E-008                  0.0000000000000000E+000 
                                     619                  5.5603541519594513E-001                 -5.2561231422411914E-001                  6.7891071637080618E+000                  8.1333496597896744E+000                  7.9241816324554624E+031                  6.3084086125104799E-001                  1.9855653853011628E-003                  3.5497357223424653E-001                  2.1025920740757971E-003                  6.1631697681427996E-004                  5.7221218641045606E-003                  1.2718648985637704E-003                  2.4871053158459617E-003                  1.2845523249656435E-002                  2.5756711792651570E-008                  0.0000000000000000E+000 
                                     620                  5.5314955190602022E-001                 -5.2846826999434615E-001                  6.7931912564024506E+000                  8.4359258133528705E+000                  2.3785587616645011E+032                  6.3068425831748731E-001                  2.1370875807085674E-003                  3.5497865266500939E-001                  2.1025902298622882E-003                  6.1631912824755910E-004                  5.7221218642750085E-003                  1.2718648985637693E-003                  2.4871053158459595E-003                  1.4142502615764371E-002                  3.3555183751994183E-008                  0.0000000000000000E+000 
                                     621                  5.4726351368094173E-001                 -5.3425786215399740E-001                  6.7972863975920541E+000                  8.1362915597109460E+000                  1.7819300568677740E+032                  6.3051594252204468E-001                  2.2980682640850948E-003                  3.5498598738655407E-001                  2.1025878868993998E-003                  6.1632186151022782E-004                  5.7221218644967643E-003                  1.2718648985637696E-003                  2.4871053158459599E-003                  1.5621795077385663E-002                  4.3730124062110744E-008                  0.0000000000000000E+000 
                                     622                  5.4426271440263618E-001                 -5.3719130496361178E-001                  6.8000295824072126E+000                  8.1316786009273176E+000                  2.3002207641163918E+032                  6.3039707006591394E-001                  2.4103295272112808E-003                  3.5499259826142932E-001                  2.1025859782608652E-003                  6.1632408809400693E-004                  5.7221218646809763E-003                  1.2718648985637704E-003                  2.4871053158459617E-003                  1.6725379343856567E-002                  5.2182953444029183E-008                  0.0000000000000000E+000 
                                     623                  5.4126191512433064E-001                 -5.4011338721080004E-001                  6.8027815524110133E+000                  8.1354663262731766E+000                  3.0233905498697826E+032                  6.3027259878893260E-001                  2.5263734218113052E-003                  3.5500102526993815E-001                  2.1025837351915056E-003                  6.1632670481582533E-004                  5.7221218649008958E-003                  1.2718648985637689E-003                  2.4871053158459586E-003                  1.7942284582145248E-002                  6.2279013027761974E-008                  0.0000000000000000E+000 
                                     624                  5.3820273253923268E-001                 -5.4308112169892397E-001                  6.8055423538801829E+000                  8.1309167050348332E+000                  3.8922480302519164E+032                  6.3014241762137890E-001                  2.6458271704063235E-003                  3.5501175224944614E-001                  2.1025810986848737E-003                  6.1632978051043318E-004                  5.7221218651635286E-003                  1.2718648985637709E-003                  2.4871053158459625E-003                  1.9291863969781036E-002                  7.4339942882105462E-008                  0.0000000000000000E+000 
                                     625                  5.3514354995413460E-001                 -5.4603802927232059E-001                  6.8083122998872305E+000                  8.1346919837096809E+000                  5.0957048332704248E+032                  6.3000722184747171E-001                  2.7675462388992165E-003                  3.5502522844560580E-001                  2.1025780433879785E-003                  6.1633334475319620E-004                  5.7221218654724057E-003                  1.2718648985637696E-003                  2.4871053158459595E-003                  2.0796531455138410E-002                  8.8751177890237165E-008                  0.0000000000000000E+000 
                                     626                  5.3202540407724164E-001                 -5.4904129033924798E-001                  6.8110914492571561E+000                  8.1302083606019355E+000                  6.5342040173493260E+032                  6.2986514315484965E-001                  2.8922169165430211E-003                  3.5504263584670676E-001                  2.1025743604095549E-003                  6.1633764122973294E-004                  5.7221218658514055E-003                  1.2718648985637693E-003                  2.4871053158459599E-003                  2.2486130096293161E-002                  1.0597402418086136E-007                  0.0000000000000000E+000 
                                     627                  5.2890725820034890E-001                 -5.5203429644281832E-001                  6.8138801002689560E+000                  8.1339716427618605E+000                  8.5131434012123005E+032                  6.2971812572051344E-001                  3.0177207767664391E-003                  3.5506414871647657E-001                  2.1025701346813258E-003                  6.1634257086036568E-004                  5.7221218662921363E-003                  1.2718648985637702E-003                  2.4871053158459608E-003                  2.4392224737669544E-002                  1.2656163238230298E-007                  0.0000000000000000E+000 
                                     628                  5.2572959426450538E-001                 -5.5507439321895913E-001                  6.8159804698214987E+000                  7.8296038216253585E+000                  5.1086264848220780E+032                  6.2960376414409980E-001                  3.1121428411539391E-003                  3.5508408761289156E-001                  2.1025664413076685E-003                  6.1634687945410669E-004                  5.7221218666832089E-003                  1.2718648985637689E-003                  2.4871053158459591E-003                  2.5991388514457876E-002                  1.4463796642709162E-007                  0.0000000000000000E+000 
                                     629                  5.2414076229658357E-001                 -5.5659073979684337E-001                  6.8173754726136115E+000                  7.8274159386052444E+000                  5.7581093932510024E+032                  6.2952602580626338E-001                  3.1743381660631963E-003                  3.5509963016813612E-001                  2.1025636954338264E-003                  6.1635008271628444E-004                  5.7221218669772714E-003                  1.2718648985637687E-003                  2.4871053158459586E-003                  2.7138485240612190E-002                  1.5802040920983519E-007                  0.0000000000000000E+000 
                                     630                  5.2255193032866187E-001                 -5.5810473941712024E-001                  6.8194798443916920E+000                  8.1312924715138077E+000                  1.3959536873370968E+033                  6.2940606445275771E-001                  3.2673459159034460E-003                  3.5512658300717570E-001                  2.1025591080489426E-003                  6.1635543423149025E-004                  5.7221218674730744E-003                  1.2718648985637691E-003                  2.4871053158459591E-003                  2.9012224401035267E-002                  1.8053825998400512E-007                  0.0000000000000000E+000 
                                     631                  5.1932929597715172E-001                 -5.6116875256631849E-001                  6.8222978959485667E+000                  8.1309952247695545E+000                  1.7797008972042371E+033                  6.2924254009329561E-001                  3.3876492752928093E-003                  3.5516980284398525E-001                  2.1025521290442954E-003                  6.1636357573446226E-004                  5.7221218682377882E-003                  1.2718648985637706E-003                  2.4871053158459621E-003                  3.1824061598806200E-002                  2.1573534988067820E-007                  0.0000000000000000E+000 
                                     632                  5.1607651159505852E-001                 -5.6425241766585488E-001                  6.8244175301803693E+000                  7.8307379695850221E+000                  1.0662647461157381E+033                  6.2911693630416921E-001                  3.4743057535562396E-003                  3.5520874915511025E-001                  2.1025461311165675E-003                  6.1637057273408410E-004                  5.7221218689037521E-003                  1.2718648985637687E-003                  2.4871053158459582E-003                  3.4196771197494862E-002                  2.4660794109854175E-007                  0.0000000000000000E+000 
                                     633                  5.1443498312372382E-001                 -5.6580526545382659E-001                  6.8258342316454019E+000                  7.8285955805944871E+000                  1.1929808464558925E+033                  6.2903179918770646E-001                  3.5295090298514019E-003                  3.5523868225119587E-001                  2.1025416669999760E-003                  6.1637578043160189E-004                  5.7221218694049050E-003                  1.2718648985637698E-003                  2.4871053158459604E-003                  3.5914162324253422E-002                  2.6961915607453224E-007                  0.0000000000000000E+000 
                                     634                  5.1279345465238924E-001                 -5.6735600296413413E-001                  6.8279647040804630E+000                  8.1304512291099726E+000                  2.8406457908932765E+033                  6.2890209055146307E-001                  3.6080250823013063E-003                  3.5528987359746117E-001                  2.1025342424617409E-003                  6.1638444165642951E-004                  5.7221218702465581E-003                  1.2718648985637696E-003                  2.4871053158459599E-003                  3.8712206324588751E-002                  3.0824456156092204E-007                  0.0000000000000000E+000 
                                     635                  5.0948000663055537E-001                 -5.7048014430854710E-001                  6.8308137996825895E+000                  8.1302058521511231E+000                  3.5491838166126189E+033                  6.2872630129374940E-001                  3.7024905798665924E-003                  3.5537119545917933E-001                  2.1025228528633619E-003                  6.1639772837554312E-004                  5.7221218715558858E-003                  1.2718648985637700E-003                  2.4871053158459608E-003                  4.2895307884421356E-002                  3.6857280107464782E-007                  0.0000000000000000E+000 
                                     636                  5.0613605318055255E-001                 -5.7362513853540398E-001                  6.8329571795899691E+000                  7.8299722744025964E+000                  2.0900840366104062E+033                  6.2859263889794947E-001                  3.7640422723081292E-003                  3.5544330452682965E-001                  2.1025130394722613E-003                  6.1640917633117888E-004                  5.7221218726994805E-003                  1.2718648985637689E-003                  2.4871053158459586E-003                  4.6397712400976648E-002                  4.2152630595650590E-007                  0.0000000000000000E+000 
                                     637                  5.0444876873328359E-001                 -5.7520912502644927E-001                  6.8343898112764041E+000                  7.8278902797348602E+000                  2.3096718507482022E+033                  6.2850273906043774E-001                  3.7996428507117356E-003                  3.5549760257132035E-001                  2.1025057524112910E-003                  6.1641767715138647E-004                  5.7221218735576803E-003                  1.2718648985637693E-003                  2.4871053158459595E-003                  4.8910267557764439E-002                  4.6101279760622016E-007                  0.0000000000000000E+000 
                                     638                  5.0276148428601453E-001                 -5.7679129288067321E-001                  6.8358251795607039E+000                  7.8297547340351876E+000                  2.5698742286558820E+033                  6.2841233456153411E-001                  3.8312374017400504E-003                  3.5555641121653014E-001                  2.1024979371131567E-003                  6.1642679418860854E-004                  5.7221218744840869E-003                  1.2718648985637698E-003                  2.4871053158459604E-003                  5.1576546825559413E-002                  5.0422756812274834E-007                  0.0000000000000000E+000 
                                     639                  5.0105883935862650E-001                 -5.7838609017245513E-001                  6.8372633006108225E+000                  7.8276939450922480E+000                  2.8243210347180124E+033                  6.2832142885944808E-001                  3.8566628527378541E-003                  3.5562189002415096E-001                  2.1024892770868343E-003                  6.1643689664507388E-004                  5.7221218755213171E-003                  1.2718648985637702E-003                  2.4871053158459612E-003                  5.4381009504334867E-002                  5.5152593537071116E-007                  0.0000000000000000E+000 
                                     640                  4.9935619443123835E-001                 -5.7997917404702637E-001                  6.8394260932798021E+000                  8.1295860247581260E+000                  6.5338906051765059E+033                  6.2818443925893641E-001                  3.8851892004720212E-003                  3.5573035089781307E-001                  2.1024750036875853E-003                  6.1645354743458333E-004                  5.7221218772465898E-003                  1.2718648985637693E-003                  2.4871053158459595E-003                  5.8868307511796725E-002                  6.3096550909320073E-007                  0.0000000000000000E+000 
                                     641                  4.9592008277376731E-001                 -5.8318937054245412E-001                  6.8415944401298496E+000                  7.8293806910516857E+000                  3.7538698155100549E+033                  6.2804690386752926E-001                  3.9006282606822386E-003                  3.5585244454887488E-001                  2.1024589243525409E-003                  6.1647230493781823E-004                  5.7221218792134262E-003                  1.2718648985637693E-003                  2.4871053158459595E-003                  6.3688134438941710E-002                  7.2200860626554495E-007                  0.0000000000000000E+000 
                                     642                  4.9418656804775929E-001                 -5.8480648468665475E-001                  6.8430438143448180E+000                  7.8273639860410267E+000                  4.0770501275396930E+033                  6.2795486277289581E-001                  3.9029297346607115E-003                  3.5594218218183299E-001                  2.1024469992757555E-003                  6.1648621623778112E-004                  5.7221218806872802E-003                  1.2718648985637693E-003                  2.4871053158459595E-003                  6.7068560522926507E-002                  7.8992929507852548E-007                  0.0000000000000000E+000 
                                     643                  4.9245305332175121E-001                 -5.8642210885167467E-001                  6.8444960602013127E+000                  7.8292257614157403E+000                  4.4540789648208854E+033                  6.2786262975218521E-001                  3.8991809854323294E-003                  3.5603816181113607E-001                  2.1024341566603477E-003                  6.1650119789012539E-004                  5.7221218822860924E-003                  1.2718648985637691E-003                  2.4871053158459591E-003                  7.0583911888888282E-002                  8.6429386420263940E-007                  0.0000000000000000E+000 
                                     644                  4.9070403421928049E-001                 -5.8805074564575910E-001                  6.8459511971708427E+000                  7.8272317761789463E+000                  4.8048612934109469E+033                  6.2776995570387939E-001                  3.8880539342890322E-003                  3.5614196055278541E-001                  2.1024200111947359E-003                  6.1651769937807717E-004                  5.7221218840635369E-003                  1.2718648985637693E-003                  2.4871053158459595E-003                  7.4205663203249131E-002                  9.4571968470363804E-007                  0.0000000000000000E+000 
                                     645                  4.8895501511680983E-001                 -5.8967801036305711E-001                  6.8481396544661060E+000                  8.1291560844526973E+000                  1.0795432869356366E+034                  6.2763044533186541E-001                  3.8592852437278678E-003                  3.5631023571716919E-001                  2.1023966242735225E-003                  6.1654498152308385E-004                  5.7221218870308534E-003                  1.2718648985637691E-003                  2.4871053158459591E-003                  7.9837433763987151E-002                  1.0825430150542731E-006                  0.0000000000000000E+000 
                                     646                  4.8542588242280915E-001                 -5.9295771870858349E-001                  6.8503342081571752E+000                  7.8289826278410724E+000                  6.0176357433132809E+033                  6.2748996937249424E-001                  3.8158153710367545E-003                  3.5649417714836934E-001                  2.1023702216409188E-003                  6.1657578162752416E-004                  5.7221218904216394E-003                  1.2718648985637693E-003                  2.4871053158459595E-003                  8.5678093664040389E-002                  1.2394687941621196E-006                  0.0000000000000000E+000 
                                     647                  4.8364572867181216E-001                 -5.9461016981444004E-001                  6.8518011518575674E+000                  7.8270353514667619E+000                  6.4041092906130740E+033                  6.2739552266245291E-001                  3.7787529053884554E-003                  3.5662568306338982E-001                  2.1023506595314110E-003                  6.1659860186775712E-004                  5.7221218929597644E-003                  1.2718648985637687E-003                  2.4871053158459582E-003                  8.9654046313525290E-002                  1.3565968990948246E-006                  0.0000000000000000E+000 
                                     648                  4.8186557492081511E-001                 -5.9626149738290357E-001                  6.8532711064178997E+000                  7.8288953118134526E+000                  6.8521843093928176E+033                  6.2730028327597886E-001                  3.7356585501124558E-003                  3.5676401326972579E-001                  2.1023294491271734E-003                  6.1662334491213689E-004                  5.7221218957337503E-003                  1.2718648985637700E-003                  2.4871053158459608E-003                  9.3684859384285030E-002                  1.4848929804255690E-006                  0.0000000000000000E+000 
                                     649                  4.8006979641564579E-001                 -5.9792625584252124E-001                  6.8547440961508412E+000                  7.8269718108770592E+000                  7.2434155417255723E+033                  6.2720403985212847E-001                  3.6867321837993896E-003                  3.5690917921176035E-001                  2.1023063626359646E-003                  6.1665027648781870E-004                  5.7221218987783904E-003                  1.2718648985637698E-003                  2.4871053158459604E-003                  9.7754027884859651E-002                  1.6254334380834684E-006                  0.0000000000000000E+000 
                                     650                  4.7827401791047652E-001                 -5.9959002087176616E-001                  6.8569594799989355E+000                  8.1289302174225764E+000                  1.5786188269458649E+034                  6.2705732450590812E-001                  3.6034537853735847E-003                  3.5713916655064110E-001                  2.1022679318840241E-003                  6.1669510788495293E-004                  5.7221219038985404E-003                  1.2718648985637700E-003                  2.4871053158459608E-003                  1.0390078792602325E-001                  1.8617070701463369E-006                  0.0000000000000000E+000 
                                     651                  4.7465114251814600E-001                 -6.0294398527664217E-001                  6.8599239415719033E+000                  8.1289011132812981E+000                  1.7465496174220348E+034                  6.2685610017823734E-001                  3.4765387703223588E-003                  3.5746729602027605E-001                  2.1022086993665238E-003                  6.1676420548301592E-004                  5.7221219119050429E-003                  1.2718648985637711E-003                  2.4871053158459630E-003                  1.1214557218279958E-001                  2.2317182123618124E-006                  0.0000000000000000E+000 
                                     652                  4.7099688591134087E-001                 -6.0632382597247436E-001                  6.8621555022852538E+000                  7.8287714081549007E+000                  9.3730481434153349E+033                  6.2669979359717132E-001                  3.3718043291578255E-003                  3.5772832849106811E-001                  2.1021573960109978E-003                  6.1682405324285682E-004                  5.7221219189392512E-003                  1.2718648985637698E-003                  2.4871053158459604E-003                  1.1833952623871366E-001                  2.5573705286172995E-006                  0.0000000000000000E+000 
                                     653                  4.6915403871536515E-001                 -6.0802719579398423E-001                  6.8636472694731188E+000                  7.8269203320004106E+000                  9.7391323771897837E+033                  6.2659249087776892E-001                  3.2984607149418384E-003                  3.5790896849020587E-001                  2.1021193930760790E-003                  6.1686838539391233E-004                  5.7221219242036547E-003                  1.2718648985637700E-003                  2.4871053158459608E-003                  1.2245923275388229E-001                  2.8006023663379122E-006                  0.0000000000000000E+000 
                                     654                  4.6731119151938932E-001                 -6.0972998525001021E-001                  6.8658909963220278E+000                  8.1289121864458718E+000                  2.0720066963615798E+034                  6.2642623324375279E-001                  3.1846529733982128E-003                  3.5818902331699670E-001                  2.1020561071062611E-003                  6.1694221127482239E-004                  5.7221219330614139E-003                  1.2718648985637704E-003                  2.4871053158459617E-003                  1.2862799335183858E-001                  3.2097346961844419E-006                  0.0000000000000000E+000 
                                     655                  4.6359400926129368E-001                 -6.1316335069123318E-001                  6.8688940455270178E+000                  8.1289520539386846E+000                  2.2290176876266358E+034                  6.2619312656920034E-001                  3.0286778297936149E-003                  3.5857808885798215E-001                  2.1019584544778483E-003                  6.1705612720588466E-004                  5.7221219469304578E-003                  1.2718648985637687E-003                  2.4871053158459582E-003                  1.3688285781489765E-001                  3.8510239610805698E-006                  0.0000000000000000E+000 
                                     656                  4.5984529578124123E-001                 -6.1662439440982386E-001                  6.8711551753120883E+000                  7.8288537234493631E+000                  1.1750994185788018E+034                  6.2600853941012846E-001                  2.9106723408678808E-003                  3.5888066739063618E-001                  2.1018737715677869E-003                  6.1715491325772343E-004                  5.7221219591322495E-003                  1.2718648985637691E-003                  2.4871053158459591E-003                  1.4313199380884675E-001                  4.4159491528031371E-006                  0.0000000000000000E+000 
                                     657                  4.5795515523666402E-001                 -6.1836906109065948E-001                  6.8734269263681655E+000                  8.1290514271755843E+000                  2.4608693169255715E+034                  6.2581420965326728E-001                  2.7931727409412558E-003                  3.5919248064955528E-001                  2.1017771949252734E-003                  6.1726757367510569E-004                  5.7221219732262237E-003                  1.2718648985637700E-003                  2.4871053158459608E-003                  1.4944882231663698E-001                  5.0648649911076597E-006                  0.0000000000000000E+000 
                                     658                  4.5415907575962483E-001                 -6.2187281419019591E-001                  6.8757003598487465E+000                  7.8271746213861553E+000                  1.2859693733651358E+034                  6.2561096154998963E-001                  2.6779765192660302E-003                  3.5951090689354953E-001                  2.1016687211927328E-003                  6.1739411234191426E-004                  5.7221219892504022E-003                  1.2718648985637702E-003                  2.4871053158459608E-003                  1.5589500357287098E-001                  5.8088199093160723E-006                  0.0000000000000000E+000 
                                     659                  4.5225313682716289E-001                 -6.2363190797241030E-001                  6.8779844873061169E+000                  8.1292094417188974E+000                  2.6951525621903836E+034                  6.2539658221609284E-001                  2.5653795578595238E-003                  3.5983786258612233E-001                  2.1015451186783105E-003                  6.1753829909414577E-004                  5.7221220077432718E-003                  1.2718648985637713E-003                  2.4871053158459634E-003                  1.6249097225658818E-001                  6.6634981002979897E-006                  0.0000000000000000E+000 
                                     660                  4.4840964050119891E-001                 -6.2717984922884096E-001                  6.8810426507771263E+000                  8.1293415960488158E+000                  2.8572622687806804E+034                  6.2509299601486146E-001                  2.4206971813633509E-003                  3.6028609932905403E-001                  2.1013541316573289E-003                  6.1776109190696846E-004                  5.7221220367470573E-003                  1.2718648985637696E-003                  2.4871053158459599E-003                  1.7162901236952730E-001                  8.0049122529789340E-006                  0.0000000000000000E+000 
                                     661                  4.4453451177904035E-001                 -6.3075810725270232E-001                  6.8833460928463968E+000                  7.8292845027560860E+000                  1.4950313217294243E+034                  6.2485123220724625E-001                  2.3167946885568804E-003                  3.6063173798161863E-001                  2.1011882636875236E-003                  6.1795458217024852E-004                  5.7221220623106719E-003                  1.2718648985637689E-003                  2.4871053158459586E-003                  1.7879478057093795E-001                  9.1881724646927167E-006                  0.0000000000000000E+000 
                                     662                  4.4258112826582607E-001                 -6.3256239895336375E-001                  6.8856603363700470E+000                  8.1295809326217157E+000                  3.1159269713201535E+034                  6.2459656545111308E-001                  2.2169928844821716E-003                  3.6098617505488190E-001                  2.1009993641367924E-003                  6.1817493917584753E-004                  5.7221220918004852E-003                  1.2718648985637693E-003                  2.4871053158459599E-003                  1.8624574039895703E-001                  1.0548529180106111E-005                  0.0000000000000000E+000 
                                     663                  4.3865854328988207E-001                 -6.3618747328300762E-001                  6.8879774931411299E+000                  7.8278029534703339E+000                  1.6238614468591941E+034                  6.2432991348814115E-001                  2.1216849111183613E-003                  3.6134809946130969E-001                  2.1007862099699723E-003                  6.1842358954352185E-004                  5.7221221255074790E-003                  1.2718648985637700E-003                  2.4871053158459608E-003                  1.9403490932383208E-001                  1.2110282490333903E-005                  0.0000000000000000E+000 
                                     664                  4.3668934182715236E-001                 -6.3800827568578844E-001                  6.8903055390739478E+000                  8.1298821545671736E+000                  3.3993667188264574E+034                  6.2404950513695101E-001                  2.0304923179271248E-003                  3.6171965996031918E-001                  2.1005435668911155E-003                  6.1870663912359661E-004                  5.7221221643782511E-003                  1.2718648985637700E-003                  2.4871053158459608E-003                  2.0216990786266256E-001                  1.3906083807731737E-005                  0.0000000000000000E+000 
                                     665                  4.3271931401712527E-001                 -6.4168184491028246E-001                  6.8934237191630210E+000                  8.1301118190888513E+000                  3.6052906934326616E+034                  6.2365375654489219E-001                  1.9152122283557316E-003                  3.6223062605708439E-001                  2.1001681035120639E-003                  6.1914462628625297E-004                  5.7221222254596618E-003                  1.2718648985637702E-003                  2.4871053158459612E-003                  2.1364324366403747E-001                  1.6728649369553450E-005                  0.0000000000000000E+000 
                                     666                  4.2871768125217735E-001                 -6.4538872119390256E-001                  6.8957733107710748E+000                  7.8300986456369612E+000                  1.8886107105618867E+034                  6.2333988744827895E-001                  1.8332625860651274E-003                  3.6262639036183880E-001                  2.0998415390757470E-003                  6.1952557092620009E-004                  5.7221222794052781E-003                  1.2718648985637685E-003                  2.4871053158459578E-003                  2.2275092533697335E-001                  1.9222063885813123E-005                  0.0000000000000000E+000 
                                     667                  4.2670107697301651E-001                 -6.4725847409531079E-001                  6.8981339253674596E+000                  8.1305009358386879E+000                  3.9430685291388041E+034                  6.2301084191413370E-001                  1.7549315959796551E-003                  3.6303370491479081E-001                  2.0994697580813304E-003                  6.1995926096030708E-004                  5.7221223416445777E-003                  1.2718648985637696E-003                  2.4871053158459604E-003                  2.3228089391325230E-001                  2.2091334607055512E-005                  0.0000000000000000E+000 
                                     668                  4.2265209987855906E-001                 -6.5101684422436557E-001                  6.9004988735659518E+000                  7.8288292883626376E+000                  2.0589585763004711E+034                  6.2266722954678833E-001                  1.6802325589883632E-003                  3.6345194617451632E-001                  2.0990489439706083E-003                  6.2045014827433068E-004                  5.7221224130523784E-003                  1.2718648985637698E-003                  2.4871053158459604E-003                  2.4228062797509728E-001                  2.5390308268366592E-005                  0.0000000000000000E+000 
                                     669                  4.2061972706326217E-001                 -6.5290549832252343E-001                  6.9028749471992707E+000                  8.1309569589167214E+000                  4.3182500438355011E+034                  6.2230752484887575E-001                  1.6087694309731546E-003                  3.6388303415903978E-001                  2.0985699573385398E-003                  6.2100889391908561E-004                  5.7221224954439806E-003                  1.2718648985637696E-003                  2.4871053158459599E-003                  2.5273933608113680E-001                  2.9187272879809217E-005                  0.0000000000000000E+000 
                                     670                  4.1652349297885694E-001                 -6.5671729096552223E-001                  6.9060588428483767E+000                  8.1312924400238380E+000                  4.5912357940102685E+034                  6.2180180805060548E-001                  1.5182607841216201E-003                  3.6447913587645997E-001                  2.0978276884588238E-003                  6.2187476072703477E-004                  5.7221226252173766E-003                  1.2718648985637700E-003                  2.4871053158459608E-003                  2.6749253111950322E-001                  3.5164251697191718E-005                  0.0000000000000000E+000 
                                     671                  4.1239582930556312E-001                 -6.6056582102443429E-001                  6.9084590169708617E+000                  7.8313273573089219E+000                  2.4090430511198675E+034                  6.2140210668039109E-001                  1.4537468480309067E-003                  3.6494324340749823E-001                  2.0971811230305871E-003                  6.2262898652538847E-004                  5.7221227401140443E-003                  1.2718648985637696E-003                  2.4871053158459599E-003                  2.7919479301859040E-001                  4.0452237809640549E-005                  0.0000000000000000E+000 
                                     672                  4.1031631741069263E-001                 -6.6250771749644233E-001                  6.9100641216212297E+000                  7.8298806013875728E+000                  2.4754897464270047E+034                  6.2112596689662003E-001                  1.4122859743115892E-003                  3.6526076412416381E-001                  2.0967015427578364E-003                  6.2318842138763843E-004                  5.7221228263494364E-003                  1.2718648985637702E-003                  2.4871053158459612E-003                  2.8728905812222560E-001                  4.4414352340724019E-005                  0.0000000000000000E+000 
                                     673                  4.0823680551582214E-001                 -6.6445183415910702E-001                  6.9124792344765522E+000                  8.1320474960628673E+000                  5.1967065109977385E+034                  6.2069671866609655E-001                  1.3523152829475755E-003                  3.6574984952170392E-001                  2.0959005060230142E-003                  6.2412283667070783E-004                  5.7221229721485410E-003                  1.2718648985637693E-003                  2.4871053158459595E-003                  2.9988420583019043E-001                  5.1100010065443137E-005                  0.0000000000000000E+000 
                                     674                  4.0404650206310938E-001                 -6.6837667981719784E-001                  6.9157165183054730E+000                  8.1324679480015600E+000                  5.5316451966566331E+034                  6.2009436602555790E-001                  1.2762204093434793E-003                  3.6642808990324938E-001                  2.0946578830459773E-003                  6.2557236210231582E-004                  5.7221232022913243E-003                  1.2718648985637693E-003                  2.4871053158459599E-003                  3.1763694552753863E-001                  6.1635785936673573E-005                  0.0000000000000000E+000 
                                     675                  3.9982501076844279E-001                 -6.7234117299117646E-001                  6.9189723994166883E+000                  8.1329178969136784E+000                  5.8898805233832550E+034                  6.1945705966946485E-001                  1.2043287801801062E-003                  3.6713704193983410E-001                  2.0931824001675899E-003                  6.2729351478538350E-004                  5.7221234811580561E-003                  1.2718648985637702E-003                  2.4871053158459612E-003                  3.3651164599436273E-001                  7.4372265599572323E-005                  0.0000000000000000E+000 
                                     676                  3.9557243522040697E-001                 -6.7634635660430353E-001                  6.9222472816564977E+000                  8.1333975845362705E+000                  6.2729216430479746E+034                  6.1878235731388531E-001                  1.1363854513760227E-003                  3.6787939517682672E-001                  2.0914279697615756E-003                  6.2934005399507245E-004                  5.7221238197454668E-003                  1.2718648985637693E-003                  2.4871053158459595E-003                  3.5657680773029138E-001                  8.9774107298887479E-005                  0.0000000000000000E+000 
                                     677                  3.9128889118895566E-001                 -6.8039330954450883E-001                  6.9247174075558551E+000                  7.8334977619782098E+000                  3.2948631490574535E+034                  6.1825026733422472E-001                  1.0878525695573631E-003                  3.6845976283014953E-001                  2.0898969466264590E-003                  6.3112598421448266E-004                  5.7221241208177216E-003                  1.2718648985637683E-003                  2.4871053158459573E-003                  3.7248184454539679E-001                  1.0342340431336300E-004                  0.0000000000000000E+000 
                                     678                  3.8913169912134804E-001                 -6.8243633836624040E-001                  6.9271990702422181E+000                  8.1341700380043740E+000                  6.8979272818643696E+034                  6.1769579158519994E-001                  1.0413167634025615E-003                  3.6906048363542637E-001                  2.0881527088110522E-003                  6.3316062313069712E-004                  5.7221244696197384E-003                  1.2718648985637693E-003                  2.4871053158459599E-003                  3.8909013842506179E-001                  1.1915858488962768E-004                  0.0000000000000000E+000 
                                     679                  3.8480196565078006E-001                 -6.8654805256276819E-001                  6.9305232206057488E+000                  8.1347262431357894E+000                  7.3504334088485012E+034                  6.1691977940781806E-001                  9.8226978228530015E-004                  3.6989509159485573E-001                  2.0854459287621484E-003                  6.3631804975652440E-004                  5.7221250221125754E-003                  1.2718648985637696E-003                  2.4871053158459604E-003                  4.1246788128006151E-001                  1.4395978821610971E-004                  0.0000000000000000E+000 
                                     680                  3.8044161098264107E-001                 -6.9070441227067236E-001                  6.9330282917868669E+000                  7.8333578439225757E+000                  3.8484918140105840E+034                  6.1630918113881239E-001                  9.4012078708152367E-004                  3.7054744541377321E-001                  2.0830856260206708E-003                  6.3907130577647690E-004                  5.7221255141260289E-003                  1.2718648985637698E-003                  2.4871053158459604E-003                  4.3097758569596645E-001                  1.6592400979292251E-004                  0.0000000000000000E+000 
                                     681                  3.7825379771746243E-001                 -6.9279597032442175E-001                  6.9355450209203457E+000                  8.1356240963911706E+000                  8.0877149576930598E+034                  6.1567332541947384E-001                  8.9970046124217620E-004                  3.7122327313376013E-001                  2.0803961034043220E-003                  6.4220858221221368E-004                  5.7221260854974695E-003                  1.2718648985637698E-003                  2.4871053158459604E-003                  4.5030063944100923E-001                  1.9124401414919806E-004                  0.0000000000000000E+000 
                                     682                  3.7384779639882476E-001                 -6.9702161997089873E-001                  6.9389210721419605E+000                  8.1362596901067192E+000                  8.6217388965467517E+034                  6.1478270053956896E-001                  8.4833221503614561E-004                  3.7216456920059066E-001                  2.0762144298110841E-003                  6.4708640563396517E-004                  5.7221269949492889E-003                  1.2718648985637683E-003                  2.4871053158459573E-003                  4.7753205962321510E-001                  2.3120920592461039E-004                  0.0000000000000000E+000 
                                     683                  3.6941160371206777E-001                 -7.0129506961387911E-001                  6.9423186188904742E+000                  8.1369276209590247E+000                  9.1921711930103679E+034                  6.1384179527027605E-001                  7.9974044679730918E-004                  3.7315323622258068E-001                  2.0712351720032548E-003                  6.5289456505853772E-004                  5.7221281088745057E-003                  1.2718648985637693E-003                  2.4871053158459595E-003                  5.0647612827711552E-001                  2.7958108524842658E-004                  0.0000000000000000E+000 
                                     684                  3.6494541807356939E-001                 -7.0561766417976224E-001                  6.9448829278069875E+000                  7.8371109020628831E+000                  4.8310450738936125E+034                  6.1310099375387317E-001                  7.6500109389938259E-004                  3.7392805183857303E-001                  2.0668844015055256E-003                  6.5796958972894569E-004                  5.7221291080100664E-003                  1.2718648985637698E-003                  2.4871053158459604E-003                  5.2942037758591143E-001                  3.2247523217752527E-004                  0.0000000000000000E+000 
                                     685                  3.6269743575060037E-001                 -7.0780131020631520E-001                  6.9465982698436575E+000                  7.8360365338098124E+000                  4.9722477267361882E+034                  6.1259056666857892E-001                  7.4264776461086804E-004                  3.7446029348184912E-001                  2.0636523414308819E-003                  6.6173966408746932E-004                  5.7221298650331895E-003                  1.2718648985637704E-003                  2.4871053158459617E-003                  5.4527771663524238E-001                  3.5463889762403950E-004                  0.0000000000000000E+000 
                                     686                  3.6044945342763135E-001                 -7.0999055494420515E-001                  6.9491799165152521E+000                  8.1383625048241779E+000                  1.0451833765960801E+035                  6.1179954316073037E-001                  7.1028340420628967E-004                  3.7528278045805086E-001                  2.0582479587894641E-003                  6.6804364589119415E-004                  5.7221311579222422E-003                  1.2718648985637696E-003                  2.4871053158459599E-003                  5.6993479076604248E-001                  4.0893289049682134E-004                  0.0000000000000000E+000 
                                     687                  3.5592393979867304E-001                 -7.1441568515145393E-001                  6.9526445217218740E+000                  8.1391297204112210E+000                  1.1146189356933013E+035                  6.1069215154311951E-001                  6.6913874478861956E-004                  3.7642991542886206E-001                  2.0498416781098918E-003                  6.7784915729064287E-004                  5.7221332334194477E-003                  1.2718648985637704E-003                  2.4871053158459617E-003                  6.0468203951059485E-001                  4.9455747461992741E-004                  0.0000000000000000E+000 
                                     688                  3.5136912386498037E-001                 -7.1889431431416762E-001                  6.9561323615479189E+000                  8.1399305459343356E+000                  1.1887204513508506E+035                  6.0952310037819657E-001                  6.3021129431719365E-004                  3.7763622551778420E-001                  2.0398324461218917E-003                  6.8952434662340354E-004                  5.7221358025469583E-003                  1.2718648985637698E-003                  2.4871053158459599E-003                  6.4160719355870621E-001                  5.9801191561637847E-004                  0.0000000000000000E+000 
                                     689                  3.4678526955512867E-001                 -7.2342800662412754E-001                  6.9596438944277281E+000                  8.1407653099402530E+000                  1.2677809708335275E+035                  6.0828933690574116E-001                  5.9338201027681178E-004                  3.7890483231391808E-001                  2.0279190773179264E-003                  7.0342048463309457E-004                  5.7221389937030737E-003                  1.2718648985637691E-003                  2.4871053158459591E-003                  6.8084458651034485E-001                  7.2288227596753463E-004                  0.0000000000000000E+000 
                                     690                  3.4217265866822294E-001                 -7.2801838826227416E-001                  6.9631795962710834E+000                  8.1416343623722174E+000                  1.3521096889159201E+035                  6.0698774160435953E-001                  5.5853892725112985E-004                  3.8023890833869339E-001                  2.0137479037194662E-003                  7.1995003893871024E-004                  5.7221429726279326E-003                  1.2718648985637696E-003                  2.4871053158459599E-003                  7.2253674055580142E-001                  8.7339889912778433E-004                  0.0000000000000000E+000 
                                     691                  3.3753159151883161E-001                 -7.3266715084094680E-001                  6.9667399610648753E+000                  8.1425376937130025E+000                  1.4420287990950511E+035                  6.0561407957411173E-001                  5.2557573626654309E-004                  3.8164272455732856E-001                  1.9968976262807795E-003                  7.3960433478178589E-004                  5.7221479568207818E-003                  1.2718648985637715E-003                  2.4871053158459638E-003                  7.6683290415824346E-001                  1.0545061556242756E-003                  0.0000000000000000E+000 
                                     692                  3.3286238760813636E-001                 -7.3737605092194747E-001                  6.9703255014328809E+000                  8.1434755350458090E+000                  1.5378791192789969E+035                  6.0416466366062027E-001                  4.9439294482912137E-004                  3.8311998639087236E-001                  1.9768811031495703E-003                  7.6295145572360522E-004                  5.7221542303955457E-003                  1.2718648985637706E-003                  2.4871053158459621E-003                  8.1389227089545479E-001                  1.2719254252368066E-003                  0.0000000000000000E+000 
                                     693                  3.2816538632303510E-001                 -7.4214691608847494E-001                  6.9739367493647233E+000                  8.1444481104952917E+000                  1.6400183638407135E+035                  6.0263565597995483E-001                  4.6489673238583136E-004                  3.8467453136212376E-001                  1.9531335257721443E-003                  7.9065001660513041E-004                  5.7221621687484521E-003                  1.2718648985637691E-003                  2.4871053158459591E-003                  8.6388336544957789E-001                  1.5321807414079075E-003                  0.0000000000000000E+000 
                                     694                  3.2344094766479914E-001                 -7.4698164867920958E-001                  6.9775742570728081E+000                  8.1454556532790345E+000                  1.7488215277666348E+035                  6.0102310710155293E-001                  4.3699859300922090E-004                  3.8631028927557570E-001                  1.9250064765629600E-003                  8.2345606780667756E-004                  5.7221722710827407E-003                  1.2718648985637693E-003                  2.4871053158459595E-003                  9.1698462518102664E-001                  1.8425702070089972E-003                  0.0000000000000000E+000 
                                     695                  3.1868945300898599E-001                 -7.5188222995632314E-001                  6.9812385979467360E+000                  8.1464980882402909E+000                  1.8646765396700320E+035                  5.9932202193598916E-001                  4.1061432883920376E-004                  3.8803221506000923E-001                  1.8917543082002093E-003                  8.6223894355006185E-004                  5.7221852090025517E-003                  1.2718648985637702E-003                  2.4871053158459612E-003                  9.7338264132761698E-001                  2.2110318387854539E-003                  0.0000000000000000E+000 
                                     696                  3.1391130589840049E-001                 -7.5685072090778527E-001                  6.9849303671442176E+000                  8.1475757667652005E+000                  1.9879893247861636E+035                  5.9752784182602137E-001                  3.8566487732861961E-004                  3.8984480774630392E-001                  1.8525455652091487E-003                  9.0796788424526368E-004                  5.7222018864818303E-003                  1.2718648985637704E-003                  2.4871053158459617E-003                  1.0332753100905196E+000                  2.6458826477441483E-003                  0.0000000000000000E+000 
                                     697                  3.0910693287098190E-001                 -7.6188927163511788E-001                  6.9886501827975041E+000                  8.1486888820278054E+000                  2.1191822304538224E+035                  5.9563579674115641E-001                  3.6207547748168560E-004                  3.9175275924339514E-001                  1.8064638718570082E-003                  9.6171092205554829E-004                  5.7222235296443451E-003                  1.2718648985637691E-003                  2.4871053158459595E-003                  1.0968717708213966E+000                  3.1553286965270229E-003                  0.0000000000000000E+000 
                                     698                  3.0427678432427041E-001                 -7.6700012454317412E-001                  6.9923986878628641E+000                  8.1498375927293374E+000                  2.2586936554881097E+035                  5.9364099806892534E-001                  3.3977545588613104E-004                  3.9376086469856458E-001                  1.7525256490399752E-003                  1.0246141046950873E-003                  5.7222518084790114E-003                  1.2718648985637693E-003                  2.4871053158459595E-003                  1.1643930213065508E+000                  3.7466732667471108E-003                  0.0000000000000000E+000 
                                     699                  2.9942133541871685E-001                 -7.7218561921989304E-001                  6.9961765518932433E+000                  8.1510217593763201E+000                  2.4069717171977812E+035                  5.9153757081187164E-001                  3.1869749385981893E-004                  3.9587489438735812E-001                  1.6897003694114131E-003                  1.0978777118225561E-003                  5.7222890112666649E-003                  1.2718648985637711E-003                  2.4871053158459630E-003                  1.2360697071669693E+000                  4.4250772740073137E-003                  0.0000000000000000E+000 
                                     700                  2.9454108702254733E-001                 -7.7744819444804769E-001                  6.9999844728445755E+000                  8.1522414334765720E+000                  2.5644801532840758E+035                  5.8931998927470863E-001                  2.9877820946093355E-004                  3.9810027010951160E-001                  1.6169818965355235E-003                  1.1826784526747366E-003                  5.7223318426986892E-003                  1.2718648985637704E-003                  2.4871053158459617E-003                  1.3121462699600672E+000                  5.1899733622475094E-003                  1.8693768383688186E-052 
                                     701                  2.8963656670083066E-001                 -7.8279039636395276E-001                  7.0038231767439170E+000                  8.1534966534375570E+000                  2.7316935879277676E+035                  5.8698250445648026E-001                  2.7995758335109454E-004                  4.0044265824089526E-001                  1.5334842613237219E-003                  1.2800850774841298E-003                  5.7223401660560702E-003                  1.2718648985637700E-003                  2.4871053158459617E-003                  1.3928799417721329E+000                  6.0396424466019876E-003                  3.4296130149256220E-052 
                                     702                  2.8470832975154109E-001                 -7.8821488468926004E-001                  7.0076934068209020E+000                  8.1547874698872231E+000                  2.9090956700696877E+035                  5.8451924135098454E-001                  2.6217885642996705E-004                  4.0290786327931505E-001                  1.4384719231094387E-003                  1.3909229753417123E-003                  5.7223514004093069E-003                  1.2718648985637704E-003                  2.4871053158459617E-003                  1.4785414484912434E+000                  6.9583646340952380E-003                  6.1076113438858989E-052 
                                     703                  2.7975696029172165E-001                 -7.9372443975154239E-001                  7.0115959112515709E+000                  8.1561136783027610E+000                  3.0971703112399185E+035                  5.8192349976149305E-001                  2.4538807357697316E-004                  4.0550258145283574E-001                  1.3315925513082076E-003                  1.5156087844439489E-003                  5.7223591619322001E-003                  1.2718648985637704E-003                  2.4871053158459617E-003                  1.5694126080033721E+000                  7.9190266584117843E-003                  1.0918189371673739E-051 
                                     704                  2.7478307239688993E-001                 -7.9932196657441823E-001                  7.0155314402490490E+000                  8.1574752345084214E+000                  3.2964060504607436E+035                  5.7918889075166624E-001                  2.2953443404693356E-004                  4.0823329013525433E-001                  1.2130576433578642E-003                  1.6539124677594495E-003                  5.7223443535054253E-003                  1.2718648985637709E-003                  2.4871053158459638E-003                  1.6657907327980628E+000                  8.8781230641173416E-003                  1.9594367997567608E-051 
                                     705                  2.6978731129648226E-001                 -8.0501050470450797E-001                  7.0195007456811647E+000                  8.1588720958774257E+000                  3.5072886332316034E+035                  5.7630889078858627E-001                  2.1456986742605786E-004                  4.1110671541412486E-001                  1.0838194812173455E-003                  1.8046934236094852E-003                  5.7223408106260752E-003                  1.2718648985637704E-003                  2.4871053158459617E-003                  1.7679876032970629E+000                  9.7726515009749805E-003                  3.5307069266231482E-051 
                                     706                  2.6477035462964627E-001                 -8.1079323671544767E-001                  7.0235045805732819E+000                  8.1603042607108041E+000                  3.7302964986981115E+035                  5.7327693346199404E-001                  2.0044888676065312E-004                  4.1412979716420523E-001                  9.4584917698400483E-004                  1.9656482332459243E-003                  5.7223528624003074E-003                  1.2718648985637698E-003                  2.4871053158459604E-003                  1.8763303423600126E+000                  1.0519976279268772E-002                  6.3883669774199703E-051 
                                     707                  2.5973291376571850E-001                 -8.1667349792633603E-001                  7.0275436984883193E+000                  8.1617715575768592E+000                  3.9658884278033684E+035                  5.7008583865820039E-001                  1.8712822285209629E-004                  4.1731029001197140E-001                  8.0230291804568165E-004                  2.1331311645505797E-003                  5.7223388099699075E-003                  1.2718648985637713E-003                  2.4871053158459634E-003                  1.9911590437275419E+000                  1.1021951068771444E-002                  1.1608221516499041E-050 
                                     708                  2.5467573519397069E-001                 -8.2265478399618841E-001                  7.0306017695268679E+000                  7.8622229926558109E+000                  2.0777364882955506E+035                  5.6757856715475730E-001                  1.7762205152764565E-004                  4.1980891402011078E-001                  6.9337590983798846E-004                  2.2602185173036999E-003                  5.7223321320527794E-003                  1.2718648985637711E-003                  2.4871053158459630E-003                  2.0820434352043899E+000                  1.1175919430083350E-002                  1.8236299497736780E-050 
                                     709                  2.5213766859079029E-001                 -8.2568696619373438E-001                  7.0336719915166395E+000                  8.1640296707099989E+000                  4.3438395742423451E+035                  5.6498429919094018E-001                  1.6855382688368259E-004                  4.2239440282470697E-001                  5.8630350654139600E-004                  2.3851224379423299E-003                  5.7223479985755131E-003                  1.2718648985637700E-003                  2.4871053158459612E-003                  2.1764042223155178E+000                  1.1092770555991709E-002                  2.8675614236774267E-050 
                                     710                  2.4705246866764427E-001                 -8.3182663810652480E-001                  7.0367700561454498E+000                  7.8637539017980291E+000                  2.2704497355564554E+035                  5.6228240185023581E-001                  1.5985912915223881E-004                  4.2508778792338070E-001                  4.8305226759577554E-004                  2.5055934171462758E-003                  5.7223351980794646E-003                  1.2718648985637717E-003                  2.4871053158459643E-003                  2.2754438433987505E+000                  1.0747663059921017E-002                  4.5266940839996154E-050 
                                     711                  2.4450533534767868E-001                 -8.3493474520043109E-001                  7.0398802133083231E+000                  8.1663848602821592E+000                  4.7523862071396716E+035                  5.5948866917296136E-001                  1.5157005312891610E-004                  4.2787376163747259E-001                  3.8674365350103399E-004                  2.6179772422584959E-003                  5.7223080262680040E-003                  1.2718648985637715E-003                  2.4871053158459638E-003                  2.3782123483385518E+000                  1.0130400423170496E-002                  7.1523576286839150E-050 
                                     712                  2.3939379623201587E-001                 -8.4124187343506018E-001                  7.0440679439564713E+000                  8.1679925611737065E+000                  5.0423344725253395E+035                  5.5559054871600544E-001                  1.4106220964908979E-004                  4.3176336290422812E-001                  2.7259483747128213E-004                  2.7511352439007711E-003                  5.7223258743355453E-003                  1.2718648985637709E-003                  2.4871053158459625E-003                  2.5227236611890427E+000                  8.9156392839117617E-003                  1.3233993595772095E-049 
                                     713                  2.3426588707581036E-001                 -8.4766586227388019E-001                  7.0472403047492254E+000                  7.8684633985406744E+000                  2.6368989864328918E+035                  5.5253155632324946E-001                  1.3357253880771802E-004                  4.3481779457385439E-001                  2.0027941241919793E-004                  2.8355184778910748E-003                  5.7223084593684553E-003                  1.2718648985637713E-003                  2.4871053158459634E-003                  2.6370184172444202E+000                  7.7762686858325559E-003                  2.1083530889466517E-049 
                                     714                  2.3169422034353865E-001                 -8.5092513110931911E-001                  7.0504243945073597E+000                  8.1704587133773927E+000                  5.5041299059089866E+035                  5.4937166654209002E-001                  1.2644106748359828E-004                  4.3797494191432801E-001                  1.4101981668472745E-004                  2.9046734838682471E-003                  5.7222869611357466E-003                  1.2718648985637709E-003                  2.4871053158459630E-003                  2.7554886441498629E+000                  6.5379206056745843E-003                  3.3617769844085526E-049 
                                     715                  2.2654367020277255E-001                 -8.5753276206416440E-001                  7.0536404348800792E+000                  7.8703681077443104E+000                  2.8721403559017964E+035                  5.4608164172175810E-001                  1.1960749953988969E-004                  4.4126407394397676E-001                  9.4641845040546629E-005                  2.9588042406502109E-003                  5.7222605346247879E-003                  1.2718648985637704E-003                  2.4871053158459621E-003                  2.8798146768361641E+000                  5.3000875835815617E-003                  5.3846141251947719E-049 
                                     716                  2.2396478679427817E-001                 -8.6088192814849640E-001                  7.0568680285813361E+000                  8.1730217179562938E+000                  5.9985189671909527E+035                  5.4268432967526159E-001                  1.1310526897339237E-004                  4.4466223528680215E-001                  6.0699935720178502E-005                  2.9984314894010104E-003                  5.7222281294319844E-003                  1.2718648985637704E-003                  2.4871053158459617E-003                  3.0085856189889779E+000                  4.1781141452420971E-003                  8.6317837089134655E-049 
                                     717                  2.1879362484682011E-001                 -8.6768433680801704E-001                  7.0612160560224870E+000                  8.1747633663090262E+000                  6.3460159048333605E+035                  5.3794621206906612E-001                  1.0487380776727734E-004                  4.4940375049477749E-001                  3.1649046577932491E-005                  3.0323798814144592E-003                  5.7221644859872150E-003                  1.2718648985637704E-003                  2.4871053158459617E-003                  3.1894657159713198E+000                  3.0122325067006633E-003                  1.6291253321395549E-048 
                                     718                  2.1361015542483075E-001                 -8.7462298255109483E-001                  7.0645114652024388E+000                  7.8752327026633342E+000                  3.3101233827138055E+035                  5.3422892624917750E-001                  9.9014994808908601E-005                  4.5312483447790108E-001                  1.9246661290885361E-005                  3.0468942323566453E-003                  5.7221131700550707E-003                  1.2718648985637704E-003                  2.4871053158459617E-003                  3.3323580269719693E+000                  2.4577606561547701E-003                  2.6354246256416285E-048 
                                     719                  2.1101283667339926E-001                 -8.7814651738596916E-001                  7.0678177826849025E+000                  8.1774203091036721E+000                  6.8931578512535728E+035                  5.3039245655754208E-001                  9.3447881622243839E-005                  4.5696573233954146E-001                  1.2387877923170126E-005                  3.0549254579413428E-003                  5.7220796710199927E-003                  1.2718648985637711E-003                  2.4871053158459625E-003                  3.4801426372363005E+000                  2.1907618578736474E-003                  4.2664095393175344E-048 
                                     720                  2.0581321192134447E-001                 -8.8529972498261111E-001                  7.0722715146595769E+000                  8.1792344933908385E+000                  7.2744324419898856E+035                  5.2504416508050267E-001                  8.6409623525079718E-005                  4.6232040520592127E-001                  8.3620019988802743E-006                  3.0597210871344633E-003                  5.7219667865078573E-003                  1.2718648985637706E-003                  2.4871053158459621E-003                  3.6874668174534193E+000                  2.2286628744284751E-003                  8.1593615310289996E-048 
                                     721                  2.0060423786255030E-001                 -8.9260343061710690E-001                  7.0767687510239883E+000                  8.1810749184172078E+000                  7.6678063089364123E+035                  5.1943205551354754E-001                  7.9804917052887130E-005                  4.6793894075692433E-001                  7.1834935894638067E-006                  3.0612198831197917E-003                  5.7218252213562274E-003                  1.2718648985637700E-003                  2.4871053158459617E-003                  3.9062164533466270E+000                  2.6201618299228104E-003                  1.5690027306868358E-047 
                                     722                  1.9538719467447796E-001                 -9.0006388959239658E-001                  7.0801778961859423E+000                  7.8812618327123785E+000                  3.9844925076631549E+035                  5.1503159481862260E-001                  7.5111806628926298E-005                  4.7234407915529686E-001                  7.0206938554219992E-006                  3.0614919003310844E-003                  5.7217314108553774E-003                  1.2718648985637711E-003                  2.4871053158459625E-003                  4.0787654442492149E+000                  3.0942549150520457E-003                  2.5746920728995507E-047 
                                     723                  1.9277681954457643E-001                 -9.0385338513251900E-001                  7.0835969694423362E+000                  8.1838960546826200E+000                  8.2779001939697139E+035                  5.1049557892442599E-001                  7.0661532012449197E-005                  4.7688457136072721E-001                  7.0662963339235867E-006                  3.0615677508692455E-003                  5.7215839212213827E-003                  1.2718648985637704E-003                  2.4871053158459617E-003                  4.2568207817327162E+000                  3.7009625956795564E-003                  4.2273895157432932E-047 
                                     724                  1.8755002768087572E-001                 -9.1156171357860849E-001                  7.0882059030048046E+000                  8.1857949020480056E+000                  8.6951944161269920E+035                  5.0417426524449260E-001                  6.5042207396252588E-005                  4.8321156178323232E-001                  7.2203676376352999E-006                  3.0616101768482173E-003                  5.7213300059833242E-003                  1.2718648985637715E-003                  2.4871053158459638E-003                  4.5063554969143533E+000                  4.7331568927124670E-003                  8.2443826234510922E-047 
                                     725                  1.8231863251084160E-001                 -9.1944403468953129E-001                  7.0917011759326938E+000                  7.8861918822406603E+000                  4.5073530143367395E+035                  4.9921988203157641E-001                  6.1053580259953679E-005                  4.8816998402628675E-001                  7.3526025870383925E-006                  3.0616544496476689E-003                  5.7211030952323567E-003                  1.2718648985637702E-003                  2.4871053158459612E-003                  4.7030271623195494E+000                  5.7041097798471467E-003                  1.3677293943115415E-046 
                                     726                  1.7970138701107011E-001                 -9.2345271129413009E-001                  7.0952048272303614E+000                  8.1886648788121121E+000                  9.3308855182522937E+035                  4.9411921048329749E-001                  5.7278277913066694E-005                  4.9327448730295037E-001                  7.4874561559209596E-006                  3.0617347735835227E-003                  5.7208314916900246E-003                  1.2718648985637711E-003                  2.4871053158459625E-003                  4.9055668464397622E+000                  6.8709593839107099E-003                  2.2697615176648641E-046 
                                     727                  1.7446613826260163E-001                 -9.3161011992664411E-001                  7.0999268809650182E+000                  8.1906146202938714E+000                  9.7570093839334348E+035                  4.8701696819971169E-001                  5.2519162046805156E-005                  5.0038157334672639E-001                  7.6706087549002343E-006                  3.0618999277885828E-003                  5.7203985405617878E-003                  1.2718648985637702E-003                  2.4871053158459621E-003                  5.1889502487454937E+000                  8.8195325382322259E-003                  4.4902991368783000E-046 
                                     728                  1.6923020258774418E-001                 -9.3996145724208824E-001                  7.1035079734769555E+000                  7.8910352935904200E+000                  5.0388505385465910E+035                  4.8145440567145531E-001                  4.9146222216721383E-005                  5.0594758549212981E-001                  7.8106831433179931E-006                  3.0621098287675163E-003                  5.7199718878774997E-003                  1.2718648985637709E-003                  2.4871053158459621E-003                  5.4119632441230072E+000                  1.0648484289827117E-002                  7.5308014329650305E-046 
                                     729                  1.6661227016158356E-001                 -9.4421237579846384E-001                  7.1070960947238149E+000                  8.1935954330473777E+000                  1.0390165276470001E+036                  4.7573508069367415E-001                  4.5959495159050831E-005                  5.1167018264076691E-001                  7.9521616022143384E-006                  3.0623778189518727E-003                  5.7194769754358964E-003                  1.2718648985637706E-003                  2.4871053158459621E-003                  5.6411421146093819E+000                  1.2847838272681088E-002                  1.2631279115768020E-045 
                                     730                  1.6137828517587027E-001                 -9.5287187289704456E-001                  7.1119336792983381E+000                  8.1955925058112093E+000                  1.0800703025369849E+036                  4.6777705396439101E-001                  4.1947422665185691E-005                  5.1963235786610651E-001                  8.1451683716376202E-006                  3.0628824347608274E-003                  5.7186429292950033E-003                  1.2718648985637706E-003                  2.4871053158459625E-003                  5.9614135086492315E+000                  1.6529018710338791E-002                  2.5356712658271269E-045 
                                     731                  1.5614800396926901E-001                 -9.6174869544053987E-001                  7.1156030488325941E+000                  7.8958632542417408E+000                  5.5484846092980147E+035                  4.6154963242408292E-001                  3.9108209642385868E-005                  5.2586273624690461E-001                  8.2934474127990652E-006                  3.0633598426009195E-003                  5.7178996149466806E-003                  1.2718648985637709E-003                  2.4871053158459625E-003                  6.2131006459837348E+000                  1.9991271801272203E-002                  4.3005595491176242E-045 
                                     732                  1.5353567255543107E-001                 -9.6626967754245308E-001                  7.1192775647787139E+000                  8.1985945616425564E+000                  1.1384144332283489E+036                  4.5515648585332608E-001                  3.6431297406851923E-005                  5.3225869463638165E-001                  8.4437534071905202E-006                  3.0639533994795253E-003                  5.7170208455890577E-003                  1.2718648985637704E-003                  2.4871053158459617E-003                  6.4711118924394198E+000                  2.4158662146920102E-002                  7.2923053090085630E-045 
                                     733                  1.4831482427320117E-001                 -9.7549176918224456E-001                  7.1242335236465335E+000                  8.2006240005363811E+000                  1.1741991034799658E+036                  4.4626684520073301E-001                  3.3065656023440916E-005                  5.4115191942445917E-001                  8.6498109763245159E-006                  3.0650021168661377E-003                  5.7155475765322079E-003                  1.2718648985637715E-003                  2.4871053158459634E-003                  6.8311559716171679E+000                  3.1149095681669021E-002                  1.4860228379887939E-044 
                                     734                  1.4310266144629621E-001                 -9.8495856207125598E-001                  7.1279948115239771E+000                  7.9012950863247191E+000                  5.9984477819089008E+035                  4.3931343678473928E-001                  3.0686912209300722E-005                  5.4810790667065779E-001                  8.8090253273037019E-006                  3.0660314154790035E-003                  5.7141589771775771E-003                  1.2718648985637702E-003                  2.4871053158459612E-003                  7.1136964654805990E+000                  3.7739924396264571E-002                  2.5500307112746620E-044 
                                     735                  1.4049901548778318E-001                 -9.8978947459537381E-001                  7.1317593913010873E+000                  8.2037096496038586E+000                  1.2211142746571362E+036                  4.3218554312956126E-001                  2.8449102036624987E-005                  5.5523827446287455E-001                  8.9710311951592785E-006                  3.0673075106727420E-003                  5.7124845492500295E-003                  1.2718648985637715E-003                  2.4871053158459638E-003                  7.4024815043874064E+000                  4.5680736492760776E-002                  4.3736490949569674E-044 
                                     736                  1.3530368658034500E-001                 -9.9964729769735250E-001                  7.1368365929105160E+000                  8.2057565952380678E+000                  1.2463508100388273E+036                  4.2228424078497895E-001                  2.5641067446545982E-005                  5.6514277365299537E-001                  9.1942629497359331E-006                  3.0695083132186089E-003                  5.7096717040010245E-003                  1.2718648985637709E-003                  2.4871053158459634E-003                  7.8044022386819725E+000                  5.9023467569969679E-002                  9.0511364787351439E-044 
                                     737                  1.3012265738546211E-001                 -1.0097822998931902E+000                  7.1419625125724169E+000                  8.2078037160709698E+000                  1.2654899821842520E+036                  4.1195607404267737E-001                  2.3033892108480199E-005                  5.7547404198589303E-001                  9.4258164591059800E-006                  3.0724289285016231E-003                  5.7060251199508027E-003                  1.2718648985637711E-003                  2.4871053158459634E-003                  8.2231750143003275E+000                  7.6323540555148631E-002                  1.8847938471670985E-043 
                                     738                  1.2495838785965520E-001                 -1.0202091059716867E+000                  7.1471370968918366E+000                  8.2098466485905011E+000                  1.2772976253251395E+036                  4.0118823296693013E-001                  2.0615934652304985E-005                  5.8624493239181730E-001                  9.6667907425299911E-006                  3.0762862642202920E-003                  5.7012954372277587E-003                  1.2718648985637709E-003                  2.4871053158459630E-003                  8.6584644943313673E+000                  9.8768406603979980E-002                  3.9494126326238718E-043 
                                     739                  1.1981346973542180E-001                 -1.0309434167083182E+000                  7.1523600717488680E+000                  8.2118895137923005E+000                  1.2804289042790712E+036                  3.8996816493304981E-001                  1.8376267875430373E-005                  5.9746804901348149E-001                  9.9185472180107209E-006                  3.0813612794940892E-003                  5.6951597444713474E-003                  1.2718648985637698E-003                  2.4871053158459604E-003                  9.1093063918576664E+000                  1.2790139596681624E-001                  8.3269570083050814E-043 
                                     740                  1.1469063593565179E-001                 -1.0420023431186813E+000                  7.1576308452171018E+000                  8.2139419318106270E+000                  1.2734750068447796E+036                  3.7828420526069839E-001                  1.6304700688709513E-005                  6.0915511921546384E-001                  1.0182798247334430E-005                  3.0880174308680129E-003                  5.6872003796239641E-003                  1.2718648985637722E-003                  2.4871053158459651E-003                  9.5739511403775328E+000                  1.6572741417662104E-001                  1.7663439085184610E-042 
                                     741                  1.0959277101039420E-001                 -1.0534047175020260E+000                  7.1616288338396537E+000                  7.9137193139938775E+000                  6.2953645197830183E+035                  3.6917061445811861E-001                  1.4850229071919750E-005                  6.1827113873313533E-001                  1.0391255970656368E-005                  3.0943507338380425E-003                  5.6796843754556856E-003                  1.2718648985637706E-003                  2.4871053158459621E-003                  9.9324382513767127E+000                  2.0151154181085856E-001                  3.1242506146918207E-042 
                                     742                  1.0705784688102341E-001                 -1.0592310632829856E+000                  7.1656200305175251E+000                  8.2169934955369257E+000                  1.2410761477311979E+036                  3.5987609771874657E-001                  1.3493420437618867E-005                  6.2756817938710463E-001                  1.0607297298199605E-005                  3.1020163791464711E-003                  5.6706355828569453E-003                  1.2718648985637709E-003                  2.4871053158459621E-003                  1.0290725041189194E+001                  2.4463485404363181E-001                  5.5148033138296930E-042 
                                     743                  1.0200361896158437E-001                 -1.0711860932667585E+000                  7.1710037535225908E+000                  8.2190528518270938E+000                  1.2031557958970507E+036                  3.4699058296463636E-001                  1.1802347037184598E-005                  6.4045733783663084E-001                  1.0913643083169983E-005                  3.1149699264253114E-003                  5.6554230677773615E-003                  1.2718648985637713E-003                  2.4871053158459634E-003                  1.0776240437293042E+001                  3.1736876039119200E-001                  1.1869019380097533E-041 
                                     744                  9.6982339119167774E-002                 -1.0835388241199746E+000                  7.1764267986952976E+000                  8.2211078008289800E+000                  1.1510108191319460E+036                  3.3361202367981452E-001                  1.0249840522275995E-005                  6.5383996359383711E-001                  1.1243061502060694E-005                  3.1317990445340464E-003                  5.6357505653802748E-003                  1.2718648985637698E-003                  2.4871053158459604E-003                  1.1260127888137919E+001                  4.1184674544037059E-001                  2.5677517232893963E-041 
                                     745                  9.1997525753828899E-002                 -1.0963144171991088E+000                  7.1818845334730037E+000                  8.2231544230502411E+000                  1.0841771658904113E+036                  3.1973902345452043E-001                  8.8291856790118080E-006                  6.6771761723672363E-001                  1.1600658379104719E-005                  3.1535939245012959E-003                  5.6103653257869061E-003                  1.2718648985637706E-003                  2.4871053158459621E-003                  1.1732960415121569E+001                  5.3453945214979925E-001                  5.5811973258845536E-041 
                                     746                  8.7052913776463861E-002                 -1.1095403815538343E+000                  7.1873732926934970E+000                  8.2251921677421596E+000                  1.0028482789966237E+036                  3.0537544832919844E-001                  7.5341870619354490E-006                  6.8208663563145711E-001                  1.1993044855175093E-005                  3.1817163065648198E-003                  5.5777022864527299E-003                  1.2718648985637691E-003                  2.4871053158459595E-003                  1.2182076430715428E+001                  6.9386733383741517E-001                  1.2183145268998287E-040 
                                     747                  8.2152474514058535E-002                 -1.1232469941846022E+000                  7.1928884231344457E+000                  8.2272344241432531E+000                  9.0807025942380557E+035                  2.9053203601211480E-001                  6.3595860277141406E-006                  6.9693652897041292E-001                  1.2428560633064372E-005                  3.2178451401314364E-003                  5.5358315162704801E-003                  1.2718648985637709E-003                  2.4871053158459621E-003                  1.2590323347529074E+001                  9.0071956568435207E-001                  2.6692591146544410E-040 
                                     748                  7.7300438460567861E-002                 -1.1374681502089303E+000                  7.1984241124921944E+000                  8.2293298378444657E+000                  8.0193608634553593E+035                  2.7522901162602087E-001                  5.3010823984959800E-006                  7.1224737013797412E-001                  1.2917567133839035E-005                  3.2640119906187917E-003                  5.4824173814442068E-003                  1.2718648985637713E-003                  2.4871053158459638E-003                  1.2934903999468739E+001                  1.1690708967773926E+000                  5.8644831785026667E-040 
                                     749                  7.2501321442301467E-002                 -1.1522431281529677E+000                  7.2032922345604034E+000                  8.1064228632162365E+000                  5.2687895723825251E+035                  2.6143704634107656E-001                  4.4649305782032057E-006                  7.2604757341312587E-001                  1.3400728571695920E-005                  3.3146974818071238E-003                  5.4238468904307773E-003                  1.2718648985637702E-003                  2.4871053158459608E-003                  1.3164553175868930E+001                  1.4694342286334761E+000                  1.1721276631516833E-039 
                                     750                  6.8937765396695605E-002                 -1.1637181407925750E+000                  7.2074630576571339E+000                  8.1086655839563893E+000                  4.6141109676018630E+035                  2.4940043548800070E-001                  3.8169169033331980E-006                  7.3809246642611492E-001                  1.3862219795117901E-005                  3.3670596930978937E-003                  5.3633890416784650E-003                  1.2718648985637700E-003                  2.4871053158459604E-003                  1.3289558190527943E+001                  1.7864420018153695E+000                  2.1209788729667024E-039 
                                     751                  6.5404333948297963E-002                 -1.1755664593874644E+000                  7.2123149866870655E+000                  8.2350873851371436E+000                  5.1180802544487820E+035                  2.3515738706409692E-001                  3.1399372840352462E-006                  7.5234683451312079E-001                  1.4464695553647462E-005                  3.4401527007087607E-003                  5.2790508748261121E-003                  1.2718648985637709E-003                  2.4871053158459625E-003                  1.3330984405965712E+001                  2.2406117587808270E+000                  4.2262530553520257E-039 
                                     752                  6.0758708644953481E-002                 -1.1919413294517378E+000                  7.2178605016021979E+000                  8.2382156876602615E+000                  3.9896790857772422E+035                  2.1855142726975152E-001                  2.4636544797954918E-006                  7.6896835932671481E-001                  1.5256288779611017E-005                  3.5425268049582700E-003                  5.1609964409063376E-003                  1.2718648985637709E-003                  2.4871053158459621E-003                  1.3200980247572470E+001                  2.8971072179619459E+000                  9.2750033913125841E-039 
                                     753                  5.6184482422464883E-002                 -1.2090833553211537E+000                  7.2233854140383471E+000                  8.2420377200398622E+000                  2.9652580438312600E+035                  2.0170865976183974E-001                  1.8900556661525824E-006                  7.8582987876939181E-001                  1.6174593477929840E-005                  3.6676324456585939E-003                  5.0167941595558284E-003                  1.2718648985637702E-003                  2.4871053158459612E-003                  1.2859348021859942E+001                  3.7345694824621734E+000                  2.0264565558917426E-038 
                                     754                  5.1687906368386431E-002                 -1.2270909653721358E+000                  7.2288777653931655E+000                  8.2458552238095599E+000                  2.0922164898650972E+035                  1.8466292128890610E-001                  1.4138536872415939E-006                  8.0289796508018418E-001                  1.7239442093827596E-005                  3.8182492500455777E-003                  4.8432408706733272E-003                  1.2718648985637717E-003                  2.4871053158459638E-003                  1.2305826697169447E+001                  4.8021908390798762E+000                  4.4195764023915301E-038 
                                     755                  4.7275764757094003E-002                 -1.2460472028629062E+000                  7.2336382352291153E+000                  8.1194047155725375E+000                  1.0948584348720176E+035                  1.6973185268256130E-001                  1.0735585023031283E-006                  8.1785133838907798E-001                  1.8290436754339315E-005                  3.9695477807214089E-003                  4.6689269379726409E-003                  1.2718648985637713E-003                  2.4871053158459630E-003                  1.1656765730486145E+001                  5.9624345187633283E+000                  8.7180604651285266E-038 
                                     756                  4.4060515318726304E-002                 -1.2607756733738800E+000                  7.2366719162251654E+000                  7.8258844687016733E+000                  4.3086172882953662E+034                  1.5998905986983297E-001                  8.8772159732713776E-007                  8.2761030735655661E-001                  1.9042412756591667E-005                  4.0797253949667973E-003                  4.5420070298796654E-003                  1.2718648985637711E-003                  2.4871053158459625E-003                  1.1135041588880258E+001                  6.8307128479432162E+000                  1.3463836408955174E-037 
                                     757                  4.2452890599542450E-002                 -1.2684645200643427E+000                  7.2386984540755694E+000                  7.8312776703806923E+000                  3.6175045592179846E+034                  1.5333778023901909E-001                  7.7596720194719543E-007                  8.3427337456919726E-001                  1.9585867745199300E-005                  4.1601881253432536E-003                  4.4493250170836701E-003                  1.2718648985637715E-003                  2.4871053158459634E-003                  1.0732476353616722E+001                  7.4691066105721760E+000                  1.8011901146682577E-037 
                                     758                  4.0845265880358687E-002                 -1.2763906564173984E+000                  7.2411872038367733E+000                  7.9999753365315005E+000                  4.1642629668305847E+034                  1.4505446512450487E-001                  6.5219372283324597E-007                  8.4257189325326054E-001                  2.0288129401339202E-005                  4.2641080873026850E-003                  4.3296229973980400E-003                  1.2718648985637713E-003                  2.4871053158459630E-003                  1.0185583897581989E+001                  8.3156729805710317E+000                  2.5768327370673847E-037 
                                     759                  3.8512751206713207E-002                 -1.2883496344680305E+000                  7.2441433204056329E+000                  8.0088972317521367E+000                  3.0827738850745699E+034                  1.3506064436548226E-001                  5.2356600458366105E-007                  8.5258491487527788E-001                  2.1176869553941664E-005                  4.3955400072156264E-003                  4.1782301020559737E-003                  1.2718648985637711E-003                  2.4871053158459625E-003                  9.4672350968268688E+000                  9.4128327838128740E+000                  3.9490033525094765E-037 
                                     760                  3.6180236533067636E-002                 -1.3009062429082918E+000                  7.2462668942008577E+000                  7.6534324648104741E+000                  1.0565919218734006E+034                  1.2772200315984222E-001                  4.4235633017051941E-007                  8.5993837329086331E-001                  2.1861577452428139E-005                  4.4970943573487097E-003                  4.0612550437535110E-003                  1.2718648985637704E-003                  2.4871053158459612E-003                  8.9020701106059512E+000                  1.0260562285634558E+001                  5.3753968218944690E-037 
                                     761                  3.5167209272530496E-002                 -1.3065624598032446E+000                  7.2475510284008777E+000                  7.6578065875521029E+000                  9.0839315884040741E+033                  1.2326691599360988E-001                  3.9788672736298714E-007                  8.6440248468244418E-001                  2.2282892100731816E-005                  4.5589695800571060E-003                  3.9899787506509380E-003                  1.2718648985637704E-003                  2.4871053158459621E-003                  8.5462089694380445E+000                  1.0790819946263667E+001                  6.4781012684723220E-037 
                                     762                  3.4154182011993273E-002                 -1.3123517159826155E+000                  7.2487252866113607E+000                  7.5813821194701649E+000                  6.5251705699556346E+033                  1.1913239546708293E-001                  3.5981728825369686E-007                  8.6854565049305132E-001                  2.2684955928948925E-005                  4.6182819336109075E-003                  3.9216571186280209E-003                  1.2718648985637706E-003                  2.4871053158459625E-003                  8.2068889535517435E+000                  1.1288518702787210E+001                  7.6877822283925143E-037 
                                     763                  3.3312663241321469E-002                 -1.3172670324387397E+000                  7.2497892601279847E+000                  7.5852697193162602E+000                  5.6862607959633129E+033                  1.1534848274835503E-001                  3.2748254198039497E-007                  8.7233751646474933E-001                  2.3056309881046002E-005                  4.6728618686233932E-003                  3.8587849114395220E-003                  1.2718648985637704E-003                  2.4871053158459621E-003                  7.8898929647122351E+000                  1.1745609455620551E+001                  8.9811935424366556E-037 
                                     764                  3.2471144470649582E-002                 -1.3222835798252566E+000                  7.2512217699420853E+000                  7.8210408061839560E+000                  7.9537138940855307E+033                  1.1020359532958186E-001                  2.8711354745002155E-007                  8.7749330851261376E-001                  2.3567559209611580E-005                  4.7477187742012020E-003                  3.7725524964363284E-003                  1.2718648985637709E-003                  2.4871053158459630E-003                  7.4502911104313663E+000                  1.2367150227302739E+001                  1.1078131768182676E-036 
                                     765                  3.1041147485585664E-002                 -1.3310549001759691E+000                  7.2530174985082683E+000                  7.8282871402750116E+000                  6.1232245100195020E+033                  1.0364252221508692E-001                  2.4126419234125215E-007                  8.8406833667368123E-001                  2.4225874315610040E-005                  4.8435470861419435E-003                  3.6621566721722490E-003                  1.2718648985637713E-003                  2.4871053158459638E-003                  6.8782415510246224E+000                  1.3146801892155381E+001                  1.4431570677420387E-036 
                                     766                  2.9611150500521741E-002                 -1.3401592422512103E+000                  7.2542768246757516E+000                  7.4480098178836291E+000                  2.0697928732216177E+033                  9.8956299245481910E-002                  2.1208294614523171E-007                  8.8876457339793480E-001                  2.4700618945557205E-005                  4.9123313624884098E-003                  3.5829130777934987E-003                  1.2718648985637722E-003                  2.4871053158459651E-003                  6.4638337145019547E+000                  1.3686726637691251E+001                  1.7392332516263697E-036 
                                     767                  2.9022672286129713E-002                 -1.3440091907530323E+000                  7.2550079922708202E+000                  7.4512561222215865E+000                  1.8359395002060895E+033                  9.6202266011393617E-002                  1.9622132986681243E-007                  8.9152449630954922E-001                  2.4980878377691110E-005                  4.9527941351837608E-003                  3.5362962297559699E-003                  1.2718648985637719E-003                  2.4871053158459647E-003                  6.2182209602565228E+000                  1.3993185981519737E+001                  1.9388394596109754E-036 
                                     768                  2.8434194071737685E-002                 -1.3479228497380451E+000                  7.2559989585320670E+000                  7.6920810225110108E+000                  2.6659480790602174E+033                  9.2399314235957097E-002                  1.7583105816087959E-007                  8.9533566108171803E-001                  2.5371175762215761E-005                  5.0092316865092161E-003                  3.4712757745856073E-003                  1.2718648985637722E-003                  2.4871053158459647E-003                  5.8766526169383368E+000                  1.4395900873464592E+001                  2.2478234005321923E-036 
                                     769                  2.7420301775782585E-002                 -1.3548222495600581E+000                  7.2572429111975429E+000                  7.6980945224265076E+000                  2.1258341464682353E+033                  8.7584799309157024E-002                  1.5228316175143119E-007                  9.0016046259596061E-001                  2.5864331122186038E-005                  5.0799222674924142E-003                  3.3898289986962755E-003                  1.2718648985637715E-003                  2.4871053158459634E-003                  5.4443838232607602E+000                  1.4877897607668096E+001                  2.7085747338197570E-036 
                                     770                  2.6406409479827486E-002                 -1.3619315832258756E+000                  7.2588914106730948E+000                  7.9315648600893498E+000                  2.5746824462252875E+033                  8.1064087952832375E-002                  1.2418647567393655E-007                  9.0669512055466983E-001                  2.6535930972122129E-005                  5.1757847410649560E-003                  3.2793764195753650E-003                  1.2718648985637719E-003                  2.4871053158459651E-003                  4.8593567206953336E+000                  1.5453716057126199E+001                  3.4733076965132666E-036 
                                     771                  2.4704753153575031E-002                 -1.3743786616666718E+000                  7.2611302168167704E+000                  8.0282037771625809E+000                  1.9002223656285869E+033                  7.2015040632275318E-002                  9.1592578075743588E-008                  9.1576319586792465E-001                  2.7464307118251651E-005                  5.3065863216598388E-003                  3.1286510640339922E-003                  1.2718648985637722E-003                  2.4871053158459651E-003                  4.0600908627572849E+000                  1.6076057559154943E+001                  4.8859897916797502E-036 
                                     772                  2.2641461062683232E-002                 -1.3904463659421247E+000                  7.2637291216470894E+000                  8.1215160796649535E+000                  1.1477292130466131E+033                  6.1180725768621665E-002                  6.1037194659264320E-008                  9.2661977839616805E-001                  2.8567988620627754E-005                  5.4596708292632993E-003                  2.9522257657221039E-003                  1.2718648985637722E-003                  2.4871053158459647E-003                  3.1382081568945970E+000                  1.6441833160773562E+001                  7.3060858295871478E-036 
                                     773                  2.0184876764750427E-002                 -1.4112277276561116E+000                  7.2668310778459348E+000                  8.2685437581906314E+000                  5.5236715155779949E+032                  4.7897557017126516E-002                  3.3963325309125520E-008                  9.3992924619049456E-001                  2.9903612585211989E-005                  5.6404581560812088E-003                  2.7438308459774279E-003                  1.2718648985637722E-003                  2.4871053158459647E-003                  2.0961610050707842E+000                  1.6120328853408562E+001                  1.1930183639774078E-035 
                                     774                  1.6941708052735604E-002                 -1.4421671107590204E+000                  7.2690982203528360E+000                  7.9191874554826027E+000                  8.9052794368679552E+031                  3.7815156972037259E-002                  1.9702809790715358E-008                  9.5003087274436626E-001                  3.0901512980946269E-005                  5.7726154596942315E-003                  2.5914633937015688E-003                  1.2718648985637719E-003                  2.4871053158459651E-003                  1.4004557045949795E+000                  1.5102557774484191E+001                  1.7333306055928755E-035 
                                     775                  1.5571888497924702E-002                 -1.4567549297957798E+000                  7.2703696518812171E+000                  7.9368823201720877E+000                  4.6435774896806357E+031                  3.2203888101898399E-002                  1.3722672249576323E-008                  9.5565244653142289E-001                  3.1451221814128779E-005                  5.8434253632100048E-003                  2.5098048445726302E-003                  1.2718648985637719E-003                  2.4871053158459656E-003                  1.0576994223329246E+000                  1.4172050474902598E+001                  2.1444040194517187E-035 
                                     776                  1.4202068943113799E-002                 -1.4724890648729008E+000                  7.2712634901985753E+000                  7.6504611962837403E+000                  1.3583738551019691E+031                  2.8198253367784698E-002                  1.0224136011031752E-008                  9.5966529134095557E-001                  3.1840192657091987E-005                  5.8929638027572740E-003                  2.4526708572994169E-003                  1.2718648985637717E-003                  2.4871053158459656E-003                  8.3586886253346304E-001                  1.3309566214651115E+001                  2.5003904366944657E-035 
                                     777                  1.3517159165708349E-002                 -1.4808545007199958E+000                  7.2718381683336650E+000                  7.6611480654084296E+000                  9.2901718586514815E+030                  2.5659674420875148E-002                  8.3115301482788557E-009                  9.6220834553444812E-001                  3.2085852167110289E-005                  5.9237039350729381E-003                  2.4172117314967289E-003                  1.2718648985637719E-003                  2.4871053158459660E-003                  7.0611472997091163E-001                  1.2673762630650764E+001                  2.7626618210334045E-035 
                                     778                  1.2832249388302897E-002                 -1.4895988950746921E+000                  7.2723961920490829E+000                  7.6803954364242246E+000                  6.2973135201905349E+030                  2.3190929223052655E-002                  6.6684001154817281E-009                  9.6468135042276804E-001                  3.2322464114317114E-005                  5.9529581721012919E-003                  2.3834628351537632E-003                  1.2718648985637717E-003                  2.4871053158459651E-003                  5.8847619149084707E-001                  1.1977930941042182E+001                  3.0480545008869804E-035 
                                     779                  1.2135087750717010E-002                 -1.4989317542418810E+000                  7.2729363221009118E+000                  7.6929331469785263E+000                  4.0948266755121321E+030                  2.0831544146446852E-002                  5.2878254517087663E-009                  9.6704478720745068E-001                  3.2550062960681263E-005                  5.9807794006403901E-003                  2.3513636802663090E-003                  1.2718648985637722E-003                  2.4871053158459660E-003                  4.8447751590783972E-001                  1.1242355599163876E+001                  3.3570013711022643E-035 
                                     780                  1.1437926113131125E-002                 -1.5087521308916036E+000                  7.2734532216425105E+000                  7.7064926775654952E+000                  2.6198319452806233E+030                  1.8632978145852096E-002                  4.1608035648829316E-009                  9.6924706528700766E-001                  3.2762848469965384E-005                  6.0062595647028391E-003                  2.3219597787539803E-003                  1.2718648985637713E-003                  2.4871053158459647E-003                  3.9542017675306546E-001                  1.0493371287536771E+001                  3.6868170267553794E-035 
                                     781                  1.0740764475545238E-002                 -1.5191222044230168E+000                  7.2739465012114124E+000                  7.7211661019645916E+000                  1.6283002114340094E+030                  1.6543078509850088E-002                  3.2280153274639034E-009                  9.7134046482556358E-001                  3.2965477168130651E-005                  6.0302795527668986E-003                  2.2942381922260754E-003                  1.2718648985637711E-003                  2.4871053158459643E-003                  3.1795138472939921E-001                  9.7112732454081794E+000                  4.0389712564321987E-035 
                                     782                  1.0043602837959353E-002                 -1.5301156990006937E+000                  7.2743007024493043E+000                  7.4395391114312046E+000                  5.7051074401276269E+029                  1.5066910770612070E-002                  2.6471790708247505E-009                  9.7281904183552326E-001                  3.3107856118683277E-005                  6.0468081644128027E-003                  2.2751585117443030E-003                  1.2718648985637709E-003                  2.4871053158459625E-003                  2.6771227784435553E-001                  9.1179297343609669E+000                  4.3183800380865147E-035 
                                     783                  9.6888960890761933E-003                 -1.5359763267484425E+000                  7.2745333546846336E+000                  7.4480174886815380E+000                  4.3844108450702061E+029                  1.4104357813566250E-002                  2.3023711234974055E-009                  9.7378319253849299E-001                  3.3202278101100469E-005                  6.0577696542646279E-003                  2.2625051987942325E-003                  1.2718648985637711E-003                  2.4871053158459630E-003                  2.3696955115247589E-001                  8.7100813939870640E+000                  4.5145394543456989E-035 
                                     784                  9.3341893401929447E-003                 -1.5420350619103860E+000                  7.2748729862425403E+000                  7.7626263381676832E+000                  5.8368005155407603E+029                  1.2735128445315595E-002                  1.8565810655318841E-009                  9.7515470420141870E-001                  3.3338692803545786E-005                  6.0734242954877411E-003                  2.2444322939836033E-003                  1.2718648985637706E-003                  2.4871053158459621E-003                  1.9611323493103694E-001                  8.1029688667046802E+000                  4.8198853065763438E-035 
                                     785                  8.6247758424266244E-003                 -1.5548110960916020E+000                  7.2752822456143944E+000                  7.7411753260983547E+000                  3.0946419774682329E+029                  1.1113180545043301E-002                  1.3951899950811889E-009                  9.7677931950435315E-001                  3.3500958384207174E-005                  6.0917142646986742E-003                  2.2233131179207064E-003                  1.2718648985637713E-003                  2.4871053158459625E-003                  1.5222446222300093E-001                  7.3378991058558345E+000                  5.2269048686811243E-035 
                                     786                  7.9779136764055909E-003                 -1.5673307849726350E+000                  7.2756520969608802E+000                  7.7607362707790752E+000                  1.7824556005974953E+029                  9.6733447562720089E-003                  1.0444823336037153E-009                  9.7822151011586300E-001                  3.3646436198994584E-005                  6.1078561206798481E-003                  2.2046713120939328E-003                  1.2718648985637709E-003                  2.4871053158459612E-003                  1.1745991211117052E-001                  6.6113160139544860E+000                  5.6356462229083476E-035 
                                     787                  7.3310515103845566E-003                 -1.5808253589864405E+000                  7.2759757017556019E+000                  7.7107262844012601E+000                  8.8674066021088655E+028                  8.4493712300254455E-003                  7.8855419793956798E-010                  9.7944742940424145E-001                  3.3770228939992754E-005                  6.1211858143762196E-003                  2.1892723194529484E-003                  1.2718648985637722E-003                  2.4871053158459643E-003                  9.1146748583754253E-002                  5.9572521052842546E+000                  6.0314236533662898E-035 
                                     788                  6.7803289041608482E-003                 -1.5932160222180227E+000                  7.2762588327022009E+000                  7.7308423784427447E+000                  5.2682478644618013E+028                  7.4104594328680039E-003                  6.0099884923822315E-010                  9.8048800559215743E-001                  3.3877794604874881E-005                  6.1325842502464529E-003                  2.1761021147147421E-003                  1.2718648985637717E-003                  2.4871053158459634E-003                  7.1214432760664775E-002                  5.3734628035692538E+000                  6.4110561882888811E-035 
                                     789                  6.2296062979370513E-003                 -1.6065846826515702E+000                  7.2765277350893580E+000                  7.7530012251301041E+000                  3.0472025969624985E+028                  6.4549180347278660E-003                  4.5202160720784656E-010                  9.8144506739793458E-001                  3.3978366341044474E-005                  6.1429913934824068E-003                  2.1640741410825686E-003                  1.2718648985637715E-003                  2.4871053158459634E-003                  5.4888881884547512E-002                  4.8113402237560674E+000                  6.8060897588847163E-035 
                                     790                  5.6788836917132544E-003                 -1.6211122110082292E+000                  7.2767827159997465E+000                  7.7775952581376169E+000                  1.7041827076361902E+028                  5.5745792146923200E-003                  3.3433506536068155E-010                  9.8232680094014568E-001                  3.4072676230600475E-005                  6.1525335684948796E-003                  2.1530430516917610E-003                  1.2718648985637713E-003                  2.4871053158459638E-003                  4.1592601930699885E-002                  4.2694510926418987E+000                  7.2176934865095656E-035 
                                     791                  5.1281610854895469E-003                 -1.6370345409572957E+000                  7.2770031143624383E+000                  7.7192106032203833E+000                  8.0440808002595474E+027                  4.8409800714767619E-003                  2.5031380664258231E-010                  9.8306152637596256E-001                  3.4151861216585201E-005                  6.1602322635897558E-003                  2.1441389630305779E-003                  1.2718648985637700E-003                  2.4871053158459608E-003                  3.1829312925310792E-002                  3.7992595975442791E+000                  7.6086881376019033E-035 
                                     792                  4.6735780390630760E-003                 -1.6514488784771317E+000                  7.2771935102024576E+000                  7.7443903241048320E+000                  4.7197138873023696E+027                  4.2310631484862556E-003                  1.9001918458977998E-010                  9.8367242730101678E-001                  3.4221243511634214E-005                  6.1669579639515911E-003                  2.1363599386046107E-003                  1.2718648985637706E-003                  2.4871053158459621E-003                  2.4642870712977577E-002                  3.3942804239179258E+000                  7.9761372798068149E-035 
                                     793                  4.2189949926366042E-003                 -1.6672644651349817E+000                  7.2773790168222243E+000                  7.7906442676385410E+000                  2.7770431479552325E+027                  3.6630315706682836E-003                  1.4155372768418743E-010                  9.8424136045951760E-001                  3.4287246510389188E-005                  6.1731146824745330E-003                  2.1292356848657749E-003                  1.2718648985637719E-003                  2.4871053158459647E-003                  1.8729278395879428E-002                  3.0047193661657778E+000                  8.3659513626484584E-035 
                                     794                  3.7457741900237540E-003                 -1.6855617893274393E+000                  7.2775592712872594E+000                  7.8240188402128412E+000                  1.4910271343902555E+027                  3.1302184117704178E-003                  1.0275217942716830E-010                  9.8477501927107980E-001                  3.4350886445863241E-005                  6.1788854863307242E-003                  2.1225556272113969E-003                  1.2718648985637719E-003                  2.4871053158459647E-003                  1.3877071035731880E-002                  2.6265966625218859E+000                  8.7815777989227707E-035 
                                     795                  3.2725533874108149E-003                 -1.7062267434092024E+000                  7.2777310196222427E+000                  7.8626314278695411E+000                  7.6598733695258894E+026                  2.6451156478112317E-003                  7.2952396853788936E-011                  9.8526086343615948E-001                  3.4409774514994947E-005                  6.1839376800829019E-003                  2.1167031740691087E-003                  1.2718648985637717E-003                  2.4871053158459643E-003                  1.0058266291771933E-002                  2.2706382493853838E+000                  9.2181648532063412E-035 
                                     796                  2.7993325847978758E-003                 -1.7299979862328623E+000                  7.2778948675407138E+000                  7.9082931392958482E+000                  3.7358323352560127E+026                  2.2059235976765062E-003                  5.0458666808226213E-011                  9.8570074648423001E-001                  3.4466116444580003E-005                  6.1886430436736443E-003                  2.1112504931069124E-003                  1.2718648985637719E-003                  2.4871053158459647E-003                  7.1044436179066046E-003                  1.9377658950667012E+000                  9.6799550968843545E-035 
                                     797                  2.3261117821850256E-003                 -1.7580259834979564E+000                  7.2780128818627512E+000                  7.6521979128437234E+000                  1.0549530939479220E+026                  1.9036478527078775E-003                  3.7426898907525117E-011                  9.8600348119801118E-001                  3.4505874804204644E-005                  6.1917629646337921E-003                  2.1076318580062928E-003                  1.2718648985637715E-003                  2.4871053158459630E-003                  5.3557649284379071E-003                  1.7021541125858133E+000                  1.0049798397239482E-034 
                                     798                  2.0868170450896620E-003                 -1.7743843415646345E+000                  7.2780905335498209E+000                  7.6835180367847302E+000                  6.9687318332719774E+025                  1.7141044849678254E-003                  3.0264429942285753E-011                  9.8619333476462501E-001                  3.4532594686788522E-005                  6.1938719602198204E-003                  2.1051859508264326E-003                  1.2718648985637719E-003                  2.4871053158459638E-003                  4.3789883752865365E-003                  1.5513268058887433E+000                  1.0309082616613467E-034 
                                     799                  1.8475223079942094E-003                 -1.7926813923203064E+000                  7.2782048572019731E+000                  8.0412973138709347E+000                  7.1841495076345841E+025                  1.4495904234740882E-003                  2.1559715027740831E-011                  9.8645829381173167E-001                  3.4571871876740806E-005                  6.1968951517997048E-003                  2.1016785051485337E-003                  1.2718648985637717E-003                  2.4871053158459634E-003                  3.1727156762879453E-003                  1.3363993784946553E+000                  1.0716980064329444E-034 
                                     800                  1.3689328338033935E-003                 -1.8375107917380460E+000                  7.2783323250425767E+000                  7.9796233989914347E+000                  2.2249329552671352E+025                  1.1713494332724716E-003                  1.4014886705704366E-011                  9.8673697542117544E-001                  3.4614587210980061E-005                  6.1998797645694114E-003                  2.0982105653470319E-003                  1.2718648985637717E-003                  2.4871053158459643E-003                  2.1055510395316134E-003                  1.1044419631847446E+000                  1.1233371745632638E-034 
                                     801                  1.0248033113074318E-003                 -1.8805473044893828E+000                  7.2784383368532408E+000                  8.0759007856288498E+000                  9.9118149141659062E+024                  9.5467678648931801E-004                  9.2746133602796527E-012                  9.8695404247235452E-001                  3.4651940255941029E-005                  6.2025534050545493E-003                  2.0951051721612066E-003                  1.2718648985637713E-003                  2.4871053158459630E-003                  1.4194378637161183E-003                  9.1844538486464877E-001                  1.1713454545636830E-034 
                                     802                  6.8067378881155895E-004                 -1.9410404158439172E+000                  7.2785404727490306E+000                  8.1621521976042555E+000                  3.5610873427723655E+024                  7.5969565775710660E-004                  5.8513707386854205E-012                  9.8714940161130438E-001                  3.4688751082827644E-005                  6.2051135606846297E-003                  2.0921301989100262E-003                  1.2718648985637709E-003                  2.4871053158459625E-003                  9.1312697700735533E-004                  7.4645165851994399E-001                  1.2236305136847881E-034 
                                     803                  3.7558704758473567E-004                 -2.0284428380378663E+000                  7.2786237361696324E+000                  8.1204443155182435E+000                  9.4086153340890813E+023                  6.1669767520175544E-004                  3.8440282168838609E-012                  9.8729272403885304E-001                  3.4720241905507235E-005                  6.2073111829999607E-003                  2.0895766427860740E-003                  1.2718648985637709E-003                  2.4871053158459625E-003                  6.1040026820318057E-004                  6.1747430087651989E-001                  1.2719916474898985E-034 
                                     804                  1.9179380435789818E-004                 -2.1267223347811290E+000                  7.2786775055791253E+000                  8.0091671973379839E+000                  2.6043847647356530E+023                  5.3101408072502628E-004                  2.8442995714899028E-012                  9.8737861927928627E-001                  3.4741092392780030E-005                  6.2087440465604382E-003                  2.0879112837815478E-003                  1.2718648985637717E-003                  2.4871053158459643E-003                  4.5712272735311222E-004                  5.3865525612046894E-001                  1.3064171370797145E-034 
                                     805                  9.9897182744479457E-005                 -2.2217621294799046E+000                  7.2787091351559017E+000                  7.8910098422408934E+000                  8.9790020457704855E+022                  4.8335227117035661E-004                  2.3537909353512513E-012                  9.8742640400960557E-001                  3.4753458978979962E-005                  6.2095756331113222E-003                  2.0869444103703600E-003                  1.2718648985637706E-003                  2.4871053158459621E-003                  3.8109822351293328E-004                  4.9424242321981543E-001                  1.3279590582008467E-034 
                                     806                  5.3948871937814505E-005                 -2.3113292122740470E+000                  7.2787279113889598E+000                  7.7597351477986676E+000                  3.5674836277932818E+022                  4.5604608080170538E-004                  2.0938476665855031E-012                  9.8745378928241723E-001                  3.4761097208562632E-005                  6.2101113858570962E-003                  2.0863219372119395E-003                  1.2718648985637711E-003                  2.4871053158459630E-003                  3.4054315531574628E-004                  4.6860112188291214E-001                  1.3412445628772061E-034 
                                     807                  3.0974716534482029E-005                 -2.3918820260462508E+000                  7.2787389790834975E+000                  7.6070582336391421E+000                  1.5524221753271609E+022                  4.4030110143536151E-004                  1.9509313044896520E-012                  9.8746958124474482E-001                  3.4765635655024104E-005                  6.2104296758777435E-003                  2.0859521259263877E-003                  1.2718648985637698E-003                  2.4871053158459604E-003                  3.1815741464995268E-004                  4.5374637439605203E-001                  1.3492591572732149E-034 
                                     808                  1.9487638832815791E-005                 -2.4590987841906724E+000                  7.2787453603693235E+000                  7.4248274423189287E+000                  7.1563114305007879E+021                  4.3134314329046515E-004                  1.8718936080087123E-012                  9.8747856642673726E-001                  3.4768265043895498E-005                  6.2106141070160711E-003                  2.0857378416307523E-003                  1.2718648985637711E-003                  2.4871053158459630E-003                  3.0574827822008727E-004                  4.4527137073434742E-001                  1.3539436991836888E-034 
                                     809                  1.3744099981977122E-005                 -2.5097225651297448E+000                  7.2787501072822973E+000                  7.5507273980887648E+000                  6.7330284622926074E+021                  4.2474190678640943E-004                  1.8147041132168821E-012                  9.8748518797575324E-001                  3.4770226396593212E-005                  6.2107517177100871E-003                  2.0855779571292317E-003                  1.2718648985637706E-003                  2.4871053158459621E-003                  2.9675584411854497E-004                  4.3901484803484619E-001                  1.3574563773041580E-034 
                                     810                  8.0005611311440014E-006                 -2.5881436704252789E+000                  7.2787548914707463E+000                  7.5690729712863192E+000                  4.4074530117340727E+021                  4.1813093078537543E-004                  1.7583269693625847E-012                  9.8749181949400833E-001                  3.4772209777176599E-005                  6.2108908852060597E-003                  2.0854162640549664E-003                  1.2718648985637700E-003                  2.4871053158459608E-003                  2.8787972850670938E-004                  4.3273952068142224E-001                  1.3610278494159061E-034 
                                     811                  4.0002805669236975E-006                 -2.6885641066560679E+000                  7.2787585779941466E+000                  7.4685427523199888E+000                  2.1000813306580611E+021                  4.1306675699042381E-004                  1.7157474417907720E-012                  9.8749689954573261E-001                  3.4773742581750872E-005                  6.2109984538695536E-003                  2.0852912847001185E-003                  1.2718648985637709E-003                  2.4871053158459625E-003                  2.8116820583630009E-004                  4.2792589306146039E-001                  1.3638010129311498E-034 
                                     812                  2.0001402847247275E-006                 -2.7889559880321255E+000                  7.2787608903234302E+000                  7.3680816929525097E+000                  1.0186251869528925E+021                  4.0990523329129363E-004                  1.6894321554275749E-012                  9.8750007104902171E-001                  3.4774705797144798E-005                  6.2110660633120044E-003                  2.0852127324786983E-003                  1.2718648985637711E-003                  2.4871053158459630E-003                  2.7701689551880602E-004                  4.2491785402498183E-001                  1.3655490492277246E-034 
                                     813                  1.0000701436252424E-006                 -2.8893298806533778E+000                  7.2787623430351420E+000                  7.2676641581969861E+000                  4.9965405950125546E+020                  4.0792491473696331E-004                  1.6730531963382880E-012                  9.8750205764538079E-001                  3.4775311643040677E-005                  6.2111085941898257E-003                  2.0851633179666622E-003                  1.2718648985637715E-003                  2.4871053158459638E-003                  2.7443173274669427E-004                  4.2303252018798931E-001                  1.3666506623755225E-034 
                                     814                  5.0003507307549990E-007                 -2.9896924266142220E+000                  7.2787632566197731E+000                  7.1672739843818158E+000                  2.4683084141282175E+020                  4.0668186415973074E-004                  1.6628131772919899E-012                  9.8750330464721436E-001                  3.4775692930445131E-005                  6.2111353632427532E-003                  2.0851322163801130E-003                  1.2718648985637715E-003                  2.4871053158459638E-003                  2.7281497980988760E-004                  4.2184863512950294E-001                  1.3673448021219446E-034 
                                     815                  2.5001753777842415E-007                 -3.0900477902619596E+000                  7.2787638315251808E+000                  7.0669009423271225E+000                  1.2248070713734350E+020                  4.0590056093783682E-004                  1.6563931661225238E-012                  9.8750408843818982E-001                  3.4775932980020279E-005                  6.2111522173579833E-003                  2.0851126344680264E-003                  1.2718648985637700E-003                  2.4871053158459608E-003                  2.7180114395713095E-004                  4.2110433886107118E-001                  1.3677821493817650E-034 
                                     816                  1.2500877012988633E-007                 -3.1903985584203740E+000                  7.2787641934531466E+000                  6.9665384879050816E+000                  6.0947714101041955E+019                  4.0540907126212410E-004                  1.6523609831992915E-012                  9.8750458149451092E-001                  3.4776084144539684E-005                  6.2111628311280996E-003                  2.0851003028923504E-003                  1.2718648985637713E-003                  2.4871053158459634E-003                  2.7116430719687922E-004                  4.2063605728966846E-001                  1.3680576877087744E-034 
                                     817                  6.2504386327821853E-008                 -3.2907462888722594E+000                  7.2787644973348646E+000                  7.5516757144853894E+000                  6.0702965690597286E+019                  4.0499665969673720E-004                  1.6489813788926353E-012                  9.8750499522170854E-001                  3.4776211085745265E-005                  6.2111717443344549E-003                  2.0850899471158645E-003                  1.2718648985637719E-003                  2.4871053158459647E-003                  2.7063048859683362E-004                  4.2024307687209905E-001                  1.3682891432035754E-034 
