                                       1                                        2                                        3                                        4                                        5                                        6                                        7                                        8                                        9                                       10                                       11                                       12                                       13                                       14                                       15                                       16                                       17                                       18                                       19                                       20                                       21                                       22                                       23                                       24                                       25                                       26                                       27                                       28                                       29                                       30                                       31                                       32                                       33                                       34                                       35                                       36                                       37                                       38                                       39                                       40                                       41                                       42                                       43                                       44                                       45                                       46                                       47                                       48                                       49 
                            model_number                                num_zones                             initial_mass                                initial_z                                 star_age                                time_step                                     Teff                            photosphere_L                            photosphere_r                               center_eta                                center_h1                               center_he3                               center_he4                               center_c12                               center_n14                               center_o16                              center_ne20                                star_mass                                star_mdot                             star_mass_h1                            star_mass_he3                            star_mass_he4                            star_mass_c12                            star_mass_n14                            star_mass_o16                           star_mass_ne20                             he_core_mass                             co_core_mass                             fe_core_mass                   neutron_rich_core_mass                             dynamic_time                             kh_timescale                            nuc_timescale                           power_nuc_burn                             power_h_burn                            power_he_burn                                power_neu                                burn_min1                                burn_min2                             time_seconds                           version_number                                 compiler                                    build                         MESA_SDK_version                             math_backend                                     date                                     msun                                     rsun                                     lsun 
                                     200                                      783                  1.1000000000000003E+000                  1.2200000000000001E-002                  1.2669592900318246E+009                  6.3839902308028683E+007                  6.3630732247119868E+003                  1.9623889422735850E+000                  1.1526882411426069E+000                 -1.7397634098779837E+000                  5.1447486712565904E-001                  9.7629536780859555E-006                  4.7303054782401593E-001                  1.4811739124581756E-005                  3.4940576559910836E-003                  5.2169824871216219E-003                  1.2718648985637702E-003                  1.1000000000000003E+000                  0.0000000000000000E+000                  7.3989568697017083E-001                  4.4619148763476874E-004                  3.4612460609698348E-001                  1.6210887875856385E-003                  1.4974617401885067E-003                  6.2800976815868999E-003                  1.3990513884201473E-003                  0.0000000000000000E+000                  0.0000000000000000E+000                  0.0000000000000000E+000                  0.0000000000000000E+000                  1.1809418356917029E+004                  1.2597063763740227E+007                  5.6054127512844734E+009                  1.9621869254769411E+000                  1.9621869254769417E+000                  3.0626179403175508E-042                  4.9517763397094114E-002                  5.0000000000000000E+001                  1.0000000000000000E+003                  3.9982194491108304E+016                               "r24.08.1"                               "gfortran"                                 "13.3.0"                    "x86_64-linux-24.7.1"                                 "CRMATH"                               "20251006"                  1.9884098706980504E+033                  6.9570000000000000E+010                  3.8280000000000003E+033 

                                       1                                        2                                        3                                        4                                        5                                        6                                        7                                        8                                        9                                       10                                       11                                       12                                       13                                       14                                       15                                       16                                       17 
                                    zone                                     mass                                     logR                                     logT                                   log_dr          raw_rate_r_he3_he3_to_h1_h1_he4                                       h1                                      he3                                      he4                                      c12                                      n14                                      o16                                     ne20                                     mg24                                       pp                                      cno                                tri_alpha 
                                       1                  1.1000000000000003E+000                  6.1711862837239929E-002                  3.8041609743446756E+000                  5.5080304959021564E+000                  6.6492554544464851E-051                  6.9279999999999997E-001                  3.1393937139592465E-005                  2.9496860606286035E-001                  2.1025988500795504E-003                  6.1630907196949872E-004                  5.7221218635412083E-003                  1.2718648985637696E-003                  2.4871053158459599E-003                  1.2074849424645005E-026                  0.0000000000000000E+000                  0.0000000000000000E+000 
                                       2                  1.0999999999989003E+000                  6.1710118293698664E-002                  3.8052844785589728E+000                  5.5973170124853819E+000                  8.4588323066302215E-051                  6.9280000000000008E-001                  3.1393937139592465E-005                  2.9496860606286029E-001                  2.1025988500795508E-003                  6.1630907196949893E-004                  5.7221218635412083E-003                  1.2718648985637700E-003                  2.4871053158459599E-003                  1.2288849874822028E-026                  0.0000000000000000E+000                  0.0000000000000000E+000 
                                       3                  1.0999999999975254E+000                  6.1707975549768680E-002                  3.8065684687161374E+000                  5.5890853432047454E+000                  8.6207753846468266E-051                  6.9280000000000008E-001                  3.1393937139592465E-005                  2.9496860606286029E-001                  2.1025988500795508E-003                  6.1630907196949893E-004                  5.7221218635412083E-003                  1.2718648985637700E-003                  2.4871053158459599E-003                  1.2524185026163522E-026                  0.0000000000000000E+000                  0.0000000000000000E+000 
                                       4                  1.0999999999961503E+000                  6.1705873026906562E-002                  3.8085478583680312E+000                  5.8782030029688954E+000                  1.7721270509161075E-050                  6.9280000000000008E-001                  3.1393937139592465E-005                  2.9496860606286029E-001                  2.1025988500795508E-003                  6.1630907196949893E-004                  5.7221218635412083E-003                  1.2718648985637700E-003                  2.4871053158459599E-003                  1.2872752045465836E-026                  0.0000000000000000E+000                  0.0000000000000000E+000 
                                       5                  1.0999999999934003E+000                  6.1701781725421428E-002                  3.8127341003877184E+000                  6.1569095069165511E+000                  3.7313003306953829E-050                  6.9279999999999997E-001                  3.1393937139592465E-005                  2.9496860606286035E-001                  2.1025988500795504E-003                  6.1630907196949872E-004                  5.7221218635412083E-003                  1.2718648985637696E-003                  2.4871053158459599E-003                  1.3552307791241182E-026                  0.0000000000000000E+000                  0.0000000000000000E+000 
                                       6                  1.0999999999879002E+000                  6.1694008989380329E-002                  3.8178213456942514E+000                  5.9308899858148658E+000                  2.4527436170063728E-050                  6.9279999999999986E-001                  3.1393937139592465E-005                  2.9496860606286035E-001                  2.1025988500795504E-003                  6.1630907196949883E-004                  5.7221218635412074E-003                  1.2718648985637696E-003                  2.4871053158459595E-003                  1.4253834889017040E-026                  0.0000000000000000E+000                  0.0000000000000000E+000 
                                       7                  1.0999999999844627E+000                  6.1689389855027983E-002                  3.8220088741970448E+000                  5.9154152313813828E+000                  2.5417684539871574E-050                  6.9279999999999986E-001                  3.1393937139592465E-005                  2.9496860606286035E-001                  2.1025988500795504E-003                  6.1630907196949883E-004                  5.7221218635412074E-003                  1.2718648985637696E-003                  2.4871053158459595E-003                  1.4771352911429640E-026                  0.0000000000000000E+000                  0.0000000000000000E+000 
                                       8                  1.0999999999810253E+000                  6.1684932365021178E-002                  3.8264999374456909E+000                  5.9011097847518315E+000                  2.6269402961256886E-050                  6.9279999999999997E-001                  3.1393937139592465E-005                  2.9496860606286035E-001                  2.1025988500795504E-003                  6.1630907196949883E-004                  5.7221218635412083E-003                  1.2718648985637693E-003                  2.4871053158459599E-003                  1.5266480569321357E-026                  0.0000000000000000E+000                  0.0000000000000000E+000 
                                       9                  1.0999999999775880E+000                  6.1680619267112519E-002                  3.8313218708464989E+000                  5.8879324144925658E+000                  2.7079214971074660E-050                  6.9279999999999986E-001                  3.1393937139592465E-005                  2.9496860606286035E-001                  2.1025988500795504E-003                  6.1630907196949883E-004                  5.7221218635412074E-003                  1.2718648985637696E-003                  2.4871053158459595E-003                  1.5737253833005101E-026                  0.0000000000000000E+000                  0.0000000000000000E+000 
                                      10                  1.0999999999741505E+000                  6.1676435030885289E-002                  3.8365100330403870E+000                  5.8758593440927829E+000                  2.7845624361231470E-050                  6.9279999856991481E-001                  3.1395367224789192E-005                  2.9496860606286024E-001                  2.1025988500795495E-003                  6.1630907196949850E-004                  5.7221218635412066E-003                  1.2718648985637691E-003                  2.4871053158459591E-003                  1.6181326946391933E-026                  0.0000000000000000E+000                  0.0000000000000000E+000 
                                      11                  1.0999999999707131E+000                  6.1672365472798307E-002                  3.8407139944842723E+000                  5.5665419869729273E+000                  1.4191241523012589E-050                  6.9279999856991481E-001                  3.1395367224789192E-005                  2.9496860606286024E-001                  2.1025988500795495E-003                  6.1630907196949850E-004                  5.7221218635412066E-003                  1.2718648985637691E-003                  2.4871053158459591E-003                  1.6493401878852848E-026                  0.0000000000000000E+000                  0.0000000000000000E+000 
                                      12                  1.0999999999689944E+000                  6.1670369140066010E-002                  3.8436251627461751E+000                  5.5613305357113552E+000                  1.4362690839670113E-050                  6.9279999856991481E-001                  3.1395367224789192E-005                  2.9496860606286024E-001                  2.1025988500795495E-003                  6.1630907196949850E-004                  5.7221218635412066E-003                  1.2718648985637691E-003                  2.4871053158459591E-003                  1.6692729706579406E-026                  0.0000000000000000E+000                  0.0000000000000000E+000 
                                      13                  1.0999999999672754E+000                  6.1668396610775909E-002                  3.8481734366737643E+000                  5.8550200052831016E+000                  2.9215423440310169E-050                  6.9279999856991481E-001                  3.1395367224789192E-005                  2.9496860606286024E-001                  2.1025988500795495E-003                  6.1630907196949850E-004                  5.7221218635412066E-003                  1.2718648985637691E-003                  2.4871053158459591E-003                  1.6977594219224204E-026                  0.0000000000000000E+000                  0.0000000000000000E+000 
                                      14                  1.0999999999638381E+000                  6.1664517645819358E-002                  3.8548367319693422E+000                  5.8463672620113103E+000                  2.9803866528775652E-050                  6.9279999856991481E-001                  3.1395367224789192E-005                  2.9496860606286024E-001                  2.1025988500795495E-003                  6.1630907196949850E-004                  5.7221218635412066E-003                  1.2718648985637691E-003                  2.4871053158459591E-003                  1.7319663187216242E-026                  0.0000000000000000E+000                  0.0000000000000000E+000 
                                      15                  1.0999999999604007E+000                  6.1660715165687260E-002                  3.8603806431524177E+000                  5.5397851281302408E+000                  1.5093863981258956E-050                  6.9279999856991481E-001                  3.1395367224789192E-005                  2.9496860606286024E-001                  2.1025988500795495E-003                  6.1630907196949850E-004                  5.7221218635412066E-003                  1.2718648985637691E-003                  2.4871053158459591E-003                  1.7542808221450229E-026                  0.0000000000000000E+000                  0.0000000000000000E+000 
                                      16                  1.0999999999586820E+000                  6.1658838064607757E-002                  3.8642832831445229E+000                  5.5364705819384223E+000                  1.5209632427790465E-050                  6.9279999856991481E-001                  3.1395367224789192E-005                  2.9496860606286024E-001                  2.1025988500795495E-003                  6.1630907196949850E-004                  5.7221218635412066E-003                  1.2718648985637691E-003                  2.4871053158459591E-003                  1.7677405155992196E-026                  0.0000000000000000E+000                  0.0000000000000000E+000 
                                      17                  1.0999999999569632E+000                  6.1656975227059388E-002                  3.8705101905450192E+000                  5.8331712533743705E+000                  3.0724412664450901E-050                  6.9279999856991481E-001                  3.1395367224789192E-005                  2.9496860606286024E-001                  2.1025988500795495E-003                  6.1630907196949850E-004                  5.7221218635412066E-003                  1.2718648985637691E-003                  2.4871053158459591E-003                  1.7854794346285801E-026                  0.0000000000000000E+000                  0.0000000000000000E+000 
                                      18                  1.0999999999535257E+000                  6.1653286483786797E-002                  3.8777251264259203E+000                  5.5291521853098180E+000                  1.5468499471787783E-050                  6.9279999856991481E-001                  3.1395367224789192E-005                  2.9496860606286024E-001                  2.1025988500795495E-003                  6.1630907196949850E-004                  5.7221218635412066E-003                  1.2718648985637691E-003                  2.4871053158459591E-003                  1.7978375993135767E-026                  0.0000000000000000E+000                  0.0000000000000000E+000 
                                      19                  1.0999999999518069E+000                  6.1651454750984901E-002                  3.8828954195657572E+000                  5.5277136713156745E+000                  1.5519951436128509E-050                  6.9279999856991481E-001                  3.1395367224789192E-005                  2.9496860606286024E-001                  2.1025988500795495E-003                  6.1630907196949850E-004                  5.7221218635412066E-003                  1.2718648985637691E-003                  2.4871053158459591E-003                  1.8038196739632893E-026                  0.0000000000000000E+000                  0.0000000000000000E+000 
                                      20                  1.0999999999500882E+000                  6.1649629067708579E-002                  3.8884730633972766E+000                  5.5268523646462118E+000                  1.5550892273758449E-050                  6.9279999856991481E-001                  3.1395367224789192E-005                  2.9496860606286024E-001                  2.1025988500795495E-003                  6.1630907196949850E-004                  5.7221218635412066E-003                  1.2718648985637691E-003                  2.4871053158459591E-003                  1.8074170225327222E-026                  0.0000000000000000E+000                  0.0000000000000000E+000 
                                      21                  1.0999999999483692E+000                  6.1647806993945412E-002                  3.8944344445347086E+000                  5.5265546644536370E+000                  1.5561686280123773E-050                  6.9279999856991481E-001                  3.1395367224789192E-005                  2.9496860606286024E-001                  2.1025988500795495E-003                  6.1630907196949850E-004                  5.7221218635412066E-003                  1.2718648985637691E-003                  2.4871053158459591E-003                  1.8086719927552126E-026                  0.0000000000000000E+000                  0.0000000000000000E+000 
                                      22                  1.0999999999466505E+000                  6.1645986161112915E-002                  3.9037742624993306E+000                  5.8278759166426299E+000                  3.1102898259752286E-050                  6.9279999856991481E-001                  3.1395367224789192E-005                  2.9496860606286024E-001                  2.1025988500795495E-003                  6.1630907196949850E-004                  5.7221218635412066E-003                  1.2718648985637691E-003                  2.4871053158459591E-003                  1.8074817656600831E-026                  0.0000000000000000E+000                  0.0000000000000000E+000 
                                      23                  1.0999999999432131E+000                  6.1642342029443291E-002                  3.9131557805459898E+000                  5.5275770906539323E+000                  1.5525484566006619E-050                  6.9279999856991481E-001                  3.1395367224789192E-005                  2.9496860606286024E-001                  2.1025988500795495E-003                  6.1630907196949850E-004                  5.7221218635412066E-003                  1.2718648985637691E-003                  2.4871053158459591E-003                  1.8044629852015878E-026                  0.0000000000000000E+000                  0.0000000000000000E+000 
                                      24                  1.0999999999414942E+000                  6.1640516881938050E-002                  3.9191352355628712E+000                  5.5279849005334398E+000                  1.5511043156026858E-050                  6.9279999856991481E-001                  3.1395367224789192E-005                  2.9496860606286024E-001                  2.1025988500795495E-003                  6.1630907196949850E-004                  5.7221218635412066E-003                  1.2718648985637691E-003                  2.4871053158459591E-003                  1.8027839499745812E-026                  0.0000000000000000E+000                  0.0000000000000000E+000 
                                      25                  1.0999999999397756E+000                  6.1638690012102260E-002                  3.9275764632587720E+000                  5.8293651439570340E+000                  3.0997469235265375E-050                  6.9279999856991481E-001                  3.1395367224789192E-005                  2.9496860606286024E-001                  2.1025988500795495E-003                  6.1630907196949850E-004                  5.7221218635412066E-003                  1.2718648985637691E-003                  2.4871053158459591E-003                  1.8013528943832736E-026                  0.0000000000000000E+000                  0.0000000000000000E+000 
                                      26                  1.0999999999363381E+000                  6.1635033301506069E-002                  3.9374321048811627E+000                  5.8288085076931377E+000                  3.1037746555906741E-050                  6.9279999856991481E-001                  3.1395367224789192E-005                  2.9496860606286024E-001                  2.1025988500795495E-003                  6.1630907196949850E-004                  5.7221218635412066E-003                  1.2718648985637691E-003                  2.4871053158459591E-003                  1.8036943215477686E-026                  0.0000000000000000E+000                  0.0000000000000000E+000 
                                      27                  1.0999999999329007E+000                  6.1631381243991951E-002                  3.9438888511948811E+000                  5.5266619878520125E+000                  1.5559018022825469E-050                  6.9279999856991481E-001                  3.1395367224789192E-005                  2.9496860606286024E-001                  2.1025988500795495E-003                  6.1630907196949850E-004                  5.7221218635412066E-003                  1.2718648985637691E-003                  2.4871053158459591E-003                  1.8083617665252837E-026                  0.0000000000000000E+000                  0.0000000000000000E+000 
                                      28                  1.0999999999311820E+000                  6.1629559892250926E-002                  3.9499019002388969E+000                  5.8263643642573886E+000                  3.1213700027201645E-050                  6.9279999856991481E-001                  3.1395367224789192E-005                  2.9496860606286024E-001                  2.1025988500795495E-003                  6.1630907196949850E-004                  5.7221218635412066E-003                  1.2718648985637691E-003                  2.4871053158459591E-003                  1.8139229802571121E-026                  0.0000000000000000E+000                  0.0000000000000000E+000 
                                      29                  1.0999999999277446E+000                  6.1625928284552087E-002                  3.9552322279999754E+000                  5.5234633215626969E+000                  1.5674429513598002E-050                  6.9279999856991481E-001                  3.1395367224789192E-005                  2.9496860606286024E-001                  2.1025988500795495E-003                  6.1630907196949850E-004                  5.7221218635412066E-003                  1.2718648985637691E-003                  2.4871053158459591E-003                  1.8217801642403662E-026                  0.0000000000000000E+000                  0.0000000000000000E+000 
                                      30                  1.0999999999260257E+000                  6.1624120275480393E-002                  3.9602411123068468E+000                  5.8224998576256324E+000                  3.1493476645827502E-050                  6.9279999856991481E-001                  3.1395367224789192E-005                  2.9496860606286024E-001                  2.1025988500795495E-003                  6.1630907196949850E-004                  5.7221218635412066E-003                  1.2718648985637691E-003                  2.4871053158459591E-003                  1.8301872242793990E-026                  0.0000000000000000E+000                  0.0000000000000000E+000 
                                      31                  1.0999999999225882E+000                  6.1620520794815503E-002                  3.9662419184329876E+000                  5.8193760640606289E+000                  3.1721343485849281E-050                  6.9279999856991481E-001                  3.1395367224789192E-005                  2.9496860606286024E-001                  2.1025988500795495E-003                  6.1630907196949850E-004                  5.7221218635412066E-003                  1.2718648985637691E-003                  2.4871053158459591E-003                  1.8434338537217611E-026                  0.0000000000000000E+000                  0.0000000000000000E+000 
                                      32                  1.0999999999191508E+000                  6.1616947082094531E-002                  3.9716767780791260E+000                  5.8159362557385945E+000                  3.1974112623746004E-050                  6.9279999856991481E-001                  3.1395367224789192E-005                  2.9496860606286024E-001                  2.1025988500795495E-003                  6.1630907196949850E-004                  5.7221218635412066E-003                  1.2718648985637691E-003                  2.4871053158459591E-003                  1.8581281907357994E-026                  0.0000000000000000E+000                  0.0000000000000000E+000 
                                      33                  1.0999999999157133E+000                  6.1613401533930509E-002                  3.9790978699214494E+000                  6.1115597378358570E+000                  6.4750862632419301E-050                  6.9279999856991481E-001                  3.1395367224789192E-005                  2.9496860606286024E-001                  2.1025988500795495E-003                  6.1630907196949850E-004                  5.7221218635412066E-003                  1.2718648985637691E-003                  2.4871053158459591E-003                  1.8814583459499310E-026                  0.0000000000000000E+000                  0.0000000000000000E+000 
                                      34                  1.0999999999088383E+000                  6.1606398082099438E-002                  3.9875383807849394E+000                  6.1035523219934369E+000                  6.5957905108627164E-050                  6.9279999856991481E-001                  3.1395367224789192E-005                  2.9496860606286024E-001                  2.1025988500795495E-003                  6.1630907196949850E-004                  5.7221218635412066E-003                  1.2718648985637691E-003                  2.4871053158459591E-003                  1.9165435731499235E-026                  0.0000000000000000E+000                  0.0000000000000000E+000 
                                      35                  1.0999999999019634E+000                  6.1599522465211061E-002                  3.9930545848773997E+000                  5.7961575058839250E+000                  3.3466626858591910E-050                  6.9279999856991481E-001                  3.1395367224789192E-005                  2.9496860606286024E-001                  2.1025988500795495E-003                  6.1630907196949850E-004                  5.7221218635412066E-003                  1.2718648985637691E-003                  2.4871053158459591E-003                  1.9448943769265981E-026                  0.0000000000000000E+000                  0.0000000000000000E+000 
                                      36                  1.0999999998985259E+000                  6.1596134632279580E-002                  3.9982096937825395E+000                  6.0909237058807140E+000                  6.7907196255504687E-050                  6.9279999856991481E-001                  3.1395367224789192E-005                  2.9496860606286024E-001                  2.1025988500795495E-003                  6.1630907196949850E-004                  5.7221218635412066E-003                  1.2718648985637691E-003                  2.4871053158459591E-003                  1.9732045275766534E-026                  0.0000000000000000E+000                  0.0000000000000000E+000 
                                      37                  1.0999999998916510E+000                  6.1589455912554096E-002                  4.0043366116700261E+000                  6.0823276054274746E+000                  6.9266800339304240E-050                  6.9279999856991481E-001                  3.1395367224789192E-005                  2.9496860606286024E-001                  2.1025988500795495E-003                  6.1630907196949850E-004                  5.7221218635412066E-003                  1.2718648985637691E-003                  2.4871053158459591E-003                  2.0127252859583245E-026                  0.0000000000000000E+000                  0.0000000000000000E+000 
                                      38                  1.0999999998847760E+000                  6.1582907987025447E-002                  4.0098517309248631E+000                  6.0736968400730076E+000                  7.0659223284627769E-050                  6.9279999856991481E-001                  3.1395367224789192E-005                  2.9496860606286024E-001                  2.1025988500795495E-003                  6.1630907196949850E-004                  5.7221218635412066E-003                  1.2718648985637691E-003                  2.4871053158459591E-003                  2.0532004495698149E-026                  0.0000000000000000E+000                  0.0000000000000000E+000 
                                      39                  1.0999999998779009E+000                  6.1576488808566740E-002                  4.0170378777084448E+000                  6.3345471646972138E+000                  1.3625084421643133E-049                  6.9279999856991481E-001                  3.1395367224789192E-005                  2.9496860606286024E-001                  2.1025988500795495E-003                  6.1630907196949850E-004                  5.7221218635412066E-003                  1.2718648985637691E-003                  2.4871053158459591E-003                  2.1115669698865343E-026                  0.0000000000000000E+000                  0.0000000000000000E+000 
                                      40                  1.0999999998650103E+000                  6.1564784686680092E-002                  4.0237270931458475E+000                  6.1450752622144247E+000                  9.3680210220788969E-050                  6.9279999856991481E-001                  3.1395367224789192E-005                  2.9496860606286024E-001                  2.1025988500795495E-003                  6.1630907196949850E-004                  5.7221218635412066E-003                  1.2718648985637691E-003                  2.4871053158459591E-003                  2.1777585799030439E-026                  0.0000000000000000E+000                  0.0000000000000000E+000 
                                      41                  1.0999999998564165E+000                  6.1557218508429642E-002                  4.0285906006230086E+000                  6.1346631827835854E+000                  9.5956608380587674E-050                  6.9279999856991481E-001                  3.1395367224789192E-005                  2.9496860606286024E-001                  2.1025988500795495E-003                  6.1630907196949850E-004                  5.7221218635412066E-003                  1.2718648985637691E-003                  2.4871053158459591E-003                  2.2306974889679924E-026                  0.0000000000000000E+000                  0.0000000000000000E+000 
                                      42                  1.0999999998478227E+000                  6.1549831442659526E-002                  4.0330518263406407E+000                  6.1244424591549560E+000                  9.8244945356084122E-050                  6.9279999856991481E-001                  3.1395367224789192E-005                  2.9496860606286024E-001                  2.1025988500795495E-003                  6.1630907196949850E-004                  5.7221218635412066E-003                  1.2718648985637691E-003                  2.4871053158459591E-003                  2.2839147571148449E-026                  0.0000000000000000E+000                  0.0000000000000000E+000 
                                      43                  1.0999999998392289E+000                  6.1542616073706750E-002                  4.0361448564111280E+000                  5.8158316866476278E+000                  4.9988690175508962E-050                  6.9279999856991481E-001                  3.1395367224789192E-005                  2.9496860606286024E-001                  2.1025988500795495E-003                  6.1630907196949850E-004                  5.7221218635412066E-003                  1.2718648985637691E-003                  2.4871053158459591E-003                  2.3242045126532943E-026                  0.0000000000000000E+000                  0.0000000000000000E+000 
                                      44                  1.0999999998349321E+000                  6.1539070772396585E-002                  4.0391165190339766E+000                  6.1094935534893891E+000                  1.0169050367274647E-049                  6.9279999856991481E-001                  3.1395367224789192E-005                  2.9496860606286024E-001                  2.1025988500795495E-003                  6.1630907196949850E-004                  5.7221218635412066E-003                  1.2718648985637691E-003                  2.4871053158459591E-003                  2.3640455491030506E-026                  0.0000000000000000E+000                  0.0000000000000000E+000 
                                      45                  1.0999999998263383E+000                  6.1532099367993968E-002                  4.0428093441361437E+000                  6.0997930612682252E+000                  1.0399074258385992E-049                  6.9279999856991481E-001                  3.1395367224789192E-005                  2.9496860606286024E-001                  2.1025988500795495E-003                  6.1630907196949850E-004                  5.7221218635412066E-003                  1.2718648985637691E-003                  2.4871053158459591E-003                  2.4175413785693430E-026                  0.0000000000000000E+000                  0.0000000000000000E+000 
                                      46                  1.0999999998177445E+000                  6.1525281843944978E-002                  4.0462629791387990E+000                  6.0903039760530078E+000                  1.0629118590867749E-049                  6.9279999856991481E-001                  3.1395367224789192E-005                  2.9496860606286024E-001                  2.1025988500795495E-003                  6.1630907196949850E-004                  5.7221218635412066E-003                  1.2718648985637691E-003                  2.4871053158459591E-003                  2.4710426580124753E-026                  0.0000000000000000E+000                  0.0000000000000000E+000 
                                      47                  1.0999999998091508E+000                  6.1518611559759663E-002                  4.0495060665774778E+000                  6.0810236616981301E+000                  1.0859023339986919E-049                  6.9279999856991481E-001                  3.1395367224789192E-005                  2.9496860606286024E-001                  2.1025988500795495E-003                  6.1630907196949850E-004                  5.7221218635412066E-003                  1.2718648985637691E-003                  2.4871053158459591E-003                  2.5245121624210147E-026                  0.0000000000000000E+000                  0.0000000000000000E+000 
                                      48                  1.0999999998005570E+000                  6.1512082199633084E-002                  4.0525624617366383E+000                  6.0719482612501015E+000                  1.1088660603032260E-049                  6.9279999856991481E-001                  3.1395367224789192E-005                  2.9496860606286024E-001                  2.1025988500795495E-003                  6.1630907196949850E-004                  5.7221218635412066E-003                  1.2718648985637691E-003                  2.4871053158459591E-003                  2.5779201359784042E-026                  0.0000000000000000E+000                  0.0000000000000000E+000 
                                      49                  1.0999999997919632E+000                  6.1505687771890097E-002                  4.0568900468932227E+000                  6.3598431565844162E+000                  2.2859303262116910E-049                  6.9279999856991481E-001                  3.1395367224789192E-005                  2.9496860606286024E-001                  2.1025988500795495E-003                  6.1630907196949850E-004                  5.7221218635412066E-003                  1.2718648985637691E-003                  2.4871053158459591E-003                  2.6572274905296952E-026                  0.0000000000000000E+000                  0.0000000000000000E+000 
                                      50                  1.0999999997747758E+000                  6.1493279652008001E-002                  4.0608035718442634E+000                  6.0459149432538188E+000                  1.1774694342023419E-049                  6.9279999856991481E-001                  3.1395367224789192E-005                  2.9496860606286024E-001                  2.1025988500795495E-003                  6.1630907196949850E-004                  5.7221218635412066E-003                  1.2718648985637691E-003                  2.4871053158459591E-003                  2.7374786658321746E-026                  0.0000000000000000E+000                  0.0000000000000000E+000 
                                      51                  1.0999999997661820E+000                  6.1487257010917604E-002                  4.0632861416219912E+000                  6.0376076105914054E+000                  1.2002422379634190E-049                  6.9279999856991481E-001                  3.1395367224789192E-005                  2.9496860606286024E-001                  2.1025988500795495E-003                  6.1630907196949850E-004                  5.7221218635412066E-003                  1.2718648985637691E-003                  2.4871053158459591E-003                  2.7904452134357270E-026                  0.0000000000000000E+000                  0.0000000000000000E+000 
                                      52                  1.0999999997575882E+000                  6.1481348396963002E-002                  4.0656571485494464E+000                  6.0294774954031576E+000                  1.2229557096189459E-049                  6.9279999856991481E-001                  3.1395367224789192E-005                  2.9496860606286024E-001                  2.1025988500795495E-003                  6.1630907196949850E-004                  5.7221218635412066E-003                  1.2718648985637691E-003                  2.4871053158459591E-003                  2.8432743945068965E-026                  0.0000000000000000E+000                  0.0000000000000000E+000 
                                      53                  1.0999999997489944E+000                  6.1475549286858971E-002                  4.0690562443410769E+000                  6.3186995704810567E+000                  2.5134238486926817E-049                  6.9279999856991481E-001                  3.1395367224789192E-005                  2.9496860606286024E-001                  2.1025988500795495E-003                  6.1630907196949850E-004                  5.7221218635412066E-003                  1.2718648985637691E-003                  2.4871053158459591E-003                  2.9217890051457215E-026                  0.0000000000000000E+000                  0.0000000000000000E+000 
                                      54                  1.0999999997318071E+000                  6.1464261937356095E-002                  4.0742729924044383E+000                  6.4758937474342568E+000                  3.9380531260585950E-049                  6.9279999856991481E-001                  3.1395367224789192E-005                  2.9496860606286024E-001                  2.1025988500795495E-003                  6.1630907196949850E-004                  5.7221218635412066E-003                  1.2718648985637691E-003                  2.4871053158459591E-003                  3.0519800321529688E-026                  0.0000000000000000E+000                  0.0000000000000000E+000 
                                      55                  1.0999999997060257E+000                  6.1448051307154597E-002                  4.0789452056626727E+000                  6.2816532749829141E+000                  2.7375754703595139E-049                  6.9279999856991481E-001                  3.1395367224789192E-005                  2.9496860606286024E-001                  2.1025988500795495E-003                  6.1630907196949850E-004                  5.7221218635412066E-003                  1.2718648985637691E-003                  2.4871053158459591E-003                  3.1824792290244897E-026                  0.0000000000000000E+000                  0.0000000000000000E+000 
                                      56                  1.0999999996888383E+000                  6.1437686225824621E-002                  4.0824315590088540E+000                  6.2678177873038496E+000                  2.8263243091450012E-049                  6.9279999856991481E-001                  3.1395367224789192E-005                  2.9496860606286024E-001                  2.1025988500795495E-003                  6.1630907196949850E-004                  5.7221218635412066E-003                  1.2718648985637691E-003                  2.4871053158459591E-003                  3.2856988862258377E-026                  0.0000000000000000E+000                  0.0000000000000000E+000 
                                      57                  1.0999999996716510E+000                  6.1427645908725410E-002                  4.0857013912277615E+000                  6.2544901155667318E+000                  2.9145361274655230E-049                  6.9279999856991481E-001                  3.1395367224789192E-005                  2.9496860606286024E-001                  2.1025988500795495E-003                  6.1630907196949850E-004                  5.7221218635412066E-003                  1.2718648985637691E-003                  2.4871053158459591E-003                  3.3882961594171280E-026                  0.0000000000000000E+000                  0.0000000000000000E+000 
                                      58                  1.0999999996544634E+000                  6.1417908808368761E-002                  4.0887801099768009E+000                  6.2416361118388570E+000                  3.0022208534451546E-049                  6.9279999856991481E-001                  3.1395367224789192E-005                  2.9496860606286024E-001                  2.1025988500795495E-003                  6.1630907196949850E-004                  5.7221218635412066E-003                  1.2718648985637691E-003                  2.4871053158459591E-003                  3.4902825227391412E-026                  0.0000000000000000E+000                  0.0000000000000000E+000 
                                      59                  1.0999999996372760E+000                  6.1408455469248814E-002                  4.0916889343619580E+000                  6.2292248075500298E+000                  3.0893889016468914E-049                  6.9279999856991481E-001                  3.1395367224789192E-005                  2.9496860606286024E-001                  2.1025988500795495E-003                  6.1630907196949850E-004                  5.7221218635412066E-003                  1.2718648985637691E-003                  2.4871053158459591E-003                  3.5916700199820520E-026                  0.0000000000000000E+000                  0.0000000000000000E+000 
                                      60                  1.0999999996200887E+000                  6.1399268267497170E-002                  4.0944457600670408E+000                  6.2172280531124819E+000                  3.1760509502529378E-049                  6.9279999856991481E-001                  3.1395367224789192E-005                  2.9496860606286024E-001                  2.1025988500795495E-003                  6.1630907196949850E-004                  5.7221218635412066E-003                  1.2718648985637691E-003                  2.4871053158459591E-003                  3.6924710052110010E-026                  0.0000000000000000E+000                  0.0000000000000000E+000 
                                      61                  1.0999999996029011E+000                  6.1390331189229999E-002                  4.0970658137513762E+000                  6.2056202001531195E+000                  3.2622177946045744E-049                  6.9279999856991481E-001                  3.1395367224789192E-005                  2.9496860606286024E-001                  2.1025988500795495E-003                  6.1630907196949850E-004                  5.7221218635412066E-003                  1.2718648985637691E-003                  2.4871053158459591E-003                  3.7926979722036175E-026                  0.0000000000000000E+000                  0.0000000000000000E+000 
                                      62                  1.0999999995857137E+000                  6.1381629641080536E-002                  4.0995621550490808E+000                  6.1943778262923201E+000                  3.3479002299305334E-049                  6.9279999856991481E-001                  3.1395367224789192E-005                  2.9496860606286024E-001                  2.1025988500795495E-003                  6.1630907196949850E-004                  5.7221218635412066E-003                  1.2718648985637691E-003                  2.4871053158459591E-003                  3.8923634178411512E-026                  0.0000000000000000E+000                  0.0000000000000000E+000 
                                      63                  1.0999999995685263E+000                  6.1373150287519974E-002                  4.1031332132310316E+000                  6.4792655090930422E+000                  6.9497572497671521E-049                  6.9279999856991481E-001                  3.1395367224789192E-005                  2.9496860606286024E-001                  2.1025988500795495E-003                  6.1630907196949850E-004                  5.7221218635412066E-003                  1.2718648985637691E-003                  2.4871053158459591E-003                  4.0400676354941072E-026                  0.0000000000000000E+000                  0.0000000000000000E+000 
                                      64                  1.0999999995341512E+000                  6.1356809881747701E-002                  4.1064182895583921E+000                  6.1626452910032699E+000                  3.6020860618542331E-049                  6.9279999856991481E-001                  3.1395367224789192E-005                  2.9496860606286024E-001                  2.1025988500795495E-003                  6.1630907196949850E-004                  5.7221218635412066E-003                  1.2718648985637691E-003                  2.4871053158459591E-003                  4.1880423862991723E-026                  0.0000000000000000E+000                  0.0000000000000000E+000 
                                      65                  1.0999999995169638E+000                  6.1348927549619951E-002                  4.1085190742683073E+000                  6.1526653592847396E+000                  3.6859513804875839E-049                  6.9279999856991481E-001                  3.1395367224789192E-005                  2.9496860606286024E-001                  2.1025988500795495E-003                  6.1630907196949850E-004                  5.7221218635412066E-003                  1.2718648985637691E-003                  2.4871053158459591E-003                  4.2856013915888923E-026                  0.0000000000000000E+000                  0.0000000000000000E+000 
                                      66                  1.0999999994997764E+000                  6.1341224147098805E-002                  4.1105400816469029E+000                  6.1429586688798326E+000                  3.7693939528812479E-049                  6.9279999856991481E-001                  3.1395367224789192E-005                  2.9496860606286024E-001                  2.1025988500795495E-003                  6.1630907196949850E-004                  5.7221218635412066E-003                  1.2718648985637691E-003                  2.4871053158459591E-003                  4.3826703448107055E-026                  0.0000000000000000E+000                  0.0000000000000000E+000 
                                      67                  1.0999999994825889E+000                  6.1333690877341016E-002                  4.1124872554389835E+000                  6.1335109080104635E+000                  3.8524250205037257E-049                  6.9279999856991481E-001                  3.1395367224789192E-005                  2.9496860606286024E-001                  2.1025988500795495E-003                  6.1630907196949850E-004                  5.7221218635412066E-003                  1.2718648985637691E-003                  2.4871053158459591E-003                  4.4792622783466962E-026                  0.0000000000000000E+000                  0.0000000000000000E+000 
                                      68                  1.0999999994654015E+000                  6.1326319592208127E-002                  4.1153022228600973E+000                  6.4208782800223823E+000                  7.9514891700277170E-049                  6.9279999856991481E-001                  3.1395367224789192E-005                  2.9496860606286024E-001                  2.1025988500795495E-003                  6.1630907196949850E-004                  5.7221218635412066E-003                  1.2718648985637691E-003                  2.4871053158459591E-003                  4.6227258011874797E-026                  0.0000000000000000E+000                  0.0000000000000000E+000 
                                      69                  1.0999999994310263E+000                  6.1312033238067616E-002                  4.1188131034063833E+000                  6.4033808698953019E+000                  8.2789239053183762E-049                  6.9279999856991481E-001                  3.1395367224789192E-005                  2.9496860606286024E-001                  2.1025988500795495E-003                  6.1630907196949850E-004                  5.7221218635412066E-003                  1.2718648985637691E-003                  2.4871053158459591E-003                  4.8131915795391147E-026                  0.0000000000000000E+000                  0.0000000000000000E+000 
                                      70                  1.0999999993966514E+000                  6.1298310587460075E-002                  4.1212868944355900E+000                  6.0897341367740543E+000                  4.2616818066239793E-049                  6.9279999856991481E-001                  3.1395367224789192E-005                  2.9496860606286024E-001                  2.1025988500795495E-003                  6.1630907196949850E-004                  5.7221218635412066E-003                  1.2718648985637691E-003                  2.4871053158459591E-003                  4.9553839832232273E-026                  0.0000000000000000E+000                  0.0000000000000000E+000 
                                      71                  1.0999999993794640E+000                  6.1291645567311530E-002                  4.1228855567023217E+000                  6.0815935391177014E+000                  4.3424499787344497E-049                  6.9279999856991481E-001                  3.1395367224789192E-005                  2.9496860606286024E-001                  2.1025988500795495E-003                  6.1630907196949850E-004                  5.7221218635412066E-003                  1.2718648985637691E-003                  2.4871053158459591E-003                  5.0493527627566293E-026                  0.0000000000000000E+000                  0.0000000000000000E+000 
                                      72                  1.0999999993622767E+000                  6.1285104216029042E-002                  4.1252124150930785E+000                  6.3707907398975543E+000                  8.9251780275527118E-049                  6.9279999856991481E-001                  3.1395367224789192E-005                  2.9496860606286024E-001                  2.1025988500795495E-003                  6.1630907196949850E-004                  5.7221218635412066E-003                  1.2718648985637691E-003                  2.4871053158459591E-003                  5.1891298450310263E-026                  0.0000000000000000E+000                  0.0000000000000000E+000 
                                      73                  1.0999999993279017E+000                  6.1272372870376360E-002                  4.1281489430095464E+000                  6.3555627125290490E+000                  9.2442129076588531E-049                  6.9279999856991481E-001                  3.1395367224789192E-005                  2.9496860606286024E-001                  2.1025988500795495E-003                  6.1630907196949850E-004                  5.7221218635412066E-003                  1.2718648985637691E-003                  2.4871053158459591E-003                  5.3747271530388923E-026                  0.0000000000000000E+000                  0.0000000000000000E+000 
                                      74                  1.0999999992935265E+000                  6.1260079844548017E-002                  4.1309345698439381E+000                  6.3409666692974005E+000                  9.5607103857436413E-049                  6.9279999856991481E-001                  3.1395367224789192E-005                  2.9496860606286024E-001                  2.1025988500795495E-003                  6.1630907196949850E-004                  5.7221218635412066E-003                  1.2718648985637691E-003                  2.4871053158459591E-003                  5.5588538688225518E-026                  0.0000000000000000E+000                  0.0000000000000000E+000 
                                      75                  1.0999999992591516E+000                  6.1248192773979970E-002                  4.1335844785014357E+000                  6.3269526298826584E+000                  9.8747838737198601E-049                  6.9279999856991481E-001                  3.1395367224789192E-005                  2.9496860606286024E-001                  2.1025988500795495E-003                  6.1630907196949850E-004                  5.7221218635412066E-003                  1.2718648985637691E-003                  2.4871053158459591E-003                  5.7415757501124355E-026                  0.0000000000000000E+000                  0.0000000000000000E+000 
                                      76                  1.0999999992247766E+000                  6.1236682848813673E-002                  4.1361116716165833E+000                  6.3134763232363982E+000                  1.0186537169845162E-048                  6.9279999856991481E-001                  3.1395367224789192E-005                  2.9496860606286024E-001                  2.1025988500795495E-003                  6.1630907196949850E-004                  5.7221218635412066E-003                  1.2718648985637691E-003                  2.4871053158459591E-003                  5.9229529786110624E-026                  0.0000000000000000E+000                  0.0000000000000000E+000 
                                      77                  1.0999999991904017E+000                  6.1225524304882387E-002                  4.1397302678249792E+000                  6.5953000603810894E+000                  2.1295867654022278E-048                  6.9279999856991481E-001                  3.1395367224789192E-005                  2.9496860606286024E-001                  2.1025988500795495E-003                  6.1630907196949850E-004                  5.7221218635412066E-003                  1.2718648985637691E-003                  2.4871053158459591E-003                  6.1914016305926941E-026                  0.0000000000000000E+000                  0.0000000000000000E+000 
                                      78                  1.0999999991216516E+000                  6.1204171864389909E-002                  4.1430656758743707E+000                  6.2759092406517700E+000                  1.1108559739824867E-048                  6.9279999856991481E-001                  3.1395367224789192E-005                  2.9496860606286024E-001                  2.1025988500795495E-003                  6.1630907196949850E-004                  5.7221218635412066E-003                  1.2718648985637691E-003                  2.4871053158459591E-003                  6.4594127269570131E-026                  0.0000000000000000E+000                  0.0000000000000000E+000 
                                      79                  1.0999999990872766E+000                  6.1193937226206072E-002                  4.1452006675956712E+000                  6.2642287363326323E+000                  1.1411913133182575E-048                  6.9279999856991481E-001                  3.1395367224789192E-005                  2.9496860606286024E-001                  2.1025988500795495E-003                  6.1630907196949850E-004                  5.7221218635412066E-003                  1.2718648985637691E-003                  2.4871053158459591E-003                  6.6359220282764027E-026                  0.0000000000000000E+000                  0.0000000000000000E+000 
                                      80                  1.0999999990529017E+000                  6.1183973951869711E-002                  4.1472565494478300E+000                  6.2529252597744645E+000                  1.1713363057450632E-048                  6.9279999856991481E-001                  3.1395367224789192E-005                  2.9496860606286024E-001                  2.1025988500795495E-003                  6.1630907196949850E-004                  5.7221218635412066E-003                  1.2718648985637691E-003                  2.4871053158459591E-003                  6.8113282852299360E-026                  0.0000000000000000E+000                  0.0000000000000000E+000 
                                      81                  1.0999999990185265E+000                  6.1174266428437735E-002                  4.1492392031652852E+000                  6.2419753665801894E+000                  1.2012977711223700E-048                  6.9279999856991481E-001                  3.1395367224789192E-005                  2.9496860606286024E-001                  2.1025988500795495E-003                  6.1630907196949850E-004                  5.7221218635412066E-003                  1.2718648985637691E-003                  2.4871053158459591E-003                  6.9856710391175048E-026                  0.0000000000000000E+000                  0.0000000000000000E+000 
                                      82                  1.0999999989841516E+000                  6.1164800392670603E-002                  4.1521080901270260E+000                  6.5272500094181076E+000                  2.4915163630426879E-048                  6.9279999856991481E-001                  3.1395367224789192E-005                  2.9496860606286024E-001                  2.1025988500795495E-003                  6.1630907196949850E-004                  5.7221218635412066E-003                  1.2718648985637691E-003                  2.4871053158459591E-003                  7.2443896535933102E-026                  0.0000000000000000E+000                  0.0000000000000000E+000 
                                      83                  1.0999999989154017E+000                  6.1146542247913063E-002                  4.1556929059290804E+000                  6.5072241398766204E+000                  2.6093077698000338E-048                  6.9279999856991481E-001                  3.1395367224789192E-005                  2.9496860606286024E-001                  2.1025988500795495E-003                  6.1630907196949850E-004                  5.7221218635412066E-003                  1.2718648985637691E-003                  2.4871053158459591E-003                  7.5871227455948749E-026                  0.0000000000000000E+000                  0.0000000000000000E+000 
                                      84                  1.0999999988466516E+000                  6.1129106177122847E-002                  4.1582234060906123E+000                  6.1918528308780569E+000                  1.3485358505062561E-048                  6.9279999856991481E-001                  3.1395367224789192E-005                  2.9496860606286024E-001                  2.1025988500795495E-003                  6.1630907196949850E-004                  5.7221218635412066E-003                  1.2718648985637691E-003                  2.4871053158459591E-003                  7.8424965018664844E-026                  0.0000000000000000E+000                  0.0000000000000000E+000 
                                      85                  1.0999999988122766E+000                  6.1120671076839835E-002                  4.1598601228108878E+000                  6.1826352542136256E+000                  1.3775163631655965E-048                  6.9279999856991481E-001                  3.1395367224789192E-005                  2.9496860606286024E-001                  2.1025988500795495E-003                  6.1630907196949850E-004                  5.7221218635412066E-003                  1.2718648985637691E-003                  2.4871053158459591E-003                  8.0111551597010455E-026                  0.0000000000000000E+000                  0.0000000000000000E+000 
                                      86                  1.0999999987779017E+000                  6.1112412960058121E-002                  4.1616495361555383E+000                  6.2694650590931635E+000                  1.7624034393788238E-048                  6.9279999856991481E-001                  3.1395367224789192E-005                  2.9496860606286024E-001                  2.1025988500795495E-003                  6.1630907196949850E-004                  5.7221218635412066E-003                  1.2718648985637691E-003                  2.4871053158459591E-003                  8.1997559493897959E-026                  0.0000000000000000E+000                  0.0000000000000000E+000 
                                      87                  1.0999999987349327E+000                  6.1102326936061956E-002                  4.1635712899407462E+000                  6.2585888734010267E+000                  1.8071801189846464E-048                  6.9279999856991481E-001                  3.1395367224789192E-005                  2.9496860606286024E-001                  2.1025988500795495E-003                  6.1630907196949850E-004                  5.7221218635412066E-003                  1.2718648985637691E-003                  2.4871053158459591E-003                  8.4082367471374692E-026                  0.0000000000000000E+000                  0.0000000000000000E+000 
                                      88                  1.0999999986919640E+000                  6.1092490137617632E-002                  4.1663574350042358E+000                  6.5439632835567600E+000                  3.7472773289097162E-048                  6.9279999856991481E-001                  3.1395367224789192E-005                  2.9496860606286024E-001                  2.1025988500795495E-003                  6.1630907196949850E-004                  5.7221218635412066E-003                  1.2718648985637691E-003                  2.4871053158459591E-003                  8.7176789562182579E-026                  0.0000000000000000E+000                  0.0000000000000000E+000 
                                      89                  1.0999999986060265E+000                  6.1073512480741152E-002                  4.1689800946403244E+000                  6.2278627069304093E+000                  1.9399233226197373E-048                  6.9279999856991481E-001                  3.1395367224789192E-005                  2.9496860606286024E-001                  2.1025988500795495E-003                  6.1630907196949850E-004                  5.7221218635412066E-003                  1.2718648985637691E-003                  2.4871053158459591E-003                  9.0263236547169041E-026                  0.0000000000000000E+000                  0.0000000000000000E+000 
                                      90                  1.0999999985630577E+000                  6.1064346982358096E-002                  4.1706756343471083E+000                  6.2181934563539167E+000                  1.9836815052634072E-048                  6.9279999856991481E-001                  3.1395367224789192E-005                  2.9496860606286024E-001                  2.1025988500795495E-003                  6.1630907196949850E-004                  5.7221218635412066E-003                  1.2718648985637691E-003                  2.4871053158459591E-003                  9.2300836943567333E-026                  0.0000000000000000E+000                  0.0000000000000000E+000 
                                      91                  1.0999999985200890E+000                  6.1055383105138923E-002                  4.1731445500748086E+000                  6.5052421748615910E+000                  4.0974111139311113E-048                  6.9279999856991481E-001                  3.1395367224789192E-005                  2.9496860606286024E-001                  2.1025988500795495E-003                  6.1630907196949850E-004                  5.7221218635412066E-003                  1.2718648985637691E-003                  2.4871053158459591E-003                  9.5328777470525710E-026                  0.0000000000000000E+000                  0.0000000000000000E+000 
                                      92                  1.0999999984341515E+000                  6.1038022782994875E-002                  4.1762637423584428E+000                  6.4873871137094641E+000                  4.2697124152486158E-048                  6.9279999856991481E-001                  3.1395367224789192E-005                  2.9496860606286024E-001                  2.1025988500795495E-003                  6.1630907196949850E-004                  5.7221218635412066E-003                  1.2718648985637691E-003                  2.4871053158459591E-003                  9.9340680577582553E-026                  0.0000000000000000E+000                  0.0000000000000000E+000 
                                      93                  1.0999999983482140E+000                  6.1021361066915081E-002                  4.1792259056721219E+000                  6.4704042408550757E+000                  4.4403191082840354E-048                  6.9279999856991481E-001                  3.1395367224789192E-005                  2.9496860606286024E-001                  2.1025988500795495E-003                  6.1630907196949850E-004                  5.7221218635412066E-003                  1.2718648985637691E-003                  2.4871053158459591E-003                  1.0331331495811905E-025                  0.0000000000000000E+000                  0.0000000000000000E+000 
                                      94                  1.0999999982622766E+000                  6.1005337721333597E-002                  4.1813434136867409E+000                  6.1571337709867171E+000                  2.2837495433567537E-048                  6.9279999856991481E-001                  3.1395367224789192E-005                  2.9496860606286024E-001                  2.1025988500795495E-003                  6.1630907196949850E-004                  5.7221218635412066E-003                  1.2718648985637691E-003                  2.4871053158459591E-003                  1.0627486373903431E-025                  0.0000000000000000E+000                  0.0000000000000000E+000 
                                      95                  1.0999999982193078E+000                  6.0997548489397251E-002                  4.1834085905828706E+000                  6.4463907525620305E+000                  4.6932580591561000E-048                  6.9279999856991481E-001                  3.1395367224789192E-005                  2.9496860606286024E-001                  2.1025988500795495E-003                  6.1630907196949850E-004                  5.7221218635412066E-003                  1.2718648985637691E-003                  2.4871053158459591E-003                  1.0920342185507912E-025                  0.0000000000000000E+000                  0.0000000000000000E+000 
                                      96                  1.0999999981333703E+000                  6.0982386258949563E-002                  4.1853858804156197E+000                  6.1339270473832626E+000                  2.4093544477504451E-048                  6.9279999856991481E-001                  3.1395367224789192E-005                  2.9496860606286024E-001                  2.1025988500795495E-003                  6.1630907196949850E-004                  5.7221218635412066E-003                  1.2718648985637691E-003                  2.4871053158459591E-003                  1.1212490140124634E-025                  0.0000000000000000E+000                  0.0000000000000000E+000 
                                      97                  1.0999999980904016E+000                  6.0975001936354620E-002                  4.1873178642167987E+000                  6.4239319892132585E+000                  4.9428510975912426E-048                  6.9279999856991481E-001                  3.1395367224789192E-005                  2.9496860606286024E-001                  2.1025988500795495E-003                  6.1630907196949850E-004                  5.7221218635412066E-003                  1.2718648985637691E-003                  2.4871053158459591E-003                  1.1501599980585154E-025                  0.0000000000000000E+000                  0.0000000000000000E+000 
                                      98                  1.0999999980044641E+000                  6.0960603129882114E-002                  4.1897902300204626E+000                  6.4097296580400949E+000                  5.1074978633142071E-048                  6.9279999856991481E-001                  3.1395367224789192E-005                  2.9496860606286024E-001                  2.1025988500795495E-003                  6.1630907196949850E-004                  5.7221218635412066E-003                  1.2718648985637691E-003                  2.4871053158459591E-003                  1.1885053529768161E-025                  0.0000000000000000E+000                  0.0000000000000000E+000 
                                      99                  1.0999999979185269E+000                  6.0946667123683372E-002                  4.1921659166492855E+000                  6.3960868777490498E+000                  5.2708227942219578E-048                  6.9279999856991481E-001                  3.1395367224789192E-005                  2.9496860606286024E-001                  2.1025988500795495E-003                  6.1630907196949850E-004                  5.7221218635412066E-003                  1.2718648985637691E-003                  2.4871053158459591E-003                  1.2265444398174954E-025                  0.0000000000000000E+000                  0.0000000000000000E+000 
                                     100                  1.0999999978325892E+000                  6.0933161667094643E-002                  4.1944527148112876E+000                  6.3829615635394932E+000                  5.4328828314331719E-048                  6.9279999856991481E-001                  3.1395367224789192E-005                  2.9496860606286024E-001                  2.1025988500795495E-003                  6.1630907196949850E-004                  5.7221218635412066E-003                  1.2718648985637691E-003                  2.4871053158459591E-003                  1.2642904584924688E-025                  0.0000000000000000E+000                  0.0000000000000000E+000 
                                     101                  1.0999999977466517E+000                  6.0920057866920861E-002                  4.1966575024107780E+000                  6.3703161824583496E+000                  5.5937306699874061E-048                  6.9279999856991481E-001                  3.1395367224789192E-005                  2.9496860606286024E-001                  2.1025988500795495E-003                  6.1630907196949850E-004                  5.7221218635412066E-003                  1.2718648985637691E-003                  2.4871053158459591E-003                  1.3017556245474171E-025                  0.0000000000000000E+000                  0.0000000000000000E+000 
                                     102                  1.0999999976607144E+000                  6.0907329731228831E-002                  4.1998469665610703E+000                  6.6532609781906560E+000                  1.1664171439748807E-047                  6.9279999856991481E-001                  3.1395367224789192E-005                  2.9496860606286024E-001                  2.1025988500795495E-003                  6.1630907196949850E-004                  5.7221218635412066E-003                  1.2718648985637691E-003                  2.4871053158459591E-003                  1.3572766799647798E-025                  0.0000000000000000E+000                  0.0000000000000000E+000 
                                     103                  1.0999999974888393E+000                  6.0882910714867657E-002                  4.2028396811127253E+000                  6.3349451355995345E+000                  6.0694019319465035E-048                  6.9279999856991481E-001                  3.1395367224789192E-005                  2.9496860606286024E-001                  2.1025988500795495E-003                  6.1630907196949850E-004                  5.7221218635412066E-003                  1.2718648985637691E-003                  2.4871053158459591E-003                  1.4125588689963566E-025                  0.0000000000000000E+000                  0.0000000000000000E+000 
                                     104                  1.0999999974029020E+000                  6.0871177138626220E-002                  4.2047712870381488E+000                  6.3239155167423799E+000                  6.2258505390431436E-048                  6.9279999856991481E-001                  3.1395367224789192E-005                  2.9496860606286024E-001                  2.1025988500795495E-003                  6.1630907196949850E-004                  5.7221218635412066E-003                  1.2718648985637691E-003                  2.4871053158459591E-003                  1.4490048310244008E-025                  0.0000000000000000E+000                  0.0000000000000000E+000 
                                     105                  1.0999999973169645E+000                  6.0859737498370099E-002                  4.2066456212321581E+000                  6.3132279903472162E+000                  6.3812949479417318E-048                  6.9279999856991481E-001                  3.1395367224789192E-005                  2.9496860606286024E-001                  2.1025988500795495E-003                  6.1630907196949850E-004                  5.7221218635412066E-003                  1.2718648985637691E-003                  2.4871053158459591E-003                  1.4852181511463931E-025                  0.0000000000000000E+000                  0.0000000000000000E+000 
                                     106                  1.0999999972310270E+000                  6.0848575649403103E-002                  4.2093737501382691E+000                  6.5988631072834387E+000                  1.3224108429171066E-047                  6.9279999856991481E-001                  3.1395367224789192E-005                  2.9496860606286024E-001                  2.1025988500795495E-003                  6.1630907196949850E-004                  5.7221218635412066E-003                  1.2718648985637691E-003                  2.4871053158459591E-003                  1.5389796452961849E-025                  0.0000000000000000E+000                  0.0000000000000000E+000 
                                     107                  1.0999999970591519E+000                  6.0827028609642890E-002                  4.2128192517366534E+000                  6.5793046849888430E+000                  1.3834611569074063E-047                  6.9279999856991481E-001                  3.1395367224789192E-005                  2.9496860606286024E-001                  2.1025988500795495E-003                  6.1630907196949850E-004                  5.7221218635412066E-003                  1.2718648985637691E-003                  2.4871053158459591E-003                  1.6101003270058883E-025                  0.0000000000000000E+000                  0.0000000000000000E+000 
                                     108                  1.0999999968872769E+000                  6.0806429413928706E-002                  4.2152749723574958E+000                  6.2642727425700722E+000                  7.1444613936259028E-048                  6.9279999856991481E-001                  3.1395367224789192E-005                  2.9496860606286024E-001                  2.1025988500795495E-003                  6.1630907196949850E-004                  5.7221218635412066E-003                  1.2718648985637691E-003                  2.4871053158459591E-003                  1.6630284674832778E-025                  0.0000000000000000E+000                  0.0000000000000000E+000 
                                     109                  1.0999999968013396E+000                  6.0796456235071301E-002                  4.2176661149233725E+000                  6.5519078637534216E+000                  1.4737495248061529E-047                  6.9279999856991481E-001                  3.1395367224789192E-005                  2.9496860606286024E-001                  2.1025988500795495E-003                  6.1630907196949850E-004                  5.7221218635412066E-003                  1.2718648985637691E-003                  2.4871053158459591E-003                  1.7152905530140174E-025                  0.0000000000000000E+000                  0.0000000000000000E+000 
                                     110                  1.0999999966294645E+000                  6.0777115036398530E-002                  4.2207093363305415E+000                  6.5347888251670678E+000                  1.5331358970141914E-047                  6.9279999856991481E-001                  3.1395367224789192E-005                  2.9496860606286024E-001                  2.1025988500795495E-003                  6.1630907196949850E-004                  5.7221218635412066E-003                  1.2718648985637691E-003                  2.4871053158459591E-003                  1.7844839576410214E-025                  0.0000000000000000E+000                  0.0000000000000000E+000 
                                     111                  1.0999999964575895E+000                  6.0758520587329640E-002                  4.2228933161536819E+000                  6.2214350730056527E+000                  7.8868221087777596E-048                  6.9279999856991481E-001                  3.1395367224789192E-005                  2.9496860606286024E-001                  2.1025988500795495E-003                  6.1630907196949850E-004                  5.7221218635412066E-003                  1.2718648985637691E-003                  2.4871053158459591E-003                  1.8360191141072754E-025                  0.0000000000000000E+000                  0.0000000000000000E+000 
                                     112                  1.0999999963716522E+000                  6.0749483189946489E-002                  4.2250271458652096E+000                  6.5106143281616902E+000                  1.6210985128906755E-047                  6.9279999856991481E-001                  3.1395367224789192E-005                  2.9496860606286024E-001                  2.1025988500795495E-003                  6.1630907196949850E-004                  5.7221218635412066E-003                  1.2718648985637691E-003                  2.4871053158459591E-003                  1.8869804339056771E-025                  0.0000000000000000E+000                  0.0000000000000000E+000 
                                     113                  1.0999999961997771E+000                  6.0731894400611858E-002                  4.2284390819385749E+000                  6.6678229791158392E+000                  2.5399556003419236E-047                  6.9279999856991481E-001                  3.1395367224789192E-005                  2.9496860606286024E-001                  2.1025988500795495E-003                  6.1630907196949850E-004                  5.7221218635412066E-003                  1.2718648985637691E-003                  2.4871053158459591E-003                  1.9711227233386963E-025                  0.0000000000000000E+000                  0.0000000000000000E+000 
                                     114                  1.0999999959419646E+000                  6.0706632499919193E-002                  4.2323034737721903E+000                  6.6464259125741689E+000                  2.6685325361436247E-047                  6.9279999856991481E-001                  3.1395367224789192E-005                  2.9496860606286024E-001                  2.1025988500795495E-003                  6.1630907196949850E-004                  5.7221218635412066E-003                  1.2718648985637691E-003                  2.4871053158459591E-003                  2.0710194184287779E-025                  0.0000000000000000E+000                  0.0000000000000000E+000 
                                     115                  1.0999999956841522E+000                  6.0682583688745864E-002                  4.2353545209830274E+000                  6.4534511250590834E+000                  1.8497125480761541E-047                  6.9279999856991481E-001                  3.1395367224789192E-005                  2.9496860606286024E-001                  2.1025988500795495E-003                  6.1630907196949850E-004                  5.7221218635412066E-003                  1.2718648985637691E-003                  2.4871053158459591E-003                  2.1534095288430513E-025                  0.0000000000000000E+000                  0.0000000000000000E+000 
                                     116                  1.0999999955122772E+000                  6.0667161764686117E-002                  4.2377108673846919E+000                  6.4405423346202157E+000                  1.9056512579522453E-047                  6.9279999856991481E-001                  3.1395367224789192E-005                  2.9496860606286024E-001                  2.1025988500795495E-003                  6.1630907196949850E-004                  5.7221218635412066E-003                  1.2718648985637691E-003                  2.4871053158459591E-003                  2.2186099045839255E-025                  0.0000000000000000E+000                  0.0000000000000000E+000 
                                     117                  1.0999999953404020E+000                  6.0652190966145499E-002                  4.2399904842805025E+000                  6.4281060730055612E+000                  1.9611427507625234E-047                  6.9279999856991481E-001                  3.1395367224789192E-005                  2.9496860606286024E-001                  2.1025988500795495E-003                  6.1630907196949850E-004                  5.7221218635412066E-003                  1.2718648985637691E-003                  2.4871053158459591E-003                  2.2832923466043500E-025                  0.0000000000000000E+000                  0.0000000000000000E+000 
                                     118                  1.0999999951685271E+000                  6.0637642290410756E-002                  4.2421987498754508E+000                  6.4161093687707051E+000                  2.0162046529783310E-047                  6.9279999856991481E-001                  3.1395367224789192E-005                  2.9496860606286024E-001                  2.1025988500795495E-003                  6.1630907196949850E-004                  5.7221218635412066E-003                  1.2718648985637691E-003                  2.4871053158459591E-003                  2.3474772750173773E-025                  0.0000000000000000E+000                  0.0000000000000000E+000 
                                     119                  1.0999999949966521E+000                  6.0623489531429479E-002                  4.2443404869832442E+000                  6.4045227528639703E+000                  2.0708524778539737E-047                  6.9279999856991481E-001                  3.1395367224789192E-005                  2.9496860606286024E-001                  2.1025988500795495E-003                  6.1630907196949850E-004                  5.7221218635412066E-003                  1.2718648985637691E-003                  2.4871053158459591E-003                  2.4111826552468825E-025                  0.0000000000000000E+000                  0.0000000000000000E+000 
                                     120                  1.0999999948247772E+000                  6.0609708920811398E-002                  4.2474561324020801E+000                  6.6889252202495015E+000                  4.3037495793787398E-047                  6.9279999856991481E-001                  3.1395367224789192E-005                  2.9496860606286024E-001                  2.1025988500795495E-003                  6.1630907196949850E-004                  5.7221218635412066E-003                  1.2718648985637691E-003                  2.4871053158459591E-003                  2.5056395992057969E-025                  0.0000000000000000E+000                  0.0000000000000000E+000 
                                     121                  1.0999999944810270E+000                  6.0583181740903387E-002                  4.2513894680575559E+000                  6.6679058337938679E+000                  4.5177082627835051E-047                  6.9279999856991481E-001                  3.1395367224789192E-005                  2.9496860606286024E-001                  2.1025988500795495E-003                  6.1630907196949850E-004                  5.7221218635412066E-003                  1.2718648985637691E-003                  2.4871053158459591E-003                  2.6303677714625003E-025                  0.0000000000000000E+000                  0.0000000000000000E+000 
                                     122                  1.0999999941372769E+000                  6.0557906366493018E-002                  4.2541924022576199E+000                  6.3518969965620844E+000                  2.3383230664548192E-047                  6.9279999856991481E-001                  3.1395367224789192E-005                  2.9496860606286024E-001                  2.1025988500795495E-003                  6.1630907196949850E-004                  5.7221218635412066E-003                  1.2718648985637691E-003                  2.4871053158459591E-003                  2.7230286476251215E-025                  0.0000000000000000E+000                  0.0000000000000000E+000 
                                     123                  1.0999999939654019E+000                  6.0545696595932036E-002                  4.2569207207384707E+000                  6.6386462752056312E+000                  4.8333814004098649E-047                  6.9279999856991481E-001                  3.1395367224789192E-005                  2.9496860606286024E-001                  2.1025988500795495E-003                  6.1630907196949850E-004                  5.7221218635412066E-003                  1.2718648985637691E-003                  2.4871053158459591E-003                  2.8144114087766892E-025                  0.0000000000000000E+000                  0.0000000000000000E+000 
                                     124                  1.0999999936216520E+000                  6.0522065998492712E-002                  4.2595278705667674E+000                  6.3238627715018128E+000                  2.4946501988251887E-047                  6.9279999856991481E-001                  3.1395367224789192E-005                  2.9496860606286024E-001                  2.1025988500795495E-003                  6.1630907196949850E-004                  5.7221218635412066E-003                  1.2718648985637691E-003                  2.4871053158459591E-003                  2.9053240697342365E-025                  0.0000000000000000E+000                  0.0000000000000000E+000 
                                     125                  1.0999999934497771E+000                  6.0510618548970878E-002                  4.2620714637349399E+000                  6.6117308128429393E+000                  5.1432219558009941E-047                  6.9279999856991481E-001                  3.1395367224789192E-005                  2.9496860606286024E-001                  2.1025988500795495E-003                  6.1630907196949850E-004                  5.7221218635412066E-003                  1.2718648985637691E-003                  2.4871053158459591E-003                  2.9950776718821389E-025                  0.0000000000000000E+000                  0.0000000000000000E+000 
                                     126                  1.0999999931060269E+000                  6.0488406244986290E-002                  4.2653217419385108E+000                  6.5949177516718365E+000                  5.3467750171151879E-047                  6.9279999856991481E-001                  3.1395367224789192E-005                  2.9496860606286024E-001                  2.1025988500795495E-003                  6.1630907196949850E-004                  5.7221218635412066E-003                  1.2718648985637691E-003                  2.4871053158459591E-003                  3.1137804300325946E-025                  0.0000000000000000E+000                  0.0000000000000000E+000 
                                     127                  1.0999999927622770E+000                  6.0467036352447129E-002                  4.2684407910700459E+000                  6.5789097145188409E+000                  5.5480697799958441E-047                  6.9279999856991481E-001                  3.1395367224789192E-005                  2.9496860606286024E-001                  2.1025988500795495E-003                  6.1630907196949850E-004                  5.7221218635412066E-003                  1.2718648985637691E-003                  2.4871053158459591E-003                  3.2311754936381738E-025                  0.0000000000000000E+000                  0.0000000000000000E+000 
                                     128                  1.0999999924185269E+000                  6.0446438815771102E-002                  4.2706922102160068E+000                  6.2663398030290622E+000                  2.8489344822634101E-047                  6.9279999856991481E-001                  3.1395367224789192E-005                  2.9496860606286024E-001                  2.1025988500795495E-003                  6.1630907196949850E-004                  5.7221218635412066E-003                  1.2718648985637691E-003                  2.4871053158459591E-003                  3.3185442086611489E-025                  0.0000000000000000E+000                  0.0000000000000000E+000 
                                     129                  1.0999999922466519E+000                  6.0436409745214373E-002                  4.2728978132140520E+000                  6.5562512773021071E+000                  5.8460235353867016E-047                  6.9279999856991481E-001                  3.1395367224789192E-005                  2.9496860606286024E-001                  2.1025988500795495E-003                  6.1630907196949850E-004                  5.7221218635412066E-003                  1.2718648985637691E-003                  2.4871053158459591E-003                  3.4049585676873631E-025                  0.0000000000000000E+000                  0.0000000000000000E+000 
                                     130                  1.0999999919029018E+000                  6.0416857935972512E-002                  4.2757360258191586E+000                  6.5419599117046507E+000                  6.0421346115317413E-047                  6.9279999856991481E-001                  3.1395367224789192E-005                  2.9496860606286024E-001                  2.1025988500795495E-003                  6.1630907196949850E-004                  5.7221218635412066E-003                  1.2718648985637691E-003                  2.4871053158459591E-003                  3.5193519027085220E-025                  0.0000000000000000E+000                  0.0000000000000000E+000 
                                     131                  1.0999999915591518E+000                  6.0397938210888069E-002                  4.2798416666218886E+000                  6.8227006158899552E+000                  1.2663819661854895E-046                  6.9279999856991481E-001                  3.1395367224789192E-005                  2.9496860606286024E-001                  2.1025988500795495E-003                  6.1630907196949850E-004                  5.7221218635412066E-003                  1.2718648985637691E-003                  2.4871053158459591E-003                  3.6883953332081207E-025                  0.0000000000000000E+000                  0.0000000000000000E+000 
                                     132                  1.0999999908716518E+000                  6.0361823591448802E-002                  4.2837005242362407E+000                  6.5024496151014901E+000                  6.6192551018069904E-047                  6.9279999856991481E-001                  3.1395367224789192E-005                  2.9496860606286024E-001                  2.1025988500795495E-003                  6.1630907196949850E-004                  5.7221218635412066E-003                  1.2718648985637691E-003                  2.4871053158459591E-003                  3.8560384900147609E-025                  0.0000000000000000E+000                  0.0000000000000000E+000 
                                     133                  1.0999999905279016E+000                  6.0344546973171168E-002                  4.2874323484656589E+000                  6.7854059304176779E+000                  1.3802673582413290E-046                  6.9279999856991481E-001                  3.1395367224789192E-005                  2.9496860606286024E-001                  2.1025988500795495E-003                  6.1630907196949850E-004                  5.7221218635412066E-003                  1.2718648985637691E-003                  2.4871053158459591E-003                  4.0206271144460601E-025                  0.0000000000000000E+000                  0.0000000000000000E+000 
                                     134                  1.0999999898404016E+000                  6.0311400275691603E-002                  4.2909649083778261E+000                  6.4671608262408027E+000                  7.1812063776284173E-047                  6.9279999856991481E-001                  3.1395367224789192E-005                  2.9496860606286024E-001                  2.1025988500795495E-003                  6.1630907196949850E-004                  5.7221218635412066E-003                  1.2718648985637691E-003                  2.4871053158459591E-003                  4.1839406963531519E-025                  0.0000000000000000E+000                  0.0000000000000000E+000 
                                     135                  1.0999999894966517E+000                  6.0295470131788896E-002                  4.2943932493998149E+000                  6.7519052018787047E+000                  1.4912815420613224E-046                  6.9279999856991481E-001                  3.1395367224789192E-005                  2.9496860606286024E-001                  2.1025988500795495E-003                  6.1630907196949850E-004                  5.7221218635412066E-003                  1.2718648985637691E-003                  2.4871053158459591E-003                  4.3445451100904509E-025                  0.0000000000000000E+000                  0.0000000000000000E+000 
                                     136                  1.0999999888091516E+000                  6.0264780803406338E-002                  4.2976569986722915E+000                  6.4352939382536745E+000                  7.7295891298019077E-047                  6.9279999856991481E-001                  3.1395367224789192E-005                  2.9496860606286024E-001                  2.1025988500795495E-003                  6.1630907196949850E-004                  5.7221218635412066E-003                  1.2718648985637691E-003                  2.4871053158459591E-003                  4.5039850793474908E-025                  0.0000000000000000E+000                  0.0000000000000000E+000 
                                     137                  1.0999999884654015E+000                  6.0249976128756058E-002                  4.2997772360876958E+000                  6.4253239637490722E+000                  7.9096206995713671E-047                  6.9279999856991481E-001                  3.1395367224789192E-005                  2.9496860606286024E-001                  2.1025988500795495E-003                  6.1630907196949850E-004                  5.7221218635412066E-003                  1.2718648985637691E-003                  2.4871053158459591E-003                  4.6090666375066604E-025                  0.0000000000000000E+000                  0.0000000000000000E+000 
                                     138                  1.0999999881216516E+000                  6.0235506961725326E-002                  4.3018475215265619E+000                  6.4156488748465508E+000                  8.0883393998745709E-047                  6.9279999856991481E-001                  3.1395367224789192E-005                  2.9496860606286024E-001                  2.1025988500795495E-003                  6.1630907196949850E-004                  5.7221218635412066E-003                  1.2718648985637691E-003                  2.4871053158459591E-003                  4.7133878566789721E-025                  0.0000000000000000E+000                  0.0000000000000000E+000 
                                     139                  1.0999999877779014E+000                  6.0221356104433112E-002                  4.3047963592515348E+000                  6.6849940585119505E+000                  1.6011934797051994E-046                  6.9279999856991481E-001                  3.1395367224789192E-005                  2.9496860606286024E-001                  2.1025988500795495E-003                  6.1630907196949850E-004                  5.7221218635412066E-003                  1.2718648985637691E-003                  2.4871053158459591E-003                  4.8640330600894962E-025                  0.0000000000000000E+000                  0.0000000000000000E+000 
                                     140                  1.0999999871184432E+000                  6.0195044449427422E-002                  4.3085160671784539E+000                  6.6679084144784708E+000                  1.6656397120843919E-046                  6.9279999856991481E-001                  3.1395367224789192E-005                  2.9496860606286024E-001                  2.1025988500795495E-003                  6.1630907196949850E-004                  5.7221218635412066E-003                  1.2718648985637691E-003                  2.4871053158459591E-003                  5.0601546283798327E-025                  0.0000000000000000E+000                  0.0000000000000000E+000 
                                     141                  1.0999999864589851E+000                  6.0169746324844099E-002                  4.3111986022346889E+000                  6.3546091509479190E+000                  8.5675753907948601E-047                  6.9279999856991481E-001                  3.1395367224789192E-005                  2.9496860606286024E-001                  2.1025988500795495E-003                  6.1630907196949850E-004                  5.7221218635412066E-003                  1.2718648985637691E-003                  2.4871053158459591E-003                  5.2058610282866914E-025                  0.0000000000000000E+000                  0.0000000000000000E+000 
                                     142                  1.0999999861292560E+000                  6.0157449078838000E-002                  4.3129508871219766E+000                  6.3466926982540137E+000                  8.7256695174408980E-047                  6.9279999856991481E-001                  3.1395367224789192E-005                  2.9496860606286024E-001                  2.1025988500795495E-003                  6.1630907196949850E-004                  5.7221218635412066E-003                  1.2718648985637691E-003                  2.4871053158459591E-003                  5.3020974002330176E-025                  0.0000000000000000E+000                  0.0000000000000000E+000 
                                     143                  1.0999999857995268E+000                  6.0145373621307792E-002                  4.3155276655074646E+000                  6.6362168167371474E+000                  1.7921329652933215E-046                  6.9279999856991481E-001                  3.1395367224789192E-005                  2.9496860606286024E-001                  2.1025988500795495E-003                  6.1630907196949850E-004                  5.7221218635412066E-003                  1.2718648985637691E-003                  2.4871053158459591E-003                  5.4451543834962466E-025                  0.0000000000000000E+000                  0.0000000000000000E+000 
                                     144                  1.0999999851400686E+000                  6.0121853177552378E-002                  4.3188439217852661E+000                  6.6214634334033651E+000                  1.8542567490983063E-046                  6.9279999856991481E-001                  3.1395367224789192E-005                  2.9496860606286024E-001                  2.1025988500795495E-003                  6.1630907196949850E-004                  5.7221218635412066E-003                  1.2718648985637691E-003                  2.4871053158459591E-003                  5.6342641146313446E-025                  0.0000000000000000E+000                  0.0000000000000000E+000 
                                     145                  1.0999999844806105E+000                  6.0099117114962505E-002                  4.3220469481438366E+000                  6.6073544963814612E+000                  1.9156825882742259E-046                  6.9279999856991481E-001                  3.1395367224789192E-005                  2.9496860606286024E-001                  2.1025988500795495E-003                  6.1630907196949850E-004                  5.7221218635412066E-003                  1.2718648985637691E-003                  2.4871053158459591E-003                  5.8212665700852515E-025                  0.0000000000000000E+000                  0.0000000000000000E+000 
                                     146                  1.0999999838211523E+000                  6.0077106676585633E-002                  4.3251452480011681E+000                  6.5938371877182176E+000                  1.9764426091392100E-046                  6.9279999856991481E-001                  3.1395367224789192E-005                  2.9496860606286024E-001                  2.1025988500795495E-003                  6.1630907196949850E-004                  5.7221218635412066E-003                  1.2718648985637691E-003                  2.4871053158459591E-003                  6.0062587022767192E-025                  0.0000000000000000E+000                  0.0000000000000000E+000 
                                     147                  1.0999999831616940E+000                  6.0055769691313980E-002                  4.3281463373190388E+000                  6.5808649829224874E+000                  2.0365658635450847E-046                  6.9279999856991481E-001                  3.1395367224789192E-005                  2.9496860606286024E-001                  2.1025988500795495E-003                  6.1630907196949850E-004                  5.7221218635412066E-003                  1.2718648985637691E-003                  2.4871053158459591E-003                  6.1893281738024167E-025                  0.0000000000000000E+000                  0.0000000000000000E+000 
                                     148                  1.0999999825022360E+000                  6.0035059606561379E-002                  4.3310568917692081E+000                  6.5683965260754791E+000                  2.0960795061780141E-046                  6.9279999856991481E-001                  3.1395367224789192E-005                  2.9496860606286024E-001                  2.1025988500795495E-003                  6.1630907196949850E-004                  5.7221218635412066E-003                  1.2718648985637691E-003                  2.4871053158459591E-003                  6.3705569336737373E-025                  0.0000000000000000E+000                  0.0000000000000000E+000 
                                     149                  1.0999999818427777E+000                  6.0014934701659826E-002                  4.3338828717519595E+000                  6.5563948968351857E+000                  2.1550089751037610E-046                  6.9279999856991481E-001                  3.1395367224789192E-005                  2.9496860606286024E-001                  2.1025988500795495E-003                  6.1630907196949850E-004                  5.7221218635412066E-003                  1.2718648985637691E-003                  2.4871053158459591E-003                  6.5500217604976495E-025                  0.0000000000000000E+000                  0.0000000000000000E+000 
                                     150                  1.0999999811833194E+000                  5.9995357434894904E-002                  4.3366296246957221E+000                  6.5448270046307551E+000                  2.2133781390700686E-046                  6.9279999856991481E-001                  3.1395367224789192E-005                  2.9496860606286024E-001                  2.1025988500795495E-003                  6.1630907196949850E-004                  5.7221218635412066E-003                  1.2718648985637691E-003                  2.4871053158459591E-003                  6.7277947052889822E-025                  0.0000000000000000E+000                  0.0000000000000000E+000 
                                     151                  1.0999999805238614E+000                  5.9976293897666476E-002                  4.3393019693999317E+000                  6.5336630816582133E+000                  2.2712094334953052E-046                  6.9279999856991481E-001                  3.1395367224789192E-005                  2.9496860606286024E-001                  2.1025988500795495E-003                  6.1630907196949850E-004                  5.7221218635412066E-003                  1.2718648985637691E-003                  2.4871053158459591E-003                  6.9039435005512573E-025                  0.0000000000000000E+000                  0.0000000000000000E+000 
                                     152                  1.0999999798644031E+000                  5.9957713355341384E-002                  4.3431995962201713E+000                  6.8186805297263442E+000                  4.7136151881923758E-046                  6.9279999856991481E-001                  3.1395367224789192E-005                  2.9496860606286024E-001                  2.1025988500795495E-003                  6.1630907196949850E-004                  5.7221218635412066E-003                  1.2718648985637691E-003                  2.4871053158459591E-003                  7.1646928427014127E-025                  0.0000000000000000E+000                  0.0000000000000000E+000 
                                     153                  1.0999999785454866E+000                  5.9921895215041363E-002                  4.3481471095062609E+000                  6.7984678910003655E+000                  4.9389743823573223E-046                  6.9279999856991481E-001                  3.1395367224789192E-005                  2.9496860606286024E-001                  2.1025988500795495E-003                  6.1630907196949850E-004                  5.7221218635412066E-003                  1.2718648985637691E-003                  2.4871053158459591E-003                  7.5079827953257433E-025                  0.0000000000000000E+000                  0.0000000000000000E+000 
                                     154                  1.0999999772265701E+000                  5.9887703144591201E-002                  4.3516894856944601E+000                  6.4830522061235678E+000                  2.5529552361322351E-046                  6.9279999856991481E-001                  3.1395367224789192E-005                  2.9496860606286024E-001                  2.1025988500795495E-003                  6.1630907196949850E-004                  5.7221218635412066E-003                  1.2718648985637691E-003                  2.4871053158459591E-003                  7.7623091362469526E-025                  0.0000000000000000E+000                  0.0000000000000000E+000 
                                     155                  1.0999999765671120E+000                  5.9871163160751695E-002                  4.3551423504224465E+000                  6.7703709757716011E+000                  5.2702718155142690E-046                  6.9279999856991481E-001                  3.1395367224789192E-005                  2.9496860606286024E-001                  2.1025988500795495E-003                  6.1630907196949850E-004                  5.7221218635412066E-003                  1.2718648985637691E-003                  2.4871053158459591E-003                  8.0127392830592708E-025                  0.0000000000000000E+000                  0.0000000000000000E+000 
                                     156                  1.0999999752481953E+000                  5.9839109462273291E-002                  4.3595535490396058E+000                  6.7529338025102508E+000                  5.4869756906097178E-046                  6.9279999856991481E-001                  3.1395367224789192E-005                  2.9496860606286024E-001                  2.1025988500795495E-003                  6.1630907196949850E-004                  5.7221218635412066E-003                  1.2718648985637691E-003                  2.4871053158459591E-003                  8.3429608011148589E-025                  0.0000000000000000E+000                  0.0000000000000000E+000 
                                     157                  1.0999999739292790E+000                  5.9808315016082157E-002                  4.3632570119678462E+000                  6.6134751843930601E+000                  4.2556638241951253E-046                  6.9279999856991481E-001                  3.1395367224789192E-005                  2.9496860606286024E-001                  2.1025988500795495E-003                  6.1630907196949850E-004                  5.7221218635412066E-003                  1.2718648985637691E-003                  2.4871053158459591E-003                  8.6283237468001035E-025                  0.0000000000000000E+000                  0.0000000000000000E+000 
                                     158                  1.0999999729400916E+000                  5.9785977218757891E-002                  4.3663350371141068E+000                  6.6015486378243224E+000                  4.3745958011884937E-046                  6.9279999856991481E-001                  3.1395367224789192E-005                  2.9496860606286024E-001                  2.1025988500795495E-003                  6.1630907196949850E-004                  5.7221218635412066E-003                  1.2718648985637691E-003                  2.4871053158459591E-003                  8.8700230031778234E-025                  0.0000000000000000E+000                  0.0000000000000000E+000 
                                     159                  1.0999999719509042E+000                  5.9764243410292781E-002                  4.3708112989287358E+000                  6.8855320114110281E+000                  9.1007687672269286E-046                  6.9279999856991481E-001                  3.1395367224789192E-005                  2.9496860606286024E-001                  2.1025988500795495E-003                  6.1630907196949850E-004                  5.7221218635412066E-003                  1.2718648985637691E-003                  2.4871053158459591E-003                  9.2273106474304114E-025                  0.0000000000000000E+000                  0.0000000000000000E+000 
                                     160                  1.0999999699725296E+000                  5.9722445845992324E-002                  4.3755281251756708E+000                  6.6914526579836471E+000                  6.3247512589130947E-046                  6.9279999856991481E-001                  3.1395367224789192E-005                  2.9496860606286024E-001                  2.1025988500795495E-003                  6.1630907196949850E-004                  5.7221218635412066E-003                  1.2718648985637691E-003                  2.4871053158459591E-003                  9.6200004616825900E-025                  0.0000000000000000E+000                  0.0000000000000000E+000 
                                     161                  1.0999999686536130E+000                  5.9695709263871626E-002                  4.3791662827918945E+000                  6.6777858294094194E+000                  6.5277411592632899E-046                  6.9279999856991481E-001                  3.1395367224789192E-005                  2.9496860606286024E-001                  2.1025988500795495E-003                  6.1630907196949850E-004                  5.7221218635412066E-003                  1.2718648985637691E-003                  2.4871053158459591E-003                  9.9295159983966868E-025                  0.0000000000000000E+000                  0.0000000000000000E+000 
                                     162                  1.0999999673346965E+000                  5.9669799384982458E-002                  4.3825041376887661E+000                  6.6187483703290528E+000                  6.0349340091545929E-046                  6.9279999856991481E-001                  3.1395367224789192E-005                  2.9496860606286024E-001                  2.1025988500795495E-003                  6.1630907196949850E-004                  5.7221218635412066E-003                  1.2718648985637691E-003                  2.4871053158459591E-003                  1.0220140272778144E-024                  0.0000000000000000E+000                  0.0000000000000000E+000 
                                     163                  1.0999999661499400E+000                  5.9647181489764188E-002                  4.3860741471663127E+000                  6.7294803874258262E+000                  8.2753915549153643E-046                  6.9279999856991481E-001                  3.1395367224789192E-005                  2.9496860606286024E-001                  2.1025988500795495E-003                  6.1630907196949850E-004                  5.7221218635412066E-003                  1.2718648985637691E-003                  2.4871053158459591E-003                  1.0536782412410003E-024                  0.0000000000000000E+000                  0.0000000000000000E+000 
                                     164                  1.0999999645740453E+000                  5.9617993101944683E-002                  4.3906506838020327E+000                  6.8376992835370229E+000                  1.1468688782562813E-045                  6.9279999856991481E-001                  3.1395367224789192E-005                  2.9496860606286024E-001                  2.1025988500795495E-003                  6.1630907196949850E-004                  5.7221218635412066E-003                  1.2718648985637691E-003                  2.4871053158459591E-003                  1.0953109680541617E-024                  0.0000000000000000E+000                  0.0000000000000000E+000 
                                     165                  1.0999999624728525E+000                  5.9580542196356528E-002                  4.3956368564248613E+000                  6.8196002679806060E+000                  1.1958760260825879E-045                  6.9279999856991481E-001                  3.1395367224789192E-005                  2.9496860606286024E-001                  2.1025988500795495E-003                  6.1630907196949850E-004                  5.7221218635412066E-003                  1.2718648985637691E-003                  2.4871053158459591E-003                  1.1422396879707074E-024                  0.0000000000000000E+000                  0.0000000000000000E+000 
                                     166                  1.0999999603716593E+000                  5.9544616930043093E-002                  4.4003978142841484E+000                  6.8024859818641996E+000                  1.2441447491136025E-045                  6.9279999856991481E-001                  3.1395367224789192E-005                  2.9496860606286024E-001                  2.1025988500795495E-003                  6.1630907196949850E-004                  5.7221218635412066E-003                  1.2718648985637691E-003                  2.4871053158459591E-003                  1.1884686805843720E-024                  0.0000000000000000E+000                  0.0000000000000000E+000 
                                     167                  1.0999999582704663E+000                  5.9510077040633109E-002                  4.4049533383902144E+000                  6.7862553878747978E+000                  1.2917227853205356E-045                  6.9279999856991481E-001                  3.1395367224789192E-005                  2.9496860606286024E-001                  2.1025988500795495E-003                  6.1630907196949850E-004                  5.7221218635412066E-003                  1.2718648985637691E-003                  2.4871053158459591E-003                  1.2340431982265064E-024                  0.0000000000000000E+000                  0.0000000000000000E+000 
                                     168                  1.0999999561692733E+000                  5.9476801566187842E-002                  4.4093207569132558E+000                  6.7708219763691933E+000                  1.3386533326516514E-045                  6.9279999856991481E-001                  3.1395367224789192E-005                  2.9496860606286024E-001                  2.1025988500795495E-003                  6.1630907196949850E-004                  5.7221218635412066E-003                  1.2718648985637691E-003                  2.4871053158459591E-003                  1.2790041961369917E-024                  0.0000000000000000E+000                  0.0000000000000000E+000 
                                     169                  1.0999999540680803E+000                  5.9444685411522806E-002                  4.4129932925569415E+000                  6.6329638935498529E+000                  1.0344374435814809E-045                  6.9279999856991481E-001                  3.1395367224789192E-005                  2.9496860606286024E-001                  2.1025988500795495E-003                  6.1630907196949850E-004                  5.7221218635412066E-003                  1.2718648985637691E-003                  2.4871053158459591E-003                  1.3179023353001687E-024                  0.0000000000000000E+000                  0.0000000000000000E+000 
                                     170                  1.0999999524921855E+000                  5.9421302789610941E-002                  4.4170626087885463E+000                  6.8407047104796526E+000                  1.7812382996970262E-045                  6.9279999856991481E-001                  3.1395367224789192E-005                  2.9496860606286024E-001                  2.1025988500795495E-003                  6.1630907196949850E-004                  5.7221218635412066E-003                  1.2718648985637691E-003                  2.4871053158459591E-003                  1.3617351493602993E-024                  0.0000000000000000E+000                  0.0000000000000000E+000 
                                     171                  1.0999999498656943E+000                  5.9383574720450770E-002                  4.4214395830347728E+000                  6.7286123871184786E+000                  1.4759144959787507E-045                  6.9279999856991481E-001                  3.1395367224789192E-005                  2.9496860606286024E-001                  2.1025988500795495E-003                  6.1630907196949850E-004                  5.7221218635412066E-003                  1.2718648985637691E-003                  2.4871053158459591E-003                  1.4105419815516653E-024                  0.0000000000000000E+000                  0.0000000000000000E+000 
                                     172                  1.0999999477645013E+000                  5.9354426926273622E-002                  4.4251918652396034E+000                  6.7157185560928347E+000                  1.5205912047974257E-045                  6.9279999856991481E-001                  3.1395367224789192E-005                  2.9496860606286024E-001                  2.1025988500795495E-003                  6.1630907196949850E-004                  5.7221218635412066E-003                  1.2718648985637691E-003                  2.4871053158459591E-003                  1.4533674103988955E-024                  0.0000000000000000E+000                  0.0000000000000000E+000 
                                     173                  1.0999999456633083E+000                  5.9326129913845782E-002                  4.4297194861870448E+000                  6.8764276610328112E+000                  2.3634975441690521E-045                  6.9279999856991481E-001                  3.1395367224789192E-005                  2.9496860606286024E-001                  2.1025988500795495E-003                  6.1630907196949850E-004                  5.7221218635412066E-003                  1.2718648985637691E-003                  2.4871053158459591E-003                  1.5061667589537176E-024                  0.0000000000000000E+000                  0.0000000000000000E+000 
                                     174                  1.0999999425115188E+000                  5.9285158181706731E-002                  4.4348983385706777E+000                  6.8588935554062038E+000                  2.4613285369437375E-045                  6.9279999856991481E-001                  3.1395367224789192E-005                  2.9496860606286024E-001                  2.1025988500795495E-003                  6.1630907196949850E-004                  5.7221218635412066E-003                  1.2718648985637691E-003                  2.4871053158459591E-003                  1.5687045983371200E-024                  0.0000000000000000E+000                  0.0000000000000000E+000 
                                     175                  1.0999999393597291E+000                  5.9245804045709984E-002                  4.4390227115531662E+000                  6.6688922220778775E+000                  1.6945452406011198E-045                  6.9279999856991481E-001                  3.1395367224789192E-005                  2.9496860606286024E-001                  2.1025988500795495E-003                  6.1630907196949850E-004                  5.7221218635412066E-003                  1.2718648985637691E-003                  2.4871053158459591E-003                  1.6201654314222654E-024                  0.0000000000000000E+000                  0.0000000000000000E+000 
                                     176                  1.0999999372585361E+000                  5.9220393064713744E-002                  4.4422233375703479E+000                  6.6582095259013014E+000                  1.7369450134868480E-045                  6.9279999856991481E-001                  3.1395367224789192E-005                  2.9496860606286024E-001                  2.1025988500795495E-003                  6.1630907196949850E-004                  5.7221218635412066E-003                  1.2718648985637691E-003                  2.4871053158459591E-003                  1.6608332274767451E-024                  0.0000000000000000E+000                  0.0000000000000000E+000 
                                     177                  1.0999999351573431E+000                  5.9195598080380780E-002                  4.4453342775370466E+000                  6.6478831284916851E+000                  1.7789407203861029E-045                  6.9279999856991481E-001                  3.1395367224789192E-005                  2.9496860606286024E-001                  2.1025988500795495E-003                  6.1630907196949850E-004                  5.7221218635412066E-003                  1.2718648985637691E-003                  2.4871053158459591E-003                  1.7011180697099826E-024                  0.0000000000000000E+000                  0.0000000000000000E+000 
                                     178                  1.0999999330561501E+000                  5.9171384336455919E-002                  4.4483743648555079E+000                  6.6416660470768738E+000                  1.8368085941003280E-045                  6.9279999856991481E-001                  3.1395367224789192E-005                  2.9496860606286024E-001                  2.1025988500795495E-003                  6.1630907196949850E-004                  5.7221218635412066E-003                  1.2718648985637691E-003                  2.4871053158459591E-003                  1.7412082816696004E-024                  0.0000000000000000E+000                  0.0000000000000000E+000 
                                     179                  1.0999999309364004E+000                  5.9147513430264510E-002                  4.4528263273352522E+000                  6.9281986293871878E+000                  3.7989305981297795E-045                  6.9279999856991481E-001                  3.1395367224789192E-005                  2.9496860606286024E-001                  2.1025988500795495E-003                  6.1630907196949850E-004                  5.7221218635412066E-003                  1.2718648985637691E-003                  2.4871053158459591E-003                  1.8008011043828998E-024                  0.0000000000000000E+000                  0.0000000000000000E+000 
                                     180                  1.0999999266969009E+000                  5.9101335282109466E-002                  4.4584784548066594E+000                  6.9098365223734834E+000                  3.9638199202395473E-045                  6.9279999856991481E-001                  3.1395367224789192E-005                  2.9496860606286024E-001                  2.1025988500795495E-003                  6.1630907196949850E-004                  5.7221218635412066E-003                  1.2718648985637691E-003                  2.4871053158459591E-003                  1.8792288986738559E-024                  0.0000000000000000E+000                  0.0000000000000000E+000 
                                     181                  1.0999999224574015E+000                  5.9057064251695081E-002                  4.4638687504148358E+000                  6.8925154711107046E+000                  4.1259293081136888E-045                  6.9279999856991481E-001                  3.1395367224789192E-005                  2.9496860606286024E-001                  2.1025988500795495E-003                  6.1630907196949850E-004                  5.7221218635412066E-003                  1.2718648985637691E-003                  2.4871053158459591E-003                  1.9563503453850187E-024                  0.0000000000000000E+000                  0.0000000000000000E+000 
                                     182                  1.0999999182179023E+000                  5.9014519892487474E-002                  4.4683835501305182E+000                  6.7531775691408384E+000                  3.1993048672634177E-045                  6.9279999856991481E-001                  3.1395367224789192E-005                  2.9496860606286024E-001                  2.1025988500795495E-003                  6.1630907196949850E-004                  5.7221218635412066E-003                  1.2718648985637691E-003                  2.4871053158459591E-003                  2.0228758043287567E-024                  0.0000000000000000E+000                  0.0000000000000000E+000 
                                     183                  1.0999999150382775E+000                  5.8983649596593336E-002                  4.4721304430732332E+000                  6.7413686155239771E+000                  3.2879521988662821E-045                  6.9279999856991481E-001                  3.1395367224789192E-005                  2.9496860606286024E-001                  2.1025988500795495E-003                  6.1630907196949850E-004                  5.7221218635412066E-003                  1.2718648985637691E-003                  2.4871053158459591E-003                  2.0791255442980465E-024                  0.0000000000000000E+000                  0.0000000000000000E+000 
                                     184                  1.0999999118586530E+000                  5.8953605282337521E-002                  4.4763692748597057E+000                  6.8531016524806221E+000                  4.5200041913659080E-045                  6.9279999856991481E-001                  3.1395367224789192E-005                  2.9496860606286024E-001                  2.1025988500795495E-003                  6.1630907196949850E-004                  5.7221218635412066E-003                  1.2718648985637691E-003                  2.4871053158459591E-003                  2.1438901794269522E-024                  0.0000000000000000E+000                  0.0000000000000000E+000 
                                     185                  1.0999999076191536E+000                  5.8914742867244269E-002                  4.4810359391187138E+000                  6.8386779486517462E+000                  4.6734650592227531E-045                  6.9279999856991481E-001                  3.1395367224789192E-005                  2.9496860606286024E-001                  2.1025988500795495E-003                  6.1630907196949850E-004                  5.7221218635412066E-003                  1.2718648985637691E-003                  2.4871053158459591E-003                  2.2169458342291962E-024                  0.0000000000000000E+000                  0.0000000000000000E+000 
                                     186                  1.0999999033796541E+000                  5.8877146636039726E-002                  4.4866661769940999E+000                  6.9989414042614237E+000                  7.3148110099998548E-045                  6.9279999856991481E-001                  3.1395367224789192E-005                  2.9496860606286024E-001                  2.1025988500795495E-003                  6.1630907196949850E-004                  5.7221218635412066E-003                  1.2718648985637691E-003                  2.4871053158459591E-003                  2.3068249455495026E-024                  0.0000000000000000E+000                  0.0000000000000000E+000 
                                     187                  1.0999998970016858E+000                  5.8822764813768406E-002                  4.4920522469556126E+000                  6.8091239287933307E+000                  5.0934414504817475E-045                  6.9279999856991481E-001                  3.1395367224789192E-005                  2.9496860606286024E-001                  2.1025988500795495E-003                  6.1630907196949850E-004                  5.7221218635412066E-003                  1.2718648985637691E-003                  2.4871053158459591E-003                  2.3957060985378717E-024                  0.0000000000000000E+000                  0.0000000000000000E+000 
                                     188                  1.0999998927247474E+000                  5.8787634580228336E-002                  4.4962366212025877E+000                  6.7967018746605854E+000                  5.2420679362787153E-045                  6.9279999856991481E-001                  3.1395367224789192E-005                  2.9496860606286024E-001                  2.1025988500795495E-003                  6.1630907196949850E-004                  5.7221218635412066E-003                  1.2718648985637691E-003                  2.4871053158459591E-003                  2.4658828531492145E-024                  0.0000000000000000E+000                  0.0000000000000000E+000 
                                     189                  1.0999998884478090E+000                  5.8753492213795604E-002                  4.5002974720002005E+000                  6.7847871317144666E+000                  5.3887092466237564E-045                  6.9279999856991481E-001                  3.1395367224789192E-005                  2.9496860606286024E-001                  2.1025988500795495E-003                  6.1630907196949850E-004                  5.7221218635412066E-003                  1.2718648985637691E-003                  2.4871053158459591E-003                  2.5351333828207128E-024                  0.0000000000000000E+000                  0.0000000000000000E+000 
                                     190                  1.0999998841708709E+000                  5.8720271224762539E-002                  4.5042442859334688E+000                  6.7733425949657349E+000                  5.5334357114658578E-045                  6.9279999856991481E-001                  3.1395367224789192E-005                  2.9496860606286024E-001                  2.1025988500795495E-003                  6.1630907196949850E-004                  5.7221218635412066E-003                  1.2718648985637691E-003                  2.4871053158459591E-003                  2.6034903086854496E-024                  0.0000000000000000E+000                  0.0000000000000000E+000 
                                     191                  1.0999998798939326E+000                  5.8687911798619666E-002                  4.5090405876777391E+000                  6.9357538087268011E+000                  8.5673314645270708E-045                  6.9279999856991481E-001                  3.1395367224789192E-005                  2.9496860606286024E-001                  2.1025988500795495E-003                  6.1630907196949850E-004                  5.7221218635412066E-003                  1.2718648985637691E-003                  2.4871053158459591E-003                  2.6876332839585772E-024                  0.0000000000000000E+000                  0.0000000000000000E+000 
                                     192                  1.0999998734785252E+000                  5.8640873487117613E-002                  4.5136663347545189E+000                  6.7465802031578690E+000                  5.8872723566817886E-045                  6.9279999856991481E-001                  3.1395367224789192E-005                  2.9496860606286024E-001                  2.1025988500795495E-003                  6.1630907196949850E-004                  5.7221218635412066E-003                  1.2718648985637691E-003                  2.4871053158459591E-003                  2.7706575162989306E-024                  0.0000000000000000E+000                  0.0000000000000000E+000 
                                     193                  1.0999998692015869E+000                  5.8610442443043226E-002                  4.5172745831416412E+000                  6.7365411415419789E+000                  6.0257811987798910E-045                  6.9279999856991481E-001                  3.1395367224789192E-005                  2.9496860606286024E-001                  2.1025988500795495E-003                  6.1630907196949850E-004                  5.7221218635412066E-003                  1.2718648985637691E-003                  2.4871053158459591E-003                  2.8361114764731979E-024                  0.0000000000000000E+000                  0.0000000000000000E+000 
                                     194                  1.0999998649246487E+000                  5.8580704708810882E-002                  4.5208235108040702E+000                  6.7325149052627182E+000                  6.2454179043208261E-045                  6.9279999856991481E-001                  3.1395367224789192E-005                  2.9496860606286024E-001                  2.1025988500795495E-003                  6.1630907196949850E-004                  5.7221218635412066E-003                  1.2718648985637691E-003                  2.4871053158459591E-003                  2.9012196356225715E-024                  0.0000000000000000E+000                  0.0000000000000000E+000 
                                     195                  1.0999998605908938E+000                  5.8551239383445385E-002                  4.5260524966559599E+000                  7.0194505180215110E+000                  1.2905427653504565E-044                  6.9279999856991481E-001                  3.1395367224789192E-005                  2.9496860606286024E-001                  2.1025988500795495E-003                  6.1630907196949850E-004                  5.7221218635412066E-003                  1.2718648985637691E-003                  2.4871053158459591E-003                  2.9979254747202893E-024                  0.0000000000000000E+000                  0.0000000000000000E+000 
                                     196                  1.0999998519233842E+000                  5.8494184855886984E-002                  4.5310840634297911E+000                  6.7049603217447391E+000                  6.6571343441436022E-045                  6.9279999856991481E-001                  3.1395367224789192E-005                  2.9496860606286024E-001                  2.1025988500795495E-003                  6.1630907196949850E-004                  5.7221218635412066E-003                  1.2718648985637691E-003                  2.4871053158459591E-003                  3.0933089545455128E-024                  0.0000000000000000E+000                  0.0000000000000000E+000 
                                     197                  1.0999998475896295E+000                  5.8466525486490589E-002                  4.5351819952294425E+000                  6.8703401243699176E+000                  1.0236657596668722E-044                  6.9279999856991481E-001                  3.1395367224789192E-005                  2.9496860606286024E-001                  2.1025988500795495E-003                  6.1630907196949850E-004                  5.7221218635412066E-003                  1.2718648985637691E-003                  2.4871053158459591E-003                  3.1713876004401703E-024                  0.0000000000000000E+000                  0.0000000000000000E+000 
                                     198                  1.0999998410889975E+000                  5.8426044028348723E-002                  4.5399646810001144E+000                  6.8580054371716201E+000                  1.0533499941563514E-044                  6.9279999856991481E-001                  3.1395367224789192E-005                  2.9496860606286024E-001                  2.1025988500795495E-003                  6.1630907196949850E-004                  5.7221218635412066E-003                  1.2718648985637691E-003                  2.4871053158459591E-003                  3.2637584809212811E-024                  0.0000000000000000E+000                  0.0000000000000000E+000 
                                     199                  1.0999998345883653E+000                  5.8386692520624263E-002                  4.5453891789943253E+000                  6.9692352070215478E+000                  1.4498083439354423E-044                  6.9279999856991481E-001                  3.1395367224789192E-005                  2.9496860606286024E-001                  2.1025988500795495E-003                  6.1630907196949850E-004                  5.7221218635412066E-003                  1.2718648985637691E-003                  2.4871053158459591E-003                  3.3695994258283539E-024                  0.0000000000000000E+000                  0.0000000000000000E+000 
                                     200                  1.0999998259208559E+000                  5.8335848926402943E-002                  4.5513836810828456E+000                  6.9543645381079777E+000                  1.5006563326652480E-044                  6.9279999856991481E-001                  3.1395367224789192E-005                  2.9496860606286024E-001                  2.1025988500795495E-003                  6.1630907196949850E-004                  5.7221218635412066E-003                  1.2718648985637691E-003                  2.4871053158459591E-003                  3.4883197763485425E-024                  0.0000000000000000E+000                  0.0000000000000000E+000 
                                     201                  1.0999998172533463E+000                  5.8286711142530555E-002                  4.5571860303420548E+000                  6.9402758530011273E+000                  1.5504816934403678E-044                  6.9279999856991481E-001                  3.1395367224789192E-005                  2.9496860606286024E-001                  2.1025988500795495E-003                  6.1630907196949850E-004                  5.7221218635412066E-003                  1.2718648985637691E-003                  2.4871053158459591E-003                  3.6046787645567885E-024                  0.0000000000000000E+000                  0.0000000000000000E+000 
                                     202                  1.0999998085858369E+000                  5.8239136532518568E-002                  4.5642069242407546E+000                  7.0997651491864024E+000                  2.4169971157638810E-044                  6.9279999856991481E-001                  3.1395367224789192E-005                  2.9496860606286024E-001                  2.1025988500795495E-003                  6.1630907196949850E-004                  5.7221218635412066E-003                  1.2718648985637691E-003                  2.4871053158459591E-003                  3.7468179872999765E-024                  0.0000000000000000E+000                  0.0000000000000000E+000 
                                     203                  1.0999997955845724E+000                  5.8170441921696882E-002                  4.5723558500101609E+000                  7.0885883360641291E+000                  2.5695645855186371E-044                  6.9279999856991481E-001                  3.1395367224789192E-005                  2.9496860606286024E-001                  2.1025988500795495E-003                  6.1630907196949850E-004                  5.7221218635412066E-003                  1.2718648985637691E-003                  2.4871053158459591E-003                  3.9147180061100466E-024                  0.0000000000000000E+000                  0.0000000000000000E+000 
                                     204                  1.0999997823527077E+000                  5.8103482193589469E-002                  4.5789368618245110E+000                  6.8976518155852071E+000                  1.7730608779760072E-044                  6.9279999856991481E-001                  3.1395367224789192E-005                  2.9496860606286024E-001                  2.1025988500795495E-003                  6.1630907196949850E-004                  5.7221218635412066E-003                  1.2718648985637691E-003                  2.4871053158459591E-003                  4.0525483566492947E-024                  0.0000000000000000E+000                  0.0000000000000000E+000 
                                     205                  1.0999997735314644E+000                  5.8060337020687261E-002                  4.5840560662241900E+000                  6.8863707935141703E+000                  1.8200774026056691E-044                  6.9279999856991481E-001                  3.1395367224789192E-005                  2.9496860606286024E-001                  2.1025988500795495E-003                  6.1630907196949850E-004                  5.7221218635412066E-003                  1.2718648985637691E-003                  2.4871053158459591E-003                  4.1605449648539857E-024                  0.0000000000000000E+000                  0.0000000000000000E+000 
                                     206                  1.0999997647102213E+000                  5.8018294012168042E-002                  4.5878036429765210E+000                  6.5771843598351536E+000                  9.2742537843977938E-045                  6.9279999856991481E-001                  3.1395367224789192E-005                  2.9496860606286024E-001                  2.1025988500795495E-003                  6.1630907196949850E-004                  5.7221218635412066E-003                  1.2718648985637691E-003                  2.4871053158459591E-003                  4.2404322659579863E-024                  0.0000000000000000E+000                  0.0000000000000000E+000 
                                     207                  1.0999997602995997E+000                  5.7997662137560656E-002                  4.5914940088027114E+000                  6.8703245510933852E+000                  1.8891216737566825E-044                  6.9279999856991481E-001                  3.1395367224789192E-005                  2.9496860606286024E-001                  2.1025988500795495E-003                  6.1630907196949850E-004                  5.7221218635412066E-003                  1.2718648985637691E-003                  2.4871053158459591E-003                  4.3191761166397691E-024                  0.0000000000000000E+000                  0.0000000000000000E+000 
                                     208                  1.0999997514783564E+000                  5.7957138403313499E-002                  4.5974957182156295E+000                  7.0337829655419002E+000                  2.9179887041192653E-044                  6.9279999856991481E-001                  3.1395367224789192E-005                  2.9496860606286024E-001                  2.1025988500795495E-003                  6.1630907196949850E-004                  5.7221218635412066E-003                  1.2718648985637691E-003                  2.4871053158459591E-003                  4.4483386513421455E-024                  0.0000000000000000E+000                  0.0000000000000000E+000 
                                     209                  1.0999997382464914E+000                  5.7898088708200450E-002                  4.6044555524549029E+000                  7.0193915997339502E+000                  3.0171100721692468E-044                  6.9279999856991481E-001                  3.1395367224789192E-005                  2.9496860606286024E-001                  2.1025988500795495E-003                  6.1630907196949850E-004                  5.7221218635412066E-003                  1.2718648985637691E-003                  2.4871053158459591E-003                  4.6002350696100686E-024                  0.0000000000000000E+000                  0.0000000000000000E+000 
                                     210                  1.0999997250146267E+000                  5.7840956056036598E-002                  4.6101066477931383E+000                  6.8394454763108090E+000                  2.1024168485293710E-044                  6.9279999856991481E-001                  3.1395367224789192E-005                  2.9496860606286024E-001                  2.1025988500795495E-003                  6.1630907196949850E-004                  5.7221218635412066E-003                  1.2718648985637691E-003                  2.4871053158459591E-003                  4.7252505018719411E-024                  0.0000000000000000E+000                  0.0000000000000000E+000 
                                     211                  1.0999997160369412E+000                  5.7803200079628352E-002                  4.6145674369485095E+000                  6.8305307477112542E+000                  2.1463883625903563E-044                  6.9279999856991481E-001                  3.1395367224789192E-005                  2.9496860606286024E-001                  2.1025988500795495E-003                  6.1630907196949850E-004                  5.7221218635412066E-003                  1.2718648985637691E-003                  2.4871053158459591E-003                  4.8246051834847284E-024                  0.0000000000000000E+000                  0.0000000000000000E+000 
                                     212                  1.0999997070592560E+000                  5.7766208033712532E-002                  4.6189302797088301E+000                  6.8219191695155290E+000                  2.1897429866326066E-044                  6.9279999856991481E-001                  3.1395367224789192E-005                  2.9496860606286024E-001                  2.1025988500795495E-003                  6.1630907196949850E-004                  5.7221218635412066E-003                  1.2718648985637691E-003                  2.4871053158459591E-003                  4.9225816601030075E-024                  0.0000000000000000E+000                  0.0000000000000000E+000 
                                     213                  1.0999996980815705E+000                  5.7729939215583601E-002                  4.6253176483406433E+000                  7.1105800350796970E+000                  4.5071192136758133E-044                  6.9279999856991481E-001                  3.1395367224789192E-005                  2.9496860606286024E-001                  2.1025988500795495E-003                  6.1630907196949850E-004                  5.7221218635412066E-003                  1.2718648985637691E-003                  2.4871053158459591E-003                  5.0668278789561852E-024                  0.0000000000000000E+000                  0.0000000000000000E+000 
                                     214                  1.0999996801261995E+000                  5.7659429711836213E-002                  4.6334998627735997E+000                  7.0949477538945525E+000                  4.6737971973158208E-044                  6.9279999856991481E-001                  3.1395367224789192E-005                  2.9496860606286024E-001                  2.1025988500795495E-003                  6.1630907196949850E-004                  5.7221218635412066E-003                  1.2718648985637691E-003                  2.4871053158459591E-003                  5.2552504206497891E-024                  0.0000000000000000E+000                  0.0000000000000000E+000 
                                     215                  1.0999996621708286E+000                  5.7591402190777241E-002                  4.6394031644911564E+000                  6.7827775364352698E+000                  2.3981772368613665E-044                  6.9279999856991481E-001                  3.1395367224789192E-005                  2.9496860606286024E-001                  2.1025988500795495E-003                  6.1630907196949850E-004                  5.7221218635412066E-003                  1.2718648985637691E-003                  2.4871053158459591E-003                  5.3938315129801351E-024                  0.0000000000000000E+000                  0.0000000000000000E+000 
                                     216                  1.0999996531931431E+000                  5.7558245970199727E-002                  4.6442723070519785E+000                  6.9594024017821452E+000                  3.7550851616577869E-044                  6.9279999856991481E-001                  3.1395367224789192E-005                  2.9496860606286024E-001                  2.1025988500795495E-003                  6.1630907196949850E-004                  5.7221218635412066E-003                  1.2718648985637691E-003                  2.4871053158459591E-003                  5.5086715970820971E-024                  0.0000000000000000E+000                  0.0000000000000000E+000 
                                     217                  1.0999996394272435E+000                  5.7508445738468313E-002                  4.6485734109367609E+000                  6.6504381944548419E+000                  1.9124859791764215E-044                  6.9279999856991481E-001                  3.1395367224789192E-005                  2.9496860606286024E-001                  2.1025988500795495E-003                  6.1630907196949850E-004                  5.7221218635412066E-003                  1.2718648985637691E-003                  2.4871053158459591E-003                  5.6117827405223135E-024                  0.0000000000000000E+000                  0.0000000000000000E+000 
                                     218                  1.0999996325442938E+000                  5.7483994307390304E-002                  4.6527970710234596E+000                  6.9437952542980641E+000                  3.8938004591343179E-044                  6.9279999856991481E-001                  3.1395367224789192E-005                  2.9496860606286024E-001                  2.1025988500795495E-003                  6.1630907196949850E-004                  5.7221218635412066E-003                  1.2718648985637691E-003                  2.4871053158459591E-003                  5.7133480364982534E-024                  0.0000000000000000E+000                  0.0000000000000000E+000 
                                     219                  1.0999996187783943E+000                  5.7435943842599382E-002                  4.6596328145209513E+000                  7.1075910513849312E+000                  6.0100562229579969E-044                  6.9279999856991481E-001                  3.1395367224789192E-005                  2.9496860606286024E-001                  2.1025988500795495E-003                  6.1630907196949850E-004                  5.7221218635412066E-003                  1.2718648985637691E-003                  2.4871053158459591E-003                  5.8799850166042505E-024                  0.0000000000000000E+000                  0.0000000000000000E+000 
                                     220                  1.0999995981295447E+000                  5.7365870561765606E-002                  4.6675025611015268E+000                  7.0935598592606244E+000                  6.2093716818558659E-044                  6.9279999856991481E-001                  3.1395367224789192E-005                  2.9496860606286024E-001                  2.1025988500795495E-003                  6.1630907196949850E-004                  5.7221218635412066E-003                  1.2718648985637691E-003                  2.4871053158459591E-003                  6.0761529396063799E-024                  0.0000000000000000E+000                  0.0000000000000000E+000 
                                     221                  1.0999995774806954E+000                  5.7298014254082832E-002                  4.6738012043821575E+000                  6.9063216791807598E+000                  4.2483009432703660E-044                  6.9279999856991481E-001                  3.1395367224789192E-005                  2.9496860606286024E-001                  2.1025988500795495E-003                  6.1630907196949850E-004                  5.7221218635412066E-003                  1.2718648985637691E-003                  2.4871053158459591E-003                  6.2366985228990354E-024                  0.0000000000000000E+000                  0.0000000000000000E+000 
                                     222                  1.0999995637147957E+000                  5.7253917358004801E-002                  4.6786973402191485E+000                  6.8977505649591473E+000                  4.3338484915702760E-044                  6.9279999856991481E-001                  3.1395367224789192E-005                  2.9496860606286024E-001                  2.1025988500795495E-003                  6.1630907196949850E-004                  5.7221218635412066E-003                  1.2718648985637691E-003                  2.4871053158459591E-003                  6.3630515153986289E-024                  0.0000000000000000E+000                  0.0000000000000000E+000 
                                     223                  1.0999995499488961E+000                  5.7210677866789780E-002                  4.6841296728968809E+000                  6.9959515826232277E+000                  5.6759900032633638E-044                  6.9279999856991481E-001                  3.1395367224789192E-005                  2.9496860606286024E-001                  2.1025988500795495E-003                  6.1630907196949850E-004                  5.7221218635412066E-003                  1.2718648985637691E-003                  2.4871053158459591E-003                  6.5051258068817763E-024                  0.0000000000000000E+000                  0.0000000000000000E+000 
                                     224                  1.0999995323112621E+000                  5.7156461511257618E-002                  4.6900333185523113E+000                  6.9857395185984927E+000                  5.8124718857930554E-044                  6.9279999856991481E-001                  3.1395367224789192E-005                  2.9496860606286024E-001                  2.1025988500795495E-003                  6.1630907196949850E-004                  5.7221218635412066E-003                  1.2718648985637691E-003                  2.4871053158459591E-003                  6.6625200906220277E-024                  0.0000000000000000E+000                  0.0000000000000000E+000 
                                     225                  1.0999995146736283E+000                  5.7103498600378916E-002                  4.6974703924740986E+000                  7.1797728145355357E+000                  9.6379438687980664E-044                  6.9279999856991481E-001                  3.1395367224789192E-005                  2.9496860606286024E-001                  2.1025988500795495E-003                  6.1630907196949850E-004                  5.7221218635412066E-003                  1.2718648985637691E-003                  2.4871053158459591E-003                  6.8640718742752312E-024                  0.0000000000000000E+000                  0.0000000000000000E+000 
                                     226                  1.0999994862813098E+000                  5.7020690460861376E-002                  4.7047544864042212E+000                  6.9911626567999283E+000                  6.6152839257857139E-044                  6.9279999856991481E-001                  3.1395367224789192E-005                  2.9496860606286024E-001                  2.1025988500795495E-003                  6.1630907196949850E-004                  5.7221218635412066E-003                  1.2718648985637691E-003                  2.4871053158459591E-003                  7.0683378621492402E-024                  0.0000000000000000E+000                  0.0000000000000000E+000 
                                     227                  1.0999994673530975E+000                  5.6967045232716326E-002                  4.7103781402119607E+000                  6.9815725867286114E+000                  6.7646399192724660E-044                  6.9279999856991481E-001                  3.1395367224789192E-005                  2.9496860606286024E-001                  2.1025988500795495E-003                  6.1630907196949850E-004                  5.7221218635412066E-003                  1.2718648985637691E-003                  2.4871053158459591E-003                  7.2289571482694561E-024                  0.0000000000000000E+000                  0.0000000000000000E+000 
                                     228                  1.0999994484248854E+000                  5.6914565200956869E-002                  4.7158175670014959E+000                  6.9723143538422558E+000                  6.9120484932277528E-044                  6.9279999856991481E-001                  3.1395367224789192E-005                  2.9496860606286024E-001                  2.1025988500795495E-003                  6.1630907196949850E-004                  5.7221218635412066E-003                  1.2718648985637691E-003                  2.4871053158459591E-003                  7.3875153101970879E-024                  0.0000000000000000E+000                  0.0000000000000000E+000 
                                     229                  1.0999994294966733E+000                  5.6863185947937517E-002                  4.7223878262340886E+000                  7.1372810286712447E+000                  1.0640183733351676E-043                  6.9279999856991481E-001                  3.1395367224789192E-005                  2.9496860606286024E-001                  2.1025988500795495E-003                  6.1630907196949850E-004                  5.7221218635412066E-003                  1.2718648985637691E-003                  2.4871053158459591E-003                  7.5826884734310932E-024                  0.0000000000000000E+000                  0.0000000000000000E+000 
                                     230                  1.0999994011043548E+000                  5.6788055199451092E-002                  4.7298264633993687E+000                  7.1143892505861022E+000                  1.0703131642231644E-043                  6.9279999856991481E-001                  3.1395367224789192E-005                  2.9496860606286024E-001                  2.1025988500795495E-003                  6.1630907196949850E-004                  5.7221218635412066E-003                  1.2718648985637691E-003                  2.4871053158459591E-003                  7.8110278398763412E-024                  0.0000000000000000E+000                  0.0000000000000000E+000 
                                     231                  1.0999993733735403E+000                  5.6716770036708906E-002                  4.7356577928264336E+000                  6.9231184753758628E+000                  7.2159608723035340E-044                  6.9279999856991481E-001                  3.1395367224789192E-005                  2.9496860606286024E-001                  2.1025988500795495E-003                  6.1630907196949850E-004                  5.7221218635412066E-003                  1.2718648985637691E-003                  2.4871053158459591E-003                  7.9957950089374432E-024                  0.0000000000000000E+000                  0.0000000000000000E+000 
                                     232                  1.0999993551068317E+000                  5.6670872755344055E-002                  4.7408919890227894E+000                  7.0391527073677906E+000                  9.8229802014445433E-044                  6.9279999856991481E-001                  3.1395367224789192E-005                  2.9496860606286024E-001                  2.1025988500795495E-003                  6.1630907196949850E-004                  5.7221218635412066E-003                  1.2718648985637691E-003                  2.4871053158459591E-003                  8.1645689573434784E-024                  0.0000000000000000E+000                  0.0000000000000000E+000 
                                     233                  1.0999993307512201E+000                  5.6610911029683943E-002                  4.7466513586611407E+000                  7.0293002854433571E+000                  1.0051115815287545E-043                  6.9279999856991481E-001                  3.1395367224789192E-005                  2.9496860606286024E-001                  2.1025988500795495E-003                  6.1630907196949850E-004                  5.7221218635412066E-003                  1.2718648985637691E-003                  2.4871053158459591E-003                  8.3555061751857279E-024                  0.0000000000000000E+000                  0.0000000000000000E+000 
                                     234                  1.0999993063956088E+000                  5.6552286280941479E-002                  4.7541838228440172E+000                  7.2528385714005115E+000                  1.7848888022896550E-043                  6.9279999856991481E-001                  3.1395367224789192E-005                  2.9496860606286024E-001                  2.1025988500795495E-003                  6.1630907196949850E-004                  5.7221218635412066E-003                  1.2718648985637691E-003                  2.4871053158459591E-003                  8.6113438089496923E-024                  0.0000000000000000E+000                  0.0000000000000000E+000 
                                     235                  1.0999992644208452E+000                  5.6454179811875199E-002                  4.7618597338743971E+000                  7.0906715655524026E+000                  1.3071070796355477E-043                  6.9279999856991481E-001                  3.1395367224789192E-005                  2.9496860606286024E-001                  2.1025988500795495E-003                  6.1630907196949850E-004                  5.7221218635412066E-003                  1.2718648985637691E-003                  2.4871053158459591E-003                  8.8855168255094808E-024                  0.0000000000000000E+000                  0.0000000000000000E+000 
                                     236                  1.0999992346238872E+000                  5.6386631660599561E-002                  4.7678453095424036E+000                  7.0649307830506380E+000                  1.2929343284298934E-043                  6.9279999856991481E-001                  3.1395367224789192E-005                  2.9496860606286024E-001                  2.1025988500795495E-003                  6.1630907196949850E-004                  5.7221218635412066E-003                  1.2718648985637691E-003                  2.4871053158459591E-003                  9.1059857345309615E-024                  0.0000000000000000E+000                  0.0000000000000000E+000 
                                     237                  1.0999992058586090E+000                  5.6322961155639097E-002                  4.7732848121866986E+000                  7.0230483914589694E+000                  1.2272361192566463E-043                  6.9279999856991481E-001                  3.1395367224789192E-005                  2.9496860606286024E-001                  2.1025988500795495E-003                  6.1630907196949850E-004                  5.7221218635412066E-003                  1.2718648985637691E-003                  2.4871053158459591E-003                  9.3126818902702809E-024                  0.0000000000000000E+000                  0.0000000000000000E+000 
                                     238                  1.0999991791566905E+000                  5.6265136021287049E-002                  4.7791619041381104E+000                  7.1376254614822141E+000                  1.6763382289646622E-043                  6.9279999856991481E-001                  3.1395367224789192E-005                  2.9496860606286024E-001                  2.1025988500795495E-003                  6.1630907196949850E-004                  5.7221218635412066E-003                  1.2718648985637691E-003                  2.4871053158459591E-003                  9.5421523115391407E-024                  0.0000000000000000E+000                  0.0000000000000000E+000 
                                     239                  1.0999991435541328E+000                  5.6189842036861240E-002                  4.7855637655448451E+000                  7.1261920577057403E+000                  1.7216453637055526E-043                  6.9279999856991481E-001                  3.1395367224789192E-005                  2.9496860606286024E-001                  2.1025988500795495E-003                  6.1630907196949850E-004                  5.7221218635412066E-003                  1.2718648985637691E-003                  2.4871053158459591E-003                  9.8019883605152416E-024                  0.0000000000000000E+000                  0.0000000000000000E+000 
                                     240                  1.0999991079515747E+000                  5.6116491854453561E-002                  4.7923372658056032E+000                  7.2006716472281251E+000                  2.1625795302204991E-043                  6.9279999856991481E-001                  3.1395367224789192E-005                  2.9496860606286024E-001                  2.1025988500795495E-003                  6.1630907196949850E-004                  5.7221218635412066E-003                  1.2718648985637691E-003                  2.4871053158459591E-003                  1.0086988688546244E-023                  0.0000000000000000E+000                  0.0000000000000000E+000 
                                     241                  1.0999990644850448E+000                  5.6029403315055737E-002                  4.7990497273499981E+000                  7.1448441326545904E+000                  2.0131553980508855E-043                  6.9279999856991481E-001                  3.1395367224789192E-005                  2.9496860606286024E-001                  2.1025988500795495E-003                  6.1630907196949850E-004                  5.7221218635412066E-003                  1.2718648985637691E-003                  2.4871053158459591E-003                  1.0382560396140602E-023                  0.0000000000000000E+000                  0.0000000000000000E+000 
                                     242                  1.0999990251651834E+000                  5.5952805684498709E-002                  4.8057207366392554E+000                  7.2117150083856663E+000                  2.4861932193188903E-043                  6.9279999856991481E-001                  3.1395367224789192E-005                  2.9496860606286024E-001                  2.1025988500795495E-003                  6.1630907196949850E-004                  5.7221218635412066E-003                  1.2718648985637691E-003                  2.4871053158459591E-003                  1.0687522799928779E-023                  0.0000000000000000E+000                  0.0000000000000000E+000 
                                     243                  1.0999989779813499E+000                  5.5863440327927401E-002                  4.8128276719546692E+000                  7.2262019015623054E+000                  2.7342372890829426E-043                  6.9279999856991481E-001                  3.1395367224789192E-005                  2.9496860606286024E-001                  2.1025988500795495E-003                  6.1630907196949850E-004                  5.7221218635412066E-003                  1.2718648985637691E-003                  2.4871053158459591E-003                  1.1027594939459100E-023                  0.0000000000000000E+000                  0.0000000000000000E+000 
                                     244                  1.0999989276780540E+000                  5.5771024368545905E-002                  4.8214609212218553E+000                  7.3855956338486601E+000                  4.2569507062484736E-043                  6.9279999856991481E-001                  3.1395367224789192E-005                  2.9496860606286024E-001                  2.1025988500795495E-003                  6.1630907196949850E-004                  5.7221218635412066E-003                  1.2718648985637691E-003                  2.4871053158459591E-003                  1.1459343724569125E-023                  0.0000000000000000E+000                  0.0000000000000000E+000 
                                     245                  1.0999988522884263E+000                  5.5637594324085327E-002                  4.8298379450867444E+000                  7.2443203357093759E+000                  3.3168534731196079E-043                  6.9279999856991481E-001                  3.1395367224789192E-005                  2.9496860606286024E-001                  2.1025988500795495E-003                  6.1630907196949850E-004                  5.7221218635412066E-003                  1.2718648985637691E-003                  2.4871053158459591E-003                  1.1908591846833495E-023                  0.0000000000000000E+000                  0.0000000000000000E+000 
                                     246                  1.0999987957462056E+000                  5.5541190724491485E-002                  4.8352201297702466E+000                  7.0031474326127636E+000                  1.9998896907209759E-043                  6.9279999856991481E-001                  3.1395367224789192E-005                  2.9496860606286024E-001                  2.1025988500795495E-003                  6.1630907196949850E-004                  5.7221218635412066E-003                  1.2718648985637691E-003                  2.4871053158459591E-003                  1.2211007256808314E-023                  0.0000000000000000E+000                  0.0000000000000000E+000 
                                     247                  1.0999987624917060E+000                  5.5485856195598635E-002                  4.8409855936912489E+000                  7.2928244415218666E+000                  4.1072599067264323E-043                  6.9279999856991481E-001                  3.1395367224789192E-005                  2.9496860606286024E-001                  2.1025988500795495E-003                  6.1630907196949850E-004                  5.7221218635412066E-003                  1.2718648985637691E-003                  2.4871053158459591E-003                  1.2541906650345955E-023                  0.0000000000000000E+000                  0.0000000000000000E+000 
                                     248                  1.0999986959827071E+000                  5.5378022420607388E-002                  4.8464257239878057E+000                  6.9807723384502909E+000                  2.1071949342452561E-043                  6.9279999856991481E-001                  3.1395367224789192E-005                  2.9496860606286024E-001                  2.1025988500795495E-003                  6.1630907196949850E-004                  5.7221218635412066E-003                  1.2718648985637691E-003                  2.4871053158459591E-003                  1.2871833332710329E-023                  0.0000000000000000E+000                  0.0000000000000000E+000 
                                     249                  1.0999986627282077E+000                  5.5325446981155206E-002                  4.8513144524686478E+000                  7.2232176414591196E+000                  3.8546748856822513E-043                  6.9279999856991481E-001                  3.1395367224789192E-005                  2.9496860606286024E-001                  2.1025988500795495E-003                  6.1630907196949850E-004                  5.7221218635412066E-003                  1.2718648985637691E-003                  2.4871053158459591E-003                  1.3173973061964633E-023                  0.0000000000000000E+000                  0.0000000000000000E+000 
                                     250                  1.0999986032795086E+000                  5.5233550168199669E-002                  4.8574741431564030E+000                  7.2378907419630893E+000                  4.2270913329831821E-043                  6.9279999856991481E-001                  3.1395367224789192E-005                  2.9496860606286024E-001                  2.1025988500795495E-003                  6.1630907196949850E-004                  5.7221218635412066E-003                  1.2718648985637691E-003                  2.4871053158459591E-003                  1.3570977057538648E-023                  0.0000000000000000E+000                  0.0000000000000000E+000 
                                     251                  1.0999985399782484E+000                  5.5138475014439199E-002                  4.8646293950143011E+000                  7.3611237186649738E+000                  6.0109733145781215E-043                  6.9279999856991481E-001                  3.1395367224789192E-005                  2.9496860606286024E-001                  2.1025988500795495E-003                  6.1630907196949850E-004                  5.7221218635412066E-003                  1.2718648985637691E-003                  2.4871053158459591E-003                  1.4050379010076342E-023                  0.0000000000000000E+000                  0.0000000000000000E+000 
                                     252                  1.0999984530081934E+000                  5.5012172876752287E-002                  4.8704640249861733E+000                  7.0478015584691960E+000                  3.0931051371484870E-043                  6.9279999856991481E-001                  3.1395367224789192E-005                  2.9496860606286024E-001                  2.1025988500795495E-003                  6.1630907196949850E-004                  5.7221218635412066E-003                  1.2718648985637691E-003                  2.4871053158459591E-003                  1.4463689421488894E-023                  0.0000000000000000E+000                  0.0000000000000000E+000 
                                     253                  1.0999984095231661E+000                  5.4950770894163010E-002                  4.8749173537691650E+000                  7.1750827167964966E+000                  4.3298858245896187E-043                  6.9279999856991481E-001                  3.1395367224789192E-005                  2.9496860606286024E-001                  2.1025988500795495E-003                  6.1630907196949850E-004                  5.7221218635412066E-003                  1.2718648985637691E-003                  2.4871053158459591E-003                  1.4785521773952842E-023                  0.0000000000000000E+000                  0.0000000000000000E+000 
                                     254                  1.0999983499638988E+000                  5.4868445197211319E-002                  4.8813725540256208E+000                  7.3696814299119815E+000                  7.2176528045855262E-043                  6.9279999856991481E-001                  3.1395367224789192E-005                  2.9496860606286024E-001                  2.1025988500795495E-003                  6.1630907196949850E-004                  5.7221218635412066E-003                  1.2718648985637691E-003                  2.4871053158459591E-003                  1.5266110155486644E-023                  0.0000000000000000E+000                  0.0000000000000000E+000 
                                     255                  1.0999982537798916E+000                  5.4739549108497633E-002                  4.8879917407602944E+000                  7.2372486191300451E+000                  5.6814095965759846E-043                  6.9279999856991481E-001                  3.1395367224789192E-005                  2.9496860606286024E-001                  2.1025988500795495E-003                  6.1630907196949850E-004                  5.7221218635412066E-003                  1.2718648985637691E-003                  2.4871053158459591E-003                  1.5784106224241856E-023                  0.0000000000000000E+000                  0.0000000000000000E+000 
                                     256                  1.0999981805304115E+000                  5.4644506379371890E-002                  4.8930291722722785E+000                  7.1511188988010925E+000                  4.8984353639936918E-043                  6.9279999856991481E-001                  3.1395367224789192E-005                  2.9496860606286024E-001                  2.1025988500795495E-003                  6.1630907196949850E-004                  5.7221218635412066E-003                  1.2718648985637691E-003                  2.4871053158459591E-003                  1.6191049359084834E-023                  0.0000000000000000E+000                  0.0000000000000000E+000 
                                     257                  1.0999981189484069E+000                  5.4566545688314302E-002                  4.8990852187685743E+000                  7.3769633930248535E+000                  8.7473834182203636E-043                  6.9279999856991481E-001                  3.1395367224789192E-005                  2.9496860606286024E-001                  2.1025988500795495E-003                  6.1630907196949850E-004                  5.7221218635412066E-003                  1.2718648985637691E-003                  2.4871053158459591E-003                  1.6691388591610416E-023                  0.0000000000000000E+000                  0.0000000000000000E+000 
                                     258                  1.0999980122441118E+000                  5.4435378642555710E-002                  4.9059737702693829E+000                  7.3139634410216017E+000                  8.1048128893317458E-043                  6.9279999856991481E-001                  3.1395367224789192E-005                  2.9496860606286024E-001                  2.1025988500795495E-003                  6.1630907196949850E-004                  5.7221218635412066E-003                  1.2718648985637691E-003                  2.4871053158459591E-003                  1.7285935520910955E-023                  0.0000000000000000E+000                  0.0000000000000000E+000 
                                     259                  1.0999979167466098E+000                  5.4321891382021550E-002                  4.9112216454437156E+000                  7.1418425016496130E+000                  5.7470201570042154E-043                  6.9279999856991481E-001                  3.1395367224789192E-005                  2.9496860606286024E-001                  2.1025988500795495E-003                  6.1630907196949850E-004                  5.7221218635412066E-003                  1.2718648985637691E-003                  2.4871053158459591E-003                  1.7754610002089596E-023                  0.0000000000000000E+000                  0.0000000000000000E+000 
                                     260                  1.0999978508009109E+000                  5.4245521678870728E-002                  4.9153732316416301E+000                  7.1329285982126898E+000                  5.8682394263242270E-043                  6.9279999856991481E-001                  3.1395367224789192E-005                  2.9496860606286024E-001                  2.1025988500795495E-003                  6.1630907196949850E-004                  5.7221218635412066E-003                  1.2718648985637691E-003                  2.4871053158459591E-003                  1.8132858512712155E-023                  0.0000000000000000E+000                  0.0000000000000000E+000 
                                     261                  1.0999977848552123E+000                  5.4170690463383533E-002                  4.9194033963071595E+000                  7.1242830716967527E+000                  5.9882724537003406E-043                  6.9279999856991481E-001                  3.1395367224789192E-005                  2.9496860606286024E-001                  2.1025988500795495E-003                  6.1630907196949850E-004                  5.7221218635412066E-003                  1.2718648985637691E-003                  2.4871053158459591E-003                  1.8507518635972283E-023                  0.0000000000000000E+000                  0.0000000000000000E+000 
                                     262                  1.0999977189095134E+000                  5.4097321670626752E-002                  4.9261368879529810E+000                  7.4989922667036737E+000                  1.5163085760416197E-042                  6.9279999856991481E-001                  3.1395367224789192E-005                  2.9496860606286024E-001                  2.1025988500795495E-003                  6.1630907196949850E-004                  5.7221218635412066E-003                  1.2718648985637691E-003                  2.4871053158459591E-003                  1.9142897401235019E-023                  0.0000000000000000E+000                  0.0000000000000000E+000 
                                     263                  1.0999975574140015E+000                  5.3923403800182922E-002                  4.9348665850113900E+000                  7.4540229366213246E+000                  1.4907498833699664E-042                  6.9279999856991481E-001                  3.1395367224789192E-005                  2.9496860606286024E-001                  2.1025988500795495E-003                  6.1630907196949850E-004                  5.7221218635412066E-003                  1.2718648985637691E-003                  2.4871053158459591E-003                  2.0006102386355268E-023                  0.0000000000000000E+000                  0.0000000000000000E+000 
                                     264                  1.0999974054226092E+000                  5.3766533664036248E-002                  4.9411095906119318E+000                  7.1865835471327593E+000                  8.5669979543902289E-043                  6.9279999856991481E-001                  3.1395367224789192E-005                  2.9496860606286024E-001                  2.1025988500795495E-003                  6.1630907196949850E-004                  5.7221218635412066E-003                  1.2718648985637691E-003                  2.4871053158459591E-003                  2.0647034638945251E-023                  0.0000000000000000E+000                  0.0000000000000000E+000 
                                     265                  1.0999973207602409E+000                  5.3681767661325465E-002                  4.9454393141238819E+000                  7.1774564476754295E+000                  8.7523272595217677E-043                  6.9279999856991481E-001                  3.1395367224789192E-005                  2.9496860606286024E-001                  2.1025988500795495E-003                  6.1630907196949850E-004                  5.7221218635412066E-003                  1.2718648985637691E-003                  2.4871053158459591E-003                  2.1098505852263260E-023                  0.0000000000000000E+000                  0.0000000000000000E+000 
                                     266                  1.0999972360978725E+000                  5.3598748470342128E-002                  4.9507798154235116E+000                  7.3537639596623183E+000                  1.3834127675857869E-042                  6.9279999856991481E-001                  3.1395367224789192E-005                  2.9496860606286024E-001                  2.1025988500795495E-003                  6.1630907196949850E-004                  5.7221218635412066E-003                  1.2718648985637691E-003                  2.4871053158459591E-003                  2.1663990347612315E-023                  0.0000000000000000E+000                  0.0000000000000000E+000 
                                     267                  1.0999971057348359E+000                  5.3474127873194499E-002                  4.9567124829475127E+000                  7.2981228978244230E+000                  1.2890775956236893E-042                  6.9279999856991481E-001                  3.1395367224789192E-005                  2.9496860606286024E-001                  2.1025988500795495E-003                  6.1630907196949850E-004                  5.7221218635412066E-003                  1.2718648985637691E-003                  2.4871053158459591E-003                  2.2308865399373513E-023                  0.0000000000000000E+000                  0.0000000000000000E+000 
                                     268                  1.0999969877352636E+000                  5.3364463412053212E-002                  4.9620320414393424E+000                  7.2668191640998900E+000                  1.2623668776475201E-042                  6.9279999856991481E-001                  3.1395367224789192E-005                  2.9496860606286024E-001                  2.1025988500795495E-003                  6.1630907196949850E-004                  5.7221218635412066E-003                  1.2718648985637691E-003                  2.4871053158459591E-003                  2.2898793745541819E-023                  0.0000000000000000E+000                  0.0000000000000000E+000 
                                     269                  1.0999968751255202E+000                  5.3262400480339478E-002                  4.9683187137053491E+000                  7.4305070237723614E+000                  1.9534241351639187E-042                  6.9279999856991481E-001                  3.1395367224789192E-005                  2.9496860606286024E-001                  2.1025988500795495E-003                  6.1630907196949850E-004                  5.7221218635412066E-003                  1.2718648985637691E-003                  2.4871053158459591E-003                  2.3607305964718104E-023                  0.0000000000000000E+000                  0.0000000000000000E+000 
                                     270                  1.0999967060425235E+000                  5.3113573612257277E-002                  4.9742881827782695E+000                  7.2307606818618027E+000                  1.3050392085096560E-042                  6.9279999856991481E-001                  3.1395367224789192E-005                  2.9496860606286024E-001                  2.1025988500795495E-003                  6.1630907196949850E-004                  5.7221218635412066E-003                  1.2718648985637691E-003                  2.4871053158459591E-003                  2.4299407530644744E-023                  0.0000000000000000E+000                  0.0000000000000000E+000 
                                     271                  1.0999965962636273E+000                  5.3019589074968766E-002                  4.9790561440267664E+000                  7.2581553793034210E+000                  1.4534197770363912E-042                  6.9279999856991481E-001                  3.1395367224789192E-005                  2.9496860606286024E-001                  2.1025988500795495E-003                  6.1630907196949850E-004                  5.7221218635412066E-003                  1.2718648985637691E-003                  2.4871053158459591E-003                  2.4859466751304900E-023                  0.0000000000000000E+000                  0.0000000000000000E+000 
                                     272                  1.0999964767264745E+000                  5.2919462776692586E-002                  4.9840839543370077E+000                  7.2822069848798101E+000                  1.6095550423992161E-042                  6.9279999856991481E-001                  3.1395367224789192E-005                  2.9496860606286024E-001                  2.1025988500795495E-003                  6.1630907196949850E-004                  5.7221218635412066E-003                  1.2718648985637691E-003                  2.4871053158459591E-003                  2.5459245751155625E-023                  0.0000000000000000E+000                  0.0000000000000000E+000 
                                     273                  1.0999963474310657E+000                  5.2813609877972435E-002                  4.9904836225057849E+000                  7.4533485882184092E+000                  2.5310901873411236E-042                  6.9279999856991481E-001                  3.1395367224789192E-005                  2.9496860606286024E-001                  2.1025988500795495E-003                  6.1630907196949850E-004                  5.7221218635412066E-003                  1.2718648985637691E-003                  2.4871053158459591E-003                  2.6233648665462188E-023                  0.0000000000000000E+000                  0.0000000000000000E+000 
                                     274                  1.0999961500418760E+000                  5.2656582348596721E-002                  4.9993016973988205E+000                  7.5763269455730677E+000                  3.6382989394751468E-042                  6.9279999856991481E-001                  3.1395367224789192E-005                  2.9496860606286024E-001                  2.1025988500795495E-003                  6.1630907196949850E-004                  5.7221218635412066E-003                  1.2718648985637691E-003                  2.4871053158459591E-003                  2.7324819441829392E-023                  0.0000000000000000E+000                  0.0000000000000000E+000 
                                     275                  1.0999958775050720E+000                  5.2448067530077622E-002                  5.0078902469378201E+000                  7.4462178450065384E+000                  2.9120502682975455E-042                  6.9279999856991481E-001                  3.1395367224789192E-005                  2.9496860606286024E-001                  2.1025988500795495E-003                  6.1630907196949850E-004                  5.7221218635412066E-003                  1.2718648985637691E-003                  2.4871053158459591E-003                  2.8421690233842303E-023                  0.0000000000000000E+000                  0.0000000000000000E+000 
                                     276                  1.0999956676887415E+000                  5.2293467567980513E-002                  5.0139577411323790E+000                  7.2738157637453655E+000                  2.0657506924419969E-042                  6.9279999856991481E-001                  3.1395367224789192E-005                  2.9496860606286024E-001                  2.1025988500795495E-003                  6.1630907196949850E-004                  5.7221218635412066E-003                  1.2718648985637691E-003                  2.4871053158459591E-003                  2.9212301003356649E-023                  0.0000000000000000E+000                  0.0000000000000000E+000 
                                     277                  1.0999955228287441E+000                  5.2189490733484181E-002                  5.0191099928409519E+000                  7.3204572969956612E+000                  2.4055312845110966E-042                  6.9279999856991481E-001                  3.1395367224789192E-005                  2.9496860606286024E-001                  2.1025988500795495E-003                  6.1630907196949850E-004                  5.7221218635412066E-003                  1.2718648985637691E-003                  2.4871053158459591E-003                  2.9891323767972503E-023                  0.0000000000000000E+000                  0.0000000000000000E+000 
                                     278                  1.0999953579267503E+000                  5.2073696212583176E-002                  5.0262853284272628E+000                  7.5371654332171447E+000                  4.2136567017891756E-042                  6.9279999856991481E-001                  3.1395367224789192E-005                  2.9496860606286024E-001                  2.1025988500795495E-003                  6.1630907196949850E-004                  5.7221218635412066E-003                  1.2718648985637691E-003                  2.4871053158459591E-003                  3.0848947849024646E-023                  0.0000000000000000E+000                  0.0000000000000000E+000 
                                     279                  1.0999950779314369E+000                  5.1882908924385039E-002                  5.0342021495390421E+000                  7.4429668433421146E+000                  3.6287743045044317E-042                  6.9279999856991481E-001                  3.1395367224789192E-005                  2.9496860606286024E-001                  2.1025988500795495E-003                  6.1630907196949850E-004                  5.7221218635412066E-003                  1.2718648985637691E-003                  2.4871053158459591E-003                  3.1934023315746687E-023                  0.0000000000000000E+000                  0.0000000000000000E+000 
                                     280                  1.0999948448918779E+000                  5.1729262285790695E-002                  5.0406134897903270E+000                  7.3613964506957448E+000                  3.1739742900498294E-042                  6.9279999856991481E-001                  3.1395367224789192E-005                  2.9496860606286024E-001                  2.1025988500795495E-003                  6.1630907196949850E-004                  5.7221218635412066E-003                  1.2718648985637691E-003                  2.4871053158459591E-003                  3.2828894911228888E-023                  0.0000000000000000E+000                  0.0000000000000000E+000 
                                     281                  1.0999946465448662E+000                  5.1601884650067618E-002                  5.0475581839931909E+000                  7.5056014478274991E+000                  4.6856544410500639E-042                  6.9279999856991481E-001                  3.1395367224789192E-005                  2.9496860606286024E-001                  2.1025988500795495E-003                  6.1630907196949850E-004                  5.7221218635412066E-003                  1.2718648985637691E-003                  2.4871053158459591E-003                  3.3810950349899616E-023                  0.0000000000000000E+000                  0.0000000000000000E+000 
                                     282                  1.0999943621255408E+000                  5.1424281497843907E-002                  5.0561221829504088E+000                  7.5632055416358650E+000                  5.7386086297330955E-042                  6.9279999856991481E-001                  3.1395367224789192E-005                  2.9496860606286024E-001                  2.1025988500795495E-003                  6.1630907196949850E-004                  5.7221218635412066E-003                  1.2718648985637691E-003                  2.4871053158459591E-003                  3.5048658103930783E-023                  0.0000000000000000E+000                  0.0000000000000000E+000 
                                     283                  1.0999940259322170E+000                  5.1221398802716755E-002                  5.0651326656770985E+000                  7.5627792834470879E+000                  6.1659583419183029E-042                  6.9279999856991481E-001                  3.1395367224789192E-005                  2.9496860606286024E-001                  2.1025988500795495E-003                  6.1630907196949850E-004                  5.7221218635412066E-003                  1.2718648985637691E-003                  2.4871053158459591E-003                  3.6383450199335711E-023                  0.0000000000000000E+000                  0.0000000000000000E+000 
                                     284                  1.0999936777792387E+000                  5.1018620456022117E-002                  5.0723264978910141E+000                  7.3576356357272346E+000                  4.0728730627763914E-042                  6.9279999856991481E-001                  3.1395367224789192E-005                  2.9496860606286024E-001                  2.1025988500795495E-003                  6.1630907196949850E-004                  5.7221218635412066E-003                  1.2718648985637691E-003                  2.4871053158459591E-003                  3.7477201148552740E-023                  0.0000000000000000E+000                  0.0000000000000000E+000 
                                     285                  1.0999934544303516E+000                  5.0892134425134447E-002                  5.0778556793553573E+000                  7.3604484692016294E+000                  4.2825778639095085E-042                  6.9279999856991481E-001                  3.1395367224789192E-005                  2.9496860606286024E-001                  2.1025988500795495E-003                  6.1630907196949850E-004                  5.7221218635412066E-003                  1.2718648985637691E-003                  2.4871053158459591E-003                  3.8328821761147334E-023                  0.0000000000000000E+000                  0.0000000000000000E+000 
                                     286                  1.0999932247279736E+000                  5.0764789303160807E-002                  5.0827758321513246E+000                  7.2582430424414177E+000                  3.5180680431215625E-042                  6.9279999856991481E-001                  3.1395367224789192E-005                  2.9496860606286024E-001                  2.1025988500795495E-003                  6.1630907196949850E-004                  5.7221218635412066E-003                  1.2718648985637691E-003                  2.4871053158459591E-003                  3.9098751435299118E-023                  0.0000000000000000E+000                  0.0000000000000000E+000 
                                     287                  1.0999930396953730E+000                  5.0664121429814094E-002                  5.0882433676809509E+000                  7.4403991951749564E+000                  5.5837477677876623E-042                  6.9279999856991481E-001                  3.1395367224789192E-005                  2.9496860606286024E-001                  2.1025988500795495E-003                  6.1630907196949850E-004                  5.7221218635412066E-003                  1.2718648985637691E-003                  2.4871053158459591E-003                  3.9962902140701021E-023                  0.0000000000000000E+000                  0.0000000000000000E+000 
                                     288                  1.0999927522798678E+000                  5.0510951340893083E-002                  5.0947545029932888E+000                  7.4397775832489410E+000                  5.8639913180059114E-042                  6.9279999856991481E-001                  3.1395367224789192E-005                  2.9496860606286024E-001                  2.1025988500795495E-003                  6.1630907196949850E-004                  5.7221218635412066E-003                  1.2718648985637691E-003                  2.4871053158459591E-003                  4.1012471898519429E-023                  0.0000000000000000E+000                  0.0000000000000000E+000 
                                     289                  1.0999924580545346E+000                  5.0357946405415722E-002                  5.1022969591381653E+000                  7.5650022462014572E+000                  8.2888204719539650E-042                  6.9279999856991481E-001                  3.1395367224789192E-005                  2.9496860606286024E-001                  2.1025988500795495E-003                  6.1630907196949850E-004                  5.7221218635412066E-003                  1.2718648985637691E-003                  2.4871053158459591E-003                  4.2249260576227006E-023                  0.0000000000000000E+000                  0.0000000000000000E+000 
                                     290                  1.0999920541641686E+000                  5.0153721494075119E-002                  5.1107961726825826E+000                  7.5663259610905778E+000                  8.8695247665220308E-042                  6.9279999856991481E-001                  3.1395367224789192E-005                  2.9496860606286024E-001                  2.1025988500795495E-003                  6.1630907196949850E-004                  5.7221218635412066E-003                  1.2718648985637691E-003                  2.4871053158459591E-003                  4.3679578791017674E-023                  0.0000000000000000E+000                  0.0000000000000000E+000 
                                     291                  1.0999916359251223E+000                  4.9948776641051525E-002                  5.1192102389200320E+000                  7.5679072103471015E+000                  9.4851515544696818E-042                  6.9279999856991481E-001                  3.1395367224789192E-005                  2.9496860606286024E-001                  2.1025988500795495E-003                  6.1630907196949850E-004                  5.7221218635412066E-003                  1.2718648985637691E-003                  2.4871053158459591E-003                  4.5131240378349658E-023                  0.0000000000000000E+000                  0.0000000000000000E+000 
                                     292                  1.0999912028314933E+000                  4.9742986941819223E-002                  5.1254014287429301E+000                  7.2644153784132106E+000                  4.9409150373998887E-042                  6.9279999856991481E-001                  3.1395367224789192E-005                  2.9496860606286024E-001                  2.1025988500795495E-003                  6.1630907196949850E-004                  5.7221218635412066E-003                  1.2718648985637691E-003                  2.4871053158459591E-003                  4.6229246047323378E-023                  0.0000000000000000E+000                  0.0000000000000000E+000 
                                     293                  1.0999909825067096E+000                  4.9640637406987896E-002                  5.1316424121248412E+000                  7.5707125710102359E+000                  1.0475689761484588E-041                  6.9279999856991481E-001                  3.1395367224789192E-005                  2.9496860606286024E-001                  2.1025988500795495E-003                  6.1630907196949850E-004                  5.7221218635412066E-003                  1.2718648985637691E-003                  2.4871053158459591E-003                  4.7344443159370378E-023                  0.0000000000000000E+000                  0.0000000000000000E+000 
                                     294                  1.0999905262126943E+000                  4.9433366726723514E-002                  5.1398572860629717E+000                  7.5728578005234670E+000                  1.1187887420783377E-041                  6.9279999856991481E-001                  3.1395367224789192E-005                  2.9496860606286024E-001                  2.1025988500795495E-003                  6.1630907196949850E-004                  5.7221218635412066E-003                  1.2718648985637691E-003                  2.4871053158459591E-003                  4.8853772678441432E-023                  0.0000000000000000E+000                  0.0000000000000000E+000 
                                     295                  1.0999900537230618E+000                  4.9224969979507399E-002                  5.1479974041068894E+000                  7.5752017579685473E+000                  1.1942886537356929E-041                  6.9279999856991481E-001                  3.1395367224789192E-005                  2.9496860606286024E-001                  2.1025988500795495E-003                  6.1630907196949850E-004                  5.7221218635412066E-003                  1.2718648985637691E-003                  2.4871053158459591E-003                  5.0387957109907565E-023                  0.0000000000000000E+000                  0.0000000000000000E+000 
                                     296                  1.0999895644673994E+000                  4.9015344579461440E-002                  5.1560655924834427E+000                  7.5777309531892625E+000                  1.2743242108569506E-041                  6.9279999856991481E-001                  3.1395367224789192E-005                  2.9496860606286024E-001                  2.1025988500795495E-003                  6.1630907196949850E-004                  5.7221218635412066E-003                  1.2718648985637691E-003                  2.4871053158459591E-003                  5.1947989206883006E-023                  0.0000000000000000E+000                  0.0000000000000000E+000 
                                     297                  1.0999890578553859E+000                  4.8804392705261421E-002                  5.1640646632722786E+000                  7.5804331714769084E+000                  1.3591654835927533E-041                  6.9279999856991481E-001                  3.1395367224789192E-005                  2.9496860606286024E-001                  2.1025988500795495E-003                  6.1630907196949850E-004                  5.7221218635412066E-003                  1.2718648985637691E-003                  2.4871053158459591E-003                  5.3534849010759066E-023                  0.0000000000000000E+000                  0.0000000000000000E+000 
                                     298                  1.0999885332761061E+000                  4.8592020699695870E-002                  5.1719974151428341E+000                  7.5832972965611392E+000                  1.4490980539779394E-041                  6.9279999856991481E-001                  3.1395367224789192E-005                  2.9496860606286024E-001                  2.1025988500795495E-003                  6.1630907196949850E-004                  5.7221218635412066E-003                  1.2718648985637691E-003                  2.4871053158459591E-003                  5.5149510352850382E-023                  0.0000000000000000E+000                  0.0000000000000000E+000 
                                     299                  1.0999879900973371E+000                  4.8378138559844977E-002                  5.1798666221571255E+000                  7.5863131847484873E+000                  1.5444239311104815E-041                  6.9279999856991481E-001                  3.1395367224789192E-005                  2.9496860606286024E-001                  2.1025988500795495E-003                  6.1630907196949850E-004                  5.7221218635412066E-003                  1.2718648985637691E-003                  2.4871053158459591E-003                  5.6792943648328770E-023                  0.0000000000000000E+000                  0.0000000000000000E+000 
                                     300                  1.0999874276648156E+000                  4.8162659491466066E-002                  5.1876750232518090E+000                  7.5894716040689101E+000                  1.6454623365165417E-041                  6.9279999856991481E-001                  3.1395367224789192E-005                  2.9496860606286024E-001                  2.1025988500795495E-003                  6.1630907196949850E-004                  5.7221218635412066E-003                  1.2718648985637691E-003                  2.4871053158459591E-003                  5.8466111897150241E-023                  0.0000000000000000E+000                  0.0000000000000000E+000 
                                     301                  1.0999868453014769E+000                  4.7945499493960708E-002                  5.1954252953654247E+000                  7.5927640624694890E+000                  1.7525509788266104E-041                  6.9279999856991481E-001                  3.1395367224789192E-005                  2.9496860606286024E-001                  2.1025988500795495E-003                  6.1630907196949850E-004                  5.7221218635412066E-003                  1.2718648985637691E-003                  2.4871053158459591E-003                  6.0169982975713765E-023                  0.0000000000000000E+000                  0.0000000000000000E+000 
                                     302                  1.0999862423066695E+000                  4.7726577029953185E-002                  5.2031200266351041E+000                  7.5961827550745218E+000                  1.8660470387535996E-041                  6.9279999856991481E-001                  3.1395367224789192E-005                  2.9496860606286024E-001                  2.1025988500795495E-003                  6.1630907196949850E-004                  5.7221218635412066E-003                  1.2718648985637691E-003                  2.4871053158459591E-003                  6.1905528117500129E-023                  0.0000000000000000E+000                  0.0000000000000000E+000 
                                     303                  1.0999856179553427E+000                  4.7505812720348144E-002                  5.2107617034470781E+000                  7.5997204734261166E+000                  1.9863283937645456E-041                  6.9279999856991481E-001                  3.1395367224789192E-005                  2.9496860606286024E-001                  2.1025988500795495E-003                  6.1630907196949850E-004                  5.7221218635412066E-003                  1.2718648985637691E-003                  2.4871053158459591E-003                  6.3673726737917897E-023                  0.0000000000000000E+000                  0.0000000000000000E+000 
                                     304                  1.0999849714972054E+000                  4.7283129083417780E-002                  5.2183526905786168E+000                  7.6033705159066667E+000                  2.1137949794680723E-041                  6.9279999856991481E-001                  3.1395367224789192E-005                  2.9496860606286024E-001                  2.1025988500795495E-003                  6.1630907196949850E-004                  5.7221218635412066E-003                  1.2718648985637691E-003                  2.4871053158459591E-003                  6.5475572815943882E-023                  0.0000000000000000E+000                  0.0000000000000000E+000 
                                     305                  1.0999843021558597E+000                  4.7058450317746477E-002                  5.2258952230991502E+000                  7.6071266508756521E+000                  2.2488700408229874E-041                  6.9279999856991481E-001                  3.1395367224789192E-005                  2.9496860606286024E-001                  2.1025988500795495E-003                  6.1630907196949850E-004                  5.7221218635412066E-003                  1.2718648985637691E-003                  2.4871053158459591E-003                  6.7312074745314523E-023                  0.0000000000000000E+000                  0.0000000000000000E+000 
                                     306                  1.0999836091279016E+000                  4.6831702102344899E-002                  5.2333914103196832E+000                  7.6109830542648433E+000                  2.3920016120709540E-041                  6.9279999856991481E-001                  3.1395367224789192E-005                  2.9496860606286024E-001                  2.1025988500795495E-003                  6.1630907196949850E-004                  5.7221218635412066E-003                  1.2718648985637691E-003                  2.4871053158459591E-003                  6.9184259902213522E-023                  0.0000000000000000E+000                  0.0000000000000000E+000 
                                     307                  1.0999828915819929E+000                  4.6602811427067015E-002                  5.2408432399492284E+000                  7.6149342802463567E+000                  2.5436639537993560E-041                  6.9279999856991481E-001                  3.1395367224789192E-005                  2.9496860606286024E-001                  2.1025988500795495E-003                  6.1630907196949850E-004                  5.7221218635412066E-003                  1.2718648985637691E-003                  2.4871053158459591E-003                  7.1093174990404777E-023                  0.0000000000000000E+000                  0.0000000000000000E+000 
                                     308                  1.0999821486579016E+000                  4.6371706436374144E-002                  5.2482525874664603E+000                  7.6189752328075304E+000                  2.7043590793218183E-041                  6.9279999856991481E-001                  3.1395367224789192E-005                  2.9496860606286024E-001                  2.1025988500795495E-003                  6.1630907196949850E-004                  5.7221218635412066E-003                  1.2718648985637691E-003                  2.4871053158459591E-003                  7.3039886638304222E-023                  0.0000000000000000E+000                  0.0000000000000000E+000 
                                     309                  1.0999813794655076E+000                  4.6138316285817695E-002                  5.2556212305571481E+000                  7.6231011316417412E+000                  2.8746184245101192E-041                  6.9279999856991481E-001                  3.1395367224789192E-005                  2.9496860606286024E-001                  2.1025988500795495E-003                  6.1630907196949850E-004                  5.7221218635412066E-003                  1.2718648985637691E-003                  2.4871053158459591E-003                  7.5025483472555291E-023                  0.0000000000000000E+000                  0.0000000000000000E+000 
                                     310                  1.0999805830837786E+000                  4.5902571014296130E-002                  5.2629508623035592E+000                  7.6273075073613477E+000                  3.0550044414693188E-041                  6.9279999856991481E-001                  3.1395367224789192E-005                  2.9496860606286024E-001                  2.1025988500795495E-003                  6.1630907196949850E-004                  5.7221218635412066E-003                  1.2718648985637691E-003                  2.4871053158459591E-003                  7.7051073549858763E-023                  0.0000000000000000E+000                  0.0000000000000000E+000 
                                     311                  1.0999797585597071E+000                  4.5664401416287435E-002                  5.2702431015318707E+000                  7.6315901721187451E+000                  3.2461124437190486E-041                  6.9279999856991481E-001                  3.1395367224789192E-005                  2.9496860606286024E-001                  2.1025988500795495E-003                  6.1630907196949850E-004                  5.7221218635412066E-003                  1.2718648985637691E-003                  2.4871053158459591E-003                  7.9117786215678774E-023                  0.0000000000000000E+000                  0.0000000000000000E+000 
                                     312                  1.0999789049072146E+000                  4.5423738927094871E-002                  5.2774995039314883E+000                  7.6359451998910082E+000                  3.4485725120376864E-041                  6.9279999856991481E-001                  3.1395367224789192E-005                  2.9496860606286024E-001                  2.1025988500795495E-003                  6.1630907196949850E-004                  5.7221218635412066E-003                  1.2718648985637691E-003                  2.4871053158459591E-003                  8.1226772707622072E-023                  0.0000000000000000E+000                  0.0000000000000000E+000 
                                     313                  1.0999780211060175E+000                  4.5180515516012619E-002                  5.2847215704749635E+000                  7.6403689243454664E+000                  3.6630513753375094E-041                  6.9279999856991481E-001                  3.1395367224789192E-005                  2.9496860606286024E-001                  2.1025988500795495E-003                  6.1630907196949850E-004                  5.7221218635412066E-003                  1.2718648985637691E-003                  2.4871053158459591E-003                  8.3379203647748013E-023                  0.0000000000000000E+000                  0.0000000000000000E+000 
                                     314                  1.0999771061004551E+000                  4.4934663577531772E-002                  5.2919107519932655E+000                  7.6448579056729349E+000                  3.8902546484865468E-041                  6.9279999856991481E-001                  3.1395367224789192E-005                  2.9496860606286024E-001                  2.1025988500795495E-003                  6.1630907196949850E-004                  5.7221218635412066E-003                  1.2718648985637691E-003                  2.4871053158459591E-003                  8.5576272587750947E-023                  0.0000000000000000E+000                  0.0000000000000000E+000 
                                     315                  1.0999761587982768E+000                  4.4686115837846513E-002                  5.2990684525156366E+000                  7.6494089192990824E+000                  4.1309290450466863E-041                  6.9279999856991481E-001                  3.1395367224789192E-005                  2.9496860606286024E-001                  2.1025988500795495E-003                  6.1630907196949850E-004                  5.7221218635412066E-003                  1.2718648985637691E-003                  2.4871053158459591E-003                  8.7819195835124388E-023                  0.0000000000000000E+000                  0.0000000000000000E+000 
                                     316                  1.0999751780693918E+000                  4.4434805264698285E-002                  5.3061960321922097E+000                  7.6540189484669989E+000                  9.9862799165852085E-041                  6.9279999856991481E-001                  3.1395367224789192E-005                  2.9496860606286024E-001                  2.1025988500795495E-003                  6.1630907196949850E-004                  5.7221218635412066E-003                  1.2718648985637691E-003                  2.4871053158459591E-003                  1.1229661326704654E-022                  0.0000000000000000E+000                  0.0000000000000000E+000 
                                     317                  1.0999741627445725E+000                  4.4180664978249594E-002                  5.3132948071720500E+000                  7.6586851534406888E+000                  3.2663703406701408E-040                  6.9279999856991481E-001                  3.1395367224789192E-005                  2.9496860606286024E-001                  2.1025988500795495E-003                  6.1630907196949850E-004                  5.7221218635412066E-003                  1.2718648985637691E-003                  2.4871053158459591E-003                  1.5567347157413264E-022                  0.0000000000000000E+000                  0.0000000000000000E+000 
                                     318                  1.0999731116141176E+000                  4.3923628176667048E-002                  5.3203660485113407E+000                  7.6634048649923692E+000                  1.0570836800765900E-039                  6.9279999856991481E-001                  3.1395367224789192E-005                  2.9496860606286024E-001                  2.1025988500795495E-003                  6.1630907196949850E-004                  5.7221218635412066E-003                  1.2718648985637691E-003                  2.4871053158459591E-003                  2.1516452963831522E-022                  0.0000000000000000E+000                  0.0000000000000000E+000 
                                     319                  1.0999720234264680E+000                  4.3663628062704317E-002                  5.3274109830645191E+000                  7.6681755731958336E+000                  3.3858432885120834E-039                  6.9279999856991481E-001                  3.1395367224789192E-005                  2.9496860606286024E-001                  2.1025988500795495E-003                  6.1630907196949850E-004                  5.7221218635412066E-003                  1.2718648985637691E-003                  2.4871053158459591E-003                  2.9653247965085686E-022                  0.0000000000000000E+000                  0.0000000000000000E+000 
                                     320                  1.0999708968867790E+000                  4.3400597774037562E-002                  5.3344307920551381E+000                  7.6729949048189487E+000                  1.0736521967670590E-038                  6.9279999856991481E-001                  3.1395367224789192E-005                  2.9496860606286024E-001                  2.1025988500795495E-003                  6.1630907196949850E-004                  5.7221218635412066E-003                  1.2718648985637691E-003                  2.4871053158459591E-003                  4.0752586998086724E-022                  0.0000000000000000E+000                  0.0000000000000000E+000 
                                     321                  1.0999697306554406E+000                  4.3134470324473914E-002                  5.3414266097746692E+000                  7.6778606187175731E+000                  3.3714746031329601E-038                  6.9279999856991481E-001                  3.1395367224789192E-005                  2.9496860606286024E-001                  2.1025988500795495E-003                  6.1630907196949850E-004                  5.7221218635412066E-003                  1.2718648985637691E-003                  2.4871053158459591E-003                  5.5853916600717565E-022                  0.0000000000000000E+000                  0.0000000000000000E+000 
                                     322                  1.0999685233465508E+000                  4.2865178545539867E-002                  5.3483995246545311E+000                  7.6827705948954117E+000                  1.0486984212014140E-037                  6.9279999856991481E-001                  3.1395367224789192E-005                  2.9496860606286024E-001                  2.1025988500795495E-003                  6.1630907196949850E-004                  5.7221218635412066E-003                  1.2718648985637691E-003                  2.4871053158459591E-003                  7.6348464184039137E-022                  0.0000000000000000E+000                  0.0000000000000000E+000 
                                     323                  1.0999672735263368E+000                  4.2592655032357436E-002                  5.3553505789235425E+000                  7.6877228202116834E+000                  3.2319567011211563E-037                  6.9279999856991481E-001                  3.1395367224789192E-005                  2.9496860606286024E-001                  2.1025988500795495E-003                  6.1630907196949850E-004                  5.7221218635412066E-003                  1.2718648985637691E-003                  2.4871053158459591E-003                  1.0409417109393090E-021                  0.0000000000000000E+000                  0.0000000000000000E+000 
                                     324                  1.0999659797115229E+000                  4.2316832096179133E-002                  5.3622807688518686E+000                  7.6927153845037823E+000                  9.8711866940080680E-037                  6.9279999856991481E-001                  3.1395367224789192E-005                  2.9496860606286024E-001                  2.1025988500795495E-003                  6.1630907196949850E-004                  5.7221218635412066E-003                  1.2718648985637691E-003                  2.4871053158459591E-003                  1.4156689942490200E-021                  0.0000000000000000E+000                  0.0000000000000000E+000 
                                     325                  1.0999646403676440E+000                  4.2037641717310774E-002                  5.3691910464924533E+000                  7.6977464719485322E+000                  2.9885603255010358E-036                  6.9279999856991481E-001                  3.1395367224789192E-005                  2.9496860606286024E-001                  2.1025988500795495E-003                  6.1630907196949850E-004                  5.7221218635412066E-003                  1.2718648985637691E-003                  2.4871053158459591E-003                  1.9205898781365773E-021                  0.0000000000000000E+000                  0.0000000000000000E+000 
                                     326                  1.0999632539073023E+000                  4.1755015501500792E-002                  5.3760823208352679E+000                  7.7028143527160990E+000                  8.9709578680793162E-036                  6.9279999856991481E-001                  3.1395367224789192E-005                  2.9496860606286024E-001                  2.1025988500795495E-003                  6.1630907196949850E-004                  5.7221218635412066E-003                  1.2718648985637691E-003                  2.4871053158459591E-003                  2.5993948415692958E-021                  0.0000000000000000E+000                  0.0000000000000000E+000 
                                     327                  1.0999618186883666E+000                  4.1468884639822012E-002                  5.3829554593316606E+000                  7.7079173798410388E+000                  2.6704877983341775E-035                  6.9279999856991481E-001                  3.1395367224789192E-005                  2.9496860606286024E-001                  2.1025988500795495E-003                  6.1630907196949850E-004                  5.7221218635412066E-003                  1.2718648985637691E-003                  2.4871053158459591E-003                  3.5099458594435003E-021                  0.0000000000000000E+000                  0.0000000000000000E+000 
                                     328                  1.0999603330121104E+000                  4.1179179868794852E-002                  5.3898112902881739E+000                  7.7130539829447216E+000                  7.8850440560844707E-035                  6.9279999856991481E-001                  3.1395367224789192E-005                  2.9496860606286024E-001                  2.1025988500795495E-003                  6.1630907196949850E-004                  5.7221218635412066E-003                  1.2718648985637691E-003                  2.4871053158459591E-003                  4.7287222204145955E-021                  0.0000000000000000E+000                  0.0000000000000000E+000 
                                     329                  1.0999587951212884E+000                  4.0885831432874442E-002                  5.3966506054850907E+000                  7.7182226638198639E+000                  2.3097360334685113E-034                  6.9279999856991481E-001                  3.1395367224789192E-005                  2.9496860606286024E-001                  2.1025988500795495E-003                  6.1630907196949850E-004                  5.7221218635412066E-003                  1.2718648985637691E-003                  2.4871053158459591E-003                  6.3566161051180480E-021                  0.0000000000000000E+000                  0.0000000000000000E+000 
                                     330                  1.0999572031981482E+000                  4.0588769048187180E-002                  5.4034741626670808E+000                  7.7234219946235116E+000                  6.7134307614950262E-034                  6.9279999856991481E-001                  3.1395367224789192E-005                  2.9496860606286024E-001                  2.1025988500795495E-003                  6.1630907196949850E-004                  5.7221218635412066E-003                  1.2718648985637691E-003                  2.4871053158459591E-003                  8.5264746466518821E-021                  0.0000000000000000E+000                  0.0000000000000000E+000 
                                     331                  1.0999555553623768E+000                  4.0287921865796342E-002                  5.4102826891112725E+000                  7.7286506133327082E+000                  1.9365402255690143E-033                  6.9279999856991481E-001                  3.1395367224789192E-005                  2.9496860606286024E-001                  2.1025988500795495E-003                  6.1630907196949850E-004                  5.7221218635412066E-003                  1.2718648985637691E-003                  2.4871053158459591E-003                  1.1412898867103900E-020                  0.0000000000000000E+000                  0.0000000000000000E+000 
                                     332                  1.0999538496689780E+000                  3.9983218436371641E-002                  5.4170768864876324E+000                  7.7339072232634329E+000                  5.5447440911345603E-033                  6.9279999856991481E-001                  3.1395367224789192E-005                  2.9496860606286024E-001                  2.1025988500795495E-003                  6.1630907196949850E-004                  5.7221218635412066E-003                  1.2718648985637691E-003                  2.4871053158459591E-003                  1.5244954734141052E-020                  0.0000000000000000E+000                  0.0000000000000000E+000 
                                     333                  1.0999520841060790E+000                  3.9674586673484773E-002                  5.4238574345658108E+000                  7.7391905936905712E+000                  1.5760854844312202E-032                  6.9279999856991481E-001                  3.1395367224789192E-005                  2.9496860606286024E-001                  2.1025988500795495E-003                  6.1630907196949850E-004                  5.7221218635412066E-003                  1.2718648985637691E-003                  2.4871053158459591E-003                  2.0322635062051230E-020                  0.0000000000000000E+000                  0.0000000000000000E+000 
                                     334                  1.0999502565926642E+000                  3.9361953814633907E-002                  5.4306249956856032E+000                  7.7444995552519087E+000                  4.4482530577652738E-032                  6.9279999856991481E-001                  3.1395367224789192E-005                  2.9496860606286024E-001                  2.1025988500795495E-003                  6.1630907196949850E-004                  5.7221218635412066E-003                  1.2718648985637691E-003                  2.4871053158459591E-003                  2.7038148251311755E-020                  0.0000000000000000E+000                  0.0000000000000000E+000 
                                     335                  1.0999483649762338E+000                  3.9045246383633041E-002                  5.4373802208120976E+000                  7.7498330021899875E+000                  1.2467427694531511E-031                  6.9279999856991481E-001                  3.1395367224789192E-005                  2.9496860606286024E-001                  2.1025988500795495E-003                  6.1630907196949850E-004                  5.7221218635412066E-003                  1.2718648985637691E-003                  2.4871053158459591E-003                  3.5903410296101357E-020                  0.0000000000000000E+000                  0.0000000000000000E+000 
                                     336                  1.0999464070303839E+000                  3.8724390149441949E-002                  5.4441237533310449E+000                  7.7551898953397931E+000                  3.4706158508197688E-031                  6.9279999856991481E-001                  3.1395367224789192E-005                  2.9496860606286024E-001                  2.1025988500795495E-003                  6.1630907196949850E-004                  5.7221218635412066E-003                  1.2718648985637691E-003                  2.4871053158459591E-003                  4.7585494836737493E-020                  0.0000000000000000E+000                  0.0000000000000000E+000 
                                     337                  1.0999443804523068E+000                  3.8399310080616540E-002                  5.4508562309589932E+000                  7.7605692537514912E+000                  9.5971376014047538E-031                  6.9279999856991481E-001                  3.1395367224789192E-005                  2.9496860606286024E-001                  2.1025988500795495E-003                  6.1630907196949850E-004                  5.7221218635412066E-003                  1.2718648985637691E-003                  2.4871053158459591E-003                  6.2952281108556167E-020                  0.0000000000000000E+000                  0.0000000000000000E+000 
                                     338                  1.0999422828602083E+000                  3.8069930303683573E-002                  5.4575782872915317E+000                  7.7659701542878823E+000                  2.6366002620074274E-030                  6.9279999856991481E-001                  3.1395367224789192E-005                  2.9496860606286024E-001                  2.1025988500795495E-003                  6.1630907196949850E-004                  5.7221218635412066E-003                  1.2718648985637691E-003                  2.4871053158459591E-003                  8.3131153761973891E-020                  0.0000000000000000E+000                  0.0000000000000000E+000 
                                     339                  1.0999401117906391E+000                  3.7736174059670238E-002                  5.4642905524498335E+000                  7.7713917334368432E+000                  7.1973860610887001E-030                  6.9279999856991481E-001                  3.1395367224789192E-005                  2.9496860606286024E-001                  2.1025988500795495E-003                  6.1630907196949850E-004                  5.7221218635412066E-003                  1.2718648985637691E-003                  2.4871053158459591E-003                  1.0958438403707069E-019                  0.0000000000000000E+000                  0.0000000000000000E+000 
                                     340                  1.0999378646957374E+000                  3.7397963656955489E-002                  5.4709936496249938E+000                  7.7768331762337111E+000                  1.9525065100967783E-029                  6.9279999856991481E-001                  3.1395367224789192E-005                  2.9496860606286024E-001                  2.1025988500795495E-003                  6.1630907196949850E-004                  5.7221218635412066E-003                  1.2718648985637691E-003                  2.4871053158459591E-003                  1.4420579237742723E-019                  0.0000000000000000E+000                  0.0000000000000000E+000 
                                     341                  1.0999355389403813E+000                  3.7055220430370552E-002                  5.4776881888724116E+000                  7.7822937086385791E+000                  5.2644699708787418E-029                  6.9279999856991481E-001                  3.1395367224789192E-005                  2.9496860606286024E-001                  2.1025988500795495E-003                  6.1630907196949850E-004                  5.7221218635412066E-003                  1.2718648985637691E-003                  2.4871053158459591E-003                  1.8944451825102316E-019                  0.0000000000000000E+000                  0.0000000000000000E+000 
                                     342                  1.0999331317992467E+000                  3.6707864704351924E-002                  5.4843747639675771E+000                  7.7877725948812033E+000                  1.4109668117438664E-028                  6.9279999856991481E-001                  3.1395367224789192E-005                  2.9496860606286024E-001                  2.1025988500795495E-003                  6.1630907196949850E-004                  5.7221218635412066E-003                  1.2718648985637691E-003                  2.4871053158459591E-003                  2.4846330995258182E-019                  0.0000000000000000E+000                  0.0000000000000000E+000 
                                     343                  1.0999306404537665E+000                  3.6355815756502326E-002                  5.4910539480241596E+000                  7.7932691311382847E+000                  3.7595182893822014E-028                  6.9279999856991481E-001                  3.1395367224789192E-005                  2.9496860606286024E-001                  2.1025988500795495E-003                  6.1630907196949850E-004                  5.7221218635412066E-003                  1.2718648985637691E-003                  2.4871053158459591E-003                  3.2534066778828270E-019                  0.0000000000000000E+000                  0.0000000000000000E+000 
                                     344                  1.0999280619889924E+000                  3.5998991784650852E-002                  5.4977262870032062E+000                  7.7987826365003876E+000                  9.9598230093822162E-028                  6.9279999856991481E-001                  3.1395367224789192E-005                  2.9496860606286024E-001                  2.1025988500795495E-003                  6.1630907196949850E-004                  5.7221218635412066E-003                  1.2718648985637691E-003                  2.4871053158459591E-003                  4.2532861157052122E-019                  0.0000000000000000E+000                  0.0000000000000000E+000 
                                     345                  1.0999253933903497E+000                  3.5637309880006053E-002                  5.5043922972291881E+000                  7.8043124478970514E+000                  2.6237554426846657E-027                  6.9279999856991481E-001                  3.1395367224789192E-005                  2.9496860606286024E-001                  2.1025988500795495E-003                  6.1630907196949850E-004                  5.7221218635412066E-003                  1.2718648985637691E-003                  2.4871053158459591E-003                  5.5518099421272657E-019                  0.0000000000000000E+000                  0.0000000000000000E+000 
                                     346                  1.0999226315402886E+000                  3.5270686003603210E-002                  5.5110524653419137E+000                  7.8098579215008730E+000                  6.8737396016547100E-027                  6.9279999856991481E-001                  3.1395367224789192E-005                  2.9496860606286024E-001                  2.1025988500795495E-003                  6.1630907196949850E-004                  5.7221218635412066E-003                  1.2718648985637691E-003                  2.4871053158459591E-003                  7.2357112630290960E-019                  0.0000000000000000E+000                  0.0000000000000000E+000 
                                     347                  1.0999197732148229E+000                  3.4899034960802794E-002                  5.5177072484228544E+000                  7.8154184293646756E+000                  1.7910347507039311E-026                  6.9279999856991481E-001                  3.1395367224789192E-005                  2.9496860606286024E-001                  2.1025988500795495E-003                  6.1630907196949850E-004                  5.7221218635412066E-003                  1.2718648985637691E-003                  2.4871053158459591E-003                  9.4162231270034241E-019                  0.0000000000000000E+000                  0.0000000000000000E+000 
                                     348                  1.0999168150799559E+000                  3.4522270377835194E-002                  5.5243570748804629E+000                  7.8209933559208729E+000                  4.6419143503412549E-026                  6.9279999856991481E-001                  3.1395367224789192E-005                  2.9496860606286024E-001                  2.1025988500795495E-003                  6.1630907196949850E-004                  5.7221218635412066E-003                  1.2718648985637691E-003                  2.4871053158459591E-003                  1.2235809863597360E-018                  0.0000000000000000E+000                  0.0000000000000000E+000 
                                     349                  1.0999137536879890E+000                  3.4140304680713239E-002                  5.5310023472096104E+000                  7.8265821015653350E+000                  1.1967713058795846E-025                  6.9279999856991481E-001                  3.1395367224789192E-005                  2.9496860606286024E-001                  2.1025988500795495E-003                  6.1630907196949850E-004                  5.7221218635412066E-003                  1.2718648985637691E-003                  2.4871053158459591E-003                  1.5876697515396860E-018                  0.0000000000000000E+000                  0.0000000000000000E+000 
                                     350                  1.0999105854737097E+000                  3.3753049070413106E-002                  5.5376434457687278E+000                  7.8321840835413381E+000                  3.0696085986482781E-025                  6.9279999856991481E-001                  3.1395367224789192E-005                  2.9496860606286024E-001                  2.1025988500795495E-003                  6.1630907196949850E-004                  5.7221218635412066E-003                  1.2718648985637691E-003                  2.4871053158459591E-003                  2.0571671717004999E-018                  0.0000000000000000E+000                  0.0000000000000000E+000 
                                     351                  1.0999073067504539E+000                  3.3360413496469704E-002                  5.5442807311056033E+000                  7.8377987346279561E+000                  7.8333558971743953E-025                  6.9279999856991481E-001                  3.1395367224789192E-005                  2.9496860606286024E-001                  2.1025988500795495E-003                  6.1630907196949850E-004                  5.7221218635412066E-003                  1.2718648985637691E-003                  2.4871053158459591E-003                  2.6617728361670461E-018                  0.0000000000000000E+000                  0.0000000000000000E+000 
                                     352                  1.0999039137060389E+000                  3.2962306630892627E-002                  5.5509145464355045E+000                  7.8434255048579749E+000                  1.9890212767746075E-024                  6.9279999856991481E-001                  3.1395367224789192E-005                  2.9496860606286024E-001                  2.1025988500795495E-003                  6.1630907196949850E-004                  5.7221218635412066E-003                  1.2718648985637691E-003                  2.4871053158459591E-003                  3.4393310903627292E-018                  0.0000000000000000E+000                  0.0000000000000000E+000 
                                     353                  1.0999004023985641E+000                  3.2558635839643350E-002                  5.5575452208100602E+000                  7.8490638627499125E+000                  5.0256247088773127E-024                  6.9279999856991481E-001                  3.1395367224789192E-005                  2.9496860606286024E-001                  2.1025988500795495E-003                  6.1630907196949850E-004                  5.7221218635412066E-003                  1.2718648985637691E-003                  2.4871053158459591E-003                  4.4380052856711545E-018                  0.0000000000000000E+000                  0.0000000000000000E+000 
                                     354                  1.0998967687520733E+000                  3.2149307151954090E-002                  5.5641730709618482E+000                  7.8547132949314884E+000                  1.2636619363244621E-023                  6.9279999856991481E-001                  3.1395367224789192E-005                  2.9496860606286024E-001                  2.1025988500795495E-003                  6.1630907196949850E-004                  5.7221218635412066E-003                  1.2718648985637691E-003                  2.4871053158459591E-003                  5.7190169940905924E-018                  0.0000000000000000E+000                  0.0000000000000000E+000 
                                     355                  1.0998930085520751E+000                  3.1734225228878539E-002                  5.5707984028869992E+000                  7.8603733060335195E+000                  3.1622203463144965E-023                  6.9279999856991481E-001                  3.1395367224789192E-005                  2.9496860606286024E-001                  2.1025988500795495E-003                  6.1630907196949850E-004                  5.7221218635412066E-003                  1.2718648985637691E-003                  2.4871053158459591E-003                  7.3600931713789934E-018                  0.0000000000000000E+000                  0.0000000000000000E+000 
                                     356                  1.0998891174409182E+000                  3.1313293330788701E-002                  5.5774215137999210E+000                  7.8660434193302295E+000                  7.8759493900110524E-023                  6.9279999856991481E-001                  3.1395367224789192E-005                  2.9496860606286024E-001                  2.1025988500795495E-003                  6.1630907196949850E-004                  5.7221218635412066E-003                  1.2718648985637691E-003                  2.4871053158459591E-003                  9.4597995960071245E-018                  0.0000000000000000E+000                  0.0000000000000000E+000 
                                     357                  1.0998850909130142E+000                  3.0886413283035416E-002                  5.5840426933453715E+000                  7.8717231768192946E+000                  1.9525024115274404E-022                  6.9279999856991481E-001                  3.1395367224789192E-005                  2.9496860606286024E-001                  2.1025988500795495E-003                  6.1630907196949850E-004                  5.7221218635412066E-003                  1.2718648985637691E-003                  2.4871053158459591E-003                  1.2142982315745773E-017                  0.0000000000000000E+000                  0.0000000000000000E+000 
                                     358                  1.0998809243099057E+000                  3.0453485440220553E-002                  5.5906622247011297E+000                  7.8774121381987188E+000                  4.8182092785681613E-022                  6.9279999856991481E-001                  3.1395367224789192E-005                  2.9496860606286024E-001                  2.1025988500795495E-003                  6.1630907196949850E-004                  5.7221218635412066E-003                  1.2718648985637691E-003                  2.4871053158459591E-003                  1.5567593214007664E-017                  0.0000000000000000E+000                  0.0000000000000000E+000 
                                     359                  1.0998766128151738E+000                  3.0014408650127746E-002                  5.5972803859410005E+000                  7.8831098812961908E+000                  1.1836193495097674E-021                  6.9279999856991481E-001                  3.1395367224789192E-005                  2.9496860606286024E-001                  2.1025988500795495E-003                  6.1630907196949850E-004                  5.7221218635412066E-003                  1.2718648985637691E-003                  2.4871053158459591E-003                  1.9933242922789296E-017                  0.0000000000000000E+000                  0.0000000000000000E+000 
                                     360                  1.0998721514491800E+000                  2.9569080215845547E-002                  5.6038974509372510E+000                  7.8888160022851350E+000                  2.8946564342516234E-021                  6.9279999856991481E-001                  3.1395367224789192E-005                  2.9496860606286024E-001                  2.1025988500795495E-003                  6.1630907196949850E-004                  5.7221218635412066E-003                  1.2718648985637691E-003                  2.4871053158459591E-003                  2.5491906804816310E-017                  0.0000000000000000E+000                  0.0000000000000000E+000 
                                     361                  1.0998675350636395E+000                  2.9117395856203918E-002                  5.6105136903405537E+000                  7.8945301143708635E+000                  7.0480056283534402E-021                  6.9279999856991481E-001                  3.1395367224789192E-005                  2.9496860606286024E-001                  2.1025988500795495E-003                  6.1630907196949850E-004                  5.7221218635412066E-003                  1.2718648985637691E-003                  2.4871053158459591E-003                  3.2561312763146800E-017                  0.0000000000000000E+000                  0.0000000000000000E+000 
                                     362                  1.0998627583360188E+000                  2.8659249666050962E-002                  5.6171293728926601E+000                  7.9002518483954551E+000                  1.7086176991235293E-020                  6.9279999856991481E-001                  3.1395367224789192E-005                  2.9496860606286024E-001                  2.1025988500795495E-003                  6.1630907196949850E-004                  5.7221218635412066E-003                  1.2718648985637691E-003                  2.4871053158459591E-003                  4.1541666264787858E-017                  0.0000000000000000E+000                  0.0000000000000000E+000 
                                     363                  1.0998578157637509E+000                  2.8194534074366149E-002                  5.6237447663587377E+000                  7.9059808538160246E+000                  4.1243717708075361E-020                  6.9279999856991481E-001                  3.1395367224789192E-005                  2.9496860606286024E-001                  2.1025988500795495E-003                  6.1630907196949850E-004                  5.7221218635412066E-003                  1.2718648985637691E-003                  2.4871053158459591E-003                  5.2936523478723862E-017                  0.0000000000000000E+000                  0.0000000000000000E+000 
                                     364                  1.0998527016582662E+000                  2.7723139799678949E-002                  5.6303601389067088E+000                  7.9117167973549760E+000                  9.9135548667943755E-020                  6.9279999856991481E-001                  3.1395367224789192E-005                  2.9496860606286024E-001                  2.1025988500795495E-003                  6.1630907196949850E-004                  5.7221218635412066E-003                  1.2718648985637691E-003                  2.4871053158459591E-003                  6.7378817956351856E-017                  0.0000000000000000E+000                  0.0000000000000000E+000 
                                     365                  1.0998474101388258E+000                  2.7244955805189940E-002                  5.6369757611851403E+000                  7.9174593645407354E+000                  2.3729245973893981E-019                  6.9279999856991481E-001                  3.1395367224789192E-005                  2.9496860606286024E-001                  2.1025988500795495E-003                  6.1630907196949850E-004                  5.7221218635412066E-003                  1.2718648985637691E-003                  2.4871053158459591E-003                  8.5663284379293113E-017                  0.0000000000000000E+000                  0.0000000000000000E+000 
                                     366                  1.0998419351261588E+000                  2.6759869250415173E-002                  5.6435919077154146E+000                  7.9232082617300170E+000                  5.6564690917156251E-019                  6.9279999856991481E-001                  3.1395367224789192E-005                  2.9496860606286024E-001                  2.1025988500795495E-003                  6.1630907196949850E-004                  5.7221218635412066E-003                  1.2718648985637691E-003                  2.4871053158459591E-003                  1.0878681315227061E-016                  0.0000000000000000E+000                  0.0000000000000000E+000 
                                     367                  1.0998362703358915E+000                  2.6267765438576205E-002                  5.6502088580836052E+000                  7.9289632137021897E+000                  1.3428819295622409E-018                  6.9279999856991481E-001                  3.1395367224789192E-005                  2.9496860606286024E-001                  2.1025988500795495E-003                  6.1630907196949850E-004                  5.7221218635412066E-003                  1.2718648985637691E-003                  2.4871053158459591E-003                  1.3799863339217225E-016                  0.0000000000000000E+000                  0.0000000000000000E+000 
                                     368                  1.0998304092717670E+000                  2.5768527764539365E-002                  5.6568268984568855E+000                  7.9347239649562606E+000                  3.1753027723362073E-018                  6.9279999856991481E-001                  3.1395367224789192E-005                  2.9496860606286024E-001                  2.1025988500795495E-003                  6.1630907196949850E-004                  5.7221218635412066E-003                  1.2718648985637691E-003                  2.4871053158459591E-003                  1.7486266551755905E-016                  0.0000000000000000E+000                  0.0000000000000000E+000 
                                     369                  1.0998243452186414E+000                  2.5262037659128152E-002                  5.6634463224588387E+000                  7.9404902813044176E+000                  7.4784454635164299E-018                  6.9279999856991481E-001                  3.1395367224789192E-005                  2.9496860606286024E-001                  2.1025988500795495E-003                  6.1630907196949850E-004                  5.7221218635412066E-003                  1.2718648985637691E-003                  2.4871053158459591E-003                  2.2133492582615203E-016                  0.0000000000000000E+000                  0.0000000000000000E+000 
                                     370                  1.0998180712352668E+000                  2.4748174529227222E-002                  5.6700674302961236E+000                  7.9462619469389573E+000                  1.7544473040201400E-017                  6.9279999856991481E-001                  3.1395367224789192E-005                  2.9496860606286024E-001                  2.1025988500795495E-003                  6.1630907196949850E-004                  5.7221218635412066E-003                  1.2718648985637691E-003                  2.4871053158459591E-003                  2.7985952945744786E-016                  0.0000000000000000E+000                  0.0000000000000000E+000 
                                     371                  1.0998115801468278E+000                  2.4226815698847035E-002                  5.6766905265126839E+000                  7.9520387610149239E+000                  4.1001140715291268E-017                  6.9279999856991481E-001                  3.1395367224789192E-005                  2.9496860606286024E-001                  2.1025988500795495E-003                  6.1630907196949850E-004                  5.7221218635412066E-003                  1.2718648985637691E-003                  2.4871053158459591E-003                  3.5348764924643222E-016                  0.0000000000000000E+000                  0.0000000000000000E+000 
                                     372                  1.0998048645372440E+000                  2.3697836351934377E-002                  5.6833159185530988E+000                  7.9578205378470255E+000                  9.5455679234587853E-017                  6.9279999856991481E-001                  3.1395367224789192E-005                  2.9496860606286024E-001                  2.1025988500795495E-003                  6.1630907196949850E-004                  5.7221218635412066E-003                  1.2718648985637691E-003                  2.4871053158459591E-003                  4.4602480604295943E-016                  0.0000000000000000E+000                  0.0000000000000000E+000 
                                     373                  1.0997979167412351E+000                  2.3161109472726395E-002                  5.6899439143835160E+000                  7.9636071033548959E+000                  2.2140176504563022E-016                  6.9279999856991481E-001                  3.1395367224789192E-005                  2.9496860606286024E-001                  2.1025988500795495E-003                  6.1630907196949850E-004                  5.7221218635412066E-003                  1.2718648985637691E-003                  2.4871053158459591E-003                  5.6221306909251863E-016                  0.0000000000000000E+000                  0.0000000000000000E+000 
                                     374                  1.0997907288361282E+000                  2.2616505788236995E-002                  5.6965748181046445E+000                  7.9693982902907576E+000                  5.1163063187348408E-016                  6.9279999856991481E-001                  3.1395367224789192E-005                  2.9496860606286024E-001                  2.1025988500795495E-003                  6.1630907196949850E-004                  5.7221218635412066E-003                  1.2718648985637691E-003                  2.4871053158459591E-003                  7.0795620885088847E-016                  0.0000000000000000E+000                  0.0000000000000000E+000 
                                     375                  1.0997832926334079E+000                  2.2063893714725544E-002                  5.7032089274013353E+000                  7.9751939359882469E+000                  1.1780132468891801E-015                  6.9279999856991481E-001                  3.1395367224789192E-005                  2.9496860606286024E-001                  2.1025988500795495E-003                  6.1630907196949850E-004                  5.7221218635412066E-003                  1.2718648985637691E-003                  2.4871053158459591E-003                  8.9059773184391220E-016                  0.0000000000000000E+000                  0.0000000000000000E+000 
                                     376                  1.0997755996699952E+000                  2.1503139305349767E-002                  5.7098465320590739E+000                  7.9809938818424184E+000                  2.7026095100954293E-015                  6.9279999856991481E-001                  3.1395367224789192E-005                  2.9496860606286024E-001                  2.1025988500795495E-003                  6.1630907196949850E-004                  5.7221218635412066E-003                  1.2718648985637691E-003                  2.4871053158459591E-003                  1.1192639269174054E-015                  0.0000000000000000E+000                  0.0000000000000000E+000 
                                     377                  1.0997676411992452E+000                  2.0934106196926167E-002                  5.7164879116323002E+000                  7.9867979706972392E+000                  6.1784050229379786E-015                  6.9279999856991481E-001                  3.1395367224789192E-005                  2.9496860606286024E-001                  2.1025988500795495E-003                  6.1630907196949850E-004                  5.7221218635412066E-003                  1.2718648985637691E-003                  2.4871053158459591E-003                  1.4052867144788755E-015                  0.0000000000000000E+000                  0.0000000000000000E+000 
                                     378                  1.0997594081816617E+000                  2.0356655558586918E-002                  5.7231333342246655E+000                  7.9926060438327404E+000                  1.4075018002344972E-014                  6.9279999856991481E-001                  3.1395367224789192E-005                  2.9496860606286024E-001                  2.1025988500795495E-003                  6.1630907196949850E-004                  5.7221218635412066E-003                  1.2718648985637691E-003                  2.4871053158459591E-003                  1.7627244722132437E-015                  0.0000000000000000E+000                  0.0000000000000000E+000 
                                     379                  1.0997508912753151E+000                  1.9770646043127976E-002                  5.7297830564536198E+000                  7.9984179425039654E+000                  3.1953599912079528E-014                  6.9279999856991481E-001                  3.1395367224789192E-005                  2.9496860606286024E-001                  2.1025988500795495E-003                  6.1630907196949850E-004                  5.7221218635412066E-003                  1.2718648985637691E-003                  2.4871053158459591E-003                  2.2090030181925410E-015                  0.0000000000000000E+000                  0.0000000000000000E+000 
                                     380                  1.0997420808259537E+000                  1.9175933735134394E-002                  5.7364373235716570E+000                  8.0042335078563891E+000                  7.2294753515733098E-014                  6.9279999856991481E-001                  3.1395367224789192E-005                  2.9496860606286024E-001                  2.1025988500795495E-003                  6.1630907196949850E-004                  5.7221218635412066E-003                  1.2718648985637691E-003                  2.4871053158459591E-003                  2.7657038107054358E-015                  0.0000000000000000E+000                  0.0000000000000000E+000 
                                     381                  1.0997329668568021E+000                  1.8572372097916252E-002                  5.7430963696705710E+000                  8.0100525785283345E+000                  1.6301478165764733E-013                  6.9279999856991481E-001                  3.1395367224789192E-005                  2.9496860606286024E-001                  2.1025988500795495E-003                  6.1630907196949850E-004                  5.7221218635412066E-003                  1.2718648985637691E-003                  2.4871053158459591E-003                  3.4595323948569614E-015                  0.0000000000000000E+000                  0.0000000000000000E+000 
                                     382                  1.0997235390580378E+000                  1.7959811922488519E-002                  5.7497604183714746E+000                  8.0158749926636919E+000                  3.6635045636520909E-013                  6.9279999856991481E-001                  3.1395367224789192E-005                  2.9496860606286024E-001                  2.1025988500795495E-003                  6.1630907196949850E-004                  5.7221218635412066E-003                  1.2718648985637691E-003                  2.4871053158459591E-003                  4.3235073608938090E-015                  0.0000000000000000E+000                  0.0000000000000000E+000 
                                     383                  1.0997137867759306E+000                  1.7338101272543326E-002                  5.7564296840682259E+000                  8.0217005885986499E+000                  8.2060035786186478E-013                  6.9279999856991481E-001                  3.1395367224789192E-005                  2.9496860606286024E-001                  2.1025988500795495E-003                  6.1630907196949850E-004                  5.7221218635412066E-003                  1.2718648985637691E-003                  2.4871053158459591E-003                  5.3984189440095079E-015                  0.0000000000000000E+000                  0.0000000000000000E+000 
                                     384                  1.0997036990016507E+000                  1.6707085427046218E-002                  5.7631043727802798E+000                  8.0275292030519250E+000                  1.8320903271615178E-012                  6.9279999856991481E-001                  3.1395367224789192E-005                  2.9496860606286024E-001                  2.1025988500795495E-003                  6.1630907196949850E-004                  5.7221218635412066E-003                  1.2718648985637691E-003                  2.4871053158459591E-003                  6.7346169512336794E-015                  0.0000000000000000E+000                  0.0000000000000000E+000 
                                     385                  1.0996932643597286E+000                  1.6066606824007873E-002                  5.7697846832959012E+000                  8.0333606730605585E+000                  4.0771504675991231E-012                  6.9279999856991481E-001                  3.1395367224789192E-005                  2.9496860606286024E-001                  2.1025988500795495E-003                  6.1630907196949850E-004                  5.7221218635412066E-003                  1.2718648985637691E-003                  2.4871053158459591E-003                  8.3942007215911818E-015                  0.0000000000000000E+000                  0.0000000000000000E+000 
                                     386                  1.0996824710961566E+000                  1.5416505000013533E-002                  5.7764708092382051E+000                  8.0391948378546587E+000                  9.0443073194980141E-012                  6.9279999856991481E-001                  3.1395367224789192E-005                  2.9496860606286024E-001                  2.1025988500795495E-003                  6.1630907196949850E-004                  5.7221218635412066E-003                  1.2718648985637691E-003                  2.4871053158459591E-003                  1.0453699763341923E-014                  0.0000000000000000E+000                  0.0000000000000000E+000 
                                     387                  1.0996713070661122E+000                  1.4756616525297273E-002                  5.7831629404931340E+000                  8.0450315386519602E+000                  1.9999364988046549E-011                  6.9279999856991481E-001                  3.1395367224789192E-005                  2.9496860606286024E-001                  2.1025988500795495E-003                  6.1630907196949850E-004                  5.7221218635412066E-003                  1.2718648985637691E-003                  2.4871053158459591E-003                  1.3007352366342642E-014                  0.0000000000000000E+000                  0.0000000000000000E+000 
                                     388                  1.0996597597213005E+000                  1.4086774937253476E-002                  5.7898612652334078E+000                  8.0508706203805698E+000                  4.4085199793561201E-011                  6.9279999856991481E-001                  3.1395367224789192E-005                  2.9496860606286024E-001                  2.1025988500795495E-003                  6.1630907196949850E-004                  5.7221218635412066E-003                  1.2718648985637691E-003                  2.4871053158459591E-003                  1.6171113039413274E-014                  0.0000000000000000E+000                  0.0000000000000000E+000 
                                     389                  1.0996478160968961E+000                  1.3406810669327451E-002                  5.7965659736126112E+000                  8.0567119350151444E+000                  9.6876492271574378E-011                  6.9279999856991481E-001                  3.1395367224789192E-005                  2.9496860606286024E-001                  2.1025988500795495E-003                  6.1630907196949850E-004                  5.7221218635412066E-003                  1.2718648985637691E-003                  2.4871053158459591E-003                  2.0087548225781744E-014                  0.0000000000000000E+000                  0.0000000000000000E+000 
                                     390                  1.0996354627980784E+000                  1.2716550972396767E-002                  5.8032772603373726E+000                  8.0625553437346529E+000                  2.1222974637784028E-010                  6.9279999856991481E-001                  3.1395367224789192E-005                  2.9496860606286024E-001                  2.1025988500795495E-003                  6.1630907196949850E-004                  5.7221218635412066E-003                  1.2718648985637691E-003                  2.4871053158459591E-003                  2.4931812501871935E-014                  0.0000000000000000E+000                  0.0000000000000000E+000 
                                     391                  1.0996226859861442E+000                  1.2015819829972333E-002                  5.8099953274863578E+000                  8.0684007172212429E+000                  4.6352145050215810E-010                  6.9279999856991481E-001                  3.1395367224789192E-005                  2.9496860606286024E-001                  2.1025988500795495E-003                  6.1630907196949850E-004                  5.7221218635412066E-003                  1.2718648985637691E-003                  2.4871053158459591E-003                  3.0918939964277025E-014                  0.0000000000000000E+000                  0.0000000000000000E+000 
                                     392                  1.0996094713641855E+000                  1.1304437869831667E-002                  5.8167203891068668E+000                  8.0742479397445788E+000                  1.0093061330653190E-009                  6.9279999856991481E-001                  3.1395367224789192E-005                  2.9496860606286024E-001                  2.1025988500795495E-003                  6.1630907196949850E-004                  5.7221218635412066E-003                  1.2718648985637691E-003                  2.4871053158459591E-003                  3.8312736568960976E-014                  0.0000000000000000E+000                  0.0000000000000000E+000 
                                     393                  1.0995958041623224E+000                  1.0582222265610348E-002                  5.8234526740967656E+000                  8.0800969137671181E+000                  2.1911886825144745E-009                  6.9279999856991481E-001                  3.1395367224789192E-005                  2.9496860606286024E-001                  2.1025988500795495E-003                  6.1630907196949850E-004                  5.7221218635412066E-003                  1.2718648985637691E-003                  2.4871053158459591E-003                  4.7436616834494755E-014                  0.0000000000000000E+000                  0.0000000000000000E+000 
                                     394                  1.0995816691224742E+000                  9.8489866266986605E-003                  5.8301924265848202E+000                  8.0859475558069462E+000                  4.7430220077545852E-009                  6.9279999856991481E-001                  3.1395367224789192E-005                  2.9496860606286024E-001                  2.1025988500795495E-003                  6.1630907196949850E-004                  5.7221218635412066E-003                  1.2718648985637691E-003                  2.4871053158459591E-003                  5.8686801272845267E-014                  0.0000000000000000E+000                  0.0000000000000000E+000 
                                     395                  1.0995670504826764E+000                  9.1045408905420129E-003                  5.8369399053170818E+000                  8.0917997952457039E+000                  1.0236799371874329E-008                  6.9279999856991481E-001                  3.1395367224789192E-005                  2.9496860606286024E-001                  2.1025988500795495E-003                  6.1630907196949850E-004                  5.7221218635412066E-003                  1.2718648985637691E-003                  2.4871053158459591E-003                  7.2548379197981620E-014                  0.0000000000000000E+000                  0.0000000000000000E+000 
                                     396                  1.0995519319609246E+000                  8.3486912126680569E-003                  5.8436953828541220E+000                  8.0976535769695612E+000                  2.2030403727935389E-008                  6.9279999856991481E-001                  3.1395367224789192E-005                  2.9496860606286024E-001                  2.1025988500795495E-003                  6.1630907196949850E-004                  5.7221218635412066E-003                  1.2718648985637691E-003                  2.4871053158459591E-003                  8.9614847782235951E-014                  0.0000000000000000E+000                  0.0000000000000000E+000 
                                     397                  1.0995362967385218E+000                  7.5812398476605572E-003                  5.8504591416133582E+000                  8.1035088558001718E+000                  4.7276539860297115E-008                  6.9279999856991481E-001                  3.1395367224789192E-005                  2.9496860606286024E-001                  2.1025988500795495E-003                  6.1630907196949850E-004                  5.7221218635412066E-003                  1.2718648985637691E-003                  2.4871053158459591E-003                  1.1061185947717310E-013                  0.0000000000000000E+000                  0.0000000000000000E+000 
                                     398                  1.0995201274429141E+000                  6.8019850351932927E-003                  5.8572314666614318E+000                  8.1093655895457193E+000                  1.0116946334241314E-007                  6.9279999856991481E-001                  3.1395367224789192E-005                  2.9496860606286024E-001                  2.1025988500795495E-003                  6.1630907196949850E-004                  5.7221218635412066E-003                  1.2718648985637691E-003                  2.4871053158459591E-003                  1.3642605687424058E-013                  0.0000000000000000E+000                  0.0000000000000000E+000 
                                     399                  1.0995034061299962E+000                  6.0107208943591577E-003                  5.8640126413539093E+000                  8.1152237362188000E+000                  2.1589820613943157E-007                  6.9279999856991481E-001                  3.1395367224789192E-005                  2.9496860606286024E-001                  2.1025988500795495E-003                  6.1630907196949850E-004                  5.7221218635412066E-003                  1.2718648985637691E-003                  2.4871053158459591E-003                  1.6814007452206956E-013                  0.0000000000000000E+000                  0.0000000000000000E+000 
                                     400                  1.0994861142658752E+000                  5.2072373195881068E-003                  5.8708029437461295E+000                  8.1210832530726229E+000                  4.5947215564001360E-007                  6.9279999856991481E-001                  3.1395367224789192E-005                  2.9496860606286024E-001                  2.1025988500795495E-003                  6.1630907196949850E-004                  5.7221218635412066E-003                  1.2718648985637691E-003                  2.4871053158459591E-003                  2.0707499443902817E-013                  0.0000000000000000E+000                  0.0000000000000000E+000 
                                     401                  1.0994682327080707E+000                  4.3913198750788118E-003                  5.8776026415951046E+000                  8.1269440911111914E+000                  9.7520081261864637E-007                  6.9279999856991481E-001                  3.1395367224789192E-005                  2.9496860606286024E-001                  2.1025988500795495E-003                  6.1630907196949850E-004                  5.7221218635412066E-003                  1.2718648985637691E-003                  2.4871053158459591E-003                  2.5484179800286716E-013                  0.0000000000000000E+000                  0.0000000000000000E+000 
                                     402                  1.0994497416861426E+000                  3.5627496964319790E-003                  5.8844119899453746E+000                  8.1328061908110350E+000                  2.0642718805189351E-006                  6.9279999856991481E-001                  3.1395367224789192E-005                  2.9496860606286024E-001                  2.1025988500795495E-003                  6.1630907196949850E-004                  5.7221218635412066E-003                  1.2718648985637691E-003                  2.4871053158459591E-003                  3.1340369576709570E-013                  0.0000000000000000E+000                  0.0000000000000000E+000 
                                     403                  1.0994306207817208E+000                  2.7213033980095299E-003                  5.8912312316928821E+000                  8.1386694866298512E+000                  4.3580308354600818E-006                  6.9279999856991481E-001                  3.1395367224789192E-005                  2.9496860606286024E-001                  2.1025988500795495E-003                  6.1630907196949850E-004                  5.7221218635412066E-003                  1.2718648985637691E-003                  2.4871053158459591E-003                  3.8515159634340629E-013                  0.0000000000000000E+000                  0.0000000000000000E+000 
                                     404                  1.0994108489079266E+000                  1.8667529694202779E-003                  5.8980605990872448E+000                  8.1445339065428133E+000                  9.1764813247652635E-006                  6.9279999856991481E-001                  3.1395367224789192E-005                  2.9496860606286024E-001                  2.1025988500795495E-003                  6.1630907196949850E-004                  5.7221218635412066E-003                  1.2718648985637691E-003                  2.4871053158459591E-003                  4.7299543250613525E-013                  0.0000000000000000E+000                  0.0000000000000000E+000 
                                     405                  1.0993904042881857E+000                  9.9886567017956531E-004                  5.9049003145321386E+000                  8.1503993692438321E+000                  1.9272401801168195E-005                  6.9279999856991481E-001                  3.1395367224789192E-005                  2.9496860606286024E-001                  2.1025988500795495E-003                  6.1630907196949850E-004                  5.7221218635412066E-003                  1.2718648985637691E-003                  2.4871053158459591E-003                  5.8047459726593834E-013                  0.0000000000000000E+000                  0.0000000000000000E+000 
                                     406                  1.0993692644344264E+000                  1.1740392728275483E-004                  5.9116529033797685E+000                  8.1561660632842621E+000                  3.9991402388351830E-005                  6.9279999856991481E-001                  3.1395367224789192E-005                  2.9496860606286024E-001                  2.1025988500795495E-003                  6.1630907196949850E-004                  5.7221218635412066E-003                  1.2718648985637691E-003                  2.4871053158459591E-003                  7.1023652552758767E-013                  0.0000000000000000E+000                  0.0000000000000000E+000 
                                     407                  1.0993474061246311E+000                 -7.7766901116012343E-004                  5.9180482176708731E+000                  8.1615574632572425E+000                  7.9895100130431094E-005                  6.9279999856991414E-001                  3.1395367225492982E-005                  2.9496860606286024E-001                  2.1025988500795495E-003                  6.1630907196949850E-004                  5.7221218635412066E-003                  1.2718648985637691E-003                  2.4871053158459591E-003                  8.6090739030906206E-013                  0.0000000000000000E+000                  0.0000000000000000E+000 
                                     408                  1.0993248053797102E+000                 -1.6858061350778239E-003                  5.9241457866538942E+000                  8.1666324842103695E+000                  1.5463772253755171E-004                  6.9279999856991215E-001                  3.1395367227340679E-005                  2.9496860606286024E-001                  2.1025988500795495E-003                  6.1630907196949850E-004                  5.7221218635412066E-003                  1.2718648985637691E-003                  2.4871053158459591E-003                  1.0354237653827917E-012                  0.0000000000000000E+000                  0.0000000000000000E+000 
                                     409                  1.0993014374396803E+000                 -2.6065543616921841E-003                  5.9299925290413764E+000                  8.1714374712604059E+000                  2.9139869893384077E-004                  6.9279999856991081E-001                  3.1395367228929598E-005                  2.9496860606286024E-001                  2.1025988500795495E-003                  6.1630907196949850E-004                  5.7221218635412066E-003                  1.2718648985637691E-003                  2.4871053158459591E-003                  1.2371365582117222E-012                  0.0000000000000000E+000                  0.0000000000000000E+000 
                                     410                  1.0992772767391281E+000                 -3.5395352349151328E-003                  5.9356260493544335E+000                  8.1760095058556459E+000                  5.3671252977681970E-004                  6.9279999856990870E-001                  3.1395367231042904E-005                  2.9496860606286035E-001                  2.1025988500795504E-003                  6.1630907196949872E-004                  5.7221218635412083E-003                  1.2718648985637696E-003                  2.4871053158459599E-003                  1.4698660751121024E-012                  0.0000000000000000E+000                  0.0000000000000000E+000 
                                     411                  1.0992522968819365E+000                 -4.4844305833822368E-003                  5.9410769003135693E+000                  8.1803786707835418E+000                  9.6930070688931757E-004                  6.9279999856990571E-001                  3.1395367233817716E-005                  2.9496860606286024E-001                  2.1025988500795495E-003                  6.1630907196949850E-004                  5.7221218635412066E-003                  1.2718648985637691E-003                  2.4871053158459591E-003                  1.7379639404513130E-012                  0.0000000000000000E+000                  0.0000000000000000E+000 
                                     412                  1.0992264706152541E+000                 -5.4409715882295972E-003                  5.9463702044279927E+000                  8.1845696702271766E+000                  1.7209555179452398E-003                  6.9279999856990215E-001                  3.1395367237425874E-005                  2.9496860606286029E-001                  2.1025988500795499E-003                  6.1630907196949861E-004                  5.7221218635412074E-003                  1.2718648985637693E-003                  2.4871053158459595E-003                  2.0463837058368806E-012                  0.0000000000000000E+000                  0.0000000000000000E+000 
                                     413                  1.0991997698026847E+000                 -6.4089303141203913E-003                  5.9515268439300488E+000                  8.1886030164285515E+000                  3.0103211140724245E-003                  6.9279999856989749E-001                  3.1395367242084534E-005                  2.9496860606286024E-001                  2.1025988500795495E-003                  6.1630907196949850E-004                  5.7221218635412066E-003                  1.2718648985637691E-003                  2.4871053158459591E-003                  2.4007614448256957E-012                  0.0000000000000000E+000                  0.0000000000000000E+000 
                                     414                  1.0991721653966795E+000                 -7.3881130642399970E-003                  5.9565643661857290E+000                  8.1924959328920259E+000                  5.1972492698533464E-003                  6.9279999856989161E-001                  3.1395367248075531E-005                  2.9496860606286024E-001                  2.1025988500795495E-003                  6.1630907196949850E-004                  5.7221218635412066E-003                  1.2718648985637691E-003                  2.4871053158459591E-003                  2.8075087518009779E-012                  0.0000000000000000E+000                  0.0000000000000000E+000 
                                     415                  1.0991436274101520E+000                 -8.3783551517218526E-003                  5.9614977050012365E+000                  8.1962630727565120E+000                  8.8698845421592027E-003                  6.9279999856988372E-001                  3.1395367255806123E-005                  2.9496860606286029E-001                  2.1025988500795499E-003                  6.1630907196949861E-004                  5.7221218635412074E-003                  1.2718648985637693E-003                  2.4871053158459595E-003                  3.2739219747646156E-012                  0.0000000000000000E+000                  0.0000000000000000E+000 
                                     416                  1.0991141248872949E+000                 -9.3795168366304846E-003                  5.9663397189131224E+000                  8.1999170532708892E+000                  1.4983642533615095E-002                  6.9279999856987373E-001                  3.1395367265935031E-005                  2.9496860606286024E-001                  2.1025988500795495E-003                  6.1630907196949850E-004                  5.7221218635412066E-003                  1.2718648985637691E-003                  2.4871053158459591E-003                  3.8083075426343304E-012                  0.0000000000000000E+000                  0.0000000000000000E+000 
                                     417                  1.0990836258735435E+000                 -1.0391480133933765E-002                  5.9711015716966598E+000                  8.2034688323624501E+000                  2.5082211491589311E-002                  6.9279999856986196E-001                  3.1395367277733827E-005                  2.9496860606286024E-001                  2.1025988500795495E-003                  6.1630907196949850E-004                  5.7221218635412066E-003                  1.2718648985637691E-003                  2.4871053158459591E-003                  4.4201231083874936E-012                  0.0000000000000000E+000                  0.0000000000000000E+000 
                                     418                  1.0990520973846645E+000                 -1.1414146217992235E-002                  5.9757930243678494E+000                  8.2069279987089647E+000                  4.1647909485922154E-002                  6.9279999856984487E-001                  3.1395367294671443E-005                  2.9496860606286018E-001                  2.1025988500795491E-003                  6.1630907196949828E-004                  5.7221218635412048E-003                  1.2718648985637687E-003                  2.4871053158459582E-003                  5.1201382521243636E-012                  0.0000000000000000E+000                  0.0000000000000000E+000 
                                     419                  1.0990195053749370E+000                 -1.2447433285789292E-002                  5.9804226351217382E+000                  8.2103029678861912E+000                  6.8655436869993161E-002                  6.9279999856982899E-001                  3.1395367310657049E-005                  2.9496860606286029E-001                  2.1025988500795499E-003                  6.1630907196949861E-004                  5.7221218635412074E-003                  1.2718648985637693E-003                  2.4871053158459595E-003                  5.9206138311916774E-012                  0.0000000000000000E+000                  0.0000000000000000E+000 
                                     420                  1.0989858147044063E+000                 -1.3491274704503503E-002                  5.9849978461226234E+000                  8.2136010632976948E+000                  1.1244401767434466E-001                  6.9279999856980590E-001                  3.1395367333757121E-005                  2.9496860606286035E-001                  2.1025988500795504E-003                  6.1630907196949872E-004                  5.7221218635412083E-003                  1.2718648985637696E-003                  2.4871053158459599E-003                  6.8354934519850844E-012                  0.0000000000000000E+000                  0.0000000000000000E+000 
                                     421                  1.0989509891051825E+000                 -1.4545617198395113E-002                  5.9895250691032373E+000                  8.2168285958996936E+000                  1.8308686969675431E-001                  6.9279999856978136E-001                  3.1395367358304245E-005                  2.9496860606286035E-001                  2.1025988500795504E-003                  6.1630907196949872E-004                  5.7221218635412083E-003                  1.2718648985637696E-003                  2.4871053158459599E-003                  7.8806161727152518E-012                  0.0000000000000000E+000                  0.0000000000000000E+000 
                                     422                  1.0989149911467579E+000                 -1.5610419088093784E-002                  5.9940098268498474E+000                  8.2199910041629778E+000                  2.9653643304205252E-001                  6.9279999856975438E-001                  3.1395367385174332E-005                  2.9496860606286029E-001                  2.1025988500795499E-003                  6.1630907196949861E-004                  5.7221218635412074E-003                  1.2718648985637693E-003                  2.4871053158459595E-003                  9.0739639250611973E-012                  0.0000000000000000E+000                  0.0000000000000000E+000 
                                     423                  1.0988777822003195E+000                 -1.6685648746361876E-002                  5.9984568808722143E+000                  8.2230929789360268E+000                  4.7797605833697981E-001                  6.9279999856972518E-001                  3.1395367414482539E-005                  2.9496860606286035E-001                  2.1025988500795504E-003                  6.1630907196949872E-004                  5.7221218635412083E-003                  1.2718648985637696E-003                  2.4871053158459599E-003                  1.0435941653941855E-011                  0.0000000000000000E+000                  0.0000000000000000E+000 
                                     424                  1.0988393224020878E+000                 -1.7771283255460284E-002                  6.0028703419914695E+000                  8.2261385712145039E+000                  7.6704393599743237E-001                  6.9279999856969254E-001                  3.1395367447241166E-005                  2.9496860606286029E-001                  2.1025988500795499E-003                  6.1630907196949861E-004                  5.7221218635412074E-003                  1.2718648985637693E-003                  2.4871053158459595E-003                  1.1989693752966408E-011                  1.1408919450720392E-037                  0.0000000000000000E+000 
                                     425                  1.0987995706156670E+000                 -1.8867307242875237E-002                  6.0072538119246701E+000                  8.2291313322893398E+000                  1.2259613331182420E+000                  6.9279999856965557E-001                  3.1395367484068491E-005                  2.9496860606286046E-001                  2.1025988500795512E-003                  6.1630907196949893E-004                  5.7221218635412100E-003                  1.2718648985637700E-003                  2.4871053158459608E-003                  1.3761475315582832E-011                  1.8502139222574476E-037                  0.0000000000000000E+000 
                                     426                  1.0987584843933347E+000                 -1.9973711994900497E-002                  6.0116105326646361E+000                  8.2320744635601244E+000                  1.9521626830001799E+000                  6.9279999856961261E-001                  3.1395367526937866E-005                  2.9496860606286029E-001                  2.1025988500795499E-003                  6.1630907196949861E-004                  5.7221218635412074E-003                  1.2718648985637693E-003                  2.4871053158459595E-003                  1.5781088604650927E-011                  2.9881741565732172E-037                  0.0000000000000000E+000 
                                     427                  1.0987160199362318E+000                 -2.1090494894403709E-002                  6.0159434647828895E+000                  8.2349708947694129E+000                  3.0978855722321557E+000                  6.9279999856956431E-001                  3.1395367575183778E-005                  2.9496860606286035E-001                  2.1025988500795504E-003                  6.1630907196949872E-004                  5.7221218635412083E-003                  1.2718648985637696E-003                  2.4871053158459599E-003                  1.8082371791680052E-011                  4.8077137194778660E-037                  0.0000000000000000E+000 
                                     428                  1.0986721320534265E+000                 -2.2217659019490486E-002                  6.0202553208011365E+000                  8.2378233163730421E+000                  4.9005067966047013E+000                  6.9279999856950947E-001                  3.1395367630253937E-005                  2.9496860606286029E-001                  2.1025988500795499E-003                  6.1630907196949861E-004                  5.7221218635412074E-003                  1.2718648985637693E-003                  2.4871053158459595E-003                  2.0703745157975303E-011                  7.7081407251164447E-037                  0.0000000000000000E+000 
                                     429                  1.0986267741198195E+000                 -2.3355212794690588E-002                  6.0245485929311569E+000                  8.2406342063631595E+000                  7.7294568459707902E+000                  6.9279999856944552E-001                  3.1395367694042660E-005                  2.9496860606286029E-001                  2.1025988500795499E-003                  6.1630907196949861E-004                  5.7221218635412074E-003                  1.2718648985637693E-003                  2.4871053158459595E-003                  2.3688831105016432E-011                  1.2318489288512088E-036                  0.0000000000000000E+000 
                                     430                  1.0985798980328643E+000                 -2.4503169684954747E-002                  6.0288255767466561E+000                  8.2434058530214873E+000                  1.2158679988134283E+001                  6.9279999856937369E-001                  3.1395367765873941E-005                  2.9496860606286041E-001                  2.1025988500795508E-003                  6.1630907196949883E-004                  5.7221218635412092E-003                  1.2718648985637698E-003                  2.4871053158459604E-003                  2.7087158156671741E-011                  1.9627747201731615E-036                  0.0000000000000000E+000 
                                     431                  1.0985314541680631E+000                 -2.5661547925684505E-002                  6.0330883914756965E+000                  8.2461403740118566E+000                  1.9078422693534076E+001                  6.9279999856929197E-001                  3.1395367847735508E-005                  2.9496860606286029E-001                  2.1025988500795499E-003                  6.1630907196949861E-004                  5.7221218635412074E-003                  1.2718648985637693E-003                  2.4871053158459595E-003                  3.0954960364296908E-011                  3.1188045815762831E-036                  0.0000000000000000E+000 
                                     432                  1.0984813913332518E+000                 -2.6830370282377045E-002                  6.0373389974685177E+000                  8.2488397322282232E+000                  2.9867505587929706E+001                  6.9279999856919738E-001                  3.1395367942126135E-005                  2.9496860606286024E-001                  2.1025988500795495E-003                  6.1630907196949850E-004                  5.7221218635412066E-003                  1.2718648985637691E-003                  2.4871053158459591E-003                  3.5356084968093967E-011                  4.9431294868198388E-036                  0.0000000000000000E+000 
                                     433                  1.0984296567217136E+000                 -2.8009663833937042E-002                  6.0415792112971936E+000                  8.2515057500239664E+000                  4.6658550455227449E+001                  6.9279999856909102E-001                  3.1395368048545952E-005                  2.9496860606286035E-001                  2.1025988500795504E-003                  6.1630907196949872E-004                  5.7221218635412083E-003                  1.2718648985637696E-003                  2.4871053158459599E-003                  4.0363023027264322E-011                  7.8162078184425854E-036                  0.0000000000000000E+000 
                                     434                  1.0983761958640370E+000                 -2.9199459777581663E-002                  6.0458107188649794E+000                  8.2541401222824309E+000                  7.2745935537858841E+001                  6.9279999856896979E-001                  3.1395368169681611E-005                  2.9496860606286035E-001                  2.1025988500795504E-003                  6.1630907196949872E-004                  5.7221218635412083E-003                  1.2718648985637696E-003                  2.4871053158459599E-003                  4.6058079546527656E-011                  1.2332411940721162E-035                  0.0000000000000000E+000 
                                     435                  1.0983209525786513E+000                 -3.0399793254242941E-002                  6.0500350868362069E+000                  8.2567444274959225E+000                  1.1321277937390600E+002                  6.9279999856883079E-001                  3.1395368308829392E-005                  2.9496860606286035E-001                  2.1025988500795504E-003                  6.1630907196949872E-004                  5.7221218635412083E-003                  1.2718648985637696E-003                  2.4871053158459599E-003                  5.2534702092320102E-011                  1.9419109507014558E-035                  0.0000000000000000E+000 
                                     436                  1.0982638689210034E+000                 -3.1610703190838453E-002                  6.0542537716028448E+000                  8.2593201356501513E+000                  1.7589375513063817E+002                  6.9279999856867036E-001                  3.1395368469287098E-005                  2.9496860606286035E-001                  2.1025988500795504E-003                  6.1630907196949872E-004                  5.7221218635412083E-003                  1.2718648985637696E-003                  2.4871053158459599E-003                  5.9898988009990951E-011                  3.0521503175896964E-035                  0.0000000000000000E+000 
                                     437                  1.0982048851313453E+000                 -3.2832232152035686E-002                  6.0584681233596411E+000                  8.2618686117759133E+000                  2.7285250675278382E+002                  6.9279999856849095E-001                  3.1395368648648595E-005                  2.9496860606286035E-001                  2.1025988500795504E-003                  6.1630907196949872E-004                  5.7221218635412083E-003                  1.2718648985637696E-003                  2.4871053158459599E-003                  6.8271389513850343E-011                  4.7889308683577422E-035                  0.0000000000000000E+000 
                                     438                  1.0981439395810944E+000                 -3.4064426190331148E-002                  6.0626793904066290E+000                  8.2643911198715667E+000                  4.2264701818104470E+002                  6.9279999856828678E-001                  3.1395368852837915E-005                  2.9496860606286029E-001                  2.1025988500795499E-003                  6.1630907196949861E-004                  5.7221218635412074E-003                  1.2718648985637693E-003                  2.4871053158459595E-003                  7.7788646668117248E-011                  7.5021010556209321E-035                  0.0000000000000000E+000 
                                     439                  1.0980809687177284E+000                 -3.5307334695956316E-002                  6.0668887277299941E+000                  8.2668888315234152E+000                  6.5380115842044131E+002                  6.9279999856805485E-001                  3.1395369084709681E-005                  2.9496860606286035E-001                  2.1025988500795504E-003                  6.1630907196949872E-004                  5.7221218635412083E-003                  1.2718648985637696E-003                  2.4871053158459599E-003                  8.8605985971201036E-011                  1.1735187852803919E-034                  0.0000000000000000E+000 
                                     440                  1.0980159070082349E+000                 -3.6561010260686616E-002                  6.0710972058018893E+000                  8.2693628333876283E+000                  1.0101212829611285E+003                  6.9279999856779129E-001                  3.1395369348232805E-005                  2.9496860606286035E-001                  2.1025988500795504E-003                  6.1630907196949872E-004                  5.7221218635412083E-003                  1.2718648985637696E-003                  2.4871053158459599E-003                  1.0089961754528643E-010                  1.8331875821091950E-034                  0.0000000000000000E+000 
                                     441                  1.0979486868811623E+000                 -3.7825508553464914E-002                  6.0753058185067887E+000                  8.2718141342761449E+000                  1.5588340554403007E+003                  6.9279999856749186E-001                  3.1395369647668791E-005                  2.9496860606286024E-001                  2.1025988500795495E-003                  6.1630907196949850E-004                  5.7221218635412066E-003                  1.2718648985637691E-003                  2.4871053158459591E-003                  1.1486957010034264E-010                  2.8600699829244077E-034                  0.0000000000000000E+000 
                                     442                  1.0978792386671532E+000                 -3.9100888207732533E-002                  6.0795154902947992E+000                  8.2742436722604236E+000                  2.4030361369141820E+003                  6.9279999856715191E-001                  3.1395369987850863E-005                  2.9496860606286029E-001                  2.1025988500795499E-003                  6.1630907196949861E-004                  5.7221218635412074E-003                  1.2718648985637693E-003                  2.4871053158459595E-003                  1.3074290931403340E-010                  4.4569636301625839E-034                  0.0000000000000000E+000 
                                     443                  1.0978074905378821E+000                 -4.0387210721526519E-002                  6.0837270826442538E+000                  8.2766523212090810E+000                  3.7007308420860227E+003                  6.9279999856676511E-001                  3.1395370374260260E-005                  2.9496860606286046E-001                  2.1025988500795512E-003                  6.1630907196949893E-004                  5.7221218635412100E-003                  1.2718648985637700E-003                  2.4871053158459608E-003                  1.4877739157560583E-010                  6.9379450049262098E-034                  0.0000000000000000E+000 
                                     444                  1.0977333684433639E+000                 -4.1684540369668677E-002                  6.0879413999041718E+000                  8.2790408971764826E+000                  5.6939246590561133E+003                  6.9279999856632646E-001                  3.1395370813113471E-005                  2.9496860606286041E-001                  2.1025988500795508E-003                  6.1630907196949883E-004                  5.7221218635412092E-003                  1.2718648985637698E-003                  2.4871053158459604E-003                  1.6926561218981391E-010                  1.0789115483368188E-033                  0.0000000000000000E+000 
                                     445                  1.0976567960475831E+000                 -4.2992944128538726E-002                  6.0921591945817335E+000                  8.2814101633542059E+000                  8.7530796629763936E+003                  6.9279999856582819E-001                  3.1395371311460406E-005                  2.9496860606286035E-001                  2.1025988500795504E-003                  6.1630907196949872E-004                  5.7221218635412083E-003                  1.2718648985637696E-003                  2.4871053158459599E-003                  1.9253971538570262E-010                  1.6762367774632215E-033                  0.0000000000000000E+000 
                                     446                  1.0975776946624090E+000                 -4.4312491609991130E-002                  6.0963811721326131E+000                  8.2837608346193417E+000                  1.3445001688929648E+004                  6.9279999856526220E-001                  3.1395371877296819E-005                  2.9496860606286041E-001                  2.1025988500795508E-003                  6.1630907196949883E-004                  5.7221218635412092E-003                  1.2718648985637698E-003                  2.4871053158459604E-003                  2.1897674242310523E-010                  2.6020068857105422E-033                  0.0000000000000000E+000 
                                     447                  1.0974959831797542E+000                 -4.5643255003890125E-002                  6.1006079952906012E+000                  8.2860935813705900E+000                  2.0636480428029485E+004                  6.9279999856461982E-001                  3.1395372519690218E-005                  2.9496860606286035E-001                  2.1025988500795504E-003                  6.1630907196949872E-004                  5.7221218635412083E-003                  1.2718648985637696E-003                  2.4871053158459599E-003                  2.4900470418996843E-010                  4.0358217423507797E-033                  0.0000000000000000E+000 
                                     448                  1.0974115780020415E+000                 -4.6985309027717970E-002                  6.1048402840322247E+000                  8.2884090291603130E+000                  3.1652447328104503E+004                  6.9279999856389074E-001                  3.1395373248922465E-005                  2.9496860606286035E-001                  2.1025988500795504E-003                  6.1630907196949872E-004                  5.7221218635412083E-003                  1.2718648985637696E-003                  2.4871053158459599E-003                  2.8310945446358859E-010                  6.2550500866439014E-033                  0.0000000000000000E+000 
                                     449                  1.0973243929709200E+000                 -4.8338730870685596E-002                  6.1090786047345418E+000                  8.2907077478788054E+000                  4.8517202417268156E+004                  6.9279999856306285E-001                  3.1395374076649648E-005                  2.9496860606286041E-001                  2.1025988500795508E-003                  6.1630907196949883E-004                  5.7221218635412092E-003                  1.2718648985637698E-003                  2.4871053158459604E-003                  3.2184241342967050E-010                  9.6878465796722945E-033                  0.0000000000000000E+000 
                                     450                  1.0972343392941075E+000                 -4.9703600099313509E-002                  6.1133234615264902E+000                  8.2929902427423876E+000                  7.4322169378131570E+004                  6.9279999856212349E-001                  3.1395375016083684E-005                  2.9496860606286035E-001                  2.1025988500795504E-003                  6.1630907196949872E-004                  5.7221218635412083E-003                  1.2718648985637696E-003                  2.4871053158459599E-003                  3.6582929283900676E-010                  1.4994808057587323E-032                  0.0000000000000000E+000 
                                     451                  1.0971413254703035E+000                 -5.1079998528279477E-002                  6.1175752985194460E+000                  8.2952569565281529E+000                  1.1378635770229252E+005                  6.9279999856105734E-001                  3.1395376082198519E-005                  2.9496860606286035E-001                  2.1025988500795504E-003                  6.1630907196949872E-004                  5.7221218635412083E-003                  1.2718648985637696E-003                  2.4871053158459599E-003                  4.1578002019028051E-010                  2.3194696668049328E-032                  0.0000000000000000E+000 
                                     452                  1.0970452572121085E+000                 -5.2468010090850337E-002                  6.1218345034980759E+000                  8.2975082733573995E+000                  1.7411011211708811E+005                  6.9279999855984753E-001                  3.1395377291962497E-005                  2.9496860606286029E-001                  2.1025988500795499E-003                  6.1630907196949861E-004                  5.7221218635412074E-003                  1.2718648985637693E-003                  2.4871053158459595E-003                  4.7249998203459029E-010                  3.5857916095567003E-032                  0.0000000000000000E+000 
                                     453                  1.0969460373668964E+000                 -5.3867720714092938E-002                  6.1261014112777152E+000                  8.2997445221873534E+000                  2.6627508412912348E+005                  6.9279999855847507E-001                  3.1395378664601797E-005                  2.9496860606286035E-001                  2.1025988500795504E-003                  6.1630907196949872E-004                  5.7221218635412083E-003                  1.2718648985637696E-003                  2.4871053158459599E-003                  5.3690274869108163E-010                  5.5404129171682062E-032                  0.0000000000000000E+000 
                                     454                  1.0968435658355686E+000                 -5.5279218198381504E-002                  6.1303763067697989E+000                  8.3019659800267114E+000                  4.0702269607504917E+005                  6.9279999855691654E-001                  3.1395380223049884E-005                  2.9496860606286035E-001                  2.1025988500795504E-003                  6.1630907196949872E-004                  5.7221218635412083E-003                  1.2718648985637696E-003                  2.4871053158459599E-003                  6.1002447090741371E-010                  8.5559841296546236E-032                  0.0000000000000000E+000 
                                     455                  1.0967377394891442E+000                 -5.6702592100718326E-002                  6.1346594277886419E+000                  8.3041728744907051E+000                  6.2186388684463117E+005                  6.9279999855514962E-001                  3.1395381989880435E-005                  2.9496860606286035E-001                  2.1025988500795504E-003                  6.1630907196949872E-004                  5.7221218635412083E-003                  1.2718648985637696E-003                  2.4871053158459599E-003                  6.9304016432600561E-010                  1.3206161430061526E-031                  0.0000000000000000E+000 
                                     456                  1.0966284520832335E+000                 -5.8137933620066952E-002                  6.1389509676294889E+000                  8.3063653861844173E+000                  9.4965540956239600E+005                  6.9279999855314545E-001                  3.1395383994010458E-005                  2.9496860606286035E-001                  2.1025988500795504E-003                  6.1630907196949872E-004                  5.7221218635412083E-003                  1.2718648985637696E-003                  2.4871053158459599E-003                  7.8728212340402196E-010                  2.0373620287255970E-031                  0.0000000000000000E+000 
                                     457                  1.0965155941703228E+000                 -5.9585335484400669E-002                  6.1432510774468598E+000                  8.3085436511020649E+000                  1.4495546136654413E+006                  6.9279999855087249E-001                  3.1395386267084060E-005                  2.9496860606286046E-001                  2.1025988500795512E-003                  6.1630907196949893E-004                  5.7221218635412100E-003                  1.2718648985637700E-003                  2.4871053158459608E-003                  8.9426073747518758E-010                  3.1415879957089378E-031                  0.0000000000000000E+000 
                                     458                  1.0963990530097698E+000                 -6.1044891839772672E-002                  6.1475598684586750E+000                  8.3107077627307557E+000                  2.2115834784053643E+006                  6.9279999854829477E-001                  3.1395388844927320E-005                  2.9496860606286035E-001                  2.1025988500795504E-003                  6.1630907196949872E-004                  5.7221218635412083E-003                  1.2718648985637696E-003                  2.4871053158459599E-003                  1.0156880154678529E-009                  4.8419746303711540E-031                  0.0000000000000000E+000 
                                     459                  1.0962787124754230E+000                 -6.2516698140664850E-002                  6.1518774142789132E+000                  8.3128577747301673E+000                  3.3726660299348049E+006                  6.9279999854537166E-001                  3.1395391768096893E-005                  2.9496860606286029E-001                  2.1025988500795499E-003                  6.1630907196949861E-004                  5.7221218635412074E-003                  1.2718648985637693E-003                  2.4871053158459595E-003                  1.1535041678910993E-009                  7.4591504190219381E-031                  0.0000000000000000E+000 
                                     460                  1.0961544529607916E+000                 -6.4000851043802431E-002                  6.1562037621896106E+000                  8.3149937132504057E+000                  5.1409656454536384E+006                  6.9279999854205720E-001                  3.1395395082506051E-005                  2.9496860606286029E-001                  2.1025988500795499E-003                  6.1630907196949850E-004                  5.7221218635412066E-003                  1.2718648985637691E-003                  2.4871053158459591E-003                  1.3099078591307435E-009                  1.1485504995904076E-030                  0.0000000000000000E+000 
                                     461                  1.0960261512815292E+000                 -6.5497448339030831E-002                  6.1605389546700904E+000                  8.3171155996959385E+000                  7.8328059436117848E+006                  6.9279999853829943E-001                  3.1395398840134611E-005                  2.9496860606286035E-001                  2.1025988500795504E-003                  6.1630907196949872E-004                  5.7221218635412083E-003                  1.2718648985637696E-003                  2.4871053158459599E-003                  1.4873908098015580E-009                  1.7676846837034360E-030                  0.0000000000000000E+000 
                                     462                  1.0958936805751156E+000                 -6.7006588955746904E-002                  6.1648830413641562E+000                  8.3192234621961578E+000                  1.1928655849018311E+007                  6.9279999853403973E-001                  3.1395403099827741E-005                  2.9496860606286035E-001                  2.1025988500795504E-003                  6.1630907196949872E-004                  5.7221218635412083E-003                  1.2718648985637696E-003                  2.4871053158459599E-003                  1.6887769550884442E-009                  2.7192793780964491E-030                  0.0000000000000000E+000 
                                     463                  1.0957569101981064E+000                 -6.8528373009400359E-002                  6.1692360791765388E+000                  8.3213173351476062E+000                  1.8157980998422720E+007                  6.9279999852921126E-001                  3.1395407928198585E-005                  2.9496860606286052E-001                  2.1025988500795517E-003                  6.1630907196949904E-004                  5.7221218635412109E-003                  1.2718648985637702E-003                  2.4871053158459612E-003                  1.9172665620540714E-009                  4.1811699973676922E-030                  0.0000000000000000E+000 
                                     464                  1.0956157056208577E+000                 -7.0062901848007716E-002                  6.1735981317203947E+000                  8.3233972587983853E+000                  2.7627790705596618E+007                  6.9279999852373908E-001                  3.1395413400648803E-005                  2.9496860606286029E-001                  2.1025988500795499E-003                  6.1630907196949861E-004                  5.7221218635412074E-003                  1.2718648985637693E-003                  2.4871053158459595E-003                  2.1764861658271111E-009                  6.4259547509132520E-030                  0.0000000000000000E+000 
                                     465                  1.0954699283196205E+000                 -7.1610278098787936E-002                  6.1779692688083703E+000                  8.3254632787409761E+000                  4.2017300407511972E+007                  6.9279999851753704E-001                  3.1395419602522934E-005                  2.9496860606286035E-001                  2.1025988500795504E-003                  6.1630907196949872E-004                  5.7221218635412083E-003                  1.2718648985637696E-003                  2.4871053158459599E-003                  2.4705451111145459E-009                  9.8713016808686232E-030                  0.0000000000000000E+000 
                                     466                  1.0953194356659239E+000                 -7.3170605714558620E-002                  6.1823495659885559E+000                  8.3275154458265650E+000                  6.3872592185973801E+007                  6.9279999851050922E-001                  3.1395426630413262E-005                  2.9496860606286029E-001                  2.1025988500795499E-003                  6.1630907196949861E-004                  5.7221218635412074E-003                  1.2718648985637693E-003                  2.4871053158459595E-003                  2.8040995708360300E-009                  1.5156865432230285E-029                  0.0000000000000000E+000 
                                     467                  1.0951640808130310E+000                 -7.4743990021370554E-002                  6.1867391041325188E+000                  8.3295538171947161E+000                  9.7052456569226131E+007                  6.9279999850254603E-001                  3.1395434593636022E-005                  2.9496860606286035E-001                  2.1025988500795504E-003                  6.1630907196949872E-004                  5.7221218635412083E-003                  1.2718648985637696E-003                  2.4871053158459599E-003                  3.1824250302517517E-009                  2.3261838782291235E-029                  0.0000000000000000E+000 
                                     468                  1.0950037125788987E+000                 -7.6330537771491666E-002                  6.1911379690695130E+000                  8.3315784556513037E+000                  1.4740270383621889E+008                  6.9279999849352369E-001                  3.1395443615900070E-005                  2.9496860606286024E-001                  2.1025988500795495E-003                  6.1630907196949850E-004                  5.7221218635412066E-003                  1.2718648985637691E-003                  2.4871053158459591E-003                  3.6114983519493629E-009                  3.5684530524776870E-029                  0.0000000000000000E+000 
                                     469                  1.0948381753261689E+000                 -7.7930357195895653E-002                  6.1955462512490831E+000                  8.3335894283571825E+000                  2.2377561347055793E+008                  6.9279999848330243E-001                  3.1395453837194178E-005                  2.9496860606286035E-001                  2.1025988500795504E-003                  6.1630907196949872E-004                  5.7221218635412083E-003                  1.2718648985637696E-003                  2.4871053158459599E-003                  4.0980906846145867E-009                  5.4716586552597210E-029                  0.0000000000000000E+000 
                                     470                  1.0946673088394991E+000                 -7.9543558053620539E-002                  6.1999640454265235E+000                  8.3355868055944331E+000                  3.3957056201470244E+008                  6.9279999847172347E-001                  3.1395465415914386E-005                  2.9496860606286035E-001                  2.1025988500795504E-003                  6.1630907196949872E-004                  5.7221218635412083E-003                  1.2718648985637696E-003                  2.4871053158459599E-003                  4.6498726480355910E-009                  8.3861564812283066E-029                  0.0000000000000000E+000 
                                     471                  1.0944909482001575E+000                 -8.1170251678077496E-002                  6.2043914454459195E+000                  8.3375706545826134E+000                  5.1506116633406532E+008                  6.9279999845860829E-001                  3.1395478531235979E-005                  2.9496860606286029E-001                  2.1025988500795499E-003                  6.1630907196949861E-004                  5.7221218635412074E-003                  1.2718648985637693E-003                  2.4871053158459595E-003                  5.2755329392147497E-009                  1.2847354685502319E-028                  0.0000000000000000E+000 
                                     472                  1.0943089236578571E+000                 -8.2810551001376784E-002                  6.2088285189662260E+000                  8.3395410130055332E+000                  7.8090770287206864E+008                  6.9279999844375373E-001                  3.1395493385758498E-005                  2.9496860606286024E-001                  2.1025988500795495E-003                  6.1630907196949850E-004                  5.7221218635412066E-003                  1.2718648985637691E-003                  2.4871053158459591E-003                  5.9849101147454992E-009                  1.9673067585041295E-028                  0.0000000000000000E+000 
                                     473                  1.0941210604997014E+000                 -8.4464570478028786E-002                  6.2132752830597964E+000                  8.3414978650460228E+000                  1.1834548002736297E+009                  6.9279999842692352E-001                  3.1395510215868192E-005                  2.9496860606286046E-001                  2.1025988500795512E-003                  6.1630907196949893E-004                  5.7221218635412100E-003                  1.2718648985637700E-003                  2.4871053158459608E-003                  6.7891400437888666E-009                  3.0111820889841610E-028                  0.0000000000000000E+000 
                                     474                  1.0939271789154950E+000                 -8.6132425912211916E-002                  6.2177317022562333E+000                  8.3434411395873429E+000                  1.7927178189866469E+009                  6.9279999840787265E-001                  3.1395529266926686E-005                  2.9496860606286035E-001                  2.1025988500795504E-003                  6.1630907196949872E-004                  5.7221218635412083E-003                  1.2718648985637696E-003                  2.4871053158459599E-003                  7.7008234804959900E-009                  4.6068656218442073E-028                  0.0000000000000000E+000 
                                     475                  1.0937270938595183E+000                 -8.7814234269486646E-002                  6.2221976920667679E+000                  8.3453707123084815E+000                  2.7144142942231011E+009                  6.9279999838630202E-001                  3.1395550837594084E-005                  2.9496860606286046E-001                  2.1025988500795512E-003                  6.1630907196949893E-004                  5.7221218635412100E-003                  1.2718648985637700E-003                  2.4871053158459608E-003                  8.7342152876091039E-009                  7.0448691639441523E-028                  0.0000000000000000E+000 
                                     476                  1.0935206149094612E+000                 -8.9510113487538567E-002                  6.2266731222233345E+000                  8.3472864073439244E+000                  4.1080760764779778E+009                  6.9279999836188133E-001                  3.1395575258170689E-005                  2.9496860606286046E-001                  2.1025988500795512E-003                  6.1630907196949893E-004                  5.7221218635412100E-003                  1.2718648985637700E-003                  2.4871053158459608E-003                  9.9054374565081012E-009                  1.0767945399287900E-027                  0.0000000000000000E+000 
                                     477                  1.0933075461226542E+000                 -9.1220182284387510E-002                  6.2311578196594040E+000                  8.3491879987292528E+000                  6.2142948505477619E+009                  6.9279999833423778E-001                  3.1395602901634223E-005                  2.9496860606286035E-001                  2.1025988500795504E-003                  6.1630907196949872E-004                  5.7221218635412083E-003                  1.2718648985637696E-003                  2.4871053158459599E-003                  1.1232718806706352E-008                  1.6450438499976913E-027                  0.0000000000000000E+000 
                                     478                  1.0930876858896836E+000                 -9.2944559963276219E-002                  6.2356515712585052E+000                  8.3510752118217226E+000                  9.3956742215118847E+009                  6.9279999830295036E-001                  3.1395634189034133E-005                  2.9496860606286041E-001                  2.1025988500795508E-003                  6.1630907196949883E-004                  5.7221218635412092E-003                  1.2718648985637698E-003                  2.4871053158459604E-003                  1.2736664578218656E-008                  2.5118730678057022E-027                  0.0000000000000000E+000 
                                     479                  1.0928608267853848E+000                 -9.4683366214166245E-002                  6.2401541264057947E+000                  8.3529477260246789E+000                  1.4198332554791162E+010                  6.9279999826754413E-001                  3.1395669595547134E-005                  2.9496860606286024E-001                  2.1025988500795495E-003                  6.1630907196949850E-004                  5.7221218635412066E-003                  1.2718648985637691E-003                  2.4871053158459591E-003                  1.4440559500931660E-008                  3.8333909037872420E-027                  0.0000000000000000E+000 
                                     480                  1.0926267554165430E+000                 -9.6436720917139493E-002                  6.2446651993958397E+000                  8.3548051781391575E+000                  2.1444188716271164E+010                  6.9279999822748228E-001                  3.1395709657271566E-005                  2.9496860606286035E-001                  2.1025988500795504E-003                  6.1630907196949872E-004                  5.7221218635412083E-003                  1.2718648985637696E-003                  2.4871053158459599E-003                  1.6370708341567245E-008                  5.8468540484805532E-027                  0.0000000000000000E+000 
                                     481                  1.0923852522658366E+000                 -9.8204743950580820E-002                  6.2491844716860747E+000                  8.3566471639468780E+000                  3.2369310871397171E+010                  6.9279999818216065E-001                  3.1395754978843535E-005                  2.9496860606286029E-001                  2.1025988500795499E-003                  6.1630907196949861E-004                  5.7221218635412074E-003                  1.2718648985637693E-003                  2.4871053158459595E-003                  1.8556818366371929E-008                  8.9125634006058543E-027                  0.0000000000000000E+000 
                                     482                  1.0921360915328620E+000                 -9.9987554997338662E-002                  6.2537115934658649E+000                  8.3584732384098839E+000                  4.8831118951956184E+010                  6.9279999813089788E-001                  3.1395806241944673E-005                  2.9496860606286029E-001                  2.1025988500795499E-003                  6.1630907196949861E-004                  5.7221218635412074E-003                  1.2718648985637693E-003                  2.4871053158459595E-003                  2.1032428470323594E-008                  1.3577218896181812E-026                  0.0000000000000000E+000 
                                     483                  1.0918790409726149E+000                 -1.0178527334322254E-001                  6.2582461813904597E+000                  8.3602829119919608E+000                  7.3618374436371109E+010                  6.9279999807292469E-001                  3.1395864214786790E-005                  2.9496860606286029E-001                  2.1025988500795499E-003                  6.1630907196949861E-004                  5.7221218635412074E-003                  1.2718648985637693E-003                  2.4871053158459595E-003                  2.3835388967046179E-008                  2.0669615328091146E-026                  0.0000000000000000E+000 
                                     484                  1.0916138617316167E+000                 -1.0359801765141033E-001                  6.2627878146700908E+000                  8.3620756453256728E+000                  1.1091442350912622E+011                  6.9279999800737679E-001                  3.1395929762716741E-005                  2.9496860606286035E-001                  2.1025988500795504E-003                  6.1630907196949872E-004                  5.7221218635412083E-003                  1.2718648985637696E-003                  2.4871053158459599E-003                  2.7008397706617371E-008                  3.1445016023376113E-026                  0.0000000000000000E+000 
                                     485                  1.0913403081818751E+000                 -1.0542590570469683E-001                  6.2673360343898912E+000                  8.3638508484543124E+000                  1.6698867084809500E+011                  6.9279999793327951E-001                  3.1396003860076974E-005                  2.9496860606286029E-001                  2.1025988500795499E-003                  6.1630907196949861E-004                  5.7221218635412074E-003                  1.2718648985637693E-003                  2.4871053158459595E-003                  3.0599600583257273E-008                  4.7802702300094135E-026                  0.0000000000000000E+000 
                                     486                  1.0910581277521305E+000                 -1.0726905413354086E-001                  6.2718903443491438E+000                  8.3656078825383613E+000                  2.5122747522737109E+011                  6.9279999784953594E-001                  3.1396087603443382E-005                  2.9496860606286035E-001                  2.1025988500795504E-003                  6.1630907196949872E-004                  5.7221218635412083E-003                  1.2718648985637696E-003                  2.4871053158459599E-003                  3.4663263443382783E-008                  7.2613365261458311E-026                  0.0000000000000000E+000 
                                     487                  1.0907670607556987E+000                 -1.0912757813999792E-001                  6.2764502118983074E+000                  8.3673460602093410E+000                  3.7766910251973706E+011                  6.9279999775491330E-001                  3.1396182226385161E-005                  2.9496860606286029E-001                  2.1025988500795499E-003                  6.1630907196949861E-004                  5.7221218635412074E-003                  1.2718648985637693E-003                  2.4871053158459595E-003                  3.9260522732456425E-008                  1.1021112752894996E-025                  0.0000000000000000E+000 
                                     488                  1.0904668402157360E+000                 -1.1100159121177450E-001                  6.2810150687616142E+000                  8.3690646456369162E+000                  5.6728612133885254E+011                  6.9279999764802380E-001                  3.1396289115907473E-005                  2.9496860606286035E-001                  2.1025988500795504E-003                  6.1630907196949872E-004                  5.7221218635412083E-003                  1.2718648985637696E-003                  2.4871053158459599E-003                  4.4460223385354937E-008                  1.6713192101360234E-025                  0.0000000000000000E+000 
                                     489                  1.0901571916883330E+000                 -1.1289120482493889E-001                  6.2855843118435555E+000                  8.3707628545858839E+000                  8.5137442209477295E+011                  6.9279999752730881E-001                  3.1396409830752033E-005                  2.9496860606286041E-001                  2.1025988500795508E-003                  6.1630907196949883E-004                  5.7221218635412092E-003                  1.2718648985637698E-003                  2.4871053158459604E-003                  5.0339853285402691E-008                  2.5321990634812371E-025                  0.0000000000000000E+000 
                                     490                  1.0898378330837311E+000                 -1.1479652813496351E-001                  6.2901573040176180E+000                  8.3724398540681015E+000                  1.2765779792828435E+012                  6.9279999739101783E-001                  3.1396546121747870E-005                  2.9496860606286041E-001                  2.1025988500795508E-003                  6.1630907196949883E-004                  5.7221218635412092E-003                  1.2718648985637698E-003                  2.4871053158459604E-003                  5.6986584490141973E-008                  3.8328277152276956E-025                  0.0000000000000000E+000 
                                     491                  1.0895084744862014E+000                 -1.1671766765402641E-001                  6.2947333749031262E+000                  8.3740947627483564E+000                  1.9123273572625999E+012                  6.9279999723718522E-001                  3.1396699954419928E-005                  2.9496860606286024E-001                  2.1025988500795495E-003                  6.1630907196949850E-004                  5.7221218635412066E-003                  1.2718648985637691E-003                  2.4871053158459591E-003                  6.4498432393864926E-008                  5.7956411103007032E-025                  0.0000000000000000E+000 
                                     492                  1.0891688179721071E+000                 -1.1865472691757492E-001                  6.2993118216418758E+000                  8.3757266524103784E+000                  2.8618336852939585E+012                  6.9279999706360562E-001                  3.1396873534122704E-005                  2.9496860606286029E-001                  2.1025988500795499E-003                  6.1630907196949861E-004                  5.7221218635412074E-003                  1.2718648985637693E-003                  2.4871053158459595E-003                  7.2985544918894590E-008                  8.7542983153381965E-025                  0.0000000000000000E+000 
                                     493                  1.0888185574256084E+000                 -1.2060780614474982E-001                  6.3038919146375187E+000                  8.3773345539520463E+000                  4.2783117009732451E+012                  6.9279999686775195E-001                  3.1397069387671083E-005                  2.9496860606286029E-001                  2.1025988500795499E-003                  6.1630907196949861E-004                  5.7221218635412074E-003                  1.2718648985637693E-003                  2.4871053158459595E-003                  8.2571641725104237E-008                  1.3208553109870744E-024                  0.0000000000000000E+000 
                                     494                  1.0884573783526230E+000                 -1.2257700191334490E-001                  6.3084729348714141E+000                  8.3789174957034529E+000                  6.3888925282622197E+012                  6.9279999664694680E-001                  3.1397290192833519E-005                  2.9496860606286035E-001                  2.1025988500795504E-003                  6.1630907196949872E-004                  5.7221218635412083E-003                  1.2718648985637696E-003                  2.4871053158459599E-003                  9.3395664829639520E-008                  1.9905830329151820E-024                  0.0000000000000000E+000 
                                     495                  1.0880849576933720E+000                 -1.2456240699863341E-001                  6.3130542180775091E+000                  8.3804745482835568E+000                  9.5298289638231543E+012                  6.9279999639803258E-001                  3.1397539107108697E-005                  2.9496860606286024E-001                  2.1025988500795495E-003                  6.1630907196949850E-004                  5.7221218635412066E-003                  1.2718648985637691E-003                  2.4871053158459591E-003                  1.0561365843880618E-007                  2.9962345413920541E-024                  0.0000000000000000E+000 
                                     496                  1.0877009636341448E+000                 -1.2656411041554366E-001                  6.3176351647011728E+000                  8.3820048341177529E+000                  1.4198238700291617E+013                  6.9279999611751863E-001                  3.1397819620823852E-005                  2.9496860606286041E-001                  2.1025988500795508E-003                  6.1630907196949883E-004                  5.7221218635412092E-003                  1.2718648985637698E-003                  2.4871053158459604E-003                  1.1940084358475675E-007                  4.5042614985503321E-024                  0.0000000000000000E+000 
                                     497                  1.0873050554193842E+000                 -1.2858219751075481E-001                  6.3222152365859712E+000                  8.3835075251029103E+000                  2.1128042977740855E+013                  6.9279999580149243E-001                  3.1398135647021366E-005                  2.9496860606286035E-001                  2.1025988500795504E-003                  6.1630907196949872E-004                  5.7221218635412083E-003                  1.2718648985637696E-003                  2.4871053158459599E-003                  1.3495392165293533E-007                  6.7625088607372252E-024                  0.0000000000000000E+000 
                                     498                  1.0868968831631558E+000                 -1.3061675005166509E-001                  6.3267939538658826E+000                  8.3849818411479244E+000                  3.1401259294109305E+013                  6.9279999544556803E-001                  3.1398491571586720E-005                  2.9496860606286035E-001                  2.1025988500795504E-003                  6.1630907196949872E-004                  5.7221218635412083E-003                  1.2718648985637696E-003                  2.4871053158459599E-003                  1.5249364981677848E-007                  1.0139462841248048E-023                  0.0000000000000000E+000 
                                     499                  1.0864760876597710E+000                 -1.3266784631605680E-001                  6.3313708921117753E+000                  8.3864270485757260E+000                  4.6610876836018633E+013                  6.9279999504483036E-001                  3.1398892309242689E-005                  2.9496860606286035E-001                  2.1025988500795504E-003                  6.1630907196949872E-004                  5.7221218635412083E-003                  1.2718648985637696E-003                  2.4871053158459599E-003                  1.7226772044777124E-007                  1.5182152786627114E-023                  0.0000000000000000E+000 
                                     500                  1.0860423001938961E+000                 -1.3473556118167707E-001                  6.3359456797412292E+000                  8.3878424582464604E+000                  6.9098888300952906E+013                  6.9279999459377350E-001                  3.1399343366093664E-005                  2.9496860606286024E-001                  2.1025988500795495E-003                  6.1630907196949850E-004                  5.7221218635412066E-003                  1.2718648985637691E-003                  2.4871053158459591E-003                  1.9455398027144390E-007                  2.2701444025754464E-023                  0.0000000000000000E+000 
                                     501                  1.0855951423507186E+000                 -1.3681996621422371E-001                  6.3405179956872129E+000                  8.3892274226847512E+000                  1.0230367547397358E+014                  6.9279999408623016E-001                  3.1399850909485819E-005                  2.9496860606286024E-001                  2.1025988500795495E-003                  6.1630907196949850E-004                  5.7221218635412066E-003                  1.2718648985637691E-003                  2.4871053158459591E-003                  2.1966402908441308E-007                  3.3897491968831837E-023                  0.0000000000000000E+000 
                                     502                  1.0851342258280012E+000                 -1.3892112974864873E-001                  6.3450875673218805E+000                  8.3905813343534490E+000                  1.5126629377740962E+014                  6.9279999351529353E-001                  3.1400421846040363E-005                  2.9496860606286035E-001                  2.1025988500795504E-003                  6.1630907196949872E-004                  5.7221218635412083E-003                  1.2718648985637696E-003                  2.4871053158459599E-003                  2.4794724272761384E-007                  5.0543996815583189E-023                  0.0000000000000000E+000 
                                     503                  1.0846591522498124E+000                 -1.4103911696885851E-001                  6.3496541686430081E+000                  8.3919036256244333E+000                  2.2336734703406559E+014                  6.9279999287323080E-001                  3.1401063908727153E-005                  2.9496860606286035E-001                  2.1025988500795504E-003                  6.1630907196949872E-004                  5.7221218635412083E-003                  1.2718648985637696E-003                  2.4871053158459599E-003                  2.7979527044927771E-007                  7.5258427987255546E-023                  0.0000000000000000E+000 
                                     504                  1.0841695129808837E+000                 -1.4317398999391850E-001                  6.3542176119727758E+000                  8.3931937618013155E+000                  3.2939790951523406E+014                  6.9279999215138766E-001                  3.1401785751930806E-005                  2.9496860606286035E-001                  2.1025988500795504E-003                  6.1630907196949872E-004                  5.7221218635412083E-003                  1.2718648985637696E-003                  2.4871053158459599E-003                  3.1564702944392845E-007                  1.1189771073649715E-022                  0.0000000000000000E+000 
                                     505                  1.0836648889416902E+000                 -1.4532580793642663E-001                  6.3587777059971629E+000                  8.3944511995376452E+000                  4.8511267014826162E+014                  6.9279999134008607E-001                  3.1402597053447178E-005                  2.9496860606286035E-001                  2.1025988500795504E-003                  6.1630907196949872E-004                  5.7221218635412083E-003                  1.2718648985637696E-003                  2.4871053158459599E-003                  3.5599407785609696E-007                  1.6613634302807598E-022                  0.0000000000000000E+000 
                                     506                  1.0831448504248014E+000                 -1.4749462675816810E-001                  6.3633342114368601E+000                  8.3956753412207004E+000                  7.1347814204576112E+014                  6.9279999042851204E-001                  3.1403508627501293E-005                  2.9496860606286046E-001                  2.1025988500795512E-003                  6.1630907196949893E-004                  5.7221218635412100E-003                  1.2718648985637700E-003                  2.4871053158459608E-003                  4.0138646035133915E-007                  2.4630932647343818E-022                  0.0000000000000000E+000 
                                     507                  1.0826089569144151E+000                 -1.4968049889194318E-001                  6.3678868343574431E+000                  8.3968655281645965E+000                  1.0479224422490642E+015                  6.9279998940458776E-001                  3.1404532551911505E-005                  2.9496860606286029E-001                  2.1025988500795499E-003                  6.1630907196949861E-004                  5.7221218635412074E-003                  1.2718648985637693E-003                  2.4871053158459595E-003                  4.5243930191962097E-007                  3.6463933154527437E-022                  0.0000000000000000E+000 
                                     508                  1.0820567569090005E+000                 -1.5188347281489784E-001                  6.3724352309406038E+000                  8.3980210464547085E+000                  1.5370246043886745E+015                  6.9279998825483069E-001                  3.1405682308917823E-005                  2.9496860606286035E-001                  2.1025988500795504E-003                  6.1630907196949872E-004                  5.7221218635412083E-003                  1.2718648985637696E-003                  2.4871053158459599E-003                  5.0984015789782608E-007                  5.3901987339794470E-022                  0.0000000000000000E+000 
                                     509                  1.0814877877459059E+000                 -1.5410359263619591E-001                  6.3769790119055942E+000                  8.3991411327740906E+000                  2.2512686676955555E+015                  6.9279998696397871E-001                  3.1406973161020650E-005                  2.9496860606286029E-001                  2.1025988500795499E-003                  6.1630907196949861E-004                  5.7221218635412074E-003                  1.2718648985637693E-003                  2.4871053158459595E-003                  5.7435714255482736E-007                  7.9560128704056470E-022                  0.0000000000000000E+000 
                                     510                  1.0809015754277611E+000                 -1.5634089770027459E-001                  6.3815177466164670E+000                  8.4002249799641842E+000                  3.2927535630166670E+015                  6.9279998551565991E-001                  3.1408421479558037E-005                  2.9496860606286041E-001                  2.1025988500795508E-003                  6.1630907196949883E-004                  5.7221218635412092E-003                  1.2718648985637698E-003                  2.4871053158459604E-003                  6.4684791145142572E-007                  1.1725334594284968E-021                  0.0000000000000000E+000 
                                     511                  1.0802976344509603E+000                 -1.5859542220567890E-001                  6.3860509669028813E+000                  8.4012717415305875E+000                  4.8091265127275920E+015                  6.9279998389099295E-001                  3.1410046146567544E-005                  2.9496860606286024E-001                  2.1025988500795495E-003                  6.1630907196949850E-004                  5.7221218635412066E-003                  1.2718648985637691E-003                  2.4871053158459591E-003                  7.2826957919729139E-007                  1.7253717064812150E-021                  0.0000000000000000E+000 
                                     512                  1.0796754676377154E+000                 -1.6086719483529580E-001                  6.3905781706209961E+000                  8.4022805363092310E+000                  7.0135378338349440E+015                  6.9279998206915272E-001                  3.1411867986758445E-005                  2.9496860606286029E-001                  2.1025988500795499E-003                  6.1630907196949861E-004                  5.7221218635412074E-003                  1.2718648985637693E-003                  2.4871053158459595E-003                  8.1968966116760531E-007                  2.5348685297352746E-021                  0.0000000000000000E+000 
                                     513                  1.0790345659714873E+000                 -1.6315623839995036E-001                  6.3950988249866922E+000                  8.4032504536034036E+000                  1.0213163629640452E+016                  6.9279998002695553E-001                  3.1413910183827747E-005                  2.9496860606286035E-001                  2.1025988500795504E-003                  6.1630907196949872E-004                  5.7221218635412083E-003                  1.2718648985637696E-003                  2.4871053158459599E-003                  9.2229813538372853E-007                  3.7181802490149377E-021                  0.0000000000000000E+000 
                                     514                  1.0783744084348523E+000                 -1.6546256949907104E-001                  6.3996123697106588E+000                  8.4041805588511380E+000                  1.4849893067017338E+016                  6.9279997773860647E-001                  3.1416198533088128E-005                  2.9496860606286029E-001                  2.1025988500795499E-003                  6.1630907196949861E-004                  5.7221218635412074E-003                  1.2718648985637693E-003                  2.4871053158459595E-003                  1.0374207279819423E-006                  5.4449499024583156E-021                  0.0000000000000000E+000 
                                     515                  1.0776944618488806E+000                 -1.6778619820263288E-001                  6.4041182291601757E+000                  8.4050699084445917E+000                  2.1558262502846244E+016                  6.9279997517541259E-001                  3.1418761727086697E-005                  2.9496860606286029E-001                  2.1025988500795499E-003                  6.1630907196949861E-004                  5.7221218635412074E-003                  1.2718648985637693E-003                  2.4871053158459595E-003                  1.1665336964713160E-006                  7.9603419377355826E-021                  0.0000000000000000E+000 
                                     516                  1.0769941807140349E+000                 -1.7012712780538938E-001                  6.4086158712621319E+000                  8.4059176111859149E+000                  3.1247881123003884E+016                  6.9279997230545032E-001                  3.1421631689197250E-005                  2.9496860606286035E-001                  2.1025988500795504E-003                  6.1630907196949872E-004                  5.7221218635412083E-003                  1.2718648985637696E-003                  2.4871053158459599E-003                  1.3112811095762469E-006                  1.1618002339209238E-020                  0.0000000000000000E+000 
                                     517                  1.0762730070545885E+000                 -1.7248535491137426E-001                  6.4131048682848864E+000                  8.4067228928637459E+000                  4.5220562817324016E+016                  6.9279996909319397E-001                  3.1424843945666968E-005                  2.9496860606286029E-001                  2.1025988500795499E-003                  6.1630907196949861E-004                  5.7221218635412074E-003                  1.2718648985637693E-003                  2.4871053158459595E-003                  1.4734945802644024E-006                  1.6927158621262632E-020                  0.0000000000000000E+000 
                                     518                  1.0755303702657455E+000                 -1.7486086988249244E-001                  6.4175849028779286E+000                  8.4074851063506557E+000                  6.5336433049843528E+016                  6.9279996549911294E-001                  3.1428438026600503E-005                  2.9496860606286035E-001                  2.1025988500795504E-003                  6.1630907196949872E-004                  5.7221218635412083E-003                  1.2718648985637696E-003                  2.4871053158459599E-003                  1.6552145599544577E-006                  2.4619775040605608E-020                  0.0000000000000000E+000 
                                     519                  1.0747656869617701E+000                 -1.7725365736791579E-001                  6.4220557574376516E+000                  8.4082037251385309E+000                  9.4249144593997248E+016                  6.9279996147923073E-001                  3.1432457908899051E-005                  2.9496860606286024E-001                  2.1025988500795495E-003                  6.1630907196949850E-004                  5.7221218635412066E-003                  1.2718648985637691E-003                  2.4871053158459591E-003                  1.8587137171751840E-006                  3.5746146726524142E-020                  0.0000000000000000E+000 
                                     520                  1.0739783608237468E+000                 -1.7966369682520592E-001                  6.4265173042878407E+000                  8.4088783354863619E+000                  1.3573851219600989E+017                  6.9279995698463215E-001                  3.1436952507554508E-005                  2.9496860606286029E-001                  2.1025988500795499E-003                  6.1630907196949861E-004                  5.7221218635412074E-003                  1.2718648985637693E-003                  2.4871053158459595E-003                  2.0865229027199472E-006                  5.1810772461241735E-020                  0.0000000000000000E+000 
                                     521                  1.0731677824499759E+000                 -1.8209096302397043E-001                  6.4309694966590731E+000                  8.4095086294182924E+000                  1.9518028109924826E+017                  6.9279995196091892E-001                  3.1441976220537004E-005                  2.9496860606286024E-001                  2.1025988500795495E-003                  6.1630907196949850E-004                  5.7221218635412066E-003                  1.2718648985637691E-003                  2.4871053158459591E-003                  2.3414599843924376E-006                  7.4965184305556078E-020                  0.0000000000000000E+000 
                                     522                  1.0723333292088684E+000                 -1.8453542653501342E-001                  6.4354123604480389E+000                  8.4100943994893829E+000                  2.8020872185935421E+017                  6.9279994634690767E-001                  3.1447590231935401E-005                  2.9496860606286035E-001                  2.1025988500795504E-003                  6.1630907196949872E-004                  5.7221218635412083E-003                  1.2718648985637696E-003                  2.4871053158459599E-003                  2.6266618668704781E-006                  1.0828120796726480E-019                  0.0000000000000000E+000 
                                     523                  1.0714743650921894E+000                 -1.8699705421336918E-001                  6.4398459867332738E+000                  8.4106355344519343E+000                  4.0164997220548480E+017                  6.9279994007663304E-001                  3.1453860506731421E-005                  2.9496860606286024E-001                  2.1025988500795495E-003                  6.1630907196949839E-004                  5.7221218635412057E-003                  1.2718648985637689E-003                  2.4871053158459586E-003                  2.9456200490273617E-006                  1.5613765251827131E-019                  0.0000000000000000E+000 
                                     524                  1.0705902405672296E+000                 -1.8947580967916072E-001                  6.4442705250048045E+000                  8.4111320137187597E+000                  5.7483540724267027E+017                  6.9279993307475607E-001                  3.1460862383619133E-005                  2.9496860606286029E-001                  2.1025988500795499E-003                  6.1630907196949861E-004                  5.7221218635412074E-003                  1.2718648985637693E-003                  2.4871053158459595E-003                  3.3022201080057823E-006                  2.2476676411838210E-019                  0.0000000000000000E+000 
                                     525                  1.0696802924307247E+000                 -1.9197165378834574E-001                  6.4486861770593862E+000                  8.4115839021614409E+000                  8.2144744526338662E+017                  6.9279992525820622E-001                  3.1468678933551121E-005                  2.9496860606286029E-001                  2.1025988500795499E-003                  6.1630907196949861E-004                  5.7221218635412074E-003                  1.2718648985637693E-003                  2.4871053158459595E-003                  3.7007855431638060E-006                  3.2302543233076189E-019                  0.0000000000000000E+000 
                                     526                  1.0687438436645595E+000                 -1.9448454509394472E-001                  6.4530931890354459E+000                  8.4119913442469461E+000                  1.1721109291222497E+018                  6.9279991653467854E-001                  3.1477402460987304E-005                  2.9496860606286029E-001                  2.1025988500795499E-003                  6.1630907196949861E-004                  5.7221218635412074E-003                  1.2718648985637693E-003                  2.4871053158459595E-003                  4.1461263074706173E-006                  4.6348212498839092E-019                  0.0000000000000000E+000 
                                     527                  1.0677802032910808E+000                 -1.9701444029260262E-001                  6.4574918191977924E+000                  8.4123545332093013E+000                  1.6700248384816428E+018                  6.9279990680166337E-001                  3.1487135476166024E-005                  2.9496860606286035E-001                  2.1025988500795504E-003                  6.1630907196949872E-004                  5.7221218635412083E-003                  1.2718648985637696E-003                  2.4871053158459599E-003                  4.6435909581099444E-006                  6.6394573359105222E-019                  0.0000000000000000E+000 
                                     528                  1.0667886662270305E+000                 -1.9956129450817767E-001                  6.4618822971722940E+000                  8.4126736699434872E+000                  2.3760438045266524E+018                  6.9279989594538804E-001                  3.1497991751625220E-005                  2.9496860606286029E-001                  2.1025988500795499E-003                  6.1630907196949850E-004                  5.7221218635412066E-003                  1.2718648985637691E-003                  2.4871053158459591E-003                  5.1991228189915184E-006                  9.4961188759511587E-019                  0.0000000000000000E+000 
                                     529                  1.0657685131378074E+000                 -2.0212506134327568E-001                  6.4662648143045853E+000                  8.4129489529453938E+000                  3.3757824392843351E+018                  6.9279988383962743E-001                  3.1510097512070123E-005                  2.9496860606286024E-001                  2.1025988500795495E-003                  6.1630907196949850E-004                  5.7221218635412066E-003                  1.2718648985637691E-003                  2.4871053158459591E-003                  5.8193230631207486E-006                  1.3560728007771415E-018                  0.0000000000000000E+000 
                                     530                  1.0647190102919277E+000                 -2.0470569287272866E-001                  6.4706395308643021E+000                  8.4131805862911246E+000                  4.7895375001326551E+018                  6.9279987034438151E-001                  3.1523592758033897E-005                  2.9496860606286035E-001                  2.1025988500795504E-003                  6.1630907196949872E-004                  5.7221218635412083E-003                  1.2718648985637696E-003                  2.4871053158459599E-003                  6.5115213366473574E-006                  1.9335323803038874E-018                  0.0000000000000000E+000 
                                     531                  1.0636394094133836E+000                 -2.0730313968452529E-001                  6.4750065829736938E+000                  8.4133687879354095E+000                  6.7861292529853307E+018                  6.9279985530441202E-001                  3.1538632727595451E-005                  2.9496860606286029E-001                  2.1025988500795499E-003                  6.1630907196949861E-004                  5.7221218635412074E-003                  1.2718648985637693E-003                  2.4871053158459595E-003                  7.2838538113793895E-006                  2.7527001814134953E-018                  0.0000000000000000E+000 
                                     532                  1.0625289475306001E+000                 -2.0991735097226286E-001                  6.4793660890765299E+000                  8.4135137966937705E+000                  9.6021900861524705E+018                  6.9279983854762894E-001                  3.1555389510629336E-005                  2.9496860606286041E-001                  2.1025988500795508E-003                  6.1630907196949883E-004                  5.7221218635412092E-003                  1.2718648985637698E-003                  2.4871053158459604E-003                  8.1453494414273263E-006                  3.9130211525721899E-018                  0.0000000000000000E+000 
                                     533                  1.0613868468227812E+000                 -2.1254827467335813E-001                  6.4837181559736532E+000                  8.4136158787563318E+000                  1.3569018000349796E+019                  6.9279981988330797E-001                  3.1574053831505835E-005                  2.9496860606286024E-001                  2.1025988500795495E-003                  6.1630907196949850E-004                  5.7221218635412066E-003                  1.2718648985637691E-003                  2.4871053158459591E-003                  9.1060252885810544E-006                  5.5541508377788670E-018                  0.0000000000000000E+000 
                                     534                  1.0602123144629689E+000                 -2.1519585765203911E-001                  6.4880628844538792E+000                  8.4136753345487545E+000                  1.9149930471564444E+019                  6.9279979909784195E-001                  3.1594839297678838E-005                  2.9496860606286035E-001                  2.1025988500795504E-003                  6.1630907196949872E-004                  5.7221218635412083E-003                  1.2718648985637696E-003                  2.4871053158459599E-003                  1.0176991881787046E-005                  7.8719338144883488E-018                  0.0000000000000000E+000 
                                     535                  1.0590045424543619E+000                 -2.1786004593102029E-001                  6.4924003745426395E+000                  8.4136925056160194E+000                  2.6992164530907492E+019                  6.9279977596130271E-001                  3.1617975837010575E-005                  2.9496860606286035E-001                  2.1025988500795504E-003                  6.1630907196949872E-004                  5.7221218635412083E-003                  1.2718648985637696E-003                  2.4871053158459599E-003                  1.1370569667516023E-005                  1.1140622922624335E-017                  0.0000000000000000E+000 
                                     536                  1.0577627074586207E+000                 -2.2054078497386326E-001                  6.4967307303793262E+000                  8.4136677806705737E+000                  3.7998977460005577E+019                  6.9279975021245666E-001                  3.1643724683045162E-005                  2.9496860606286035E-001                  2.1025988500795504E-003                  6.1630907196949915E-004                  5.7221218635412083E-003                  1.2718648985637696E-003                  2.4871053158459599E-003                  1.2700417741177703E-005                  1.5743736917948074E-017                  0.0000000000000000E+000 
                                     537                  1.0564859706160308E+000                 -2.2323802001469090E-001                  6.5010540647642872E+000                  8.4136016014347241E+000                  5.3429684155938316E+019                  6.9279972156417713E-001                  3.1672372962470475E-005                  2.9496860606286035E-001                  2.1025988500795504E-003                  6.1630907196950024E-004                  5.7221218635412083E-003                  1.2718648985637696E-003                  2.4871053158459599E-003                  1.4181676185960028E-005                  2.2216860232202371E-017                  0.0000000000000000E+000 
                                     538                  1.0551734773553796E+000                 -2.2595169643561722E-001                  6.5053705068556900E+000                  8.4134944723662937E+000                  7.5038439293543629E+019                  6.9279968969856198E-001                  3.1704238577580678E-005                  2.9496860606286041E-001                  2.1025988500795508E-003                  6.1630907196950056E-004                  5.7221218635412092E-003                  1.2718648985637698E-003                  2.4871053158459604E-003                  1.5831124238369187E-005                  3.1306941296162846E-017                  0.0000000000000000E+000 
                                     539                  1.0538243571897725E+000                 -2.2868176021798756E-001                  6.5096802139259271E+000                  8.4133469743749583E+000                  1.0526670370766486E+020                  6.9279965426367740E-001                  3.1739673462195776E-005                  2.9496860606286035E-001                  2.1025988500795504E-003                  6.1630907196950078E-004                  5.7221218635412083E-003                  1.2718648985637696E-003                  2.4871053158459599E-003                  1.7667356720269123E-005                  4.4054371950128682E-017                  0.0000000000000000E+000 
                                     540                  1.0524377234968947E+000                 -2.3142815849539364E-001                  6.5139833746600608E+000                  8.4131597697990994E+000                  1.4751003873406216E+020                  6.9279961486998431E-001                  3.1779067155430720E-005                  2.9496860606286029E-001                  2.1025988500795495E-003                  6.1630907196950208E-004                  5.7221218635412074E-003                  1.2718648985637693E-003                  2.4871053158459595E-003                  1.9710978214469428E-005                  6.1906455341794795E-017                  0.0000000000000000E+000 
                                     541                  1.0510126732823379E+000                 -2.3419084015642314E-001                  6.5182802022196018E+000                  8.4129335967367460E+000                  2.0648777818622902E+020                  6.9279957108642298E-001                  3.1822850716590686E-005                  2.9496860606286046E-001                  2.1025988500795473E-003                  6.1630907196950349E-004                  5.7221218635412100E-003                  1.2718648985637700E-003                  2.4871053158459608E-003                  2.1984815314178772E-005                  8.6874062971461959E-017                  0.0000000000000000E+000 
                                     542                  1.0495482869241370E+000                 -2.3696975643022683E-001                  6.5214804730483280E+000                  8.1116888488519816E+000                  1.3262980431220518E+020                  6.9279953520336535E-001                  3.1858733774316413E-005                  2.9496860606286035E-001                  2.1025988500795443E-003                  6.1630907196950479E-004                  5.7221218635412083E-003                  1.2718648985637696E-003                  2.4871053158459599E-003                  2.3850175620845842E-005                  1.1177402135579606E-016                  0.0000000000000000E+000 
                                     543                  1.0488010506949546E+000                 -2.3836521985511236E-001                  6.5241677964429678E+000                  8.2876098981689150E+000                  2.4536504819603305E+020                  6.9279950290606662E-001                  3.1891031072902935E-005                  2.9496860606286029E-001                  2.1025988500795434E-003                  6.1630907196950598E-004                  5.7221218635412074E-003                  1.2718648985637693E-003                  2.4871053158459595E-003                  2.5530307016141566E-005                  1.3802851220394794E-016                  0.0000000000000000E+000 
                                     544                  1.0476610591502546E+000                 -2.4046603291735616E-001                  6.5279261764571688E+000                  8.4122863974361195E+000                  4.3852457021521605E+020                  6.9279945397031117E-001                  3.1939966828382694E-005                  2.9496860606286029E-001                  2.1025988500795421E-003                  6.1630907196950869E-004                  5.7221218635412074E-003                  1.2718648985637693E-003                  2.4871053158459595E-003                  2.8078059542746518E-005                  1.8529724400594903E-016                  0.0000000000000000E+000 
                                     545                  1.0461047160462462E+000                 -2.4328131306575040E-001                  6.5322040455206904E+000                  8.4119394899388471E+000                  6.1196606338244923E+020                  6.9279939234979238E-001                  3.2001587347174722E-005                  2.9496860606286029E-001                  2.1025988500795391E-003                  6.1630907196951260E-004                  5.7221218635412074E-003                  1.2718648985637693E-003                  2.4871053158459595E-003                  3.1289211901467888E-005                  2.5891668151688213E-016                  0.0000000000000000E+000 
                                     546                  1.0445059296702148E+000                 -2.4611269222723120E-001                  6.5364766015085767E+000                  8.4115574615040192E+000                  8.5329558236083965E+020                  6.9279932394077959E-001                  3.2069996359983553E-005                  2.9496860606286041E-001                  2.1025988500795352E-003                  6.1630907196951856E-004                  5.7221218635412092E-003                  1.2718648985637698E-003                  2.4871053158459604E-003                  3.4858278147469505E-005                  3.6132455486363192E-016                  0.0000000000000000E+000 
                                     547                  1.0428637063413193E+000                 -2.4896013763572442E-001                  6.5407440799460508E+000                  8.4111413537352480E+000                  1.1888771156281480E+021                  6.9279924800757298E-001                  3.2145929566590177E-005                  2.9496860606286035E-001                  2.1025988500795274E-003                  6.1630907196952593E-004                  5.7221218635412083E-003                  1.2718648985637696E-003                  2.4871053158459599E-003                  3.8824178169271267E-005                  5.0360504361854345E-016                  0.0000000000000000E+000 
                                     548                  1.0411770340188122E+000                 -2.5182362159503352E-001                  6.5450067053391798E+000                  8.4106922494749696E+000                  1.6552653103618452E+021                  6.9279916374318695E-001                  3.2230193952435141E-005                  2.9496860606286046E-001                  2.1025988500795187E-003                  6.1630907196953666E-004                  5.7221218635412100E-003                  1.2718648985637700E-003                  2.4871053158459608E-003                  4.3229959371335367E-005                  7.0104548061976852E-016                  0.0000000000000000E+000 
                                     549                  1.0394448818898667E+000                 -2.5470312193197453E-001                  6.5492646878496252E+000                  8.4102112650328671E+000                  2.3031423946600609E+021                  6.9279907025637155E-001                  3.2323680768002810E-005                  2.9496860606286052E-001                  2.1025988500795070E-003                  6.1630907196955163E-004                  5.7221218635412109E-003                  1.2718648985637702E-003                  2.4871053158459612E-003                  4.8123220852320447E-005                  9.7470618078650173E-016                  0.0000000000000000E+000 
                                     550                  1.0376661999422632E+000                 -2.5759862240877274E-001                  6.5535182222391875E+000                  8.4096995460347870E+000                  3.2027827183749473E+021                  6.9279896656307016E-001                  3.2427374069316023E-005                  2.9496860606286057E-001                  2.1025988500794892E-003                  6.1630907196957190E-004                  5.7221218635412109E-003                  1.2718648985637702E-003                  2.4871053158459612E-003                  5.3556580613840494E-005                  1.3535678259998806E-015                  0.0000000000000000E+000 
                                     551                  1.0358399185160267E+000                 -2.6051011311725031E-001                  6.5577674995004678E+000                  8.4091582776642966E+000                  4.4516470044871901E+021                  6.9279885157683763E-001                  3.2542360301462732E-005                  2.9496860606286091E-001                  2.1025988500794654E-003                  6.1630907196959922E-004                  5.7221218635412092E-003                  1.2718648985637698E-003                  2.4871053158459604E-003                  5.9588198681558753E-005                  1.8774668924659692E-015                  0.0000000000000000E+000 
                                     552                  1.0339649478275101E+000                 -2.6343759095130387E-001                  6.5620127249821598E+000                  8.4085886971054364E+000                  6.1849508388318248E+021                  6.9279872409809518E-001                  3.2669839043708815E-005                  2.9496860606286107E-001                  2.1025988500794311E-003                  6.1630907196963750E-004                  5.7221218635412074E-003                  1.2718648985637693E-003                  2.4871053158459595E-003                  6.6282362522076404E-005                  2.6011059309302971E-015                  0.0000000000000000E+000 
                                     553                  1.0320401774854653E+000                 -2.6638106017567087E-001                  6.5662541271397084E+000                  8.4079920959265149E+000                  8.5903893837404292E+021                  6.9279858280234796E-001                  3.2811134790900468E-005                  2.9496860606286113E-001                  2.1025988500793851E-003                  6.1630907196968997E-004                  5.7221218635412074E-003                  1.2718648985637693E-003                  2.4871053158459595E-003                  7.3710130778634216E-005                  3.5995263773660433E-015                  0.0000000000000000E+000 
                                     554                  1.0300644760061171E+000                 -2.6934053302590483E-001                  6.5704919612054624E+000                  8.4073698194576956E+000                  1.1928685349535050E+022                  6.9279842622724763E-001                  3.2967709891078536E-005                  2.9496860606286140E-001                  2.1025988500793249E-003                  6.1630907196976283E-004                  5.7221218635412100E-003                  1.2718648985637700E-003                  2.4871053158459608E-003                  8.1950042543000535E-005                  4.9755718433553514E-015                  0.0000000000000000E+000 
                                     555                  1.0280366903199647E+000                 -2.7231603031997487E-001                  6.5747265122353475E+000                  8.4067232659799842E+000                  1.6562314345719869E+022                  6.9279825275830242E-001                  3.3141178835705949E-005                  2.9496860606286174E-001                  2.1025988500792394E-003                  6.1630907196986203E-004                  5.7221218635412083E-003                  1.2718648985637696E-003                  2.4871053158459599E-003                  9.1088902094116209E-005                  6.8700585097303316E-015                  0.0000000000000000E+000 
                                     556                  1.0259556452695766E+000                 -2.7530758208052120E-001                  6.5789580974588864E+000                  8.4060538815224799E+000                  2.2995769059628588E+022                  6.9279806059426041E-001                  3.3333342877281683E-005                  2.9496860606286224E-001                  2.1025988500791223E-003                  6.1630907196999778E-004                  5.7221218635412092E-003                  1.2718648985637698E-003                  2.4871053158459604E-003                  1.0122264712797844E-004                  9.4756264140813166E-015                  0.0000000000000000E+000 
                                     557                  1.0238201431202676E+000                 -2.7831522813759157E-001                  6.5831870676150324E+000                  8.4053631541975662E+000                  3.1931958263707098E+022                  6.9279784780202802E-001                  3.3546135108901633E-005                  2.9496860606286285E-001                  2.1025988500789623E-003                  6.1630907197018404E-004                  5.7221218635412074E-003                  1.2718648985637693E-003                  2.4871053158459595E-003                  1.1245730903843172E-004                  1.3055591394959782E-014                  0.0000000000000000E+000 
                                     558                  1.0216289630868507E+000                 -2.8133901870783679E-001                  6.5874138074044675E+000                  8.4046526094089344E+000                  4.4351816282231825E+022                  6.9279761219298608E-001                  3.3781744150015602E-005                  2.9496860606286363E-001                  2.1025988500787450E-003                  6.1630907197043959E-004                  5.7221218635412092E-003                  1.2718648985637698E-003                  2.4871053158459604E-003                  1.2491007501458517E-004                  1.7969590117964852E-014                  0.0000000000000000E+000 
                                     559                  1.0193808608727872E+000                 -2.8437901495541423E-001                  6.5916387354922445E+000                  8.4039238063906367E+000                  6.1626386810598708E+022                  6.9279735136878184E-001                  3.4042568353321658E-005                  2.9496860606286468E-001                  2.1025988500784454E-003                  6.1630907197078729E-004                  5.7221218635412083E-003                  1.2718648985637696E-003                  2.4871053158459599E-003                  1.3871046335335179E-004                  2.4708447483305972E-014                  0.0000000000000000E+000 
                                     560                  1.0170745682175519E+000                 -2.8743528954338915E-001                  6.5958623040526883E+000                  8.4031783324172107E+000                  8.5675526004946080E+022                  6.9279706268164098E-001                  3.4331255492581485E-005                  2.9496860606286607E-001                  2.1025988500780360E-003                  6.1630907197126358E-004                  5.7221218635412066E-003                  1.2718648985637691E-003                  2.4871053158459591E-003                  1.5400162407474868E-004                  3.3941563064158816E-014                  0.0000000000000000E+000 
                                     561                  1.0147087924661256E+000                 -2.9050792715889340E-001                  6.6000849978313845E+000                  8.4024177957133510E+000                  1.1919310378262880E+023                  6.9279674320839213E-001                  3.4650728739320050E-005                  2.9496860606286823E-001                  2.1025988500774826E-003                  6.1630907197191302E-004                  5.7221218635412109E-003                  1.2718648985637702E-003                  2.4871053158459612E-003                  1.7094177820560694E-004                  4.6581285018766140E-014                  0.0000000000000000E+000 
                                     562                  1.0122822161701992E+000                 -2.9359702500194312E-001                  6.6043073277777751E+000                  8.4016438142308019E+000                  1.6596757705830356E+023                  6.9279638972190039E-001                  3.5004215228285388E-005                  2.9496860606287056E-001                  2.1025988500767228E-003                  6.1630907197279816E-004                  5.7221218635412092E-003                  1.2718648985637698E-003                  2.4871053158459604E-003                  1.8970579865983071E-004                  6.3870310308249422E-014                  0.0000000000000000E+000 
                                     563                  1.0097934967211937E+000                 -2.9670269320709791E-001                  6.6085298054019068E+000                  8.4008579888311665E+000                  2.3133960301618835E+023                  6.9279599866040409E-001                  3.5395276721355461E-005                  2.9496860606287395E-001                  2.1025988500756898E-003                  6.1630907197400455E-004                  5.7221218635412083E-003                  1.2718648985637696E-003                  2.4871053158459599E-003                  2.1048690445014468E-004                  8.7500202872005451E-014                  0.0000000000000000E+000 
                                     564                  1.0072412659971908E+000                 -2.9982505508310670E-001                  6.6127529181467963E+000                  8.4000618758912360E+000                  3.2285792433498679E+023                  6.9279556606616655E-001                  3.5827870954055886E-005                  2.9496860606287850E-001                  2.1025988500742807E-003                  6.1630907197564614E-004                  5.7221218635412083E-003                  1.2718648985637696E-003                  2.4871053158459599E-003                  2.3349850588145563E-004                  1.1977199617770007E-013                  0.0000000000000000E+000 
                                     565                  1.0046241300327001E+000                 -3.0296424715949866E-001                  6.6169771256963736E+000                  8.3992569788879017E+000                  4.5121983470114809E+023                  6.9279508765659348E-001                  3.6306280520865096E-005                  2.9496860606288455E-001                  2.1025988500723660E-003                  6.1630907197787927E-004                  5.7221218635412092E-003                  1.2718648985637698E-003                  2.4871053158459604E-003                  2.5897627192306312E-004                  1.6381382239570595E-013                  0.0000000000000000E+000 
                                     566                  1.0019406687299666E+000                 -3.0612041917127830E-001                  6.6212028614582108E+000                  8.3984447457757465E+000                  6.3163287288461953E+023                  6.9279455862699069E-001                  3.6835310115044987E-005                  2.9496860606289271E-001                  2.1025988500697639E-003                  6.1630907198091591E-004                  5.7221218635412083E-003                  1.2718648985637696E-003                  2.4871053158459599E-003                  2.8718041774978767E-004                  2.2387562542572783E-013                  0.0000000000000000E+000 
                                     567                  9.9918943561630180E-001                 -3.0929373402216881E-001                  6.6254305343014392E+000                  8.3976265713293845E+000                  8.8578211150556616E+023                  6.9279397370561502E-001                  3.7420231479153910E-005                  2.9496860606290359E-001                  2.1025988500662307E-003                  6.1630907198504086E-004                  5.7221218635412092E-003                  1.2718648985637698E-003                  2.4871053158459604E-003                  3.1839822529922617E-004                  3.0572805693573883E-013                  0.0000000000000000E+000 
                                     568                  9.9636895762119071E-001                 -3.1248436776256527E-001                  6.6296605305311189E+000                  8.3968038001001180E+000                  1.2446924642875281E+024                  6.9279332707969110E-001                  3.8066857387434444E-005                  2.9496860606291853E-001                  2.1025988500614282E-003                  6.1630907199064012E-004                  5.7221218635412092E-003                  1.2718648985637698E-003                  2.4871053158459604E-003                  3.5294682012774342E-004                  4.1720208771704678E-013                  0.0000000000000000E+000 
                                     569                  9.9347773487369218E-001                 -3.1569250958772754E-001                  6.6338932160382917E+000                  8.3959777267698570E+000                  1.7529057957882688E+024                  6.9279261234060752E-001                  3.8781596449950702E-005                  2.9496860606293823E-001                  2.1025988500549164E-003                  6.1630907199823647E-004                  5.7221218635412066E-003                  1.2718648985637691E-003                  2.4871053158459591E-003                  3.9117623025924193E-004                  5.6891864321485624E-013                  0.0000000000000000E+000 
                                     570                  9.9051424054586890E-001                 -3.1891836183797928E-001                  6.6381289385652993E+000                  8.3951495955959441E+000                  2.4746060132835153E+024                  6.9279182239046866E-001                  3.9571546560491010E-005                  2.9496860606296521E-001                  2.1025988500460876E-003                  6.1630907200853683E-004                  5.7221218635412074E-003                  1.2718648985637693E-003                  2.4871053158459595E-003                  4.3347275639091980E-004                  7.7527469024207795E-013                  0.0000000000000000E+000 
                                     571                  9.8747692075173887E-001                 -3.2216213999449339E-001                  6.6412992425760180E+000                  8.0961218823985934E+000                  1.6144379810219323E+024                  6.9279117610187246E-001                  4.0217835128845409E-005                  2.9496860606299163E-001                  2.1025988500374816E-003                  6.1630907201857741E-004                  5.7221218635412083E-003                  1.2718648985637696E-003                  2.4871053158459599E-003                  4.6811307296716110E-004                  9.7698141212853668E-013                  0.0000000000000000E+000 
                                     572                  9.8592055761750796E-001                 -3.2380071134961641E-001                  6.6434195917630525E+000                  8.0903908261228281E+000                  1.8986546226881363E+024                  6.9279071748786736E-001                  4.0676449111629886E-005                  2.9496860606301312E-001                  2.1025988500305431E-003                  6.1630907202667228E-004                  5.7221218635412057E-003                  1.2718648985637689E-003                  2.4871053158459586E-003                  4.9270977819369441E-004                  1.1399121723113191E-012                  0.0000000000000000E+000 
                                     573                  9.8436419448327694E-001                 -3.2542388573188308E-001                  6.6460861695099780E+000                  8.2725915269897428E+000                  3.6035853592220236E+024                  6.9279010847209699E-001                  4.1285464847932270E-005                  2.9496860606304498E-001                  2.1025988500201946E-003                  6.1630907203874595E-004                  5.7221218635412100E-003                  1.2718648985637700E-003                  2.4871053158459608E-003                  5.2539226458920858E-004                  1.3833449467589735E-012                  0.0000000000000000E+000 
                                     574                  9.8195719356010291E-001                 -3.2790483340226900E-001                  6.6492700896531360E+000                  8.2640294695927246E+000                  4.6089603939056184E+024                  6.9278932902262003E-001                  4.2064914275062636E-005                  2.9496860606309222E-001                  2.1025988500049642E-003                  6.1630907205651310E-004                  5.7221218635412074E-003                  1.2718648985637693E-003                  2.4871053158459595E-003                  5.6725350939585296E-004                  1.7423760457562745E-012                  0.0000000000000000E+000 
                                     575                  9.7955019263692900E-001                 -3.3035118690445336E-001                  6.6529825508743503E+000                  8.3922515965926987E+000                  8.4559088365713218E+024                  6.9278834582043580E-001                  4.3048116384841806E-005                  2.9496860606316322E-001                  2.1025988499822810E-003                  6.1630907208297685E-004                  5.7221218635412092E-003                  1.2718648985637698E-003                  2.4871053158459604E-003                  6.2010289805575539E-004                  2.2784891519306773E-012                  0.0000000000000000E+000 
                                     576                  9.7624185503577687E-001                 -3.3365958865685791E-001                  6.6566952288954164E+000                  8.2665775690332080E+000                  8.6700427728168017E+024                  6.9278727161371845E-001                  4.4122323003496327E-005                  2.9496860606325681E-001                  2.1025988499527547E-003                  6.1630907211742379E-004                  5.7221218635412092E-003                  1.2718648985637698E-003                  2.4871053158459604E-003                  6.7790202608536778E-004                  2.9782487864707626E-012                  0.0000000000000000E+000 
                                     577                  9.7370743736171861E-001                 -3.3615329737367644E-001                  6.6598878901708254E+000                  8.2659622697191821E+000                  1.1363980989093113E+025                  6.9278627249598290E-001                  4.5121440629553851E-005                  2.9496860606336078E-001                  2.1025988499203925E-003                  6.1630907215517625E-004                  5.7221218635412066E-003                  1.2718648985637691E-003                  2.4871053158459591E-003                  7.3170479909883041E-004                  3.7470733609490647E-012                  0.0000000000000000E+000 
                                     578                  9.7112665430020129E-001                 -3.3865784645985397E-001                  6.6636248510411429E+000                  8.3902015997408252E+000                  2.0840079952270813E+025                  6.9278500757099326E-001                  4.6386365453023603E-005                  2.9496860606351927E-001                  2.1025988498720419E-003                  6.1630907221158740E-004                  5.7221218635412187E-003                  1.2718648985637702E-003                  2.4871053158459612E-003                  7.9988301221080435E-004                  4.8987384098904371E-012                  0.0000000000000000E+000 
                                     579                  9.6761223124125295E-001                 -3.4201444167238021E-001                  6.6678906213058742E+000                  8.3893905531311290E+000                  3.0086512315994297E+025                  6.9278342268632209E-001                  4.7971249866856608E-005                  2.9496860606376424E-001                  2.1025988497988543E-003                  6.1630907229696930E-004                  5.7221218635412205E-003                  1.2718648985637696E-003                  2.4871053158459599E-003                  8.8539675485333098E-004                  6.6470192248117656E-012                  0.0000000000000000E+000 
                                     580                  9.6401234743527198E-001                 -3.4539084571066841E-001                  6.6721619149665141E+000                  8.3885860824030019E+000                  4.3604395838378576E+025                  6.9278167292214865E-001                  4.9721013683282454E-005                  2.9496860606410480E-001                  2.1025988497000562E-003                  6.1630907241222855E-004                  5.7221218635412222E-003                  1.2718648985637698E-003                  2.4871053158459604E-003                  9.7991032207926112E-004                  9.0143375157958324E-012                  0.0000000000000000E+000 
                                     581                  9.6032523380813317E-001                 -3.4878738308612428E-001                  6.6764390350166600E+000                  8.3877891477083963E+000                  6.3449834518142615E+025                  6.9277974135883391E-001                  5.1652576500165808E-005                  2.9496860606458047E-001                  2.1025988495667522E-003                  6.1630907256774402E-004                  5.7221218635412257E-003                  1.2718648985637696E-003                  2.4871053158459599E-003                  1.0843585362584598E-003                  1.2218334969000582E-011                  0.0000000000000000E+000 
                                     582                  9.5654909534087484E-001                 -3.5220439287882110E-001                  6.6807222767387664E+000                  8.3870006798143191E+000                  9.2708518572914611E+025                  6.9277760936303179E-001                  5.3784571606154511E-005                  2.9496860606524655E-001                  2.1025988493869737E-003                  6.1630907277747924E-004                  5.7221218635412343E-003                  1.2718648985637691E-003                  2.4871053158459591E-003                  1.1997721623077159E-003                  1.6552683405369632E-011                  0.0000000000000000E+000 
                                     583                  9.5268211149950366E-001                 -3.5564222895560244E-001                  6.6850119247329740E+000                  8.3862215803631095E+000                  1.3603051931328099E+026                  6.9277525634896653E-001                  5.6137584693551044E-005                  2.9496860606618402E-001                  2.1025988491446264E-003                  6.1630907306020892E-004                  5.7221218635412508E-003                  1.2718648985637698E-003                  2.4871053158459604E-003                  1.3272875807657442E-003                  2.2413486948214290E-011                  0.0000000000000000E+000 
                                     584                  9.4872243672548628E-001                 -3.5910126020060018E-001                  6.6893082501503605E+000                  8.3854527224679973E+000                  2.0044994530211502E+026                  6.9277265985519865E-001                  5.8734077082303150E-005                  2.9496860606750885E-001                  2.1025988488180777E-003                  6.1630907344116753E-004                  5.7221218635412664E-003                  1.2718648985637700E-003                  2.4871053158459608E-003                  1.4681574039209163E-003                  3.0334797822972199E-011                  0.0000000000000000E+000 
                                     585                  9.4466820099321736E-001                 -3.6258187076155574E-001                  6.6936115081538725E+000                  8.3846949481069881E+000                  2.9665103980667898E+026                  6.9276979496006608E-001                  6.1598970260748077E-005                  2.9496860606938952E-001                  2.1025988483782672E-003                  6.1630907395426003E-004                  5.7221218635412820E-003                  1.2718648985637691E-003                  2.4871053158459591E-003                  1.6237621260307008E-003                  4.1036373730581505E-011                  0.0000000000000000E+000 
                                     586                  9.4051751045377630E-001                 -3.6608446028686126E-001                  6.6979219356220447E+000                  8.3839490653909241E+000                  4.4092177911247897E+026                  6.9276663430205787E-001                  6.4759625487382464E-005                  2.9496860607207270E-001                  2.1025988477861657E-003                  6.1630907464502063E-004                  5.7221218635413176E-003                  1.2718648985637702E-003                  2.4871053158459612E-003                  1.7956228998235438E-003                  5.5487865929685276E-011                  0.0000000000000000E+000 
                                     587                  9.3626844818357069E-001                 -3.6960944415196478E-001                  6.7022397495091059E+000                  8.3832158498756080E+000                  6.5818371563934142E+026                  6.9276314777583514E-001                  6.8246147732289127E-005                  2.9496860607591757E-001                  2.1025988469893734E-003                  6.1630907557457611E-004                  5.7221218635413627E-003                  1.2718648985637702E-003                  2.4871053158459612E-003                  1.9854155489159712E-003                  7.4995057599416905E-011                  0.0000000000000000E+000 
                                     588                  9.3191907501532345E-001                 -3.7315725370788516E-001                  6.7065651540666478E+000                  8.3824960563147872E+000                  9.8670426211898956E+026                  6.9275930216756754E-001                  7.2091750284766185E-005                  2.9496860608145403E-001                  2.1025988459175762E-003                  6.1630907682495341E-004                  5.7221218635414191E-003                  1.2718648985637698E-003                  2.4871053158459604E-003                  2.1949861353853552E-003                  1.0131572199916827E-010                  0.0000000000000000E+000 
                                     589                  9.2746743044320168E-001                 -3.7672833663914618E-001                  6.7108983579235089E+000                  8.3817904390462150E+000                  1.4854297711482201E+027                  6.9275506121543318E-001                  7.6332694170139448E-005                  2.9496860608946296E-001                  2.1025988444764577E-003                  6.1630907850618896E-004                  5.7221218635414997E-003                  1.2718648985637704E-003                  2.4871053158459617E-003                  2.4263683872003477E-003                  1.3681529421351321E-010                  0.0000000000000000E+000 
                                     590                  9.2291153361561484E-001                 -3.8032315750821699E-001                  6.7152395852544062E+000                  8.3810997628769215E+000                  2.2454708932057136E+027                  6.9275038474931516E-001                  8.1009148324480244E-005                  2.9496860610110359E-001                  2.1025988425395271E-003                  6.1630908076584345E-004                  5.7221218635416090E-003                  1.2718648985637698E-003                  2.4871053158459604E-003                  2.6818028731377774E-003                  1.8467596591915663E-010                  0.0000000000000000E+000 
                                     591                  9.1824938445258353E-001                 -3.8394219841617411E-001                  6.7195890790290624E+000                  8.3804248088614486E+000                  3.4080692834460830E+027                  6.9274522866163646E-001                  8.6165218572394273E-005                  2.9496860611810088E-001                  2.1025988399372151E-003                  6.1630908380173931E-004                  5.7221218635417626E-003                  1.2718648985637698E-003                  2.4871053158459604E-003                  2.9637579932467561E-003                  2.4917743984267323E-010                  0.0000000000000000E+000 
                                     592                  9.1347896487125757E-001                 -3.8758595974252019E-001                  6.7239471036412937E+000                  8.3797663817836838E+000                  5.1928178139407538E+027                  6.9273954442459851E-001                  9.1849430095129088E-005                  2.9496860614303327E-001                  2.1025988364422529E-003                  6.1630908787900995E-004                  5.7221218635419768E-003                  1.2718648985637698E-003                  2.4871053158459604E-003                  3.2749531191015959E-003                  3.3607388677979520E-010                  0.0000000000000000E+000 
                                     593                  9.0859824009487833E-001                 -3.9125496098285723E-001                  6.7283139472389033E+000                  8.3791253168541040E+000                  7.9420784685704357E+027                  6.9273327851431010E-001                  9.8115302866118027E-005                  2.9496860617976861E-001                  2.1025988317501200E-003                  6.1630909335290592E-004                  5.7221218635422708E-003                  1.2718648985637698E-003                  2.4871053158459604E-003                  3.6183841242279809E-003                  4.5310003132810511E-010                  0.0000000000000000E+000 
                                     594                  9.0360516004993507E-001                 -3.9494974168301017E-001                  6.7326899237236058E+000                  8.3785024832285124E+000                  1.2190893916006549E+028                  6.9272637244051027E-001                  1.0502132125660698E-004                  2.9496860623412868E-001                  2.1025988254528916E-003                  6.1630910069931748E-004                  5.7221218635426776E-003                  1.2718648985637696E-003                  2.4871053158459599E-003                  3.9973515661613883E-003                  6.1065055499270463E-010                  0.0000000000000000E+000 
                                     595                  8.9849766089252203E-001                 -3.9867086244760774E-001                  6.7370753744007770E+000                  8.3778987872498547E+000                  1.8777604259608795E+028                  6.9271876146673517E-001                  1.1263221284359715E-004                  2.9496860631490857E-001                  2.1025988170042214E-003                  6.1630911055560937E-004                  5.7221218635432336E-003                  1.2718648985637691E-003                  2.4871053158459591E-003                  4.4154918052358386E-003                  8.2269215034575740E-010                  0.0000000000000000E+000 
                                     596                  8.9327366666044905E-001                 -4.0241890602506891E-001                  6.7414706692943813E+000                  8.3773151793880416E+000                  2.9018618859615273E+028                  6.9271037450109108E-001                  1.2101905607162938E-004                  2.9496860643543571E-001                  2.1025988056725129E-003                  6.1630912377526065E-004                  5.7221218635440064E-003                  1.2718648985637693E-003                  2.4871053158459595E-003                  4.8768114085582809E-003                  1.1079879153237388E-009                  0.0000000000000000E+000 
                                     597                  8.8793109101711976E-001                 -4.0619447850584162E-001                  6.7458762081432821E+000                  8.3767526603842608E+000                  4.4985418380071362E+028                  6.9270113333362815E-001                  1.3026004047153161E-004                  2.9496860661596630E-001                  2.1025987904782512E-003                  6.1630914150096654E-004                  5.7221218635450698E-003                  1.2718648985637693E-003                  2.4871053158459595E-003                  5.3857252282020155E-003                  1.4917411320395754E-009                  0.0000000000000000E+000 
                                     598                  8.8246783908279847E-001                 -4.0999821063355096E-001                  6.7502924210684183E+000                  8.3762122832587576E+000                  6.9944031910840394E+028                  6.9269095192461705E-001                  1.4044117467647288E-004                  2.9496860688737764E-001                  2.1025987701101534E-003                  6.1630916526246018E-004                  5.7221218635465409E-003                  1.2718648985637693E-003                  2.4871053158459595E-003                  5.9470986239751437E-003                  2.0078022563683001E-009                  0.0000000000000000E+000 
                                     599                  8.7688180939245541E-001                 -4.1383075919920742E-001                  6.7547197675289992E+000                  8.3756951554748706E+000                  1.0905324079466582E+029                  6.9267973562299412E-001                  1.5165706226474260E-004                  2.9496860729686242E-001                  2.1025987428129685E-003                  6.1630919710740602E-004                  5.7221218635485722E-003                  1.2718648985637702E-003                  2.4871053158459612E-003                  6.5662942527703484E-003                  2.7016322203842947E-009                  0.0000000000000000E+000 
                                     600                  8.7117089598550490E-001                 -4.1769280852522611E-001                  6.7591587301297134E+000                  8.3752024384434360E+000                  1.7047565984240958E+029                  6.9266738005636830E-001                  1.6401200291863501E-004                  2.9496860791673812E-001                  2.1025987062373332E-003                  6.1630923977653836E-004                  5.7221218635513616E-003                  1.2718648985637702E-003                  2.4871053158459612E-003                  7.2492237918097332E-003                  3.6342808112289729E-009                  0.0000000000000000E+000 
                                     601                  8.6533299059271740E-001                 -4.2158507202118539E-001                  6.7636098080865699E+000                  8.3747353466961112E+000                  2.6714426844137291E+029                  6.9265377118702076E-001                  1.7761992278682184E-004                  2.9496860885805060E-001                  2.1025986572389102E-003                  6.1630929693799806E-004                  5.7221218635552032E-003                  1.2718648985637693E-003                  2.4871053158459595E-003                  8.0024056223246629E-003                  4.8877282460490089E-009                  0.0000000000000000E+000 
                                     602                  8.5936598490881599E-001                 -4.2550829381332350E-001                  6.7680735152826808E+000                  8.3742951478876915E+000                  4.1958322756597344E+029                  6.9263878286302882E-001                  1.9260680214701876E-004                  2.9496861029174343E-001                  2.1025985916095845E-003                  6.1630937350090685E-004                  5.7221218635605002E-003                  1.2718648985637689E-003                  2.4871053158459586E-003                  8.8330299023751200E-003                  6.5720588182841820E-009                  0.0000000000000000E+000 
                                     603                  8.5326777299327683E-001                 -4.2946325046059652E-001                  6.7725503796690942E+000                  8.3738831658310193E+000                  6.6040269578697063E+029                  6.9262227661591658E-001                  2.0911084489637415E-004                  2.9496861248145684E-001                  2.1025985037176876E-003                  6.1630947603507117E-004                  5.7221218635678016E-003                  1.2718648985637693E-003                  2.4871053158459595E-003                  9.7490324447447839E-003                  8.8350962668714168E-009                  0.0000000000000000E+000 
                                     604                  8.4703625380437075E-001                 -4.3345075279139395E-001                  6.7770409430725556E+000                  8.3735007852591519E+000                  1.0414795581779808E+030                  6.9260409998401351E-001                  2.2728410403865103E-004                  2.9496861583460110E-001                  2.1025983860263886E-003                  6.1630961333279438E-004                  5.7221218635778509E-003                  1.2718648985637698E-003                  2.4871053158459604E-003                  1.0759179453432148E-002                  1.1875347860126887E-008                  0.0000000000000000E+000 
                                     605                  8.4066933383565035E-001                 -4.3747164788529291E-001                  6.7804119910546916E+000                  8.0744790843809877E+000                  7.3752921917694620E+029                  6.9258926388382269E-001                  2.4211654088131070E-004                  2.9496861947900804E-001                  2.1025982723868225E-003                  6.1630974590359323E-004                  5.7221218635877848E-003                  1.2718648985637696E-003                  2.4871053158459599E-003                  1.1584885386570390E-002                  1.4819635698900016E-008                  0.0000000000000000E+000 
                                     606                  8.3741713184043864E-001                 -4.3950554787124696E-001                  6.7826680414993321E+000                  8.0696866089618773E+000                  9.1759982560175892E+029                  6.9257876609993829E-001                  2.5261113734653662E-004                  2.9496862265127516E-001                  2.1025981814806133E-003                  6.1630985195375830E-004                  5.7221218635958755E-003                  1.2718648985637693E-003                  2.4871053158459595E-003                  1.2169669461131571E-002                  1.7179401316213827E-008                  0.0000000000000000E+000 
                                     607                  8.3416492984522672E-001                 -4.4152653975244055E-001                  6.7860654363643595E+000                  8.3728306728441986E+000                  2.6038914690291066E+030                  6.9256205090868606E-001                  2.6932005205126811E-004                  2.9496862890048825E-001                  2.1025980174849243E-003                  6.1631004326906489E-004                  5.7221218636107343E-003                  1.2718648985637696E-003                  2.4871053158459599E-003                  1.3101722729117216E-002                  2.1445287817670669E-008                  0.0000000000000000E+000 
                                     608                  8.2752097172854178E-001                 -4.4561691453930491E-001                  6.7906004763517300E+000                  8.3725460962142240E+000                  4.1269525691773421E+030                  6.9253779224946233E-001                  2.9356645584746827E-004                  2.9496864110884263E-001                  2.1025977350657477E-003                  6.1631037273516339E-004                  5.7221218636369503E-003                  1.2718648985637700E-003                  2.4871053158459608E-003                  1.4456796346822485E-002                  2.8813894880681634E-008                  0.0000000000000000E+000 
                                     609                  8.2073540553144864E-001                 -4.4974346309100588E-001                  6.7940064038794912E+000                  8.0735549121645231E+000                  2.9324711662339799E+030                  6.9251799367122735E-001                  3.1335164538092412E-004                  2.9496865445209047E-001                  2.1025974623637201E-003                  6.1631069086483681E-004                  5.7221218636628818E-003                  1.2718648985637698E-003                  2.4871053158459599E-003                  1.5564862903406924E-002                  3.5950125790259721E-008                  0.0000000000000000E+000 
                                     610                  8.1727080105473304E-001                 -4.5183133668551273E-001                  6.7962860330685668E+000                  8.0689063344066430E+000                  3.6571744386113776E+030                  6.9250398865682405E-001                  3.2734496771196555E-004                  2.9496866610781214E-001                  2.1025972442749786E-003                  6.1631094528324243E-004                  5.7221218636839839E-003                  1.2718648985637704E-003                  2.4871053158459612E-003                  1.6349788098039393E-002                  4.1668861834230163E-008                  0.0000000000000000E+000 
                                     611                  8.1380619657801756E-001                 -4.5390690652208449E-001                  6.7985699804599804E+000                  8.0733180512042289E+000                  4.6584560537096391E+030                  6.9248929576440321E-001                  3.4202331583905153E-004                  2.9496868061004672E-001                  2.1025969919390339E-003                  6.1631123965351592E-004                  5.7221218637087306E-003                  1.2718648985637689E-003                  2.4871053158459586E-003                  1.7174360476156857E-002                  4.8296954896980195E-008                  0.0000000000000000E+000 
                                     612                  8.1026876465107844E-001                 -4.5601378885279475E-001                  6.8008580852062224E+000                  8.0687206821634003E+000                  5.8135732618109928E+030                  6.9247388156870171E-001                  3.5741941232058034E-004                  2.9496869866060532E-001                  2.1025966999929529E-003                  6.1631158023186443E-004                  5.7221218637377785E-003                  1.2718648985637698E-003                  2.4871053158459604E-003                  1.8040668476140984E-002                  5.5978548623994656E-008                  0.0000000000000000E+000 
                                     613                  8.0673133272413944E-001                 -4.5810859461974329E-001                  6.8031506652610769E+000                  8.0731197947076403E+000                  7.4088387368447477E+030                  6.9245771120950605E-001                  3.7356723860813574E-004                  2.9496872113721023E-001                  2.1025963621991448E-003                  6.1631197429482963E-004                  5.7221218637718502E-003                  1.2718648985637702E-003                  2.4871053158459608E-003                  1.8950943948445882E-002                  6.4881813864535727E-008                  0.0000000000000000E+000 
                                     614                  8.0312008025274129E-001                 -4.6023503633939561E-001                  6.8054475695870051E+000                  8.0685753518791312E+000                  9.2515110232916385E+030                  6.9244074814056711E-001                  3.9050224524429637E-004                  2.9496874913437060E-001                  2.1025959713737289E-003                  6.1631243022283689E-004                  5.7221218638118269E-003                  1.2718648985637700E-003                  2.4871053158459608E-003                  1.9907563411946081E-002                  7.5200532957552704E-008                  0.0000000000000000E+000 
                                     615                  7.9950882778134325E-001                 -4.6234964287635821E-001                  6.8077491063256135E+000                  8.0729620390707577E+000                  1.1795061309029816E+031                  6.9242295428532752E-001                  4.0826113818280649E-004                  2.9496878402129723E-001                  2.1025955191635594E-003                  6.1631295776032628E-004                  5.7221218638587286E-003                  1.2718648985637698E-003                  2.4871053158459604E-003                  2.0913074089991202E-002                  8.7160725437039941E-008                  0.0000000000000000E+000 
                                     616                  7.9582277644224830E-001                 -4.6449622168298804E-001                  6.8100551322081753E+000                  8.0684722910550164E+000                  1.4736523639074428E+031                  6.9240428952450672E-001                  4.2688232669717968E-004                  2.9496882750639347E-001                  2.1025949959439703E-003                  6.1631356813503430E-004                  5.7221218639137523E-003                  1.2718648985637700E-003                  2.4871053158459604E-003                  2.1970211548729714E-002                  1.0102295091327341E-007                  0.0000000000000000E+000 
                                     617                  7.9213672510315347E-001                 -4.6663122170269589E-001                  6.8123659449653777E+000                  8.0728467468397138E+000                  1.8794545718676876E+031                  6.9238471223794607E-001                  4.4640529159871580E-004                  2.9496888172714142E-001                  2.1025943905248995E-003                  6.1631427440078982E-004                  5.7221218639783153E-003                  1.2718648985637696E-003                  2.4871053158459599E-003                  2.3081922374820509E-002                  1.1709103594996155E-007                  0.0000000000000000E+000 
                                     618                  7.8837491321094988E-001                 -4.6879854393975379E-001                  6.8146814094665329E+000                  8.0684135124486431E+000                  2.3492368056987316E+031                  6.9236417929223770E-001                  4.6687049768496137E-004                  2.9496894935000295E-001                  2.1025936900176748E-003                  6.1631509159294252E-004                  5.7221218640540620E-003                  1.2718648985637700E-003                  2.4871053158459608E-003                  2.4251403346752284E-002                  1.3571540329799088E-007                  0.0000000000000000E+000 
                                     619                  7.8461310131874618E-001                 -4.7095455967544425E-001                  6.8169959389577679E+000                  8.0705986265603400E+000                  2.9801905512933137E+031                  6.9234270042953228E-001                  4.8826509936400779E-004                  2.9496903347628439E-001                  2.1025928816150959E-003                  6.1631603465172864E-004                  5.7221218641426951E-003                  1.2718648985637700E-003                  2.4871053158459608E-003                  2.5478944765136558E-002                  1.5724594312301418E-007                  0.0000000000000000E+000 
                                     620                  7.8079387801667888E-001                 -4.7313228902321153E-001                  6.8204966786610495E+000                  8.3716524602656239E+000                  8.4661480991993768E+031                  6.9230839095975927E-001                  5.2240675558762198E-004                  2.9496920104578528E-001                  2.1025914174451757E-003                  6.1631774270699650E-004                  5.7221218643060904E-003                  1.2718648985637698E-003                  2.4871053158459604E-003                  2.7449703935751028E-002                  1.9632702511344110E-007                  0.0000000000000000E+000 
                                     621                  7.7303944873259267E-001                 -4.7752102624434339E-001                  6.8251672175120941E+000                  8.3716830986909851E+000                  1.3511382911919058E+032                  6.9225872481828610E-001                  5.7174244747237586E-004                  2.9496953107548729E-001                  2.1025888983428010E-003                  6.1632068140767102E-004                  5.7221218645942028E-003                  1.2718648985637698E-003                  2.4871053158459604E-003                  3.0328456064788258E-002                  2.6378094344546879E-007                  0.0000000000000000E+000 
                                     622                  7.6512886171044536E-001                 -4.8195488112073792E-001                  6.8286731116921384E+000                  8.0706757861720746E+000                  9.5882637024540848E+031                  6.9221830756087699E-001                  6.1179629104944741E-004                  2.9496989408432966E-001                  2.1025864686207395E-003                  6.1632351583437218E-004                  5.7221218648788137E-003                  1.2718648985637698E-003                  2.4871053158459604E-003                  3.2698253474216558E-002                  3.2904639978983769E-007                  0.0000000000000000E+000 
                                     623                  7.6111445245575549E-001                 -4.8418901690250732E-001                  6.8310299292367116E+000                  8.0728519681617961E+000                  1.2179941530303614E+032                  6.9218964253670179E-001                  6.4014106060548775E-004                  2.9497021401369750E-001                  2.1025845172860324E-003                  6.1632579218806388E-004                  5.7221218651113499E-003                  1.2718648985637698E-003                  2.4871053158459599E-003                  3.4396291594318881E-002                  3.8157580651986138E-007                  0.0000000000000000E+000 
                                     624                  7.5704038496978010E-001                 -4.8644601557488798E-001                  6.8333862677521680E+000                  8.0686640926564284E+000                  1.5236786847392800E+032                  6.9215967706053072E-001                  6.6970755369419365E-004                  2.9497061262120644E-001                  2.1025822640490782E-003                  6.1632842072627638E-004                  5.7221218653836182E-003                  1.2718648985637698E-003                  2.4871053158459612E-003                  3.6189052418891421E-002                  4.4234191638063304E-007                  0.0000000000000000E+000 
                                     625                  7.5296631748380471E-001                 -4.8869297594075828E-001                  6.8357481420384518E+000                  8.0729808652701074E+000                  1.9434814225693906E+032                  6.9212828440122343E-001                  7.0060207122088361E-004                  2.9497111032828188E-001                  2.1025796560580983E-003                  6.1633146310282065E-004                  5.7221218657031551E-003                  1.2718648985637696E-003                  2.4871053158459599E-003                  3.8089095288396858E-002                  5.1280281571773637E-007                  0.0000000000000000E+000 
                                     626                  7.4881200277174120E-001                 -4.9097424381072546E-001                  6.8381154632910626E+000                  8.0688594808368350E+000                  2.4307291309359437E+032                  6.9209540412854353E-001                  7.3286047307062217E-004                  2.9497173169596352E-001                  2.1025766374478156E-003                  6.1633498448667888E-004                  5.7221218660781729E-003                  1.2718648985637696E-003                  2.4871053158459599E-003                  4.0106287019503320E-002                  5.9450614666006667E-007                  0.0000000000000000E+000 
                                     627                  7.4465768805967747E-001                 -4.9324584107064229E-001                  6.8404827236099814E+000                  8.0710818985713590E+000                  3.0822646137251404E+032                  6.9206106124003097E-001                  7.6642924314635960E-004                  2.9497250523349478E-001                  2.1025731523444204E-003                  6.1633905005649956E-004                  5.7221218665171906E-003                  1.2718648985637696E-003                  2.4871053158459599E-003                  4.2246670312049782E-002                  6.8900790749256891E-007                  0.0000000000000000E+000 
                                     628                  7.4044267480667603E-001                 -4.9554112907053960E-001                  6.8440629325034896E+000                  8.3723382131987147E+000                  8.7442943557149036E+032                  6.9200635723104131E-001                  8.1959212964340903E-004                  2.9497404530379867E-001                  2.1025668398199104E-003                  6.1634641396025880E-004                  5.7221218673265311E-003                  1.2718648985637700E-003                  2.4871053158459608E-003                  4.5737875102560638E-002                  8.6056578143771585E-007                  0.0000000000000000E+000 
                                     629                  7.3189026011786151E-001                 -5.0017084615102370E-001                  6.8488432711706437E+000                  8.3726474989390791E+000                  1.3902699244062907E+033                  6.9192749743162674E-001                  8.9542164140317773E-004                  2.9497707377941884E-001                  2.1025559686830716E-003                  6.1635909570331845E-004                  5.7221218687550065E-003                  1.2718648985637698E-003                  2.4871053158459604E-003                  5.0984543180908816E-002                  1.1569980926132601E-006                  0.0000000000000000E+000 
                                     630                  7.2317339021448945E-001                 -5.0485380160649407E-001                  6.8524344622822984E+000                  8.0718558484998741E+000                  9.8192688319910172E+032                  6.9186367178747588E-001                  9.5592648101226708E-004                  2.9498039283432503E-001                  2.1025454719287239E-003                  6.1637134068066261E-004                  5.7221218701676525E-003                  1.2718648985637700E-003                  2.4871053158459608E-003                  5.5458007578431848E-002                  1.4441608281887357E-006                  0.0000000000000000E+000 
                                     631                  7.1875282526777806E-001                 -5.0721565180033379E-001                  6.8548427000052055E+000                  8.0720584622379263E+000                  1.2350551117599833E+033                  6.9181876434355438E-001                  9.9792943789727686E-004                  2.9498329591947253E-001                  2.1025370614585945E-003                  6.1638115188826904E-004                  5.7221218713191264E-003                  1.2718648985637700E-003                  2.4871053158459608E-003                  5.8752045030449708E-002                  1.6747688494391792E-006                  0.0000000000000000E+000 
                                     632                  7.1429060514352449E-001                 -5.0959152806308028E-001                  6.8572570840947282E+000                  8.0722778725573310E+000                  1.5515413956072863E+033                  6.9177194368453787E-001                  1.0411420523309086E-003                  2.9498690234074637E-001                  2.1025273226167865E-003                  6.1639251268738181E-004                  5.7221218726711282E-003                  1.2718648985637702E-003                  2.4871053158459612E-003                  6.2334805826673119E-002                  1.9423026711617893E-006                  0.0000000000000000E+000 
                                     633                  7.0978655991108652E-001                 -5.1198168401445554E-001                  6.8596776965844688E+000                  8.0725144673797065E+000                  1.9462724576455511E+033                  6.9172318160855217E-001                  1.0854286913688377E-003                  2.9499137589787877E-001                  2.1025160449162214E-003                  6.1640566861560840E-004                  5.7221218742586613E-003                  1.2718648985637693E-003                  2.4871053158459595E-003                  6.6248053461755496E-002                  2.2526964913092345E-006                  0.0000000000000000E+000 
                                     634                  7.0524052505029577E-001                 -5.1438638041189011E-001                  6.8621046214968722E+000                  8.0727686486316479E+000                  2.4371572173968281E+033                  6.9167246197092536E-001                  1.1306068048775038E-003                  2.9499691524500732E-001                  2.1025029843761839E-003                  6.1642090428111343E-004                  5.7221218761229053E-003                  1.2718648985637700E-003                  2.4871053158459608E-003                  7.0540554843713341E-002                  2.6128426053095267E-006                  0.0000000000000000E+000 
                                     635                  7.0065234166432544E-001                 -5.1680588543376449E-001                  6.8645379447840176E+000                  8.0730408333065604E+000                  3.0455130505925028E+033                  6.9161978334190422E-001                  1.1764384064696354E-003                  2.9500375975112714E-001                  2.1024878581630633E-003                  6.1643854961409292E-004                  5.7221218783122321E-003                  1.2718648985637700E-003                  2.4871053158459608E-003                  7.5268799480384146E-002                  3.0307469750448338E-006                  0.0000000000000000E+000 
                                     636                  6.9602185669948535E-001                 -5.1924047497945469E-001                  6.8669777542508585E+000                  8.0733314545400727E+000                  3.7963897238552851E+033                  6.9156516178204086E-001                  1.2226211747613275E-003                  2.9501219562241143E-001                  2.1024703383684834E-003                  6.1645898712455165E-004                  5.7221218808835225E-003                  1.2718648985637696E-003                  2.4871053158459599E-003                  8.0497518291496262E-002                  3.5157102222733796E-006                  0.0000000000000000E+000 
                                     637                  6.9134892317224694E-001                 -5.2169043298705642E-001                  6.8694241394588795E+000                  8.0736409626615604E+000                  4.7187637737974031E+033                  6.9150863355343983E-001                  1.2687797172410457E-003                  2.9502256192589121E-001                  2.1024500447846292E-003                  6.1648266032975844E-004                  5.7221218839036683E-003                  1.2718648985637700E-003                  2.4871053158459608E-003                  8.6299841645221809E-002                  4.0785382287694712E-006                  0.0000000000000000E+000 
                                     638                  6.8663340040380816E-001                 -5.2415605176950719E-001                  6.8718771916090269E+000                  8.0739698260131476E+000                  5.8455158078333025E+033                  6.9145025709857377E-001                  1.3144581607887973E-003                  2.9503525601872099E-001                  2.1024265365137667E-003                  6.1651008354158252E-004                  5.7221218874513018E-003                  1.2718648985637700E-003                  2.4871053158459608E-003                  9.2756895971210909E-002                  4.7317872097001225E-006                  0.0000000000000000E+000 
                                     639                  6.8187515426291723E-001                 -5.2663763236867311E-001                  6.8743370034048361E+000                  8.0743185323178128E+000                  7.2130603003512623E+033                  6.9139011623472824E-001                  1.3591131950065139E-003                  2.9505073730877940E-001                  2.1023993022221635E-003                  6.1654185323511263E-004                  5.7221218916189290E-003                  1.2718648985637700E-003                  2.4871053158459608E-003                  9.9956544750171655E-002                  5.4900489468151187E-006                  0.0000000000000000E+000 
                                     640                  6.7707405741551063E-001                 -5.2913548493146623E-001                  6.8768036688996768E+000                  8.0746875882307378E+000                  8.8605418003795261E+033                  6.9132831828569086E-001                  1.4021141212828990E-003                  2.9506952907202788E-001                  2.1023677488185098E-003                  6.1657866125501191E-004                  5.7221218965153456E-003                  1.2718648985637702E-003                  2.4871053158459612E-003                  1.0799111035988576E-001                  6.3702827805017269E-006                  0.0000000000000000E+000 
                                     641                  6.7222998958159041E-001                 -5.3164992909854192E-001                  6.8792772833342282E+000                  8.0750775195294917E+000                  1.0828417326408930E+034                  6.9126499417094611E-001                  1.4427450308063454E-003                  2.9509221618311005E-001                  2.1023311882994713E-003                  6.1662131015983621E-004                  5.7221219022685543E-003                  1.2718648985637702E-003                  2.4871053158459612E-003                  1.1695369341147638E-001                  7.3922020847872033E-006                  0.0000000000000000E+000 
                                     642                  6.6734283780055825E-001                 -5.3418129440999440E-001                  6.8811363886202708E+000                  7.7752960570509417E+000                  6.2841683391675274E+033                  6.9121662266955164E-001                  1.4713215601897714E-003                  2.9511200599578230E-001                  2.1023002359610446E-003                  6.1665741691118174E-004                  5.7221219071944412E-003                  1.2718648985637702E-003                  2.4871053158459617E-003                  1.2434626457045765E-001                  8.2652648473768699E-006                  0.0000000000000000E+000 
                                     643                  6.6487766725298403E-001                 -5.3545619685698220E-001                  6.8823785059063933E+000                  7.7736027421145053E+000                  6.8850709121077121E+033                  6.9118396880640398E-001                  1.4890660227900442E-003                  2.9512691158685322E-001                  2.1022773818593159E-003                  6.1668407681485357E-004                  5.7221219108687356E-003                  1.2718648985637698E-003                  2.4871053158459599E-003                  1.2960203379336266E-001                  8.9041007330486570E-006                  0.0000000000000000E+000 
                                     644                  6.6241249670540969E-001                 -5.3672986981372894E-001                  6.8836224193109974E+000                  7.7757175635651921E+000                  7.5984121292093803E+033                  6.9115099267118307E-001                  1.5058955560210479E-003                  2.9514305411682851E-001                  2.1022529527327063E-003                  6.1671257400689014E-004                  5.7221219148180791E-003                  1.2718648985637696E-003                  2.4871053158459604E-003                  1.3514244811487325E-001                  9.5925079785599142E-006                  0.0000000000000000E+000 
                                     645                  6.5992568275573393E-001                 -5.3801353397216767E-001                  6.8848681317096148E+000                  7.7740478737378753E+000                  8.2965358822324687E+033                  6.9111777347790870E-001                  1.5214210302028396E-003                  2.9516074342092935E-001                  2.1022264660223392E-003                  6.1674347139038051E-004                  5.7221219191364824E-003                  1.2718648985637693E-003                  2.4871053158459591E-003                  1.4096174605386139E-001                  1.0334349631414804E-005                  0.0000000000000000E+000 
                                     646                  6.5743886880605829E-001                 -5.3929605595808205E-001                  6.8867407860884695E+000                  8.0763780947467811E+000                  1.9030011274488157E+034                  6.9106741815661266E-001                  1.5422811717942201E-003                  2.9519023132566824E-001                  2.1021828216086632E-003                  6.1679438359359226E-004                  5.7221219263129432E-003                  1.2718648985637689E-003                  2.4871053158459586E-003                  1.5023452171998680E-001                  1.1556487698039799E-005                  0.0000000000000000E+000 
                                     647                  6.5242186478298669E-001                 -5.4188026667557310E-001                  6.8892431640605754E+000                  8.0768571028701057E+000                  2.2623368286774189E+034                  6.9099955892807308E-001                  1.5651602335098453E-003                  2.9523520049825713E-001                  2.1021168644322023E-003                  6.1687132402753696E-004                  5.7221219372903869E-003                  1.2718648985637689E-003                  2.4871053158459586E-003                  1.6364837850449027E-001                  1.3414746493678454E-005                  0.0000000000000000E+000 
                                     648                  6.4736140379156260E-001                 -5.4448282401305237E-001                  6.8911242091556062E+000                  7.7771182880355596E+000                  1.2835306782158479E+034                  6.9094817767122918E-001                  1.5781822858282949E-003                  2.9527355036875175E-001                  2.1020608673191598E-003                  6.1693664574214606E-004                  5.7221219467196542E-003                  1.2718648985637689E-003                  2.4871053158459591E-003                  1.7449803986025175E-001                  1.5002961725068434E-005                  0.0000000000000000E+000 
                                     649                  6.4480940878279813E-001                 -5.4579387257764211E-001                  6.8923810065343964E+000                  7.7755222962757786E+000                  1.3843559568356431E+034                  6.9091368785947893E-001                  1.5845955832936890E-003                  2.9530162001326865E-001                  2.1020196539684411E-003                  6.1698472185321468E-004                  5.7221219537270081E-003                  1.2718648985637691E-003                  2.4871053158459586E-003                  1.8208596512404129E-001                  1.6165317494719783E-005                  0.0000000000000000E+000 
                                     650                  6.4225741377403367E-001                 -5.4710405993919475E-001                  6.8936396960702604E+000                  7.7776325247329678E+000                  1.5025317101782334E+034                  6.9087901513423344E-001                  1.5892617885446851E-003                  2.9533161917117606E-001                  2.1019754871119834E-003                  6.1703624324114224E-004                  5.7221219612827497E-003                  1.2718648985637693E-003                  2.4871053158459595E-003                  1.8996301748595182E-001                  1.7418118263873421E-005                  0.0000000000000000E+000 
                                     651                  6.3968362277761548E-001                 -5.4842462257958113E-001                  6.8949002877019732E+000                  7.7760620559864622E+000                  1.6130152872592999E+034                  6.9084418222931943E-001                  1.5919660407998242E-003                  2.9536373985905517E-001                  2.1019277046124959E-003                  6.1709198228068968E-004                  5.7221219695225848E-003                  1.2718648985637696E-003                  2.4871053158459599E-003                  1.9810574785807358E-001                  1.8768438914660666E-005                  0.0000000000000000E+000 
                                     652                  6.3710983178119740E-001                 -5.4974442439162230E-001                  6.8967953308034433E+000                  8.0784387190821381E+000                  3.6023236377348208E+034                  6.9079156481740522E-001                  1.5923787824023154E-003                  2.9541593140855366E-001                  2.1018489900017970E-003                  6.1718380401241870E-004                  5.7221219832148734E-003                  1.2718648985637693E-003                  2.4871053158459595E-003                  2.1079600770422088E-001                  2.0993443923308077E-005                  0.0000000000000000E+000 
                                     653                  6.3191860430456925E-001                 -5.5240438222145882E-001                  6.8993280667688950E+000                  8.0790159958687600E+000                  4.1260747386338149E+034                  6.9072076639137814E-001                  1.5861197882400832E-003                  2.9549296896366600E-001                  2.1017298152811383E-003                  6.1732282282239790E-004                  5.7221220042024410E-003                  1.2718648985637691E-003                  2.4871053158459591E-003                  2.2854816627524241E-001                  2.4377973447374738E-005                  0.0000000000000000E+000 
                                     654                  6.2668368761943283E-001                 -5.5508430300859757E-001                  6.9018686518947927E+000                  8.0796192198083858E+000                  4.6791675258564787E+034                  6.9064902352286439E-001                  1.5720168698109317E-003                  2.9557879171315121E-001                  2.1015916090520860E-003                  6.1748404182093394E-004                  5.7221220288904756E-003                  1.2718648985637696E-003                  2.4871053158459599E-003                  2.4710089142601496E-001                  2.8310848530520999E-005                  0.0000000000000000E+000 
                                     655                  6.2140504813925013E-001                 -5.5778462337119961E-001                  6.9037788404912588E+000                  7.7799410771480071E+000                  2.5599472027601977E+034                  6.9059445613608006E-001                  1.5565151578222959E-003                  2.9564884121458135E-001                  2.1014740409351436E-003                  6.1762118602506216E-004                  5.7221220501464430E-003                  1.2718648985637700E-003                  2.4871053158459608E-003                  2.6145886035506444E-001                  3.1673983425807612E-005                  0.0000000000000000E+000 
                                     656                  6.1874385546120458E-001                 -5.5914534155953033E-001                  6.9050551331060079E+000                  7.7784774634163583E+000                  2.6950676963969974E+034                  6.9055761043355757E-001                  1.5438752358847593E-003                  2.9569831244101147E-001                  2.1013876645811355E-003                  6.1772194464284312E-004                  5.7221220659124166E-003                  1.2718648985637698E-003                  2.4871053158459604E-003                  2.7118678145588526E-001                  3.4135969614718164E-005                  0.0000000000000000E+000 
                                     657                  6.1608266278315915E-001                 -5.6050573689148198E-001                  6.9069738016951598E+000                  8.0809055714953537E+000                  5.8446151053538071E+034                  6.9050151432935314E-001                  1.5217355347894308E-003                  2.9577652452932035E-001                  2.1012453822874906E-003                  6.1788791772513700E-004                  5.7221220921146523E-003                  1.2718648985637696E-003                  2.4871053158459599E-003                  2.8597253571993470E-001                  3.8193545841094111E-005                  0.0000000000000000E+000 
                                     658                  6.1071651935451698E-001                 -5.6324822110820394E-001                  6.9095385781997498E+000                  8.0815896597141847E+000                  6.4429031567013435E+034                  6.9042492418485502E-001                  1.4869074558445706E-003                  2.9588790679848997E-001                  2.1010296868166013E-003                  6.1813952724368206E-004                  5.7221221323403579E-003                  1.2718648985637696E-003                  2.4871053158459599E-003                  3.0599681406582169E-001                  4.4368294506012750E-005                  0.0000000000000000E+000 
                                     659                  6.0530661693061449E-001                 -5.6601249832475053E-001                  6.9121116382615009E+000                  8.0823016636189777E+000                  7.0438412293657007E+034                  6.9034577248310125E-001                  1.4468417458675864E-003                  2.9600708249593216E-001                  2.1007794365991853E-003                  6.1843144439752964E-004                  5.7221221796925218E-003                  1.2718648985637700E-003                  2.4871053158459608E-003                  3.2626385885422177E-001                  5.1546440387281117E-005                  0.0000000000000000E+000 
                                     660                  5.9985296626498397E-001                 -5.6879906222696663E-001                  6.9140466021137907E+000                  7.7826769167990566E+000                  3.7546388561543752E+034                  6.9028439818738130E-001                  1.4140116912324688E-003                  2.9610125130715997E-001                  2.1005662324718611E-003                  6.1868014680434291E-004                  5.7221222205402116E-003                  1.2718648985637700E-003                  2.4871053158459604E-003                  3.4159969630001535E-001                  5.7687328246704698E-005                  0.0000000000000000E+000 
                                     661                  5.9710427823390366E-001                 -5.7020362249120127E-001                  6.9159895755120342E+000                  8.0834199877234454E+000                  7.9425284807701632E+034                  6.9022083606758211E-001                  1.3791410832537418E-003                  2.9619964394131731E-001                  2.1003257057190822E-003                  6.1896072054805763E-004                  5.7221222671701459E-003                  1.2718648985637693E-003                  2.4871053158459595E-003                  3.5700806059217222E-001                  6.4570350797792656E-005                  0.0000000000000000E+000 
                                     662                  5.9158505715642895E-001                 -5.7302457406250240E-001                  6.9179316221558453E+000                  7.7821118474364477E+000                  4.1868131529302237E+034                  6.9015537579420483E-001                  1.3430759177647158E-003                  2.9630112510595069E-001                  2.1000600993359222E-003                  6.1927054914516239E-004                  5.7221223191890941E-003                  1.2718648985637691E-003                  2.4871053158459591E-003                  3.7253553774820319E-001                  7.2260415546576291E-005                  0.0000000000000000E+000 
                                     663                  5.8881452411003454E-001                 -5.7444104207328983E-001                  6.9198816704664496E+000                  8.0846100104720602E+000                  8.8357419254143369E+034                  6.9008724586043202E-001                  1.3058681109042352E-003                  2.9640641299345483E-001                  2.0997610250049251E-003                  6.1961941734805658E-004                  5.7221223784461742E-003                  1.2718648985637702E-003                  2.4871053158459612E-003                  3.8816487727184962E-001                  8.0879041047523571E-005                  0.0000000000000000E+000 
                                     664                  5.8322981631646076E-001                 -5.7729758562217015E-001                  6.9224890186396415E+000                  8.0854385714589512E+000                  9.4304644360332860E+034                  6.8999213057145925E-001                  1.2553858947534022E-003                  2.9655193483335274E-001                  2.0993071019978038E-003                  6.2014891445131767E-004                  5.7221224695757486E-003                  1.2718648985637704E-003                  2.4871053158459617E-003                  4.0927598211235194E-001                  9.4001352651437888E-005                  0.0000000000000000E+000 
                                     665                  5.7760152857369218E-001                 -5.8017855174713007E-001                  6.9251052429456124E+000                  8.0862976002935572E+000                  1.0028721599459654E+035                  6.8989163955554178E-001                  1.2046337398758579E-003                  2.9670309016967178E-001                  2.0987801756955867E-003                  6.2076356782502916E-004                  5.7221225769801699E-003                  1.2718648985637691E-003                  2.4871053158459591E-003                  4.3077513145661134E-001                  1.0926326193436575E-004                  0.0000000000000000E+000 
                                     666                  5.7192973652791657E-001                 -5.8308451844588705E-001                  6.9277304704490108E+000                  8.0871876344037990E+000                  1.0635116006010545E+035                  6.8978512253644042E-001                  1.1542847490694946E-003                  2.9685985388439717E-001                  2.0981664999039219E-003                  6.2147941172920019E-004                  5.7221227040500054E-003                  1.2718648985637700E-003                  2.4871053158459608E-003                  4.5278701610289124E-001                  1.2701492545283958E-004                  0.0000000000000000E+000 
                                     667                  5.6621453020864476E-001                 -5.8601608270603756E-001                  6.9303648306834953E+000                  8.0881094605417374E+000                  1.1254956782122429E+035                  6.8967260331240465E-001                  1.1048695158762023E-003                  2.9702167027065296E-001                  2.0974581857296898E-003                  6.2230564798859906E-004                  5.7221228529382474E-003                  1.2718648985637704E-003                  2.4871053158459617E-003                  4.7544988250324849E-001                  1.4766443395564989E-004                  0.0000000000000000E+000 
                                     668                  5.6045601453402416E-001                 -5.8897386293745180E-001                  6.9330084553583085E+000                  8.0890635753606777E+000                  1.1893436505896941E+035                  6.8955318278086875E-001                  1.0567615658950884E-003                  2.9718906127540695E-001                  2.0966334572869376E-003                  6.2326767701412818E-004                  5.7221230291184437E-003                  1.2718648985637691E-003                  2.4871053158459591E-003                  4.9889716180395460E-001                  1.7168585077470650E-004                  0.0000000000000000E+000 
                                     669                  5.5465430983347075E-001                 -5.9195849781029652E-001                  6.9356614780336354E+000                  8.0900507221171427E+000                  1.2555754223762757E+035                  6.8942662739456750E-001                  1.0102189709341445E-003                  2.9736199960868220E-001                  2.0956757253186862E-003                  6.2438484903238917E-004                  5.7221232370552530E-003                  1.2718648985637698E-003                  2.4871053158459604E-003                  5.2326108433773333E-001                  1.9963134168252819E-004                  0.0000000000000000E+000 
                                     670                  5.4880955238823470E-001                 -5.9497064876512840E-001                  6.9376575011980810E+000                  7.7905616709487084E+000                  6.5476421791593374E+034                  6.8932675579062119E-001                  9.7643342181337413E-004                  2.9749552043789984E-001                  2.0948579173033768E-003                  6.2533880078718496E-004                  5.7221234171654185E-003                  1.2718648985637700E-003                  2.4871053158459608E-003                  5.4222853460865650E-001                  2.2355674009860873E-004                  0.0000000000000000E+000 
                                     671                  5.4586572368907182E-001                 -5.9648998562657529E-001                  6.9396613488980892E+000                  8.0915914362899475E+000                  1.3604802079970711E+035                  6.8922243151723372E-001                  9.4361304710341171E-004                  2.9763251204888747E-001                  2.0939398482596495E-003                  6.2640970212129001E-004                  5.7221236219847423E-003                  1.2718648985637698E-003                  2.4871053158459608E-003                  5.6181437241867405E-001                  2.5037411014425443E-004                  0.0000000000000000E+000 
                                     672                  5.3995670125442619E-001                 -5.9954469705930047E-001                  6.9416659217107659E+000                  7.7905744646342958E+000                  7.0661639196250329E+034                  6.8911381112856607E-001                  9.1188460815789325E-004                  2.9777269048032651E-001                  2.0929176444394746E-003                  6.2760207114938998E-004                  5.7221238529509598E-003                  1.2718648985637702E-003                  2.4871053158459612E-003                  5.8206971048303968E-001                  2.8036448485157796E-004                  0.0000000000000000E+000 
                                     673                  5.3699150751894353E-001                 -6.0108019412893643E-001                  6.9436782983234639E+000                  8.0932176904770490E+000                  1.4731441102515987E+035                  6.8900036048069879E-001                  8.8113662402697433E-004                  2.9791669768091805E-001                  2.0917692532461799E-003                  6.2894163075400799E-004                  5.7221241159462720E-003                  1.2718648985637704E-003                  2.4871053158459617E-003                  6.0302574919324148E-001                  3.1397273044436811E-004                  0.0000000000000000E+000 
                                     674                  5.3101857754420645E-001                 -6.0417910243009887E-001                  6.9463702744318221E+000                  8.0943444614059743E+000                  1.5532608376571605E+035                  6.8884168081735764E-001                  8.4169510158492282E-004                  2.9811452863621418E-001                  2.0900281740980835E-003                  6.3097253535665228E-004                  5.7221245209787969E-003                  1.2718648985637693E-003                  2.4871053158459595E-003                  6.3218130392405802E-001                  3.6516748307890274E-004                  0.0000000000000000E+000 
                                     675                  5.2500331094433050E-001                 -6.0730841965668447E-001                  6.9490723361342592E+000                  8.0955080937207438E+000                  1.6377267555614613E+035                  6.8867392999048149E-001                  8.0398763995643153E-004                  2.9831964943006745E-001                  2.0880035661291910E-003                  6.3333415805775291E-004                  5.7221250008979646E-003                  1.2718648985637698E-003                  2.4871053158459604E-003                  6.6277179811402942E-001                  4.2472158717560054E-004                  0.0000000000000000E+000 
                                     676                  5.1894593255189370E-001                 -6.1046893658946000E-001                  6.9517846238338850E+000                  8.0967094645441549E+000                  1.7268356302165198E+035                  6.8849680958877046E-001                  7.6795158670176216E-004                  2.9853241384198664E-001                  2.0856517341782555E-003                  6.3607746461744432E-004                  5.7221255693357675E-003                  1.2718648985637704E-003                  2.4871053158459617E-003                  6.9488140734318082E-001                  4.9399325453307482E-004                  0.0000000000000000E+000 
                                     677                  5.1284668682154433E-001                 -6.1366147403572635E-001                  6.9545072794203637E+000                  8.0979494145739626E+000                  1.8208666169334219E+035                  6.8830982250404316E-001                  7.3351717385990308E-004                  2.9875337953017650E-001                  2.0829173837856414E-003                  6.3926694987866822E-004                  5.7221262438464215E-003                  1.2718648985637693E-003                  2.4871053158459595E-003                  7.2859226417716694E-001                  5.7455551667510985E-004                  0.0000000000000000E+000 
                                     678                  5.0670583852264395E-001                 -6.1688688385203960E-001                  6.9572404473028682E+000                  8.0992289169579124E+000                  1.9200951955764221E+035                  6.8811276391823795E-001                  7.0061310839153674E-004                  2.9898281343660665E-001                  2.0797455141447173E-003                  6.4296676513716199E-004                  5.7221270430722303E-003                  1.2718648985637696E-003                  2.4871053158459599E-003                  7.6398725125173350E-001                  6.6823189058010947E-004                  0.0000000000000000E+000 
                                     679                  5.0052367345780480E-001                 -6.2014605129518330E-001                  6.9592976850110668E+000                  7.7998859537085377E+000                  1.0007269239603708E+035                  6.8795786634436484E-001                  6.7689159192786230E-004                  2.9916098064884744E-001                  2.0770347678731585E-003                  6.4612869309876343E-004                  5.7221277394781909E-003                  1.2718648985637698E-003                  2.4871053158459608E-003                  7.9172028651204285E-001                  7.4839234520208357E-004                  0.0000000000000000E+000 
                                     680                  4.9741208633359180E-001                 -6.2179124352385051E-001                  6.9606723159484911E+000                  7.7991307851692095E+000                  1.0242886181332115E+035                  6.8785121993178644E-001                  6.6152215441031992E-004                  2.9928266556011734E-001                  2.0750495230529202E-003                  6.4844435922999598E-004                  5.7221282569932912E-003                  1.2718648985637700E-003                  2.4871053158459604E-003                  8.1075956020333728E-001                  8.0705265931364843E-004                  0.0000000000000000E+000 
                                     681                  4.9430049920937869E-001                 -6.2343981720694452E-001                  6.9627389074374548E+000                  8.1019101672382465E+000                  2.1352503468537878E+035                  6.8768609013160964E-001                  6.3911526797438920E-004                  2.9946965724641034E-001                  2.0717801701502954E-003                  6.5225784709716070E-004                  5.7221291223486055E-003                  1.2718648985637700E-003                  2.4871053158459608E-003                  8.4016786503418206E-001                  9.0367057032619878E-004                  0.0000000000000000E+000 
                                     682                  4.8803664591515483E-001                 -6.2676929380834412E-001                  6.9655045058391334E+000                  8.1033138208333089E+000                  2.2517497796300082E+035                  6.8745550559909108E-001                  6.1038813819987799E-004                  2.9972814030782197E-001                  2.0668095739434268E-003                  6.5805569874407025E-004                  5.7221304677898648E-003                  1.2718648985637696E-003                  2.4871053158459599E-003                  8.8113127741504327E-001                  1.0506622896523511E-003                  0.0000000000000000E+000 
                                     683                  4.8173246707478495E-001                 -6.3013539670027974E-001                  6.9682812243891945E+000                  8.1047608477018969E+000                  2.3745951827493759E+035                  6.8721272843808001E-001                  5.8292539053911708E-004                  2.9999741822955606E-001                  2.0610388559603337E-003                  6.6478679880729375E-004                  5.7221320726474432E-003                  1.2718648985637696E-003                  2.4871053158459599E-003                  9.2413466729435401E-001                  1.2213170672557398E-003                  0.0000000000000000E+000 
                                     684                  4.7538834038854649E-001                 -6.3353915977312159E-001                  6.9710692228860820E+000                  8.1062522751133059E+000                  2.5041000829767062E+035                  6.8695714191809620E-001                  5.5666849081318899E-004                  3.0027814468999531E-001                  2.0543385390920906E-003                  6.7260215660648994E-004                  5.7221339909869677E-003                  1.2718648985637689E-003                  2.4871053158459582E-003                  9.6927691116057080E-001                  1.4193158502904537E-003                  0.0000000000000000E+000 
                                     685                  4.6900466863015594E-001                 -6.3698165903239479E-001                  6.9738686644699994E+000                  8.1077892011950414E+000                  2.6405917435795554E+035                  6.8668820620058535E-001                  5.3156214312510917E-004                  3.0057089079010074E-001                  2.0465644709627535E-003                  6.8166989325348136E-004                  5.7221362875628642E-003                  1.2718648985637698E-003                  2.4871053158459604E-003                  1.0166618795362137E+000                  1.6488625030412392E-003                  0.0000000000000000E+000 
                                     686                  4.6258188055520499E-001                 -6.4046401516034701E-001                  6.9766797157671840E+000                  8.1093727838345355E+000                  2.7844116590460771E+035                  6.8640541694942270E-001                  5.0755404827886085E-004                  3.0087618638203806E-001                  2.0375560110936662E-003                  6.9217735444652257E-004                  5.7221390403105520E-003                  1.2718648985637696E-003                  2.4871053158459599E-003                  1.0663986775450469E+000                  1.9147397467633464E-003                  0.0000000000000000E+000 
                                     687                  4.5612043184680034E-001                 -6.4398739614691114E-001                  6.9795025470358460E+000                  8.1110040977963003E+000                  2.9359133929101790E+035                  6.8610787861456957E-001                  4.8459439434850158E-004                  3.0119494253135826E-001                  2.0271074586930742E-003                  7.0436443380717277E-004                  5.7221423528134585E-003                  1.2718648985637696E-003                  2.4871053158459599E-003                  1.1186009384132094E+000                  2.2223342564893791E-003                  0.0000000000000000E+000 
                                     688                  4.4962080610093774E-001                 -6.4755301890888173E-001                  6.9823373323225617E+000                  8.1126843665607389E+000                  3.0954668058016216E+035                  6.8579498103307479E-001                  4.6263618653978811E-004                  3.0152778039196876E-001                  2.0150028823009256E-003                  7.1848294453691547E-004                  5.7221463471690010E-003                  1.2718648985637700E-003                  2.4871053158459608E-003                  1.1733885592535642E+000                  2.5777102221659024E-003                  0.0000000000000000E+000 
                                     689                  4.4308351585396721E-001                 -6.5116215294098134E-001                  6.9851842496678254E+000                  8.1144147971180072E+000                  3.2634553619297235E+035                  6.8546590197495638E-001                  4.4163469841876368E-004                  3.0187552391912875E-001                  2.0009843924812956E-003                  7.3483362055946520E-004                  5.7221511800455817E-003                  1.2718648985637696E-003                  2.4871053158459599E-003                  1.2308868566408300E+000                  2.9876076311920771E-003                  0.0000000000000000E+000 
                                     690                  4.3650910365454892E-001                 -6.5481612281154444E-001                  6.9880434813248176E+000                  8.1161967487178472E+000                  3.4402796251666541E+035                  6.8512009427659526E-001                  4.2154764283405675E-004                  3.0223871793452023E-001                  1.9847843549696473E-003                  7.5372853820483254E-004                  5.7221570384664126E-003                  1.2718648985637702E-003                  2.4871053158459612E-003                  1.2912280649164132E+000                  3.4594945255264384E-003                  0.0000000000000000E+000 
                                     691                  4.2989814318271519E-001                 -6.5851631226224339E-001                  6.9909152140044384E+000                  8.1180314667803195E+000                  3.6263518125041319E+035                  6.8475649293270313E-001                  4.0233451337100842E-004                  3.0261841108220999E-001                  1.9660617522022951E-003                  7.7556533167136472E-004                  5.7221641734325644E-003                  1.2718648985637700E-003                  2.4871053158459608E-003                  1.3545495592619825E+000                  4.0014405932623370E-003                  0.0000000000000000E+000 
                                     692                  4.2325124041926504E-001                 -6.6226416627981477E-001                  6.9937996391167534E+000                  8.1199203537987188E+000                  3.8221014380992485E+035                  6.8437430414654410E-001                  3.8395696623142009E-004                  3.0301537609327361E-001                  1.9444603578284998E-003                  8.0075932956613009E-004                  5.7221728921464576E-003                  1.2718648985637693E-003                  2.4871053158459595E-003                  1.4209962081535832E+000                  4.6221207108905187E-003                  0.0000000000000000E+000 
                                     693                  4.1656903486704794E-001                 -6.6606119567673594E-001                  6.9966969530781151E+000                  8.1218648157399560E+000                  4.0279719250923421E+035                  6.8397253941634695E-001                  3.6637840653763753E-004                  3.0343056953442266E-001                  1.9195692900838689E-003                  8.2978954644417533E-004                  5.7221835917548730E-003                  1.2718648985637696E-003                  2.4871053158459599E-003                  1.4907194361963869E+000                  5.3305841036563927E-003                  0.0000000000000000E+000 
                                     694                  4.0985220082741336E-001                 -6.6990898062455528E-001                  6.9996073576385607E+000                  8.1238664082918532E+000                  4.2444240441287864E+035                  6.8355043194318921E-001                  3.4956411356156425E-004                  3.0386472390650260E-001                  1.8909699608797824E-003                  8.6314955621075618E-004                  5.7221903052461307E-003                  1.2718648985637693E-003                  2.4871053158459595E-003                  1.5638788218425734E+000                  6.1347278567934344E-003                  4.1062865741649345E-054 
                                     695                  4.0310144873580389E-001                 -6.7380917574853327E-001                  7.0025310598675850E+000                  8.1259266095838090E+000                  4.4719297874524382E+035                  6.8310675624138806E-001                  3.3348077491304046E-004                  3.0431901750107065E-001                  1.8581669240350790E-003                  9.0143185434187314E-004                  5.7221764898415977E-003                  1.2718648985637693E-003                  2.4871053158459595E-003                  1.6406402892952674E+000                  7.0459153499810804E-003                  9.8407758571061341E-053 
                                     696                  3.9631752656021135E-001                 -6.7776351350940234E-001                  7.0054682697344930E+000                  8.1280470514343186E+000                  4.7109778990921757E+035                  6.8264050546999799E-001                  3.1809677441265274E-004                  3.0479439724503060E-001                  1.8206283667700160E-003                  9.4523662578017943E-004                  5.7221653035988591E-003                  1.2718648985637702E-003                  2.4871053158459612E-003                  1.7211785641769188E+000                  8.0710531763969473E-003                  1.5045905426680575E-052 
                                     697                  3.8950122126645703E-001                 -6.8177380996242376E-001                  7.0076816471776606E+000                  7.8291274650585638E+000                  2.4519906755008553E+035                  6.8227483049581450E-001                  3.0699186075009588E-004                  3.0516590895765133E-001                  1.7890118968993543E-003                  9.8213116223379695E-004                  5.7221554122413197E-003                  1.2718648985637702E-003                  2.4871053158459608E-003                  1.7842654052117906E+000                  8.9194747827858276E-003                  2.0707362203366600E-052 
                                     698                  3.8607729081083786E-001                 -6.8380278954966811E-001                  7.0099015136636469E+000                  8.1313374802107106E+000                  5.0923431587024594E+035                  6.8189600943676709E-001                  2.9625859965555078E-004                  3.0554966575946230E-001                  1.7542132364531113E-003                  1.0227454082915302E-003                  5.7221373449608034E-003                  1.2718648985637696E-003                  2.4871053158459604E-003                  1.8495182587938910E+000                  9.8363716547013227E-003                  2.8506666746276533E-052 
                                     699                  3.7921408691499869E-001                 -6.8790058109859886E-001                  7.0128733574890569E+000                  8.1336157392644939E+000                  5.3624655302758401E+035                  6.8136826049726684E-001                  2.8249457213441547E-004                  3.0608254555500630E-001                  1.7024030828364917E-003                  1.0832035617170616E-003                  5.7221225166291861E-003                  1.2718648985637700E-003                  2.4871053158459608E-003                  1.9403176923492853E+000                  1.1167886973733719E-002                  4.3699062103411548E-052 
                                     700                  3.7232065379417523E-001                 -6.9205926884662528E-001                  7.0151117102359564E+000                  7.8338701943617162E+000                  2.7840851630305890E+035                  6.8095468888539545E-001                  2.7256556925069227E-004                  3.0649884349824391E-001                  1.6591808799401139E-003                  1.1336366818487226E-003                  5.7221142709114759E-003                  1.2718648985637696E-003                  2.4871053158459599E-003                  2.0113916126088274E+000                  1.2246719529752925E-002                  6.0251270359846575E-052 
                                     701                  3.6886649411357159E-001                 -6.9415986053947132E-001                  7.0173563321779335E+000                  8.1371658102135616E+000                  5.7928205098627550E+035                  6.8052638895322692E-001                  2.6297132851115239E-004                  3.0692887913679134E-001                  1.6120278554426172E-003                  1.1886506558288162E-003                  5.7221118557893216E-003                  1.2718648985637693E-003                  2.4871053158459595E-003                  2.0848846369424074E+000                  1.3388151003298066E-002                  8.3092521253575437E-052 
                                     702                  3.6192936137883330E-001                 -6.9841401564294536E-001                  7.0203642017114758E+000                  8.1396140278168687E+000                  6.0973601376864851E+035                  6.7992927737385056E-001                  2.5065826008154193E-004                  3.0752673088996879E-001                  1.5425887327022007E-003                  1.2696650131568275E-003                  5.7221095158302504E-003                  1.2718648985637693E-003                  2.4871053158459595E-003                  2.1872265276351466E+000                  1.4999748908067769E-002                  1.2773375978564399E-051 
                                     703                  3.5496442186744875E-001                 -7.0273466362569781E-001                  7.0226316955316506E+000                  7.8408588002311284E+000                  3.1708659919112840E+035                  6.7946104773632787E-001                  2.4176996859843214E-004                  3.0799431342045680E-001                  1.4853748305118776E-003                  1.3364163286429301E-003                  5.7221075010522740E-003                  1.2718648985637696E-003                  2.4871053158459595E-003                  2.2673910682566545E+000                  1.6262370800860914E-002                  1.7654011598050533E-051 
                                     704                  3.5146857675148457E-001                 -7.0492267370117412E-001                  7.0249050977032148E+000                  8.1434127004026422E+000                  6.5819766420391849E+035                  6.7897637972632974E-001                  2.3318478947014829E-004                  3.0847730240993482E-001                  1.4237877522876475E-003                  1.4082700275610826E-003                  5.7221050800069237E-003                  1.2718648985637704E-003                  2.4871053158459617E-003                  2.3502593846874382E+000                  1.7551189563324129E-002                  2.4403980777991100E-051 
                                     705                  3.4446406495476378E-001                 -7.0934762278749386E-001                  7.0279501586695119E+000                  8.1460433663076017E+000                  6.9243989593329249E+035                  6.7830131346772049E-001                  2.2217423326517300E-004                  3.0914853412789750E-001                  1.3347145712640624E-003                  1.5121919438129683E-003                  5.7221014416300245E-003                  1.2718648985637702E-003                  2.4871053158459608E-003                  2.4655827086424362E+000                  1.9279827428171172E-002                  3.7626256922171867E-051 
                                     706                  3.3743449068620973E-001                 -7.1384542399532602E-001                  7.0302448616070610E+000                  7.8466617651319712E+000                  3.5930873460629438E+035                  6.7777245793588070E-001                  2.1423080081129595E-004                  3.0967334694298904E-001                  1.2627952690866132E-003                  1.5961005187215527E-003                  5.7220983181008721E-003                  1.2718648985637698E-003                  2.4871053158459604E-003                  2.5558649255976409E+000                  2.0550818766594110E-002                  5.2113481548523778E-051 
                                     707                  3.3391358309841251E-001                 -7.1612055582499390E-001                  7.0325451577097864E+000                  8.1501441338706062E+000                  7.4685279641536521E+035                  6.7722540690886635E-001                  2.0656096813862808E-004                  3.1021541586217338E-001                  1.1868809471290045E-003                  1.6846703531033975E-003                  5.7220947461793792E-003                  1.2718648985637691E-003                  2.4871053158459591E-003                  2.6491627632503820E+000                  2.1761447522924939E-002                  7.2188957380478683E-051 
                                     708                  3.2684850346004146E-001                 -7.2073300059512890E-001                  7.0356287895136882E+000                  8.1529729481791620E+000                  7.8524362395785182E+035                  6.7646335099503840E-001                  1.9671854433582177E-004                  3.1096946586898405E-001                  1.0797867673084552E-003                  1.8096184569428582E-003                  5.7220891529807362E-003                  1.2718648985637698E-003                  2.4871053158459604E-003                  2.7790818045200654E+000                  2.3222869805582028E-002                  1.1165345697429217E-050 
                                     709                  3.1976143518860550E-001                 -7.2542558872957863E-001                  7.0379542799694033E+000                  7.8544077694024237E+000                  4.0790835240611789E+035                  6.7586636323808069E-001                  1.8961453232920408E-004                  3.1155954866471230E-001                  9.9572918346781830E-004                  1.9076899545307979E-003                  5.7220842124693187E-003                  1.2718648985637693E-003                  2.4871053158459595E-003                  2.8808478985780037E+000                  2.4148949730747896E-002                  1.5505053222917221E-050 
                                     710                  3.1620757518265719E-001                 -7.2780453479584728E-001                  7.0402848670953659E+000                  8.1573640286364668E+000                  8.4613834595001885E+035                  6.7524945955735938E-001                  1.8275863542280648E-004                  3.1216893828796061E-001                  9.0950532121376469E-004                  2.0082893638487210E-003                  5.7220786197849502E-003                  1.2718648985637700E-003                  2.4871053158459608E-003                  2.9859772797060771E+000                  2.4874967346215710E-002                  2.1533127628930324E-050 
                                     711                  3.0909022964716848E-001                 -7.3262332522136064E-001                  7.0434081758840472E+000                  8.1604076381398745E+000                  8.8903189195233720E+035                  6.7439125375746989E-001                  1.7396585873179457E-004                  3.1301641898035798E-001                  7.9239138540392485E-004                  2.1449299667347984E-003                  5.7220698368917492E-003                  1.2718648985637696E-003                  2.4871053158459595E-003                  3.1323037785679064E+000                  2.5456332553081662E-002                  3.3415552595435951E-050 
                                     712                  3.0195436676331439E-001                 -7.3753064797348822E-001                  7.0457631499471862E+000                  7.8614551847601284E+000                  4.6098795008594953E+035                  6.7371983281889403E-001                  1.6762245724204761E-004                  3.1367950370276443E-001                  7.0430793117608659E-004                  2.2477007990935032E-003                  5.7220620764202217E-003                  1.2718648985637704E-003                  2.4871053158459617E-003                  3.2468809755461776E+000                  2.5545312511229542E-002                  4.6517130685125917E-050 
                                     713                  2.9838198940900074E-001                 -7.4001716137451279E-001                  7.0481227862477889E+000                  8.1651575898036466E+000                  9.5696537380329390E+035                  6.7302682001607794E-001                  1.6150339145181388E-004                  3.1436418724740689E-001                  6.1761119724920808E-004                  2.3488548464627302E-003                  5.7220530869417797E-003                  1.2718648985637698E-003                  2.4871053158459604E-003                  3.3652057103570638E+000                  2.5296088863802840E-002                  6.4756929365503685E-050 
                                     714                  2.9122098823650922E-001                 -7.4506445139190969E-001                  7.0512871737012048E+000                  8.1684374837159570E+000                  1.0047119080676708E+036                  6.7206316062621663E-001                  1.5365260862183162E-004                  3.1531709211757530E-001                  5.0596885929337341E-004                  2.4791165173663689E-003                  5.7220390565168294E-003                  1.2718648985637698E-003                  2.4871053158459604E-003                  3.5299829290891385E+000                  2.4400244763597975E-002                  1.0084578623545222E-049 
                                     715                  2.8404535085277066E-001                 -7.5021003327644298E-001                  7.0536745020175395E+000                  7.8700971979406953E+000                  5.2118461017306429E+035                  6.7130958715147837E-001                  1.4798735462124801E-004                  3.1606315812546254E-001                  4.2692318189956622E-004                  2.5713473271091799E-003                  5.7220266450193824E-003                  1.2718648985637698E-003                  2.4871053158459608E-003                  3.6590628860663346E+000                  2.3299213838390582E-002                  1.4078755246728648E-049 
                                     716                  2.8045105746069005E-001                 -7.5282204360403127E-001                  7.0560658224879402E+000                  8.1735345576797176E+000                  1.0801283842439573E+036                  6.7053264103082266E-001                  1.4252570857540089E-004                  3.1683334405737562E-001                  3.5358149621722785E-004                  2.6569251437410027E-003                  5.7220123488584728E-003                  1.2718648985637698E-003                  2.4871053158459604E-003                  3.7923122461427741E+000                  2.1855769011795218E-002                  1.9653616406358850E-049 
                                     717                  2.7325687952231031E-001                 -7.5812315301485289E-001                  7.0592723826852479E+000                  8.1770734880181326E+000                  1.1330328522798042E+036                  6.6945324975372578E-001                  1.3552134765199001E-004                  3.1790516226228804E-001                  2.6610003349158821E-004                  2.7590065500381735E-003                  5.7219898383945597E-003                  1.2718648985637693E-003                  2.4871053158459595E-003                  3.9778254993763889E+000                  1.9474245988001938E-002                  3.0719753477599560E-049 
                                     718                  2.6605244495009855E-001                 -7.6353395375179733E-001                  7.0624962211713882E+000                  8.1807237340192867E+000                  1.1880760528426096E+036                  6.6832407056287557E-001                  1.2883057944208931E-004                  3.1902872459232745E-001                  1.9223386402347686E-004                  2.8452075152824007E-003                  5.7219626716393220E-003                  1.2718648985637691E-003                  2.4871053158459591E-003                  4.1723356092525119E+000                  1.6732951456835371E-002                  4.8090847747136141E-049 
                                     719                  2.5883964934846315E-001                 -7.6905955917350211E-001                  7.0649288370418653E+000                  7.8824057349916252E+000                  6.1532564615476261E+035                  6.6744139369641209E-001                  1.2400369559368240E-004                  3.1990857415146728E-001                  1.4629065384848470E-004                  2.8988290008202292E-003                  5.7219385874484651E-003                  1.2718648985637698E-003                  2.4871053158459604E-003                  4.3246968674485684E+000                  1.4574343781921338E-002                  6.7409136676878284E-049 
                                     720                  2.5523140377274040E-001                 -7.7186648093212129E-001                  7.0673645733334940E+000                  8.1864337641052085E+000                  1.2747650153985816E+036                  6.6653174523933001E-001                  1.1935382557340900E-004                  3.2081659661273382E-001                  1.0861468113277284E-004                  2.9428085429729742E-003                  5.7219108838472291E-003                  1.2718648985637702E-003                  2.4871053158459612E-003                  4.4818886340444779E+000                  1.2455870260718311E-002                  9.4471635260794215E-049 
                                     721                  2.4800955444872988E-001                 -7.7757487073377973E-001                  7.0706327007210490E+000                  8.1903838965663365E+000                  1.3352942599976973E+036                  6.6526683342656334E-001                  1.1338938236907673E-004                  3.2208107742703418E-001                  7.0209208230886328E-005                  2.9876532213824070E-003                  5.7218671200103969E-003                  1.2718648985637711E-003                  2.4871053158459638E-003                  4.7008050173252185E+000                  9.8614507841987258E-003                  1.4848991328379232E-048 
                                     722                  2.4078447783804074E-001                 -7.8341250148692976E-001                  7.0739189021196660E+000                  8.1944627081510699E+000                  1.3980474037031322E+036                  6.6394235956036118E-001                  1.0769395041135979E-004                  3.2340684283364990E-001                  4.3746038345753240E-005                  3.0185733769719871E-003                  5.7218140258500976E-003                  1.2718648985637702E-003                  2.4871053158459612E-003                  4.9302930056107064E+000                  7.7268251736639900E-003                  2.3378673172403490E-048 
                                     723                  2.3355840804570832E-001                 -7.8938589036110340E-001                  7.0772234081748708E+000                  8.1986758726218607E+000                  1.4630271787692556E+036                  6.6255492170191399E-001                  1.0225592385724089E-004                  3.2479690758189977E-001                  2.6831003949270125E-005                  3.0383638333034988E-003                  5.7217497406665376E-003                  1.2718648985637702E-003                  2.4871053158459612E-003                  5.1708453035614657E+000                  6.1875104784014029E-003                  3.6871236419048037E-048 
                                     724                  2.2633368806381107E-001                 -7.9550204644534028E-001                  7.0805464504075530E+000                  8.2030294695316570E+000                  1.5302237188590039E+036                  6.6110084208479669E-001                  9.7064171811388892E-005                  3.2625453215870259E-001                  1.6891770936283892E-005                  3.0500278304785517E-003                  5.7216717688647464E-003                  1.2718648985637704E-003                  2.4871053158459617E-003                  5.4229746954665616E+000                  5.2865939840951439E-003                  5.8253080752476578E-048 
                                     725                  2.1911277589106015E-001                 -8.0176852119169062E-001                  7.0830555892878762E+000                  7.9052201621975380E+000                  7.9089545281997619E+035                  6.5996161025973854E-001                  9.3318743052541510E-005                  3.2739679965652368E-001                  1.2581215426485050E-005                  3.0551175013626337E-003                  5.7216024094864770E-003                  1.2718648985637698E-003                  2.4871053158459599E-003                  5.6204932180773302E+000                  5.0091800485530802E-003                  8.2243783278935824E-048 
                                     726                  2.1550551352272868E-001                 -8.0495965917524093E-001                  7.0855656821944546E+000                  8.2098161490126937E+000                  1.6350268857638490E+036                  6.5878689740461005E-001                  8.9716002939592423E-005                  3.2857470556670343E-001                  1.0063192046048104E-005                  3.0581250938190334E-003                  5.7215225254721187E-003                  1.2718648985637693E-003                  2.4871053158459595E-003                  5.8240044618442726E+000                  5.0350563773202683E-003                  1.1606500362792837E-047 
                                     727                  2.0829553672207529E-001                 -8.1146676102933613E-001                  7.0889359115627286E+000                  8.2145496945356999E+000                  1.7076147030919604E+036                  6.5714982674539602E-001                  8.5094580725502864E-005                  3.3021613613912870E-001                  8.3991897096372651E-006                  3.0601771732226765E-003                  5.7213959574077752E-003                  1.2718648985637698E-003                  2.4871053158459604E-003                  6.1074590674990397E+000                  5.4686593037508975E-003                  1.8420934872406580E-047 
                                     728                  2.0109607831864357E-001                 -8.1814580039725315E-001                  7.0914822455493134E+000                  7.9173782379184905E+000                  8.8226355278297717E+035                  6.5586597358184950E-001                  8.1759667837095183E-005                  3.3150325076455295E-001                  7.8739858983711264E-006                  3.0608885808408978E-003                  5.7212832046114005E-003                  1.2718648985637700E-003                  2.4871053158459604E-003                  6.3295979038754160E+000                  6.0463568513447049E-003                  2.6103250837350478E-047 
                                     729                  1.9749933434753353E-001                 -8.2155450670798869E-001                  7.0940285144896364E+000                  8.2219900249587052E+000                  1.8204492812533591E+036                  6.5454230435607219E-001                  7.8554067809196199E-005                  3.3283010795479201E-001                  7.6706483137029333E-006                  3.0612395268032637E-003                  5.7211532317999461E-003                  1.2718648985637702E-003                  2.4871053158459617E-003                  6.5583408547929949E+000                  6.8058525853497212E-003                  3.6969272157425342E-047 
                                     730                  1.9032077750068299E-001                 -8.2851083970720429E-001                  7.0974477817413257E+000                  8.2271580278912495E+000                  1.8980226221966363E+036                  6.5269710732296227E-001                  7.4442925379316648E-005                  3.3467943667673217E-001                  7.6394074104381418E-006                  3.0614562470470236E-003                  5.7209472060590471E-003                  1.2718648985637702E-003                  2.4871053158459612E-003                  6.8769013762557227E+000                  8.0867745654979607E-003                  5.8962199970557136E-047 
                                     731                  1.8316029634316311E-001                 -8.3566574212965528E-001                  7.1008870441442751E+000                  8.2325165553198509E+000                  1.9773836118870152E+036                  6.5076118305353381E-001                  7.0520637344421660E-005                  3.3661932818764345E-001                  7.7212421372002468E-006                  3.0615799734858137E-003                  5.7206966914456992E-003                  1.2718648985637704E-003                  2.4871053158459612E-003                  7.2106445519127318E+000                  9.6752579947466805E-003                  9.4229842599601677E-047 
                                     732                  1.7602120008107328E-001                 -8.4303158279921098E-001                  7.1034857774758722E+000                  7.9351987942343039E+000                  1.0181527979128501E+036                  6.4924263288361650E-001                  6.7691364736154134E-005                  3.3814075029014340E-001                  7.8096310386009655E-006                  3.0616723525381437E-003                  5.7204732635173540E-003                  1.2718648985637693E-003                  2.4871053158459595E-003                  7.4721260821572413E+000                  1.1091115623652217E-002                  1.3423751055360816E-046 
                                     733                  1.7246408690857898E-001                 -8.4679404858828733E-001                  7.1060821642627134E+000                  8.2409041665727933E+000                  2.0992318476540360E+036                  6.4767816073185913E-001                  6.4975307319080537E-005                  3.3970798676436786E-001                  7.9061626639041005E-006                  3.0617849674293277E-003                  5.7202158519508422E-003                  1.2718648985637700E-003                  2.4871053158459608E-003                  7.7410681143614788E+000                  1.2712331934142333E-002                  1.9107507245376364E-046 
                                     734                  1.6536413211871873E-001                 -8.5450145978224823E-001                  7.1095723616790956E+000                  8.2467887386872665E+000                  2.1822691226739185E+036                  6.4549485560860531E-001                  6.1490036494555474E-005                  3.4189485075492915E-001                  8.0409589226066260E-006                  3.0619856182063855E-003                  5.7198068084321190E-003                  1.2718648985637696E-003                  2.4871053158459599E-003                  8.1158626261180835E+000                  1.5265575710773440E-002                  3.0697990976413401E-046 
                                     735                  1.5829465795761763E-001                 -8.6245615941328768E-001                  7.1130835529441514E+000                  8.2529087286554255E+000                  2.2663773201185918E+036                  6.4320349168303093E-001                  5.8166229046907294E-005                  3.4418962379117723E-001                  8.1792283786098152E-006                  3.0622600853800357E-003                  5.7193087685765863E-003                  1.2718648985637696E-003                  2.4871053158459599E-003                  8.5084267485392466E+000                  1.8340004205575071E-002                  4.9429009192870229E-046 
                                     736                  1.5125964797766506E-001                 -8.7067537405450723E-001                  7.1166160731594594E+000                  8.2592802664537324E+000                  2.3512584189448792E+036                  6.4079842300175083E-001                  5.4996750115424487E-005                  3.4659796127547682E-001                  8.3202186954465720E-006                  3.0626264300911547E-003                  5.7187021094606350E-003                  1.2718648985637689E-003                  2.4871053158459591E-003                  8.9195778944213302E+000                  2.2042834370701099E-002                  7.9771501841571517E-046 
                                     737                  1.4426331123003686E-001                 -8.7917818291794492E-001                  7.1192900798115826E+000                  7.9638792498857995E+000                  1.2097754032226812E+036                  6.3890809723222497E-001                  5.2707954930291060E-005                  3.4849066168640913E-001                  8.4281647362017557E-006                  3.0629754527206976E-003                  5.7181592945690692E-003                  1.2718648985637698E-003                  2.4871053158459604E-003                  9.2421383782087450E+000                  2.5324123975323527E-002                  1.1456597349132180E-045 
                                     738                  1.4077535191862584E-001                 -8.8354941154497491E-001                  7.1219585559414789E+000                  8.2693957545697803E+000                  2.4795499616315023E+036                  6.3696223174566013E-001                  5.0514640063724018E-005                  3.5043881679775324E-001                  8.5369785304646624E-006                  3.0633957232563797E-003                  5.7175339003264145E-003                  1.2718648985637700E-003                  2.4871053158459604E-003                  9.5734003739209701E+000                  2.9072438869621017E-002                  1.6434130228206779E-045 
                                     739                  1.3384484851216760E-001                 -8.9251925109620500E-001                  7.1255463864049196E+000                  8.2764837842404120E+000                  2.5647442092944295E+036                  6.3424537155805727E-001                  4.7701460056051268E-005                  3.5315863926874558E-001                  8.6851245292971616E-006                  3.0640937729322082E-003                  5.7165386012698769E-003                  1.2718648985637696E-003                  2.4871053158459604E-003                  1.0034907606219596E+001                  3.4980788465583328E-002                  2.6684139157355968E-045 
                                     740                  1.2696461355472760E-001                 -9.0183060215065425E-001                  7.1291569584921417E+000                  8.2838969594923970E+000                  2.6492293691241698E+036                  6.3139191581761300E-001                  4.5019807368637241E-005                  3.5601495364364993E-001                  8.8364985705398553E-006                  3.0649794392446023E-003                  5.7153245791435742E-003                  1.2718648985637687E-003                  2.4871053158459578E-003                  1.0518178581477139E+001                  4.2109605931827346E-002                  4.3437954410641025E-045 
                                     741                  1.2013979865924240E-001                 -9.1151162824794829E-001                  7.1327907413399982E+000                  8.2916625089024798E+000                  2.7324271987337292E+036                  6.2839427575005979E-001                  4.2463743122150346E-005                  3.5901536076063600E-001                  8.9913608361374191E-006                  3.0660949902617807E-003                  5.7138431806745783E-003                  1.2718648985637696E-003                  2.4871053158459591E-003                  1.1024214637843810E+001                  5.0716129760280476E-002                  7.0897941580850545E-045 
                                     742                  1.1337588121914254E-001                 -9.2159412146942121E-001                  7.1364433078587100E+000                  8.2986088940015303E+000                  2.8058672262448057E+036                  6.2524860141526117E-001                  4.0030761329508965E-005                  3.6216372019751153E-001                  9.1497928002994560E-006                  3.0674901491187928E-003                  5.7120374695691081E-003                  1.2718648985637700E-003                  2.4871053158459604E-003                  1.1553334595055762E+001                  6.1097971739752274E-002                  1.1595759410697212E-044 
                                     743                  1.0669693559551847E-001                 -9.3208471503738877E-001                  7.1401193715150884E+000                  8.3082046370415927E+000                  2.8906349560992762E+036                  6.2187320534462898E-001                  3.7707693396935264E-005                  3.6554174802939732E-001                  9.3124424335826918E-006                  3.0692714787058260E-003                  5.7097847970277371E-003                  1.2718648985637704E-003                  2.4871053158459612E-003                  1.2105371785164248E+001                  7.3639678821149246E-002                  1.9030635382119538E-044 
                                     744                  1.0007437518589860E-001                 -9.4307823642303124E-001                  7.1438248007270007E+000                  8.3171845053979627E+000                  2.9648418482424583E+036                  6.1831347541547288E-001                  3.5490626089890931E-005                  3.6910406866901652E-001                  9.4798855254640271E-006                  3.0714962983061332E-003                  5.7070188911794370E-003                  1.2718648985637696E-003                  2.4871053158459595E-003                  1.2683663137106375E+001                  8.8827865886486945E-002                  3.1346652976313624E-044 
                                     745                  9.3531557446107833E-002                 -9.5459608182506683E-001                  7.1475556142197130E+000                  8.3266942784566851E+000                  3.0351117109699625E+036                  6.1464956268777726E-001                  3.3382769229421703E-005                  3.7277053216570544E-001                  9.6522021670584847E-006                  3.0741946110725894E-003                  5.7037053496385038E-003                  1.2718648985637700E-003                  2.4871053158459608E-003                  1.3291112883846347E+001                  1.0721977729118996E-001                  5.1752146084680702E-044 
                                     746                  8.7075642314372606E-002                 -9.6669334869288515E-001                  7.1513200127078678E+000                  8.3385391195293348E+000                  3.1122892303424447E+036                  6.1076309846170007E-001                  3.1368980803339941E-005                  3.7665955166856957E-001                  9.8305728498584480E-006                  3.0775688313387822E-003                  5.6996112703286451E-003                  1.2718648985637700E-003                  2.4871053158459608E-003                  1.3927572184149650E+001                  1.2955413800228230E-001                  8.5818892047200335E-044 
                                     747                  8.0688645857541472E-002                 -9.7948644359825821E-001                  7.1551041920335869E+000                  8.3457014968472603E+000                  3.1448403049336669E+036                  6.0672823717312085E-001                  2.9456491330691197E-005                  3.8069697097083949E-001                  1.0014709942408283E-005                  3.0816578476493277E-003                  5.6946925927074772E-003                  1.2718648985637698E-003                  2.4871053158459608E-003                  1.4594001505640916E+001                  1.5660218964020189E-001                  1.4258336681736414E-043 
                                     748                  7.4455943512298270E-002                 -9.9289046215146792E-001                  7.1589076649437073E+000                  8.3588276764356344E+000                  3.2069215289283349E+036                  6.0243624984660449E-001                  2.7635371654911598E-005                  3.8499157287094682E-001                  1.0205800044849579E-005                  3.0867661481500880E-003                  5.6885997481890722E-003                  1.2718648985637698E-003                  2.4871053158459599E-003                  1.5288306431433899E+001                  1.8936607979237716E-001                  2.3756677413337475E-043 
                                     749                  6.8309482454209439E-002                 -1.0071528460713233E+000                  7.1636827950681479E+000                  8.5512854561081557E+000                  4.8903395733462904E+036                  5.9682156959824895E-001                  2.5489938487436607E-005                  3.9060961710800457E-001                  1.0454961544462530E-005                  3.0947146600611955E-003                  5.6791835192435535E-003                  1.2718648985637696E-003                  2.4871053158459595E-003                  1.6198977922568456E+001                  2.4018507787498009E-001                  4.5059235115152202E-043 
                                     750                  5.9304095299437400E-002                 -1.0303452193665110E+000                  7.1695082809102511E+000                  8.5699859666158744E+000                  4.9204188279499910E+036                  5.8951503576107023E-001                  2.3065088672277088E-005                  3.9792050751854513E-001                  1.0776161436319114E-005                  3.1074872584734765E-003                  5.6641579973927582E-003                  1.2718648985637696E-003                  2.4871053158459599E-003                  1.7368858094959204E+001                  3.2069684586048319E-001                  9.8381580676634411E-043 
                                     751                  5.0644407339123225E-002                 -1.0559567982512854E+000                  7.1754047174099558E+000                  8.5950475312907724E+000                  4.9419134975757280E+036                  5.8156248079629891E-001                  2.0808092589742796E-005                  4.0587792855032628E-001                  1.1125428380335617E-005                  3.1249357987608653E-003                  5.6437511192341987E-003                  1.2718648985637700E-003                  2.4871053158459608E-003                  1.8619069503338064E+001                  4.2934910543573740E-001                  2.1688065228367133E-042 
                                     752                  4.2299264163294527E-002                 -1.0848456993167614E+000                  7.1804362074041217E+000                  8.4394937061951865E+000                  3.2568465748831460E+036                  5.7434082212191129E-001                  1.9027681288121336E-005                  4.1310425257759070E-001                  1.1447262926070378E-005                  3.1443794425152589E-003                  5.6211006993586773E-003                  1.2718648985637698E-003                  2.4871053158459604E-003                  1.9741538314178616E+001                  5.5053625995035427E-001                  4.2574985939530399E-042 
                                     753                  3.6970059813823002E-002                 -1.1062428711677810E+000                  7.1858716148755999E+000                  8.7106705402228783E+000                  5.5676221593925257E+036                  5.6600211394875199E-001                  1.7240685103621303E-005                  4.2144876077017845E-001                  1.1826496696271671E-005                  3.1715857264256087E-003                  5.5895021584341960E-003                  1.2718648985637693E-003                  2.4871053158459591E-003                  2.1007165844482270E+001                  7.2003865678562040E-001                  8.8256269270521938E-042 
                                     754                  2.8122745517429104E-002                 -1.1492563914693015E+000                  7.1920416263942686E+000                  8.5928729071962273E+000                  3.7522137573909132E+036                  5.5580035286453899E-001                  1.5369368380518006E-005                  4.3165839496646663E-001                  1.2307550950219104E-005                  3.2124758339645855E-003                  5.5421292012891466E-003                  1.2718648985637693E-003                  2.4871053158459595E-003                  2.2513592218620744E+001                  9.7705901654464511E-001                  2.0213978170226982E-041 
                                     755                  2.2317591526207724E-002                 -1.1851756583947022E+000                  7.1961860705617298E+000                  8.3998778827816718E+000                  2.1658283084946805E+036                  5.4847822955019210E-001                  1.4199077833846770E-005                  4.3898679361278514E-001                  1.2668257520426631E-005                  3.2473694752748281E-003                  5.5017698119838362E-003                  1.2718648985637698E-003                  2.4871053158459608E-003                  2.3564104052836811E+001                  1.2001016802297169E+000                  3.5294568009848273E-041 
                                     756                  1.9011748608365485E-002                 -1.2098762649719419E+000                  7.1992787134818661E+000                  8.4223518849594807E+000                  2.0588256439422234E+036                  5.4061545168685221E-001                  1.3301401380650175E-005                  4.4685649384602699E-001                  1.3003478231200873E-005                  3.2887601477571008E-003                  5.4540192253421070E-003                  1.2718648985637696E-003                  2.4871053158459599E-003                  2.4252228697670080E+001                  1.4014443737526645E+000                  5.4502776205867547E-041 
                                     757                  1.5867096938590428E-002                 -1.2375030682953541E+000                  7.2019238300889317E+000                  8.2767139253107000E+000                  1.3318017086620597E+036                  5.3337619507393419E-001                  1.2555043345359109E-005                  4.5410278237880508E-001                  1.3326501798952185E-005                  3.3320053588740553E-003                  5.4041654288323956E-003                  1.2718648985637698E-003                  2.4871053158459604E-003                  2.4827531923327683E+001                  1.6022167479299303E+000                  7.9255977187856474E-041 
                                     758                  1.3824392908096160E-002                 -1.2583952363093600E+000                  7.2040197102173584E+000                  8.2785441186418325E+000                  1.2236488423565863E+036                  5.2813490506133720E-001                  1.2002129063029967E-005                  4.5934998126386128E-001                  1.3596671331094854E-005                  3.3688666705355311E-003                  5.3616779894621377E-003                  1.2718648985637693E-003                  2.4871053158459595E-003                  2.5319629644970163E+001                  1.7829183048740334E+000                  1.0607458564965088E-040 
                                     759                  1.1942880125669195E-002                 -1.2804385406937273E+000                  7.2056052358304541E+000                  8.0084723534787514E+000                  6.1281190121011909E+035                  5.2518894503382962E-001                  1.1626331790852188E-005                  4.6229964185958305E-001                  1.3782856090302897E-005                  3.3917056360240512E-003                  5.3353280682725060E-003                  1.2718648985637696E-003                  2.4871053158459599E-003                  2.5756604840170287E+001                  1.9315895352039509E+000                  1.3104937395081218E-040 
                                     760                  1.1002123734455591E-002                 -1.2927530153833795E+000                  7.2066917426638453E+000                  8.0315802977281194E+000                  6.1288509319828624E+035                  5.2299586560621703E-001                  1.1369506809082095E-005                  4.6449561074934470E-001                  1.3921486470869419E-005                  3.4098106253071373E-003                  5.3144518114415576E-003                  1.2718648985637698E-003                  2.4871053158459604E-003                  2.6049913175579128E+001                  2.0414290916040789E+000                  1.5166184930083920E-040 
                                     761                  1.0061367343242108E-002                 -1.3061302727041402E+000                  7.2082794097133158E+000                  8.3305360691514387E+000                  8.9005867336779127E+035                  5.1447486712575408E-001                  9.7629539211449362E-006                  4.7303054782367560E-001                  1.4811739112918605E-005                  3.4940576560028138E-003                  5.2169824871237669E-003                  1.2718648985637700E-003                  2.4871053158459608E-003                  2.3922218029274546E+001                  2.2684432434932638E+000                  1.9605873292070237E-040 
                                     762                  8.3339827496509995E-003                 -1.3340501697745737E+000                  7.2105035790188809E+000                  8.3890960818793818E+000                  9.7113967193066810E+035                  5.1447486712574531E-001                  9.7629539014267072E-006                  4.7303054782370424E-001                  1.4811739113744832E-005                  3.4940576560020015E-003                  5.2169824871235934E-003                  1.2718648985637700E-003                  2.4871053158459608E-003                  2.5450661091492265E+001                  2.5119621460887105E+000                  2.5437902705531473E-040 
                                     763                  6.6065981560597684E-003                 -1.3683708507330468E+000                  7.2127180046419319E+000                  8.3893988083511566E+000                  9.0600886579411977E+035                  5.1447486712573853E-001                  9.7629538856308708E-006                  4.7303054782372694E-001                  1.4811739114427862E-005                  3.4940576560013262E-003                  5.2169824871234546E-003                  1.2718648985637700E-003                  2.4871053158459608E-003                  2.7091580981505118E+001                  2.7800003778744062E+000                  3.2952653320570950E-040 
                                     764                  5.1288452602442705E-003                 -1.4056654398409838E+000                  7.2149250381889534E+000                  8.4724071116009174E+000                  9.8760379871779388E+035                  5.1447486712573010E-001                  9.7629538657301841E-006                  4.7303054782375542E-001                  1.4811739115313833E-005                  3.4940576560004463E-003                  5.2169824871232786E-003                  1.2718648985637700E-003                  2.4871053158459608E-003                  2.8855108459560640E+001                  3.0751552841183156E+000                  4.2631242668412803E-040 
                                     765                  3.6510923644287718E-003                 -1.4555709736614053E+000                  7.2168847610265221E+000                  8.3356725611524798E+000                  6.3539884395327406E+035                  5.1447486712572110E-001                  9.7629538434504546E-006                  4.7303054782378690E-001                  1.4811739116338211E-005                  3.4940576559994224E-003                  5.2169824871230825E-003                  1.2718648985637700E-003                  2.4871053158459608E-003                  3.0537282781507272E+001                  3.3630443138858843E+000                  5.3565090607575086E-040 
                                     766                  2.7703318145432202E-003                 -1.4959970994735268E+000                  7.2184811614982509E+000                  8.4284390111470024E+000                  6.7617487738766258E+035                  5.1447486712571278E-001                  9.7629538225353358E-006                  4.7303054782381632E-001                  1.4811739117320359E-005                  3.4940576559984379E-003                  5.2169824871228987E-003                  1.2718648985637700E-003                  2.4871053158459608E-003                  3.1993825209017263E+001                  3.6170419358374546E+000                  6.4496128243554062E-040 
                                     767                  1.8895712646575474E-003                 -1.5519021622522886E+000                  7.2203561435385497E+000                  8.6106484504716931E+000                  7.8451396358603579E+035                  5.1447486712570167E-001                  9.7629537938900232E-006                  4.7303054782385634E-001                  1.4811739118697677E-005                  3.4940576559970523E-003                  5.2169824871226454E-003                  1.2718648985637700E-003                  2.4871053158459608E-003                  3.3810443649081108E+001                  3.9395941509123982E+000                  8.0191864985415754E-040 
                                     768                  9.3959299019555375E-004                 -1.6537210082810381E+000                  7.2221185762515479E+000                  8.4451025636077439E+000                  3.7241424869616796E+035                  5.1447486712568924E-001                  9.7629537607696187E-006                  4.7303054782390225E-001                  1.4811739120340687E-005                  3.4940576559953913E-003                  5.2169824871223531E-003                  1.2718648985637700E-003                  2.4871053158459608E-003                  3.5629756507582393E+001                  4.2686359154255626E+000                  9.8386446309793598E-040 
                                     769                  5.1848929900940048E-004                 -1.7401553924658801E+000                  7.2231718795867277E+000                  8.4059606790578574E+000                  2.3377242048130017E+035                  5.1447486712568091E-001                  9.7629537381902598E-006                  4.7303054782393339E-001                  1.4811739121479850E-005                  3.4940576559942369E-003                  5.2169824871221536E-003                  1.2718648985637700E-003                  2.4871053158459608E-003                  3.6771400336103042E+001                  4.4780505797353714E+000                  1.1115942314724694E-039 
                                     770                  2.6474504283814936E-004                 -1.8377339849068817E+000                  7.2239131550160289E+000                  8.2964366549856798E+000                  1.2029671233988239E+035                  5.1447486712567425E-001                  9.7629537202546251E-006                  4.7303054782395809E-001                  1.4811739122396209E-005                  3.4940576559933066E-003                  5.2169824871219957E-003                  1.2718648985637700E-003                  2.4871053158459608E-003                  3.7600372830372557E+001                  4.6314701292252201E+000                  1.2112316857306511E-039 
                                     771                  1.3787291475246270E-004                 -1.9323543229757969E+000                  7.2243730253577763E+000                  8.1794048329608984E+000                  6.1230667441835562E+034                  5.1447486712566981E-001                  9.7629537079504805E-006                  4.7303054782397497E-001                  1.4811739123029790E-005                  3.4940576559926626E-003                  5.2169824871218864E-003                  1.2718648985637700E-003                  2.4871053158459608E-003                  3.8125527686494479E+001                  4.7292391104904086E+000                  1.2774508618146200E-039 
                                     772                  7.4436850709619384E-005                 -2.0216897594664482E+000                  7.2246550996984773E+000                  8.0488854233257179E+000                  3.0951977080378726E+034                  5.1447486712566692E-001                  9.7629536997298953E-006                  4.7303054782398624E-001                  1.4811739123455139E-005                  3.4940576559922298E-003                  5.2169824871218136E-003                  1.2718648985637700E-003                  2.4871053158459608E-003                  3.8451843075242508E+001                  4.7902117086413529E+000                  1.3198342194956182E-039 
                                     773                  4.2718818688197720E-005                 -2.1021429485287300E+000                  7.2248247033767603E+000                  7.8967544813939190E+000                  1.5578067673995050E+034                  5.1447486712566504E-001                  9.7629536944186972E-006                  4.7303054782399351E-001                  1.4811739123730754E-005                  3.4940576559919496E-003                  5.2169824871217668E-003                  1.2718648985637700E-003                  2.4871053158459608E-003                  3.8649601020850817E+001                  4.8272450485934417E+000                  1.3459873245164929E-039 
                                     774                  2.6859802677486894E-005                 -2.1693525377209646E+000                  7.2249236510829462E+000                  7.7149454379982849E+000                  7.8189628355596742E+033                  5.1447486712566382E-001                  9.7629536911366546E-006                  4.7303054782399800E-001                  1.4811739123901363E-005                  3.4940576559917762E-003                  5.2169824871217381E-003                  1.2718648985637700E-003                  2.4871053158459608E-003                  3.8765516465316878E+001                  4.8489806360599879E+000                  1.3614822143569835E-039 
                                     775                  1.8930294672133387E-005                 -2.2200223005625737E+000                  7.2249977572791115E+000                  7.8413446660495918E+000                  7.8414516309470375E+033                  5.1447486712566282E-001                  9.7629536885724385E-006                  4.7303054782400156E-001                  1.4811739124034784E-005                  3.4940576559916400E-003                  5.2169824871217147E-003                  1.2718648985637700E-003                  2.4871053158459608E-003                  3.8852592847448442E+001                  4.8653224038341065E+000                  1.3732028449705441E-039 
                                     776                  1.1000786666779882E-005                 -2.2986251119301557E+000                  7.2250729420021385E+000                  7.8583776587156837E+000                  5.4551837143311500E+033                  5.1447486712566182E-001                  9.7629536857983480E-006                  4.7303054782400533E-001                  1.4811739124179295E-005                  3.4940576559914930E-003                  5.2169824871216904E-003                  1.2718648985637700E-003                  2.4871053158459608E-003                  3.8941168104916528E+001                  4.8819575618157467E+000                  1.3851964868050186E-039 
                                     777                  5.5003933341551278E-006                 -2.3989899279839348E+000                  7.2251311252597583E+000                  7.7579822447399458E+000                  2.7337487744048254E+033                  5.1447486712566104E-001                  9.7629536834718822E-006                  4.7303054782400850E-001                  1.4811739124300605E-005                  3.4940576559913694E-003                  5.2169824871216696E-003                  1.2718648985637700E-003                  2.4871053158459608E-003                  3.9009874261187335E+001                  4.8948695287969199E+000                  1.3945493819122991E-039 
                                     778                  2.7501966678427502E-006                 -2.4993467894396577E+000                  7.2251677733285877E+000                  7.6576061017445687E+000                  1.3688169206218985E+033                  5.1447486712566037E-001                  9.7629536818858215E-006                  4.7303054782401066E-001                  1.4811739124383359E-005                  3.4940576559912852E-003                  5.2169824871216557E-003                  1.2718648985637700E-003                  2.4871053158459608E-003                  3.9053222218628029E+001                  4.9030196956849847E+000                  1.4004726798346306E-039 
                                     779                  1.3750983346865618E-006                 -2.5996986386007235E+000                  7.2251908581460453E+000                  7.5572420882147844E+000                  6.8502096087789131E+032                  5.1447486712566004E-001                  9.7629536808053243E-006                  4.7303054782401216E-001                  1.4811739124439758E-005                  3.4940576559912275E-003                  5.2169824871216462E-003                  1.2718648985637700E-003                  2.4871053158459608E-003                  3.9080555860413092E+001                  4.9081603926558488E+000                  1.4042166157381309E-039 
                                     780                  6.8754916810846748E-007                 -2.7000473257415205E+000                  7.2252053998672405E+000                  7.4568857002423314E+000                  3.4270353327200658E+032                  5.1447486712565982E-001                  9.7629536800290203E-006                  4.7303054782401321E-001                  1.4811739124480288E-005                  3.4940576559911864E-003                  5.2169824871216392E-003                  1.2718648985637700E-003                  2.4871053158459608E-003                  3.9097785355469803E+001                  4.9114013761625843E+000                  1.4065801182313003E-039 
                                     781                  3.4377458481942022E-007                 -2.8003940111767873E+000                  7.2252145602574371E+000                  7.3565340871796883E+000                  1.7141259970888697E+032                  5.1447486712565949E-001                  9.7629536792520776E-006                  4.7303054782401421E-001                  1.4811739124520858E-005                  3.4940576559911452E-003                  5.2169824871216323E-003                  1.2718648985637700E-003                  2.4871053158459608E-003                  3.9108643375465931E+001                  4.9134440789817182E+000                  1.4080710071946829E-039 
                                     782                  1.7188729317489665E-007                 -2.9007394157791873E+000                  7.2252203308125216E+000                  7.2561854251997664E+000                  8.5725466071642182E+031                  5.1447486712565926E-001                  9.7629536784747419E-006                  4.7303054782401532E-001                  1.4811739124561452E-005                  3.4940576559911040E-003                  5.2169824871216254E-003                  1.2718648985637700E-003                  2.4871053158459608E-003                  3.9115485131103789E+001                  4.9147313020797725E+000                  1.4090109929385159E-039 
                                     783                  8.5943647352634833E-008                 -3.0010839737050157E+000                  7.2252251776964567E+000                  7.8413380296526336E+000                  8.5741567670400230E+031                  5.1447486712565904E-001                  9.7629536780859555E-006                  4.7303054782401588E-001                  1.4811739124581758E-005                  3.4940576559910836E-003                  5.2169824871216219E-003                  1.2718648985637700E-003                  2.4871053158459608E-003                  3.9121232818208419E+001                  4.9158127406544256E+000                  1.4098010000263603E-039 
